age,gender,weight,height,max_bpm,avg_bpm,resting_bpm,session_duration,calories_burned,workout_type,water_intake,workout_frequency,experience_level,bmi,age_category,weight_category,bmi_category
-1.1451285930687924,-1.043531051389811,-0.6759710260255439,-1.6623239859502874,0.4488896890854214,1.2020799037340888,-1.093640006095085,1.0847245031679678,1.504870578935491,-1.3330173778772887,0.13300487951822032,1.8515088753560867,1.6326367420504257,0.19120125194570667,-1.302788768428974,-0.6583229012349219,0.40254642501643156
0.5181593921713649,0.9582848528255726,-1.2848185161224115,0.523689377091099,-0.3353876496844043,1.6876998106070042,-0.9579561212069901,0.6097352258895777,1.1676661004145705,1.3849012877946678,-0.3601511438134018,-0.38013279564832925,0.2667576003595904,-1.5760231866352161,0.46278168191954616,-0.6583229012349219,1.7905672626680256
0.5181593921713649,-1.043531051389811,-1.208712579860303,-0.6473892102525018,-1.0325230619242494,1.0633313589132556,0.6702504974501486,-0.013688200538308302,-0.03128315654870204,0.47892839923734903,-0.1957658027028611,0.7356880398538787,0.2667576003595904,-1.0570641421170994,0.46278168191954616,-0.6583229012349219,1.7905672626680256
-0.39664899971072165,-1.043531051389811,-1.2705486530732661,-0.8816049277212203,1.4074508809152082,1.2020799037340888,0.9416182672263385,-0.6964852866259931,-0.30479345579344863,0.47892839923734903,-1.5108485315871856,-0.38013279564832925,0.2667576003595904,-1.0309626517123425,-0.420003543254714,-0.6583229012349219,1.7905672626680256
-1.6441149886408395,0.9582848528255726,-0.07663677796143986,1.694767964434698,1.6688766605051502,0.30021436239867405,-0.008168926990325804,-0.2511828391775032,0.18602639627589113,1.3849012877946678,0.9549315850709231,-0.38013279564832925,0.2667576003595904,-0.8712829457067682,-1.302788768428974,0.401530280185839,-0.9854744126351627
-0.2303202011867059,0.9582848528255726,1.0554390239374232,1.0701927178514459,1.1460251013252665,-1.0178968133992397,0.3988827276739589,0.3425537574204841,0.26096072483609567,-0.42704448931996974,0.9549315850709231,-0.38013279564832925,-1.099121541331245,0.4430038652621892,-0.420003543254714,1.4613834616065997,0.40254642501643156
1.2666389855294355,-1.043531051389811,-1.4180039045811013,-0.5693173044295952,-0.7710972823343074,-1.0178968133992397,-0.1438528118784207,0.10505911878128917,-0.5745570386101849,1.3849012877946678,-1.5108485315871856,0.7356880398538787,0.2667576003595904,-1.3380390094153698,1.3455669070938063,-0.6583229012349219,1.7905672626680256
-0.8124709960207609,0.9582848528255726,1.0268992978391327,1.0701927178514459,-0.5096715027443656,-0.18540554447424154,-1.3650077758712749,-1.8245848201621682,-1.5224762948967725,1.3849012877946678,-0.1957658027028611,-1.4959536311505373,-1.099121541331245,0.41690237485743165,-1.302788768428974,1.4613834616065997,0.40254642501643156
1.4329677840534514,0.9582848528255726,2.111408889574178,1.382480341143071,1.6688766605051502,-1.2260196306304891,0.8059343823382435,-1.7652111605023693,-1.8372004748496316,-0.42704448931996974,0.9549315850709231,-1.4959536311505373,-1.099121541331245,1.210694759519757,1.3455669070938063,-1.7181760826556827,-0.29146399380936555
-0.8124709960207609,0.9582848528255726,0.6368563744958269,1.0701927178514459,-0.24824572315442367,-1.4341424478617388,1.3486699218906233,0.787856204868974,0.47077684480466836,1.3849012877946678,1.4480876084025445,0.7356880398538787,1.6326367420504257,0.05301689097934404,-1.302788768428974,1.4613834616065997,0.40254642501643156
0.18550179512333342,0.9582848528255726,-0.31446782878052876,0.3675455654452855,-1.6425165476341137,0.36958863480909054,-1.6363755456474647,-0.1027486900280064,-0.008802857980640677,-0.42704448931996974,-0.0313804615923204,-0.38013279564832925,0.2667576003595904,-0.5242866615023472,0.46278168191954616,0.401530280185839,-0.9854744126351627
-1.0619641938067845,-1.043531051389811,-0.9328285609101599,-1.506180174304474,-0.4225295762143849,0.30021436239867405,-1.093640006095085,-0.34024332866720136,-0.2186189779492134,0.47892839923734903,-1.5108485315871856,-0.38013279564832925,-1.099121541331245,-0.26634252103180417,-1.302788768428974,-0.6583229012349219,-0.9854744126351627
0.6013237914333728,-1.043531051389811,-0.5285157745177088,-1.4281082684815674,1.4945928074451889,-1.2953939030409058,1.484353806778718,1.0550376733380682,0.013677440587420686,0.47892839923734903,0.13300487951822032,0.7356880398538787,1.6326367420504257,0.2372627056011609,0.46278168191954616,0.401530280185839,0.40254642501643156
0.35183059364734914,0.9582848528255726,0.4418349128241742,1.7728398702576047,0.10032198296549884,1.1327056313236723,1.0773021521144335,1.9159557384051487,2.2579605809655465,-1.3330173778772887,1.4480876084025445,1.8515088753560867,1.6326367420504257,-0.46133600817322645,0.46278168191954616,1.4613834616065997,-0.9854744126351627
1.5161321833154593,-1.043531051389811,0.09460157862830387,-0.4131734927837817,0.536031615615402,0.6470857244507566,0.3988827276739589,-0.607424797136295,-0.6719716657384509,-1.3330173778772887,-1.3464631904766449,-0.38013279564832925,0.2667576003595904,0.353951721528311,1.3455669070938063,0.401530280185839,0.40254642501643156
-1.1451285930687924,-1.043531051389811,0.19449061997232162,-1.3500363626586607,0.3617477625554407,-1.6422652650929883,-1.3650077758712749,-2.0917662886312622,-2.14443122194647,1.3849012877946678,-1.5108485315871856,-1.4959536311505373,-1.099121541331245,1.1569563969217282,-1.302788768428974,0.401530280185839,-0.29146399380936555
-0.9787997945447767,0.9582848528255726,0.09935819964468606,0.28947365962237875,-1.11966498845423,-0.8097739961679902,0.5345666125620538,-1.7058375008425706,-1.5299697277527928,-1.3330173778772887,-0.5245364849239426,-0.38013279564832925,-1.099121541331245,-0.05599521600523026,-1.302788768428974,0.401530280185839,-0.9854744126351627
0.7676525899573885,0.9582848528255726,0.004225779317050499,-0.8816049277212203,-0.6839553558043268,-1.5728909926825718,0.1275149578977691,0.31286692759058476,-0.32727375436150996,-1.3330173778772887,1.6124729495130852,0.7356880398538787,0.2667576003595904,0.5566221176123091,0.46278168191954616,0.401530280185839,0.40254642501643156
0.6844881906953806,-1.043531051389811,-1.1278500225818129,-0.25702968113796826,-0.16110379662444305,0.23084008998825753,0.263198842785864,0.6691088855493765,0.2871877398321673,-0.42704448931996974,-1.5108485315871856,-0.38013279564832925,0.2667576003595904,-1.126156322600281,0.46278168191954616,-0.6583229012349219,1.7905672626680256
-1.394621790854816,0.9582848528255726,0.7082056897415535,-0.8035330218983135,-0.5096715027443656,1.2714541761445053,0.9416182672263385,1.85658207874535,2.894902373727285,0.47892839923734903,1.4480876084025445,1.8515088753560867,1.6326367420504257,1.3688390837368163,-1.302788768428974,1.4613834616065997,-0.29146399380936555
-1.311457391592808,0.9582848528255726,0.651126237544972,1.4605522469659777,-1.3810907680441717,-1.0178968133992397,-0.5509044665427054,1.8268952489154513,1.5910450567797263,-0.42704448931996974,1.4480876084025445,1.8515088753560867,1.6326367420504257,-0.13429968721950247,-1.302788768428974,1.4613834616065997,-0.9854744126351627
-1.311457391592808,-1.043531051389811,-0.6426746789108714,-1.0377487393670337,0.9717412482653051,-1.4341424478617388,-1.3650077758712749,1.6190874401061557,0.7667674426174763,-0.42704448931996974,0.13300487951822032,0.7356880398538787,1.6326367420504257,-0.1588657958357447,-1.302788768428974,0.401530280185839,-0.9854744126351627
-1.2282929923308004,0.9582848528255726,-0.8995322137954873,0.13332984797656533,-1.7296584741640944,1.6183255381965878,-1.2293238909831798,-1.2308482235641813,-0.4883825607659497,1.3849012877946678,1.6124729495130852,-0.38013279564832925,-1.099121541331245,-1.0340334152893726,-1.302788768428974,-0.6583229012349219,1.7905672626680256
0.8508169892193963,0.9582848528255726,0.5417239541681913,-0.335101586960875,1.4945928074451889,1.3408284485549218,1.6200376916668129,1.6784610997659544,2.1193320731291685,-0.42704448931996974,1.4480876084025445,0.7356880398538787,1.6326367420504257,0.8161016398713674,0.46278168191954616,1.4613834616065997,-0.29146399380936555
-0.4798133989727295,0.9582848528255726,2.06384267941036,-0.8816049277212203,-1.2068069149842107,-0.9485225409888232,-0.9579561212069901,-0.6371116269661944,-0.5932906207502361,-0.42704448931996974,-0.3601511438134018,-0.38013279564832925,0.2667576003595904,3.122245086221103,-0.420003543254714,-1.7181760826556827,1.0965568438422286
-0.39664899971072165,0.9582848528255726,1.355106147969475,-0.10088586949215483,0.4488896890854214,-0.6016511789367406,1.3486699218906233,-0.8746062656053893,-0.7094388300185531,-0.42704448931996974,0.9549315850709231,-1.4959536311505373,-1.099121541331245,1.5530848983586332,-0.420003543254714,-1.7181760826556827,-0.29146399380936555
-1.6441149886408395,-1.043531051389811,-1.275305274089648,-0.7254611160754085,0.3617477625554407,-1.0872710858096561,0.1275149578977691,0.28318009776068537,-0.14368464938900885,-0.42704448931996974,-1.675233872697726,0.7356880398538787,0.2667576003595904,-1.104660977561069,-1.302788768428974,-0.6583229012349219,1.7905672626680256
1.10031018700542,-1.043531051389811,-0.499976048419418,-1.4281082684815674,0.4488896890854214,1.4795769933757548,0.6702504974501486,0.31286692759058476,0.4033359491004843,0.47892839923734903,-1.3464631904766449,-0.38013279564832925,0.2667576003595904,0.27718263210255417,1.3455669070938063,0.401530280185839,0.40254642501643156
0.019172996599317694,0.9582848528255726,1.3646193900022388,1.694767964434698,1.0588831747952858,-0.6710254513471571,-1.6363755456474647,-1.0824140744146846,-0.923001666415136,1.3849012877946678,-0.3601511438134018,-0.38013279564832925,-1.099121541331245,0.364699394047917,-0.420003543254714,-1.7181760826556827,0.40254642501643156
0.2686661943853413,0.9582848528255726,-1.108823538516286,-0.6473892102525018,-0.24824572315442367,0.4389629072195071,-0.008168926990325804,-1.8542716499920675,-1.6273843548810587,0.47892839923734903,-0.3601511438134018,-0.38013279564832925,-1.099121541331245,-0.9373043626129192,0.46278168191954616,-0.6583229012349219,-0.9854744126351627
-0.8124709960207609,0.9582848528255726,0.6225865114466816,-0.8035330218983135,-0.5096715027443656,-1.5035167202721553,-0.9579561212069901,0.787856204868974,0.4408031133805866,0.47892839923734903,1.4480876084025445,0.7356880398538787,1.6326367420504257,1.2644331221177871,-1.302788768428974,1.4613834616065997,-0.29146399380936555
-1.6441149886408395,-1.043531051389811,-1.1706596117292487,-0.25702968113796826,-0.3353876496844043,0.23084008998825753,0.263198842785864,-0.607424797136295,-0.4883825607659497,1.3849012877946678,-0.3601511438134018,-0.38013279564832925,-1.099121541331245,-1.17375315804425,-1.302788768428974,-0.6583229012349219,1.7905672626680256
-0.6461421974967452,-1.043531051389811,-1.208712579860303,-0.5693173044295952,-1.4682326945741524,1.5489512657861713,-0.2795366967665156,-0.4589906479867982,0.039904455583492274,-1.3330173778772887,-0.1957658027028611,-1.4959536311505373,-1.099121541331245,-1.0908425414644327,-0.420003543254714,-0.6583229012349219,1.7905672626680256
-1.5609505893788318,0.9582848528255726,1.7784454184274536,1.694767964434698,-0.8582392088642881,0.8552085416820061,-1.6363755456474647,-0.6964852866259931,-0.10247076868089636,-1.3330173778772887,1.119316926181463,0.7356880398538787,0.2667576003595904,0.7193725871949134,-1.302788768428974,-1.7181760826556827,0.40254642501643156
-1.1451285930687924,0.9582848528255726,0.6891792056760261,1.7728398702576047,0.18746390949547947,-0.8791482685784067,0.8059343823382435,0.4613010767400809,0.42581624766854564,-1.3330173778772887,0.6261609028498417,-1.4959536311505373,-1.099121541331245,-0.25098870314665256,-1.302788768428974,1.4613834616065997,-0.9854744126351627
-1.0619641938067845,0.9582848528255726,2.5680445071468285,0.055257942153658604,-1.11966498845423,1.1327056313236723,-0.008168926990325804,0.1941196082709873,0.9728368461580388,0.47892839923734903,0.461775561739301,-0.38013279564832925,-1.099121541331245,2.736864257303804,-1.302788768428974,-1.7181760826556827,1.0965568438422286
1.682460981839475,0.9582848528255726,0.7510152788889898,-0.8035330218983135,1.5817347339751695,-1.2953939030409058,-0.4152205816546105,0.5206747363998797,-0.06500360440079408,0.47892839923734903,1.6124729495130852,-0.38013279564832925,0.2667576003595904,1.4210420645463315,1.3455669070938063,1.4613834616065997,-0.29146399380936555
-1.2282929923308004,-1.043531051389811,-0.5094892904521817,0.523689377091099,0.013180056435518213,-0.6016511789367406,-0.4152205816546105,0.4909879065699803,0.20850669484395248,-1.3330173778772887,-0.5245364849239426,0.7356880398538787,0.2667576003595904,-0.7945138562810115,-1.302788768428974,0.401530280185839,-0.9854744126351627
0.35183059364734914,-1.043531051389811,-1.4941098408432096,-0.5693173044295952,-1.555374621104133,0.30021436239867405,-0.4152205816546105,0.22380643810088663,-0.061256887972783856,-1.3330173778772887,-0.5245364849239426,-0.38013279564832925,0.2667576003595904,-1.4286265349377627,0.46278168191954616,-0.6583229012349219,1.7905672626680256
1.017145787743412,0.9582848528255726,-1.189686095794776,0.3675455654452855,1.6688766605051502,0.7858342692715896,1.6200376916668129,0.6394220557194772,0.8454484876056911,0.47892839923734903,1.4480876084025445,-1.4959536311505373,-1.099121541331245,-1.4270911531492476,1.3455669070938063,-0.6583229012349219,1.7905672626680256
-1.6441149886408395,-1.043531051389811,-0.4000870070754006,-1.5842520801273807,0.7103154686753632,-0.9485225409888232,1.2129860370025283,-0.07306186019810704,-0.3834745007816634,-1.3330173778772887,-0.3601511438134018,-0.38013279564832925,-1.099121541331245,0.5243791000534911,-1.302788768428974,0.401530280185839,0.40254642501643156
-0.2303202011867059,-1.043531051389811,-0.6902408890746892,0.4456174712681922,0.3617477625554407,-1.5728909926825718,-0.2795366967665156,-1.201161393734282,-1.4550353991925884,-1.3330173778772887,-0.6889218260344825,-1.4959536311505373,-1.099121541331245,-0.9449812715554949,-0.420003543254714,-0.6583229012349219,-0.9854744126351627
-1.6441149886408395,-1.043531051389811,-0.20982216642012952,-0.959676833544127,0.536031615615402,0.7858342692715896,1.6200376916668129,-0.2511828391775032,0.017424157015430913,-1.3330173778772887,-1.675233872697726,-0.38013279564832925,-1.099121541331245,0.3416686672201902,-1.302788768428974,0.401530280185839,0.40254642501643156
-0.06399140266269017,0.9582848528255726,0.3704855975784475,-0.10088586949215483,0.6231735421453826,0.30021436239867405,-0.5509044665427054,0.787856204868974,1.2538405782588058,-0.42704448931996974,1.4480876084025445,1.8515088753560867,1.6326367420504257,0.46603459208991604,-0.420003543254714,1.4613834616065997,0.40254642501643156
0.9339813884814042,0.9582848528255726,-1.0184477392050317,0.9140489062056325,1.3203089543852276,-1.3647681754513223,-1.3650077758712749,0.37224058725038284,-0.2073788286651827,0.47892839923734903,0.7905462439603824,0.7356880398538787,0.2667576003595904,-1.4409095892458839,1.3455669070938063,-0.6583229012349219,1.7905672626680256
0.2686661943853413,0.9582848528255726,0.13265454675935864,1.928983681903418,-1.293948841514191,0.9245828140924227,0.3988827276739589,-0.34024332866720136,-0.061256887972783856,-0.42704448931996974,-0.0313804615923204,-0.38013279564832925,0.2667576003595904,-0.7853015655499203,0.46278168191954616,0.401530280185839,-0.9854744126351627
1.017145787743412,-1.043531051389811,0.047035368464486096,-1.3500363626586607,-0.24824572315442367,-0.8097739961679902,-1.6363755456474647,-1.6167770113528728,-1.7997333105695292,-1.3330173778772887,-0.8533071671450232,-1.4959536311505373,-1.099121541331245,0.9588921462032751,1.3455669070938063,0.401530280185839,-0.29146399380936555
0.6013237914333728,0.9582848528255726,-1.3609244523845199,0.3675455654452855,0.4488896890854214,1.2714541761445053,-0.5509044665427054,0.6691088855493765,1.0665047568582944,-1.3330173778772887,1.6124729495130852,-0.38013279564832925,0.2667576003595904,-1.6036600588284884,0.46278168191954616,-0.6583229012349219,1.7905672626680256
1.682460981839475,0.9582848528255726,2.3635098034424122,1.2263365294972577,-0.24824572315442367,1.2020799037340888,0.6702504974501486,0.13474594861118855,0.5007505762287502,-0.42704448931996974,-0.0313804615923204,0.7356880398538787,0.2667576003595904,1.5484787529930877,1.3455669070938063,-1.7181760826556827,-0.29146399380936555
-0.39664899971072165,-1.043531051389811,-0.9233153188773962,-1.5842520801273807,0.8845993217353245,-0.8097739961679902,-0.2795366967665156,-0.3699301584971007,-0.5857971878942156,-1.3330173778772887,-0.6889218260344825,-0.38013279564832925,-1.099121541331245,-0.20646263127971373,-0.420003543254714,-0.6583229012349219,-0.9854744126351627
1.5161321833154593,0.9582848528255726,0.14216778879212166,1.0701927178514459,-0.5968134292743462,-0.18540554447424154,-0.9579561212069901,-0.34024332866720136,-0.3984613664937043,1.3849012877946678,0.2973902206287603,0.7356880398538787,0.2667576003595904,-0.4091330273637118,1.3455669070938063,0.401530280185839,-0.9854744126351627
0.434994992909357,0.9582848528255726,1.1600846862978225,0.8359770003827258,1.233167027855247,-0.9485225409888232,-0.8222722363188952,0.0753722889513898,-0.2935533065094179,-1.3330173778772887,1.4480876084025445,0.7356880398538787,0.2667576003595904,0.6840588060590658,0.46278168191954616,1.4613834616065997,0.40254642501643156
0.35183059364734914,-1.043531051389811,-0.8757491087135784,0.055257942153658604,-1.11966498845423,1.4795769933757548,-0.008168926990325804,1.2331586523174638,1.2650807275428366,-1.3330173778772887,0.13300487951822032,1.8515088753560867,1.6326367420504257,-0.9772242891143124,0.46278168191954616,-0.6583229012349219,1.7905672626680256
1.682460981839475,0.9582848528255726,0.20876048302146683,1.5386241527888844,0.013180056435518213,-1.1566453582200726,-1.2293238909831798,-1.5870901815229734,-1.6835851013012122,-1.3330173778772887,0.13300487951822032,-0.38013279564832925,-1.099121541331245,-0.5596004426381953,1.3455669070938063,0.401530280185839,-0.9854744126351627
-0.5629777982347374,-1.043531051389811,-0.14798609320716652,-0.8035330218983135,-0.24824572315442367,-1.5035167202721553,-0.5509044665427054,-0.04337503036820767,-0.5483300236141134,0.47892839923734903,-1.3464631904766449,-1.4959536311505373,-1.099121541331245,0.31556717681543256,-0.420003543254714,0.401530280185839,0.40254642501643156
1.682460981839475,-1.043531051389811,-0.6141349528125807,0.055257942153658604,0.4488896890854214,0.7164599968611731,-0.9579561212069901,-0.6667984567960937,-0.705692113590543,1.3849012877946678,-0.1957658027028611,-0.38013279564832925,0.2667576003595904,-0.6947140400275272,1.3455669070938063,0.401530280185839,-0.9854744126351627
-1.1451285930687924,-1.043531051389811,0.032765505415340894,-0.10088586949215483,-1.555374621104133,0.9245828140924227,0.263198842785864,0.5206747363998797,0.82671490546564,1.3849012877946678,-1.675233872697726,-0.38013279564832925,0.2667576003595904,0.09293681748073784,-1.302788768428974,0.401530280185839,0.40254642501643156
1.1834745862674279,-1.043531051389811,-1.375194315433665,0.523689377091099,-1.3810907680441717,1.1327056313236723,1.3486699218906233,0.253493267930786,0.2347337098400241,1.3849012877946678,-0.8533071671450232,-0.38013279564832925,0.2667576003595904,-1.666610712157609,1.3455669070938063,-0.6583229012349219,1.7905672626680256
0.35183059364734914,0.9582848528255726,0.35145911351292014,0.4456174712681922,0.7103154686753632,0.5777114520403401,0.3988827276739589,0.9659771838483702,1.073998189714315,1.3849012877946678,1.4480876084025445,1.8515088753560867,1.6326367420504257,0.11596754430846468,0.46278168191954616,1.4613834616065997,0.40254642501643156
0.35183059364734914,0.9582848528255726,1.8830910807878527,0.8359770003827258,-1.6425165476341137,-0.6710254513471571,0.1275149578977691,0.5800483960596784,0.2234935605559934,1.3849012877946678,0.461775561739301,0.7356880398538787,0.2667576003595904,1.3811221380449372,0.46278168191954616,-1.7181760826556827,-0.29146399380936555
-0.5629777982347374,0.9582848528255726,1.3884024950841476,2.0070555877263248,-1.0325230619242494,-1.6422652650929883,-0.1438528118784207,-0.04337503036820767,-0.3160336050774793,0.47892839923734903,0.2973902206287603,-0.38013279564832925,0.2667576003595904,0.21730274235046373,-0.420003543254714,-1.7181760826556827,0.40254642501643156
-0.8124709960207609,0.9582848528255726,0.5369673331518098,-0.022813963669248115,0.6231735421453826,-0.25477981688465806,-1.5006916607593697,1.5894006102762563,1.7821275946082478,1.3849012877946678,1.4480876084025445,0.7356880398538787,1.6326367420504257,0.5980774259022177,-1.302788768428974,1.4613834616065997,0.40254642501643156
1.5161321833154593,0.9582848528255726,0.5702636802664817,-0.25702968113796826,0.7974573952053439,-0.7403997237575737,-1.6363755456474647,1.500340120786558,0.9615966968740082,1.3849012877946678,1.4480876084025445,1.8515088753560867,1.6326367420504257,0.7930709130436401,1.3455669070938063,1.4613834616065997,-0.29146399380936555
1.2666389855294355,0.9582848528255726,0.4751312599388461,1.0701927178514459,-1.0325230619242494,-0.11603127206382503,-0.8222722363188952,0.8472298645287727,0.6730995319172206,-0.42704448931996974,1.4480876084025445,1.8515088753560867,1.6326367420504257,-0.09898590608365426,1.3455669070938063,1.4613834616065997,-0.9854744126351627
-0.6461421974967452,-1.043531051389811,-1.4703267357613006,0.28947365962237875,0.18746390949547947,-1.5728909926825718,0.3988827276739589,0.6097352258895777,-0.07249703725681454,0.47892839923734903,-0.6889218260344825,-0.38013279564832925,-1.099121541331245,-1.6927122025623664,-0.420003543254714,-0.6583229012349219,1.7905672626680256
0.8508169892193963,0.9582848528255726,0.19449061997232162,-0.8816049277212203,-1.7296584741640944,0.9939570865028392,-1.6363755456474647,-0.6667984567960937,-0.360994202213602,0.47892839923734903,1.2837022672920038,-0.38013279564832925,0.2667576003595904,0.7946062948321554,0.46278168191954616,0.401530280185839,-0.29146399380936555
-1.7272793879028474,0.9582848528255726,0.6653961005941172,1.6166960586117913,-1.6425165476341137,-0.32415408929507455,1.3486699218906233,1.3815928014669607,1.5460844596436036,-0.42704448931996974,1.4480876084025445,0.7356880398538787,1.6326367420504257,-0.19725034054862312,-1.302788768428974,1.4613834616065997,-0.9854744126351627
0.5181593921713649,0.9582848528255726,0.3704855975784475,-0.8816049277212203,-1.3810907680441717,-0.18540554447424154,-0.9579561212069901,-0.34024332866720136,-0.3984613664937043,-1.3330173778772887,-0.6889218260344825,0.7356880398538787,0.2667576003595904,1.0126305088013046,0.46278168191954616,1.4613834616065997,-0.29146399380936555
1.5992965825774672,-1.043531051389811,-1.398977420515574,-1.193892551012847,0.27460583602546007,0.7858342692715896,-0.4152205816546105,-0.5183643076465969,-0.559570172898144,-0.42704448931996974,-0.5245364849239426,-0.38013279564832925,-1.099121541331245,-1.0555287603285846,1.3455669070938063,-0.6583229012349219,1.7905672626680256
0.35183059364734914,0.9582848528255726,1.7308792082636357,0.28947365962237875,-1.7296584741640944,-1.5035167202721553,-1.6363755456474647,-0.4886774778166975,-0.9155082335591156,1.3849012877946678,1.2837022672920038,-0.38013279564832925,-1.099121541331245,1.6436724238810256,0.46278168191954616,-1.7181760826556827,-0.29146399380936555
-0.06399140266269017,0.9582848528255726,2.3635098034424122,-0.8035330218983135,-1.6425165476341137,1.4795769933757548,0.3988827276739589,0.253493267930786,1.175159533270591,1.3849012877946678,-0.5245364849239426,0.7356880398538787,0.2667576003595904,3.4047553353078874,-0.420003543254714,-1.7181760826556827,1.0965568438422286
1.4329677840534514,-1.043531051389811,-1.0945536754671403,-0.17895777531506155,-0.4225295762143849,0.16146581757784104,-0.5509044665427054,0.10505911878128917,-0.20363211223717248,0.47892839923734903,-0.5245364849239426,-1.4959536311505373,-1.099121541331245,-1.12001479544622,1.3455669070938063,-0.6583229012349219,1.7905672626680256
0.35183059364734914,0.9582848528255726,-0.01955732576485839,1.2263365294972577,-0.3353876496844043,-0.11603127206382503,0.1275149578977691,-0.2511828391775032,-0.3010467393654384,-1.3330173778772887,1.119316926181463,-0.38013279564832925,-1.099121541331245,-0.6286926231213764,0.46278168191954616,0.401530280185839,-0.9854744126351627
1.10031018700542,0.9582848528255726,-1.2277390639258303,1.0701927178514459,-0.07396187009446241,-1.0178968133992397,0.6702504974501486,-0.7261721164558925,-0.9642155471232485,1.3849012877946678,0.2973902206287603,-0.38013279564832925,0.2667576003595904,-1.6865706754083056,1.3455669070938063,-0.6583229012349219,1.7905672626680256
0.2686661943853413,0.9582848528255726,0.551237196200955,0.6798331887369123,0.7974573952053439,0.5083371796299236,0.3988827276739589,0.8472298645287727,0.9316229654499263,1.3849012877946678,1.4480876084025445,1.8515088753560867,1.6326367420504257,0.18505972479164626,0.46278168191954616,1.4613834616065997,0.40254642501643156
0.019172996599317694,0.9582848528255726,-0.09090664101058506,1.2263365294972577,1.5817347339751695,0.23084008998825753,-1.5006916607593697,-2.0917662886312622,-1.713558832725294,-1.3330173778772887,-0.6889218260344825,-1.4959536311505373,-1.099121541331245,-0.6931786582390124,-0.420003543254714,0.401530280185839,-0.9854744126351627
0.019172996599317694,-1.043531051389811,-0.8424527615989061,-0.10088586949215483,0.3617477625554407,0.30021436239867405,-0.4152205816546105,2.0643898875546456,2.0256641624289125,1.3849012877946678,0.13300487951822032,1.8515088753560867,1.6326367420504257,-0.8728183274952831,-0.420003543254714,-0.6583229012349219,-0.9854744126351627
-0.39664899971072165,-1.043531051389811,-0.8281828985497607,0.3675455654452855,1.0588831747952858,-0.3935283617054911,-0.4152205816546105,1.648774269936055,1.2988011753949285,-1.3330173778772887,0.13300487951822032,1.8515088753560867,1.6326367420504257,-1.0539933785400692,-0.420003543254714,-0.6583229012349219,1.7905672626680256
0.2686661943853413,0.9582848528255726,-0.5094892904521817,2.0070555877263248,-0.5968134292743462,-1.2260196306304891,-0.1438528118784207,0.4909879065699803,-0.061256887972783856,1.3849012877946678,1.2837022672920038,0.7356880398538787,0.2667576003595904,-1.3457159183579455,0.46278168191954616,0.401530280185839,1.7905672626680256
0.5181593921713649,-1.043531051389811,-1.080283812417995,-0.5693173044295952,-0.8582392088642881,-0.5322769065263241,-1.6363755456474647,0.5800483960596784,-0.05751017154477363,0.47892839923734903,-0.5245364849239426,-1.4959536311505373,-1.099121541331245,-0.9373043626129192,0.46278168191954616,-0.6583229012349219,-0.9854744126351627
0.5181593921713649,-1.043531051389811,-0.02907056779762208,0.21140175379947204,0.3617477625554407,0.30021436239867405,-1.6363755456474647,-0.34024332866720136,-0.5370898743300827,1.3849012877946678,-1.017692508255564,0.7356880398538787,0.2667576003595904,-0.1481181233161387,0.46278168191954616,0.401530280185839,-0.9854744126351627
1.4329677840534514,0.9582848528255726,0.5226974701026639,-0.7254611160754085,0.3617477625554407,-0.18540554447424154,-1.3650077758712749,-0.7261721164558925,-0.7394125614426349,-0.42704448931996974,0.461775561739301,0.7356880398538787,0.2667576003595904,1.0801873074959707,1.3455669070938063,1.4613834616065997,-0.29146399380936555
-0.8124709960207609,-1.043531051389811,-0.8900189717627239,-1.5842520801273807,-0.6839553558043268,-1.4341424478617388,1.3486699218906233,0.6691088855493765,0.028664306299461595,0.47892839923734903,-1.017692508255564,-0.38013279564832925,-1.099121541331245,-0.1604011776242595,-1.302788768428974,-0.6583229012349219,-0.9854744126351627
0.019172996599317694,0.9582848528255726,-0.5570555006159995,0.3675455654452855,1.6688766605051502,1.5489512657861713,0.9416182672263385,0.1941196082709873,1.1339456525624785,0.47892839923734903,-0.5245364849239426,-0.38013279564832925,-1.099121541331245,-0.7745538930303143,-0.420003543254714,0.401530280185839,-0.9854744126351627
1.10031018700542,0.9582848528255726,1.4835349154117832,2.0851274935492317,0.6231735421453826,-0.9485225409888232,0.6702504974501486,-0.963666755095087,-1.1403112192397293,-1.3330173778772887,-1.017692508255564,-1.4959536311505373,-1.099121541331245,0.25415190527482734,1.3455669070938063,-1.7181760826556827,0.40254642501643156
0.019172996599317694,0.9582848528255726,0.9412801195442608,-0.17895777531506155,0.9717412482653051,0.7858342692715896,-1.6363755456474647,-0.4589906479867982,0.13357236628374794,0.47892839923734903,-0.1957658027028611,0.7356880398538787,0.2667576003595904,1.1538856333446974,-0.420003543254714,1.4613834616065997,-0.29146399380936555
0.5181593921713649,0.9582848528255726,0.3419458714801565,0.28947365962237875,0.27460583602546007,-0.8791482685784067,-1.093640006095085,1.322219141807162,0.7480338604774251,1.3849012877946678,1.4480876084025445,0.7356880398538787,1.6326367420504257,0.1958073973112517,0.46278168191954616,1.4613834616065997,0.40254642501643156
1.5992965825774672,-1.043531051389811,-0.6807276470419258,-1.1158206451899404,-1.2068069149842107,1.4795769933757548,-0.8222722363188952,2.1237635472144443,2.100598490989117,0.47892839923734903,0.13300487951822032,0.7356880398538787,1.6326367420504257,-0.1619365594127749,1.3455669070938063,-0.6583229012349219,-0.9854744126351627
-0.4798133989727295,-1.043531051389811,-0.694997510091071,-0.4131734927837817,-0.4225295762143849,-1.3647681754513223,-0.9579561212069901,-1.0527272445847853,-1.2901798763601384,-1.3330173778772887,-1.1820778493661046,-0.38013279564832925,-1.099121541331245,-0.5596004426381953,-0.420003543254714,-0.6583229012349219,-0.9854744126351627
1.5992965825774672,-1.043531051389811,0.08508833659554085,0.4456174712681922,-1.6425165476341137,-0.25477981688465806,0.1275149578977691,-0.607424797136295,-0.9005213678470747,-1.3330173778772887,-0.1957658027028611,0.7356880398538787,0.2667576003595904,-0.1542596504701991,1.3455669070938063,0.401530280185839,-0.9854744126351627
-0.2303202011867059,-1.043531051389811,-0.6807276470419258,0.21140175379947204,-0.16110379662444305,-1.0872710858096561,-0.5509044665427054,-0.7855457761156912,-1.0054294278313611,0.47892839923734903,-0.5245364849239426,-0.38013279564832925,-1.099121541331245,-0.8359691645709201,-0.420003543254714,-0.6583229012349219,-0.9854744126351627
0.8508169892193963,0.9582848528255726,-0.7520769622876524,2.0851274935492317,0.27460583602546007,1.2020799037340888,0.6702504974501486,-0.963666755095087,-0.6045307700342668,-0.42704448931996974,0.7905462439603824,-0.38013279564832925,-1.099121541331245,-1.5668108959041251,0.46278168191954616,-0.6583229012349219,1.7905672626680256
-0.06399140266269017,-1.043531051389811,-0.7568335833040339,-1.271964456835754,0.4488896890854214,-0.8097739961679902,-1.093640006095085,1.1440981628277658,0.6730995319172206,-0.42704448931996974,0.13300487951822032,1.8515088753560867,1.6326367420504257,-0.16807808656683532,-0.420003543254714,-0.6583229012349219,-0.9854744126351627
-0.06399140266269017,0.9582848528255726,0.703449068725172,0.523689377091099,0.18746390949547947,-0.3935283617054911,0.8059343823382435,1.4409664611267594,1.5685647582116649,1.3849012877946678,1.4480876084025445,1.8515088753560867,1.6326367420504257,0.4276500473770376,-0.420003543254714,1.4613834616065997,0.40254642501643156
1.682460981839475,0.9582848528255726,-1.108823538516286,1.7728398702576047,0.7103154686753632,1.6183255381965878,-0.9579561212069901,-0.5480511374764963,-0.06500360440079408,0.47892839923734903,1.2837022672920038,-0.38013279564832925,-1.099121541331245,-1.7771582009306988,1.3455669070938063,-0.6583229012349219,1.7905672626680256
1.10031018700542,0.9582848528255726,-0.06236691491229466,1.694767964434698,-0.7710972823343074,-1.5728909926825718,-0.8222722363188952,0.6097352258895777,-0.10621748510890658,1.3849012877946678,0.461775561739301,-0.38013279564832925,0.2667576003595904,-0.8589998913986469,1.3455669070938063,0.401530280185839,-0.9854744126351627
-0.39664899971072165,0.9582848528255726,1.7546623133455446,1.0701927178514459,0.7103154686753632,-0.32415408929507455,-0.008168926990325804,0.4909879065699803,0.6880863976292616,-1.3330173778772887,1.6124729495130852,-1.4959536311505373,-1.099121541331245,1.0955411253811225,-0.420003543254714,-1.7181760826556827,-0.29146399380936555
1.682460981839475,0.9582848528255726,0.6891792056760261,0.28947365962237875,0.6231735421453826,1.6876998106070042,1.6200376916668129,0.28318009776068537,0.82671490546564,0.47892839923734903,0.6261609028498417,-0.38013279564832925,0.2667576003595904,0.5581574994008245,1.3455669070938063,1.4613834616065997,0.40254642501643156
-0.5629777982347374,-1.043531051389811,-0.26214499760032944,-0.4912453986066884,-1.11966498845423,-1.5035167202721553,-1.093640006095085,-0.4293038181568988,-0.8443206214269213,-1.3330173778772887,-0.5245364849239426,0.7356880398538787,0.2667576003595904,-0.014539907715321633,-0.420003543254714,0.401530280185839,-0.9854744126351627
1.3498033847914435,0.9582848528255726,-1.0232043602214136,-0.335101586960875,0.013180056435518213,1.6183255381965878,-1.6363755456474647,-1.4386560323734767,-0.9941892785473304,1.3849012877946678,0.6261609028498417,-0.38013279564832925,-1.099121541331245,-0.9741535255372822,1.3455669070938063,-0.6583229012349219,1.7905672626680256
-0.39664899971072165,0.9582848528255726,-1.0279609812377954,0.4456174712681922,-0.7710972823343074,-0.9485225409888232,-1.2293238909831798,0.37224058725038284,0.31716147125624905,0.47892839923734903,0.13300487951822032,0.7356880398538787,0.2667576003595904,-1.2889067921828854,-0.420003543254714,-0.6583229012349219,1.7905672626680256
-0.6461421974967452,-1.043531051389811,-1.489353219826828,-0.959676833544127,-1.4682326945741524,1.3408284485549218,1.0773021521144335,-0.4886774778166975,-0.0537634551167634,-1.3330173778772887,-1.1820778493661046,-0.38013279564832925,0.2667576003595904,-1.272017592509219,-0.420003543254714,-0.6583229012349219,1.7905672626680256
-0.39664899971072165,0.9582848528255726,0.8746874253149157,0.28947365962237875,-0.4225295762143849,-0.04665699965340851,1.484353806778718,-1.557403351693074,-1.2302324135119747,1.3849012877946678,1.4480876084025445,-0.38013279564832925,-1.099121541331245,0.7516156047537315,-0.420003543254714,1.4613834616065997,0.40254642501643156
0.019172996599317694,0.9582848528255726,1.5168312625264557,2.0851274935492317,1.6688766605051502,-0.7403997237575737,1.2129860370025283,-1.3199087130538791,-1.1590448013797803,-0.42704448931996974,-0.1957658027028611,-1.4959536311505373,-1.099121541331245,0.2817887774680997,-0.420003543254714,-1.7181760826556827,0.40254642501643156
-0.7293065967587531,0.9582848528255726,2.2208111729509588,1.8509117760805114,-0.7710972823343074,-0.5322769065263241,0.3988827276739589,-1.7652111605023693,-1.5299697277527928,1.3849012877946678,-0.0313804615923204,-1.4959536311505373,-1.099121541331245,1.0003474544931836,-0.420003543254714,-1.7181760826556827,-0.29146399380936555
0.5181593921713649,0.9582848528255726,-1.0707705703852313,1.1482646236743528,-0.24824572315442367,0.9939570865028392,-0.6865883514308003,0.550361566229779,0.8379550547496707,-1.3330173778772887,1.2837022672920038,0.7356880398538787,0.2667576003595904,-1.56527551411561,0.46278168191954616,-0.6583229012349219,1.7905672626680256
-1.311457391592808,-1.043531051389811,-1.2467655479913573,-0.959676833544127,1.4074508809152082,0.7164599968611731,-1.6363755456474647,-1.468342862203376,-1.1890185328038623,0.47892839923734903,-1.675233872697726,-0.38013279564832925,-1.099121541331245,-0.9649412348061915,-1.302788768428974,-0.6583229012349219,-0.9854744126351627
0.9339813884814042,-1.043531051389811,-0.8139130355006154,-0.959676833544127,1.4074508809152082,-0.25477981688465806,-0.1438528118784207,1.85658207874535,1.0552646075742638,1.3849012877946678,0.13300487951822032,1.8515088753560867,1.6326367420504257,-0.41988069988331783,1.3455669070938063,-0.6583229012349219,-0.9854744126351627
-0.06399140266269017,-1.043531051389811,-0.6902408890746892,-0.022813963669248115,1.4074508809152082,0.30021436239867405,0.8059343823382435,-0.5480511374764963,-0.4134482322057452,-1.3330173778772887,-1.5108485315871856,-0.38013279564832925,0.2667576003595904,-0.7407754936829815,-0.420003543254714,-0.6583229012349219,-0.9854744126351627
0.019172996599317694,0.9582848528255726,0.5988034063647727,0.757905094559819,0.9717412482653051,1.1327056313236723,1.3486699218906233,2.094076717384545,3.082238195127797,0.47892839923734903,1.4480876084025445,1.8515088753560867,1.6326367420504257,0.1865951065801611,-0.420003543254714,1.4613834616065997,0.40254642501643156
-0.3134846004487138,-1.043531051389811,-0.4476532172392184,-1.0377487393670337,1.6688766605051502,0.09209154516742452,0.5345666125620538,1.1144113329978664,1.0477711747182434,1.3849012877946678,0.13300487951822032,1.8515088753560867,1.6326367420504257,0.08986605390370762,-0.420003543254714,0.401530280185839,0.40254642501643156
-0.6461421974967452,-1.043531051389811,-0.7330504782221251,0.055257942153658604,0.9717412482653051,-0.8791482685784067,1.0773021521144335,-0.2511828391775032,-0.5108628593340111,1.3849012877946678,-1.3464631904766449,-0.38013279564832925,0.2667576003595904,-0.8221507284742838,-0.420003543254714,-0.6583229012349219,-0.9854744126351627
-0.6461421974967452,-1.043531051389811,0.28962304029995717,-1.4281082684815674,0.3617477625554407,0.022717272757007998,-0.4152205816546105,-0.6667984567960937,-0.6007840536062565,-1.3330173778772887,-0.5245364849239426,0.7356880398538787,0.2667576003595904,1.3519498840631499,-0.420003543254714,0.401530280185839,-0.29146399380936555
-1.0619641938067845,-1.043531051389811,-0.11468974609249395,-1.740395891773194,0.18746390949547947,-0.11603127206382503,-1.093640006095085,-0.31055649883730196,-0.32352703793349974,-1.3330173778772887,-0.0313804615923204,-1.4959536311505373,-1.099121541331245,1.0494796717256683,-1.302788768428974,0.401530280185839,-0.29146399380936555
-1.7272793879028474,0.9582848528255726,-0.4952194274030362,-0.7254611160754085,-1.555374621104133,-1.6422652650929883,1.484353806778718,-1.7652111605023693,-1.747279280577386,-1.3330173778772887,-0.6889218260344825,-0.38013279564832925,-1.099121541331245,-0.1557950322587145,-1.302788768428974,0.401530280185839,-0.9854744126351627
1.017145787743412,-1.043531051389811,-0.15749933523993023,-1.3500363626586607,-0.16110379662444305,-0.32415408929507455,-1.093640006095085,0.4316142469101816,-0.09872405225288612,1.3849012877946678,-1.675233872697726,-0.38013279564832925,-1.099121541331245,0.6840588060590658,1.3455669070938063,0.401530280185839,0.40254642501643156
1.2666389855294355,0.9582848528255726,0.2277869670869942,1.382480341143071,-0.5096715027443656,0.16146581757784104,1.3486699218906233,-1.3199087130538791,-1.1890185328038623,1.3849012877946678,1.7768582906236259,-1.4959536311505373,-1.099121541331245,-0.47361906248134783,1.3455669070938063,0.401530280185839,-0.9854744126351627
0.18550179512333342,0.9582848528255726,1.3075399378056571,0.8359770003827258,-1.7296584741640944,1.2714541761445053,0.5345666125620538,-1.3792823727136778,-1.0054294278313611,1.3849012877946678,0.9549315850709231,-1.4959536311505373,-1.099121541331245,0.8268493123909734,0.46278168191954616,-1.7181760826556827,-0.29146399380936555
-1.4777861901168239,0.9582848528255726,0.3467024924965387,1.382480341143071,1.233167027855247,-0.4629026341159076,-0.9579561212069901,1.6190874401061557,1.6996998331920228,1.3849012877946678,1.4480876084025445,0.7356880398538787,1.6326367420504257,-0.3676777190738032,-1.302788768428974,1.4613834616065997,-0.9854744126351627
-1.4777861901168239,0.9582848528255726,-0.523759153501327,0.6798331887369123,-1.3810907680441717,0.4389629072195071,-0.008168926990325804,0.13474594861118855,0.6356323676371184,0.47892839923734903,1.4480876084025445,0.7356880398538787,0.2667576003595904,-0.8743537092837985,-1.302788768428974,0.401530280185839,-0.9854744126351627
0.019172996599317694,-1.043531051389811,-0.4761929433375091,-1.271964456835754,0.27460583602546007,0.30021436239867405,0.5345666125620538,-0.1027486900280064,0.002437291303390004,0.47892839923734903,-0.3601511438134018,-1.4959536311505373,-1.099121541331245,0.20348430625382752,-0.420003543254714,0.401530280185839,0.40254642501643156
-0.39664899971072165,-1.043531051389811,0.09460157862830387,-0.959676833544127,1.1460251013252665,-0.9485225409888232,-1.5006916607593697,-1.8245848201621682,-1.8222136091375907,-0.42704448931996974,0.13300487951822032,-1.4959536311505373,-1.099121541331245,0.7255141143489744,-0.420003543254714,0.401530280185839,0.40254642501643156
1.017145787743412,-1.043531051389811,-0.7711034463531795,0.3675455654452855,-0.24824572315442367,-1.4341424478617388,1.3486699218906233,-0.5183643076465969,-1.1403112192397293,1.3849012877946678,-0.8533071671450232,0.7356880398538787,0.2667576003595904,-0.9956488705764942,1.3455669070938063,-0.6583229012349219,1.7905672626680256
1.10031018700542,-1.043531051389811,0.2991362823327209,-1.6623239859502874,0.8845993217353245,-0.11603127206382503,-1.093640006095085,-1.4980296920332754,-1.5861704741729463,0.47892839923734903,-0.0313804615923204,-0.38013279564832925,-1.099121541331245,1.5715094798208145,1.3455669070938063,0.401530280185839,-0.29146399380936555
1.2666389855294355,-1.043531051389811,0.09460157862830387,-0.022813963669248115,1.233167027855247,0.7164599968611731,-0.2795366967665156,-0.84491943577549,-0.8630542035669725,-1.3330173778772887,-1.1820778493661046,-0.38013279564832925,-1.099121541331245,0.11443216251994984,1.3455669070938063,0.401530280185839,0.40254642501643156
-1.2282929923308004,-1.043531051389811,-0.9994212551395047,-1.193892551012847,-0.9453811353942687,1.5489512657861713,-0.2795366967665156,0.10505911878128917,0.6318856512091081,-0.42704448931996974,-0.3601511438134018,-1.4959536311505373,-1.099121541331245,-0.5319635704449229,-1.302788768428974,-0.6583229012349219,-0.9854744126351627
0.35183059364734914,0.9582848528255726,2.5728011281632104,-0.25702968113796826,-0.7710972823343074,0.7858342692715896,-1.2293238909831798,-0.34024332866720136,-0.10247076868089636,-1.3330173778772887,0.461775561739301,-0.38013279564832925,0.2667576003595904,3.056223669314952,0.46278168191954616,-1.7181760826556827,1.0965568438422286
1.5992965825774672,0.9582848528255726,0.40853856570950164,1.1482646236743528,-0.7710972823343074,-0.04665699965340851,-0.9579561212069901,0.9362903540184708,0.7817543083295172,-0.42704448931996974,1.4480876084025445,0.7356880398538787,1.6326367420504257,-0.19878572233713795,1.3455669070938063,1.4613834616065997,-0.9854744126351627
1.682460981839475,0.9582848528255726,0.6320997534794454,0.28947365962237875,1.233167027855247,-1.4341424478617388,-0.2795366967665156,-0.3699301584971007,-0.8031067407188088,0.47892839923734903,0.7905462439603824,-0.38013279564832925,0.2667576003595904,0.4982776096487341,1.3455669070938063,1.4613834616065997,0.40254642501643156
-0.8956353952827688,-1.043531051389811,0.284866419283575,-1.0377487393670337,0.10032198296549884,-0.9485225409888232,-1.093640006095085,0.6987957153792759,0.24597385912405476,-0.42704448931996974,-1.8396192138082668,-0.38013279564832925,0.2667576003595904,1.0264489448979408,-1.302788768428974,0.401530280185839,-0.29146399380936555
1.2666389855294355,0.9582848528255726,0.2420568301361394,-0.4912453986066884,1.3203089543852276,-0.8791482685784067,-0.9579561212069901,0.4909879065699803,0.06987818700757409,1.3849012877946678,-0.0313804615923204,-0.38013279564832925,0.2667576003595904,0.5765820808630058,1.3455669070938063,0.401530280185839,0.40254642501643156
-0.3134846004487138,0.9582848528255726,2.5442614020649197,-0.8035330218983135,0.6231735421453826,-1.0872710858096561,0.9416182672263385,-0.6964852866259931,-0.690705247878502,0.47892839923734903,1.2837022672920038,0.7356880398538787,0.2667576003595904,3.627385694642583,-0.420003543254714,-1.7181760826556827,1.0965568438422286
-1.0619641938067845,0.9582848528255726,2.4681554658028113,0.28947365962237875,-0.3353876496844043,1.3408284485549218,0.5345666125620538,-0.31055649883730196,0.4820169940886991,1.3849012877946678,0.7905462439603824,0.7356880398538787,0.2667576003595904,2.4128986999271103,-1.302788768428974,-1.7181760826556827,1.0965568438422286
0.10233739586132555,-1.043531051389811,-0.8805057297299602,-0.8816049277212203,0.3617477625554407,0.9939570865028392,0.263198842785864,0.876916694358672,1.2051332646946729,1.3849012877946678,0.13300487951822032,0.7356880398538787,1.6326367420504257,-0.5442466247530438,0.46278168191954616,-0.6583229012349219,-0.9854744126351627
-0.8124709960207609,-1.043531051389811,-1.1706596117292487,-1.193892551012847,-1.0325230619242494,-0.8097739961679902,-1.2293238909831798,0.22380643810088663,-0.09123061939686568,1.3849012877946678,-0.0313804615923204,-0.38013279564832925,0.2667576003595904,-0.756129311568133,-1.302788768428974,-0.6583229012349219,-0.9854744126351627
0.6844881906953806,-1.043531051389811,-1.5226495669415003,-1.1158206451899404,-1.7296584741640944,1.3408284485549218,0.8059343823382435,-0.6667984567960937,-0.5483300236141134,1.3849012877946678,-0.8533071671450232,0.7356880398538787,0.2667576003595904,-1.2505222474700068,0.46278168191954616,-0.6583229012349219,1.7905672626680256
1.5161321833154593,-1.043531051389811,0.2277869670869942,-0.8035330218983135,0.4488896890854214,0.36958863480909054,-1.3650077758712749,-0.7261721164558925,-0.8443206214269213,0.47892839923734903,-1.017692508255564,0.7356880398538787,0.2667576003595904,0.777717095158489,1.3455669070938063,0.401530280185839,0.40254642501643156
-0.3134846004487138,0.9582848528255726,1.1077618551176232,-0.10088586949215483,0.7103154686753632,0.09209154516742452,1.3486699218906233,0.253493267930786,0.6243922183530877,0.47892839923734903,0.461775561739301,-0.38013279564832925,0.2667576003595904,1.2797869400029387,-0.420003543254714,1.4613834616065997,-0.29146399380936555
0.6844881906953806,0.9582848528255726,-1.318114863237084,1.6166960586117913,-1.2068069149842107,1.0633313589132556,0.3988827276739589,0.10505911878128917,0.4220695312405354,-1.3330173778772887,-1.017692508255564,-0.38013279564832925,0.2667576003595904,-1.9168779436855763,0.46278168191954616,-0.6583229012349219,1.7905672626680256
-0.3134846004487138,-1.043531051389811,-1.104066917499904,-0.959676833544127,1.3203089543852276,0.8552085416820061,-0.4152205816546105,-0.6667984567960937,-0.3722343514976327,-1.3330173778772887,-1.1820778493661046,0.7356880398538787,0.2667576003595904,-0.7853015655499203,-0.420003543254714,-0.6583229012349219,-0.9854744126351627
0.2686661943853413,0.9582848528255726,-0.16225595625631173,1.1482646236743528,0.7103154686753632,1.4795769933757548,0.3988827276739589,0.37224058725038284,0.8417017711776809,-0.42704448931996974,1.2837022672920038,-0.38013279564832925,0.2667576003595904,-0.7269570575863452,0.46278168191954616,0.401530280185839,-0.9854744126351627
1.1834745862674279,-1.043531051389811,-0.8234262775333792,0.523689377091099,1.1460251013252665,-0.18540554447424154,-0.4152205816546105,0.787856204868974,0.23098699341201384,0.47892839923734903,0.13300487951822032,1.8515088753560867,1.6326367420504257,-1.1108025047151295,1.3455669070938063,-0.6583229012349219,1.7905672626680256
-0.06399140266269017,0.9582848528255726,-0.2336052715020384,1.5386241527888844,-0.8582392088642881,0.4389629072195071,1.484353806778718,0.16443277844108792,0.6693528154892104,-1.3330173778772887,0.6261609028498417,0.7356880398538787,0.2667576003595904,-0.9465166533440097,-0.420003543254714,0.401530280185839,-0.9854744126351627
-0.8956353952827688,0.9582848528255726,2.287403867180304,1.694767964434698,0.4488896890854214,-1.1566453582200726,-1.3650077758712749,-0.6667984567960937,-0.6869585314504918,0.47892839923734903,-0.0313804615923204,0.7356880398538787,0.2667576003595904,1.1569563969217282,-1.302788768428974,-1.7181760826556827,-0.29146399380936555
1.10031018700542,-1.043531051389811,0.275353177250812,-1.0377487393670337,-1.2068069149842107,1.3408284485549218,-0.4152205816546105,0.4019274170802822,0.4408031133805866,0.47892839923734903,-1.8396192138082668,-0.38013279564832925,0.2667576003595904,1.0141658905898199,1.3455669070938063,0.401530280185839,-0.29146399380936555
-1.5609505893788318,-1.043531051389811,0.05179198948086828,-1.1158206451899404,-0.6839553558043268,1.5489512657861713,-0.008168926990325804,-0.6371116269661944,-0.14743136581701907,0.47892839923734903,-0.3601511438134018,-0.38013279564832925,0.2667576003595904,0.7853940041010647,-1.302788768428974,0.401530280185839,-0.29146399380936555
-0.39664899971072165,0.9582848528255726,1.8450381126567987,0.9921208120285392,-1.555374621104133,-0.6710254513471571,0.5345666125620538,-0.22149600934760388,-0.12120435082094749,-0.42704448931996974,1.6124729495130852,0.7356880398538787,0.2667576003595904,1.233725486347485,-0.420003543254714,-1.7181760826556827,-0.29146399380936555
-0.8956353952827688,0.9582848528255726,1.659529893017909,0.523689377091099,0.27460583602546007,-1.6422652650929883,0.8059343823382435,0.22380643810088663,-0.09123061939686568,-0.42704448931996974,-0.8533071671450232,0.7356880398538787,0.2667576003595904,1.3903344287760284,-1.302788768428974,-1.7181760826556827,-0.29146399380936555
-0.7293065967587531,-1.043531051389811,-0.5190025324849451,-0.4131734927837817,-1.3810907680441717,1.2714541761445053,1.0773021521144335,-0.6964852866259931,-0.28605987365339747,-0.42704448931996974,-0.0313804615923204,0.7356880398538787,0.2667576003595904,-0.3569300465541972,-0.420003543254714,0.401530280185839,-0.9854744126351627
1.682460981839475,0.9582848528255726,-0.9375851819265417,0.21140175379947204,-1.0325230619242494,-0.6016511789367406,0.9416182672263385,0.6691088855493765,0.32465490411226955,0.47892839923734903,0.2973902206287603,0.7356880398538787,0.2667576003595904,-1.1061963593495838,1.3455669070938063,-0.6583229012349219,1.7905672626680256
-1.7272793879028474,-1.043531051389811,-0.2954413447150014,-0.959676833544127,0.18746390949547947,1.4102027209653383,1.2129860370025283,-1.9433321394817655,-1.5374631606088134,0.47892839923734903,-0.3601511438134018,-0.38013279564832925,-1.099121541331245,0.23419194202413013,-1.302788768428974,0.401530280185839,0.40254642501643156
-1.311457391592808,0.9582848528255726,1.5881805777721825,1.694767964434698,1.5817347339751695,-1.6422652650929883,1.484353806778718,0.28318009776068537,-0.04252330583273272,-0.42704448931996974,0.461775561739301,-1.4959536311505373,-1.099121541331245,0.5566221176123091,-1.302788768428974,-1.7181760826556827,0.40254642501643156
-0.2303202011867059,-1.043531051389811,-1.184929474778394,-0.335101586960875,1.233167027855247,0.022717272757007998,-0.8222722363188952,-0.07306186019810704,-0.061256887972783856,1.3849012877946678,-1.675233872697726,-0.38013279564832925,-1.099121541331245,-1.159934721947614,-0.420003543254714,-0.6583229012349219,1.7905672626680256
-1.6441149886408395,0.9582848528255726,1.0221426768227506,0.9921208120285392,0.8845993217353245,-0.04665699965340851,-1.6363755456474647,-0.13243551985790578,0.18602639627589113,1.3849012877946678,-0.5245364849239426,0.7356880398538787,0.2667576003595904,0.45835768314734027,-1.302788768428974,1.4613834616065997,0.40254642501643156
-1.4777861901168239,0.9582848528255726,2.453885602753666,-0.4912453986066884,1.4074508809152082,1.0633313589132556,-0.2795366967665156,0.37224058725038284,1.141439085418499,-0.42704448931996974,1.2837022672920038,-0.38013279564832925,0.2667576003595904,3.1667711580880415,-1.302788768428974,-1.7181760826556827,1.0965568438422286
1.3498033847914435,0.9582848528255726,-0.17652581930545694,0.6798331887369123,-0.07396187009446241,1.6183255381965878,-0.6865883514308003,-0.16212234968780515,0.3358950533963002,0.47892839923734903,-0.8533071671450232,0.7356880398538787,0.2667576003595904,-0.5319635704449229,1.3455669070938063,0.401530280185839,-0.9854744126351627
1.682460981839475,-1.043531051389811,0.10411482066106756,0.3675455654452855,-1.11966498845423,-1.0872710858096561,-1.2293238909831798,0.6097352258895777,-0.22985912723324406,0.47892839923734903,-1.3464631904766449,-0.38013279564832925,-1.099121541331245,-0.09437976071810868,1.3455669070938063,0.401530280185839,-0.9854744126351627
1.5992965825774672,0.9582848528255726,1.683312998099818,1.4605522469659777,1.5817347339751695,0.8552085416820061,-0.8222722363188952,0.6987957153792759,0.9316229654499263,1.3849012877946678,-0.6889218260344825,-0.38013279564832925,0.2667576003595904,0.7792524769470038,1.3455669070938063,-1.7181760826556827,0.40254642501643156
-1.1451285930687924,-1.043531051389811,-1.5416760510070273,-0.8035330218983135,1.1460251013252665,0.022717272757007998,0.263198842785864,0.6987957153792759,0.6393790840651286,1.3849012877946678,-0.8533071671450232,0.7356880398538787,0.2667576003595904,-1.3979188991674603,-1.302788768428974,-0.6583229012349219,1.7905672626680256
-0.7293065967587531,0.9582848528255726,-0.5094892904521817,1.5386241527888844,-0.8582392088642881,-1.1566453582200726,1.0773021521144335,-0.3699301584971007,-0.4246883814897759,-0.42704448931996974,1.6124729495130852,-1.4959536311505373,-1.099121541331245,-1.1891069759294017,-0.420003543254714,0.401530280185839,1.7905672626680256
0.2686661943853413,0.9582848528255726,-0.4714363223211273,2.0070555877263248,-0.6839553558043268,-1.0872710858096561,0.9416182672263385,0.3425537574204841,-0.12869778367696794,1.3849012877946678,0.6261609028498417,-1.4959536311505373,-1.099121541331245,-1.3134729007991275,0.46278168191954616,0.401530280185839,1.7905672626680256
-1.6441149886408395,0.9582848528255726,1.1886244123961127,-0.17895777531506155,1.4945928074451889,1.2714541761445053,1.6200376916668129,-1.2605350533940807,-0.608277486462277,-1.3330173778772887,-0.3601511438134018,-1.4959536311505373,-1.099121541331245,1.4302543552774216,-1.302788768428974,1.4613834616065997,-0.29146399380936555
0.2686661943853413,-1.043531051389811,-0.6712144050091621,0.13332984797656533,1.3203089543852276,-0.18540554447424154,-1.3650077758712749,1.5597137804463568,0.8491952040337013,1.3849012877946678,0.13300487951822032,1.8515088753560867,1.6326367420504257,-0.7914430927039813,0.46278168191954616,-0.6583229012349219,-0.9854744126351627
0.9339813884814042,-1.043531051389811,-1.4703267357613006,-1.506180174304474,-1.0325230619242494,0.7858342692715896,0.3988827276739589,0.4613010767400809,0.30217460554420816,0.47892839923734903,-0.3601511438134018,0.7356880398538787,0.2667576003595904,-1.0079319248846155,1.3455669070938063,-0.6583229012349219,1.7905672626680256
-0.8124709960207609,0.9582848528255726,0.5940467853483905,-0.5693173044295952,0.27460583602546007,-1.0872710858096561,1.2129860370025283,1.2034718224875645,0.9990638611541104,-0.42704448931996974,1.4480876084025445,0.7356880398538787,1.6326367420504257,1.0479442899371527,-1.302788768428974,1.4613834616065997,-0.29146399380936555
0.18550179512333342,0.9582848528255726,0.9936029507244601,2.163199399372138,-0.07396187009446241,-0.5322769065263241,0.9416182672263385,-0.22149600934760388,-0.4059547993497247,-0.42704448931996974,1.7768582906236259,-0.38013279564832925,-1.099121541331245,-0.18189652266347153,0.46278168191954616,1.4613834616065997,-0.9854744126351627
-1.394621790854816,0.9582848528255726,1.7546623133455446,1.5386241527888844,-0.6839553558043268,0.022717272757007998,-0.9579561212069901,-0.2808696690074026,0.06238475415155364,-0.42704448931996974,1.119316926181463,-0.38013279564832925,0.2667576003595904,0.7946062948321554,-1.302788768428974,-1.7181760826556827,-0.29146399380936555
-1.5609505893788318,0.9582848528255726,2.5965842332451188,0.9140489062056325,-1.3810907680441717,-0.8097739961679902,-0.5509044665427054,-1.2605350533940807,-1.1215776370996782,-0.42704448931996974,-0.5245364849239426,-0.38013279564832925,-1.099121541331245,2.006022525970598,-1.302788768428974,-1.7181760826556827,-0.29146399380936555
1.017145787743412,0.9582848528255726,-0.694997510091071,-0.5693173044295952,1.5817347339751695,0.6470857244507566,-1.2293238909831798,-0.1027486900280064,0.08111833629160477,-0.42704448931996974,-0.5245364849239426,-0.38013279564832925,0.2667576003595904,-0.4812959714239231,1.3455669070938063,-0.6583229012349219,-0.9854744126351627
0.434994992909357,0.9582848528255726,1.3646193900022388,-0.7254611160754085,0.7103154686753632,-1.0178968133992397,-1.3650077758712749,0.253493267930786,-0.17365838081309068,1.3849012877946678,-0.0313804615923204,0.7356880398538787,0.2667576003595904,2.102751578647052,0.46278168191954616,-1.7181760826556827,-0.29146399380936555
1.4329677840534514,0.9582848528255726,-1.2039559588439213,1.1482646236743528,-1.293948841514191,0.8552085416820061,-1.5006916607593697,-1.7058375008425706,-1.4138215184844758,-0.42704448931996974,1.119316926181463,-0.38013279564832925,-1.099121541331245,-1.688106057196821,1.3455669070938063,-0.6583229012349219,1.7905672626680256
-0.4798133989727295,-1.043531051389811,-0.3953303860590191,-0.10088586949215483,-0.6839553558043268,-0.6016511789367406,1.6200376916668129,-0.22149600934760388,-0.3984613664937043,-0.42704448931996974,-0.1957658027028611,0.7356880398538787,0.2667576003595904,-0.3799607733819246,-0.420003543254714,0.401530280185839,-0.9854744126351627
-1.311457391592808,0.9582848528255726,2.0543294373775964,0.523689377091099,-0.16110379662444305,-1.1566453582200726,0.9416182672263385,-0.7558589462857919,-0.7656395764387065,0.47892839923734903,1.2837022672920038,0.7356880398538787,0.2667576003595904,1.7879983120014493,-1.302788768428974,-1.7181760826556827,-0.29146399380936555
0.10233739586132555,0.9582848528255726,-0.01955732576485839,1.694767964434698,-0.24824572315442367,1.2714541761445053,0.9416182672263385,-1.3199087130538791,-0.6757183821664611,0.47892839923734903,-0.3601511438134018,-1.4959536311505373,-1.099121541331245,-0.8221507284742838,0.46278168191954616,0.401530280185839,-0.9854744126351627
0.9339813884814042,-1.043531051389811,-0.8186696565169973,-1.0377487393670337,0.4488896890854214,1.3408284485549218,1.6200376916668129,0.015998629291591064,0.08111833629160477,-0.42704448931996974,-0.0313804615923204,-0.38013279564832925,-1.099121541331245,-0.3830315369589548,1.3455669070938063,-0.6583229012349219,-0.9854744126351627
-0.4798133989727295,0.9582848528255726,1.3788892530513839,0.21140175379947204,0.536031615615402,-0.25477981688465806,-1.2293238909831798,0.4316142469101816,0.6581126662051797,-0.42704448931996974,-0.6889218260344825,-0.38013279564832925,0.2667576003595904,1.3350606843894834,-0.420003543254714,-1.7181760826556827,-0.29146399380936555
0.10233739586132555,-1.043531051389811,-0.17176919828907541,-1.3500363626586607,-0.7710972823343074,1.3408284485549218,1.6200376916668129,-1.201161393734282,-0.7843731585787577,1.3849012877946678,-1.8396192138082668,-0.38013279564832925,-1.099121541331245,0.6656342245968839,0.46278168191954616,0.401530280185839,0.40254642501643156
1.4329677840534514,0.9582848528255726,0.6986924477087898,-0.10088586949215483,0.013180056435518213,0.9245828140924227,-0.2795366967665156,1.2925323119772625,1.538591026787583,1.3849012877946678,1.4480876084025445,0.7356880398538787,1.6326367420504257,0.8283846941794882,1.3455669070938063,1.4613834616065997,-0.29146399380936555
1.5161321833154593,-1.043531051389811,-0.6046217107798173,-1.5842520801273807,1.4074508809152082,0.9245828140924227,0.5345666125620538,0.16443277844108792,0.08861176914762522,0.47892839923734903,-1.3464631904766449,-0.38013279564832925,0.2667576003595904,0.23879808738967573,1.3455669070938063,0.401530280185839,0.40254642501643156
0.2686661943853413,0.9582848528255726,0.6035600273811542,0.3675455654452855,-0.6839553558043268,-1.1566453582200726,-0.9579561212069901,1.5300269506164574,0.7892477411855376,-0.42704448931996974,1.4480876084025445,0.7356880398538787,1.6326367420504257,0.4215085202229772,0.46278168191954616,1.4613834616065997,0.40254642501643156
1.2666389855294355,-1.043531051389811,-0.13847285117440283,-1.193892551012847,1.5817347339751695,1.3408284485549218,0.3988827276739589,-0.34024332866720136,-0.2485927093732952,-1.3330173778772887,-0.8533071671450232,-0.38013279564832925,-1.099121541331245,0.5950066623251875,1.3455669070938063,0.401530280185839,0.40254642501643156
1.2666389855294355,0.9582848528255726,-0.8757491087135784,-0.10088586949215483,-1.3810907680441717,0.5777114520403401,0.6702504974501486,-1.4386560323734767,-1.2114988313719235,-1.3330173778772887,0.2973902206287603,-1.4959536311505373,-1.099121541331245,-0.9096674904196467,1.3455669070938063,-0.6583229012349219,-0.9854744126351627
0.35183059364734914,-1.043531051389811,-0.4238701121573095,-0.4912453986066884,0.9717412482653051,-0.8097739961679902,0.9416182672263385,1.85658207874535,0.8042346068975786,1.3849012877946678,0.13300487951822032,0.7356880398538787,1.6326367420504257,-0.20339186770268353,0.46278168191954616,0.401530280185839,-0.9854744126351627
0.18550179512333342,-1.043531051389811,-0.5380290165504724,0.523689377091099,0.10032198296549884,1.2714541761445053,1.484353806778718,2.183137206874243,2.0556378938529942,1.3849012877946678,0.13300487951822032,1.8515088753560867,1.6326367420504257,-0.8236861102627987,0.46278168191954616,0.401530280185839,-0.9854744126351627
-0.7293065967587531,0.9582848528255726,0.7795550049872801,-0.4912453986066884,-1.293948841514191,0.5777114520403401,1.2129860370025283,0.1941196082709873,0.7555272933334456,-1.3330173778772887,-0.8533071671450232,0.7356880398538787,0.2667576003595904,1.2060886141542115,-0.420003543254714,1.4613834616065997,-0.29146399380936555
0.434994992909357,0.9582848528255726,0.9983595717408417,0.9140489062056325,-0.8582392088642881,-1.6422652650929883,0.6702504974501486,0.015998629291591064,-0.5783037550381952,-0.42704448931996974,0.7905462439603824,0.7356880398538787,0.2667576003595904,0.48138840997506765,0.46278168191954616,1.4613834616065997,0.40254642501643156
-1.7272793879028474,0.9582848528255726,2.1399486156724685,-0.6473892102525018,0.7103154686753632,-0.6710254513471571,0.6702504974501486,-0.933979925265188,-0.7843731585787577,-1.3330173778772887,0.13300487951822032,-0.38013279564832925,-1.099121541331245,2.962565380215529,-1.302788768428974,-1.7181760826556827,1.0965568438422286
-0.4798133989727295,-1.043531051389811,-0.9470984239593051,-0.4912453986066884,0.9717412482653051,-1.0178968133992397,1.3486699218906233,-0.013688200538308302,-0.360994202213602,-0.42704448931996974,-0.1957658027028611,-0.38013279564832925,-1.099121541331245,-0.8160092013202235,-0.420003543254714,-0.6583229012349219,-0.9854744126351627
0.5181593921713649,-1.043531051389811,-0.7806166883859429,-1.3500363626586607,1.233167027855247,-1.5728909926825718,-0.5509044665427054,1.2331586523174638,0.024917589871451366,-1.3330173778772887,0.13300487951822032,1.8515088753560867,1.6326367420504257,-0.1527242686816843,0.46278168191954616,-0.6583229012349219,-0.9854744126351627
1.10031018700542,-1.043531051389811,-0.366790659960728,-1.5842520801273807,0.7103154686753632,-0.32415408929507455,-1.2293238909831798,0.045685459121490433,-0.4059547993497247,-1.3330173778772887,-0.5245364849239426,0.7356880398538787,0.2667576003595904,0.5704405537089453,1.3455669070938063,0.401530280185839,0.40254642501643156
-0.4798133989727295,-1.043531051389811,-0.8186696565169973,-1.4281082684815674,-1.293948841514191,0.7858342692715896,0.1275149578977691,-0.5777379673063956,-0.3010467393654384,0.47892839923734903,-1.8396192138082668,-0.38013279564832925,-1.099121541331245,-0.1573304140472293,-0.420003543254714,-0.6583229012349219,-0.9854744126351627
1.682460981839475,0.9582848528255726,0.5655070592501001,-0.4131734927837817,0.8845993217353245,0.022717272757007998,1.2129860370025283,2.183137206874243,1.9319962517286569,-1.3330173778772887,1.4480876084025445,1.8515088753560867,1.6326367420504257,0.8990122564511847,1.3455669070938063,1.4613834616065997,-0.29146399380936555
0.6844881906953806,0.9582848528255726,0.01373902134981419,0.6017612829140057,-0.5968134292743462,-0.25477981688465806,-1.6363755456474647,0.31286692759058476,0.14855923199578885,0.47892839923734903,1.7768582906236259,-0.38013279564832925,-1.099121541331245,-0.306262447533198,0.46278168191954616,0.401530280185839,-0.9854744126351627
-1.311457391592808,-1.043531051389811,-1.5559459140561729,0.21140175379947204,-1.11966498845423,0.09209154516742452,-0.1438528118784207,-1.2902218832239802,-1.1552980849517702,1.3849012877946678,-0.8533071671450232,-0.38013279564832925,-1.099121541331245,-1.7571982376800022,-1.302788768428974,-0.6583229012349219,1.7905672626680256
-0.9787997945447767,-1.043531051389811,-0.4714363223211273,-1.5842520801273807,1.3203089543852276,-1.6422652650929883,-0.2795366967665156,-0.19180917951770451,-0.705692113590543,0.47892839923734903,-0.8533071671450232,0.7356880398538787,0.2667576003595904,0.4245792838000074,-1.302788768428974,0.401530280185839,0.40254642501643156
-1.1451285930687924,0.9582848528255726,0.13741116777574014,1.8509117760805114,0.013180056435518213,-1.6422652650929883,-0.4152205816546105,-1.73552433067247,-1.7247989820093246,0.47892839923734903,-0.5245364849239426,-0.38013279564832925,-1.099121541331245,-0.7515231662025874,-1.302788768428974,0.401530280185839,-0.9854744126351627
-0.3134846004487138,-1.043531051389811,0.2515700721689031,-0.6473892102525018,1.4074508809152082,1.4102027209653383,1.0773021521144335,0.0753722889513898,0.5532046062208934,-1.3330173778772887,-0.0313804615923204,0.7356880398538787,0.2667576003595904,0.6963418603671866,-0.420003543254714,0.401530280185839,0.40254642501643156
-0.7293065967587531,-1.043531051389811,-0.6188915738289624,-1.3500363626586607,-0.6839553558043268,-1.6422652650929883,-1.3650077758712749,0.13474594861118855,-0.45840882934186794,0.47892839923734903,-1.675233872697726,-0.38013279564832925,0.2667576003595904,0.06376456349895004,-0.420003543254714,0.401530280185839,0.40254642501643156
1.10031018700542,0.9582848528255726,-1.356167831368138,-0.022813963669248115,1.4074508809152082,-1.0178968133992397,1.0773021521144335,-0.963666755095087,-1.1552980849517702,-1.3330173778772887,1.119316926181463,-1.4959536311505373,-1.099121541331245,-1.4685464614391563,1.3455669070938063,-0.6583229012349219,1.7905672626680256
-1.7272793879028474,0.9582848528255726,0.4132951867258831,0.9140489062056325,0.8845993217353245,0.30021436239867405,0.5345666125620538,1.41127963129686,1.8945290874485547,-0.42704448931996974,1.4480876084025445,1.8515088753560867,1.6326367420504257,-0.07595517925592743,-1.302788768428974,1.4613834616065997,-0.9854744126351627
0.5181593921713649,0.9582848528255726,1.8926043228206164,-0.10088586949215483,0.8845993217353245,-1.0178968133992397,0.1275149578977691,-1.2605350533940807,-1.3950879363444246,0.47892839923734903,-0.5245364849239426,-1.4959536311505373,-1.099121541331245,2.145742268725476,0.46278168191954616,-1.7181760826556827,-0.29146399380936555
1.5161321833154593,-1.043531051389811,-1.3086016212043203,0.28947365962237875,-1.293948841514191,-0.9485225409888232,-0.2795366967665156,0.550361566229779,-0.22611241080523384,0.47892839923734903,-1.5108485315871856,-0.38013279564832925,0.2667576003595904,-1.523820205825701,1.3455669070938063,-0.6583229012349219,1.7905672626680256
0.35183059364734914,-1.043531051389811,-0.16701257727269392,-0.4912453986066884,-0.9453811353942687,0.5083371796299236,-0.5509044665427054,-0.7855457761156912,-0.8593074871389622,0.47892839923734903,-0.0313804615923204,-1.4959536311505373,-1.099121541331245,0.09754296284628342,0.46278168191954616,0.401530280185839,0.40254642501643156
-0.8124709960207609,-1.043531051389811,-0.8281828985497607,0.3675455654452855,0.9717412482653051,-1.4341424478617388,-0.1438528118784207,-1.7058375008425706,-1.8147201762815701,1.3849012877946678,-0.0313804615923204,-0.38013279564832925,-1.099121541331245,-1.0539933785400692,-1.302788768428974,-0.6583229012349219,1.7905672626680256
-1.5609505893788318,-1.043531051389811,0.10887144167744975,0.055257942153658604,-1.293948841514191,0.5777114520403401,0.1275149578977691,0.4019274170802822,0.5756849047889547,0.47892839923734903,-0.8533071671450232,0.7356880398538787,0.2667576003595904,0.08525990853816204,-1.302788768428974,0.401530280185839,0.40254642501643156
-0.6461421974967452,0.9582848528255726,-0.16225595625631173,2.0070555877263248,1.6688766605051502,-1.0178968133992397,-0.1438528118784207,-1.6167770113528728,-1.4925025634726905,1.3849012877946678,-0.1957658027028611,-1.4959536311505373,-1.099121541331245,-1.0585995239056147,-0.420003543254714,0.401530280185839,1.7905672626680256
0.019172996599317694,-1.043531051389811,-0.4904628063866547,-0.10088586949215483,-0.16110379662444305,-1.2953939030409058,-0.8222722363188952,1.85658207874535,1.0215441597221717,0.47892839923734903,0.13300487951822032,0.7356880398538787,1.6326367420504257,-0.48436673500095384,-0.420003543254714,0.401530280185839,-0.9854744126351627
-0.4798133989727295,-1.043531051389811,0.20876048302146683,-0.335101586960875,0.27460583602546007,-0.6016511789367406,-0.9579561212069901,0.10505911878128917,-0.11745763439293726,-0.42704448931996974,-1.3464631904766449,-0.38013279564832925,0.2667576003595904,0.43532695631961343,-0.420003543254714,0.401530280185839,0.40254642501643156
-1.0619641938067845,-1.043531051389811,-1.3942207994991924,-0.959676833544127,0.536031615615402,-0.5322769065263241,-0.1438528118784207,-0.5183643076465969,-0.6307577850303384,-1.3330173778772887,-1.017692508255564,-0.38013279564832925,-1.099121541331245,-1.152257813005038,-1.302788768428974,-0.6583229012349219,1.7905672626680256
0.434994992909357,-1.043531051389811,-0.6902408890746892,-1.5842520801273807,-0.24824572315442367,-0.5322769065263241,-0.8222722363188952,0.9659771838483702,0.24222714269604453,1.3849012877946678,0.13300487951822032,1.8515088753560867,1.6326367420504257,0.11903830788549488,0.46278168191954616,-0.6583229012349219,0.40254642501643156
1.2666389855294355,0.9582848528255726,1.9639536380663432,1.5386241527888844,0.7103154686753632,-0.6016511789367406,1.2129860370025283,-0.16212234968780515,-0.37598106792564295,-0.42704448931996974,-0.0313804615923204,0.7356880398538787,0.2667576003595904,0.9773167276654569,1.3455669070938063,-1.7181760826556827,-0.29146399380936555
1.2666389855294355,-1.043531051389811,-1.2277390639258303,-0.959676833544127,-0.7710972823343074,0.7858342692715896,-0.9579561212069901,-0.19180917951770451,-0.2710730079413566,-1.3330173778772887,-0.5245364849239426,0.7356880398538787,0.2667576003595904,-0.9419105079784642,1.3455669070938063,-0.6583229012349219,-0.9854744126351627
-0.06399140266269017,0.9582848528255726,-0.08139339897782137,0.3675455654452855,1.4945928074451889,-0.11603127206382503,1.3486699218906233,-0.39961698832699943,-0.10247076868089636,-1.3330173778772887,0.7905462439603824,-1.4959536311505373,-1.099121541331245,-0.28476710249398596,-0.420003543254714,0.401530280185839,-0.9854744126351627
0.2686661943853413,0.9582848528255726,0.703449068725172,1.6166960586117913,0.7103154686753632,0.9939570865028392,0.3988827276739589,1.2628454821473631,1.5423377432155934,1.3849012877946678,1.4480876084025445,0.7356880398538787,1.6326367420504257,-0.1650073229898051,0.46278168191954616,1.4613834616065997,-0.9854744126351627
-1.394621790854816,-1.043531051389811,-1.0897970544507585,-1.0377487393670337,1.4945928074451889,-0.32415408929507455,0.5345666125620538,0.045685459121490433,-0.07249703725681454,0.47892839923734903,-1.3464631904766449,-0.38013279564832925,0.2667576003595904,-0.7300278211633754,-1.302788768428974,-0.6583229012349219,-0.9854744126351627
0.8508169892193963,-1.043531051389811,-1.5036230828759731,-1.5842520801273807,-0.7710972823343074,-0.9485225409888232,1.0773021521144335,-0.4589906479867982,-0.9679622635512588,-0.42704448931996974,-0.6889218260344825,-0.38013279564832925,-1.099121541331245,-1.0171442156157062,0.46278168191954616,-0.6583229012349219,1.7905672626680256
1.4329677840534514,-1.043531051389811,-0.8519660036316695,-1.506180174304474,0.8845993217353245,-1.3647681754513223,0.5345666125620538,1.945642568235048,0.6131520690690571,-1.3330173778772887,0.13300487951822032,1.8515088753560867,1.6326367420504257,-0.1557950322587145,1.3455669070938063,-0.6583229012349219,-0.9854744126351627
0.434994992909357,-1.043531051389811,-1.4655701147449192,0.4456174712681922,-1.11966498845423,1.0633313589132556,0.263198842785864,0.6987957153792759,0.6131520690690571,0.47892839923734903,-0.0313804615923204,-0.38013279564832925,0.2667576003595904,-1.7341675108522752,0.46278168191954616,-0.6583229012349219,1.7905672626680256
0.10233739586132555,-1.043531051389811,-0.523759153501327,-1.506180174304474,1.4945928074451889,-0.04665699965340851,1.484353806778718,2.005016227894847,1.7896210274642683,-1.3330173778772887,0.13300487951822032,1.8515088753560867,1.6326367420504257,0.29714259535325077,0.46278168191954616,0.401530280185839,0.40254642501643156
-1.311457391592808,-1.043531051389811,-0.4333833541900732,-0.17895777531506155,0.6231735421453826,-1.2953939030409058,1.3486699218906233,-2.2105136079508596,-2.1856451026545827,-1.3330173778772887,-1.5108485315871856,-1.4959536311505373,-1.099121541331245,-0.38149615517043944,-1.302788768428974,0.401530280185839,-0.9854744126351627
-0.6461421974967452,-1.043531051389811,0.1802207569231764,-0.10088586949215483,0.8845993217353245,-0.4629026341159076,-1.3650077758712749,0.015998629291591064,-0.14743136581701907,-1.3330173778772887,-1.3464631904766449,0.7356880398538787,0.2667576003595904,0.25568728706334215,-0.420003543254714,0.401530280185839,0.40254642501643156
0.18550179512333342,0.9582848528255726,0.9745764666589328,-0.8035330218983135,-0.6839553558043268,-0.32415408929507455,-1.6363755456474647,-0.3699301584971007,-0.4696489786258986,-1.3330173778772887,0.7905462439603824,0.7356880398538787,0.2667576003595904,1.6974107864790557,0.46278168191954616,1.4613834616065997,-0.29146399380936555
0.10233739586132555,0.9582848528255726,1.5643974726902736,-0.5693173044295952,-1.555374621104133,1.2714541761445053,1.6200376916668129,0.1941196082709873,1.025290876150182,-0.42704448931996974,1.6124729495130852,0.7356880398538787,0.2667576003595904,2.19794524953499,0.46278168191954616,-1.7181760826556827,-0.29146399380936555
-0.14715580192469804,0.9582848528255726,0.674909342626881,-0.25702968113796826,0.27460583602546007,0.9939570865028392,0.9416182672263385,1.648774269936055,2.5127372980702423,-0.42704448931996974,1.4480876084025445,1.8515088753560867,1.6326367420504257,0.9112953107593055,-0.420003543254714,1.4613834616065997,-0.29146399380936555
-1.7272793879028474,-1.043531051389811,-0.04334043084676728,-1.3500363626586607,-0.6839553558043268,-1.2953939030409058,-0.8222722363188952,-1.2308482235641813,-1.4138215184844758,-1.3330173778772887,-1.017692508255564,-0.38013279564832925,-1.099121541331245,0.8375969849105794,-1.302788768428974,0.401530280185839,-0.29146399380936555
-0.8956353952827688,0.9582848528255726,0.5322107121354276,0.523689377091099,0.18746390949547947,-0.3935283617054911,-0.9579561212069901,0.28318009776068537,0.4595366955206377,-1.3330173778772887,-0.5245364849239426,0.7356880398538787,0.2667576003595904,0.25568728706334215,-1.302788768428974,1.4613834616065997,0.40254642501643156
0.8508169892193963,0.9582848528255726,-0.16225595625631173,1.3044084353201644,1.233167027855247,-1.1566453582200726,-1.5006916607593697,-1.6464638411827721,-1.7322924148653451,1.3849012877946678,-0.0313804615923204,-0.38013279564832925,-1.099121541331245,-0.7914430927039813,0.46278168191954616,0.401530280185839,-0.9854744126351627
-1.0619641938067845,0.9582848528255726,-0.8519660036316695,-0.335101586960875,0.18746390949547947,-1.0178968133992397,-1.093640006095085,-0.3699301584971007,-0.37598106792564295,1.3849012877946678,0.461775561739301,-0.38013279564832925,-1.099121541331245,-0.7791600383958599,-1.302788768428974,-0.6583229012349219,-0.9854744126351627
-0.14715580192469804,0.9582848528255726,0.07081847354639498,0.757905094559819,0.7974573952053439,-1.1566453582200726,-0.2795366967665156,-0.07306186019810704,-0.16241823152906,1.3849012877946678,0.9549315850709231,0.7356880398538787,0.2667576003595904,-0.3277577925724094,-0.420003543254714,0.401530280185839,-0.9854744126351627
1.4329677840534514,0.9582848528255726,0.7082056897415535,0.9921208120285392,-1.6425165476341137,0.022717272757007998,-0.4152205816546105,0.9362903540184708,0.8117280397535991,-1.3330173778772887,1.4480876084025445,0.7356880398538787,1.6326367420504257,0.1620289979639189,1.3455669070938063,1.4613834616065997,0.40254642501643156
0.35183059364734914,-1.043531051389811,-0.04334043084676728,0.6017612829140057,-1.555374621104133,1.5489512657861713,-1.6363755456474647,-1.3792823727136778,-1.170284950663811,-1.3330173778772887,-0.8533071671450232,-0.38013279564832925,-1.099121541331245,-0.36307157370825766,0.46278168191954616,0.401530280185839,-0.9854744126351627
-0.14715580192469804,-1.043531051389811,-0.9042888348118692,-1.193892551012847,-0.8582392088642881,0.4389629072195071,-0.008168926990325804,0.16443277844108792,0.29842788911619794,0.47892839923734903,-0.3601511438134018,-0.38013279564832925,-1.099121541331245,-0.407597645575197,-0.420003543254714,-0.6583229012349219,-0.9854744126351627
0.10233739586132555,0.9582848528255726,0.9507933615770239,1.6166960586117913,0.7103154686753632,0.9245828140924227,-0.2795366967665156,0.37224058725038284,1.0852383389983455,-1.3330173778772887,-1.017692508255564,-0.38013279564832925,-1.099121541331245,0.04994612740231383,0.46278168191954616,1.4613834616065997,0.40254642501643156
1.5992965825774672,-1.043531051389811,-0.5047326694357999,0.4456174712681922,-0.3353876496844043,0.7164599968611731,1.484353806778718,0.9659771838483702,0.7218068454813535,-0.42704448931996974,0.13300487951822032,0.7356880398538787,1.6326367420504257,-0.756129311568133,1.3455669070938063,0.401530280185839,-0.9854744126351627
-0.8124709960207609,0.9582848528255726,-0.26690161861671097,-0.17895777531506155,0.8845993217353245,0.4389629072195071,-0.2795366967665156,-1.468342862203376,-1.0316564428274326,-0.42704448931996974,0.461775561739301,-1.4959536311505373,-1.099121541331245,-0.19571495876010775,-1.302788768428974,0.401530280185839,-0.9854744126351627
1.1834745862674279,0.9582848528255726,0.5036709860371372,0.28947365962237875,-1.293948841514191,-0.4629026341159076,0.9416182672263385,1.2331586523174638,0.8641820697457422,-1.3330173778772887,1.4480876084025445,1.8515088753560867,1.6326367420504257,0.364699394047917,1.3455669070938063,1.4613834616065997,0.40254642501643156
-1.311457391592808,0.9582848528255726,0.4846445019716098,2.0851274935492317,-0.07396187009446241,-0.9485225409888232,1.2129860370025283,1.5894006102762563,1.4149493846632455,-1.3330173778772887,1.4480876084025445,0.7356880398538787,1.6326367420504257,-0.5596004426381953,-1.302788768428974,1.4613834616065997,-0.9854744126351627
-1.2282929923308004,-1.043531051389811,-0.28117148166585615,-1.271964456835754,-0.24824572315442367,-0.3935283617054911,0.5345666125620538,0.4909879065699803,0.2909344562601775,-0.42704448931996974,-0.8533071671450232,-0.38013279564832925,0.2667576003595904,0.4629638285128858,-1.302788768428974,0.401530280185839,0.40254642501643156
1.10031018700542,-1.043531051389811,-0.14322947219078502,-0.25702968113796826,-1.293948841514191,-0.6016511789367406,0.3988827276739589,0.31286692759058476,-0.28605987365339747,-0.42704448931996974,-0.6889218260344825,-0.38013279564832925,-1.099121541331245,-0.013004525926806803,1.3455669070938063,0.401530280185839,-0.9854744126351627
-0.2303202011867059,-1.043531051389811,-0.6474312999272532,-0.022813963669248115,-1.6425165476341137,-1.0872710858096561,-1.5006916607593697,1.1144113329978664,0.5269775912248218,0.47892839923734903,0.13300487951822032,1.8515088753560867,1.6326367420504257,-0.6947140400275272,-0.420003543254714,0.401530280185839,-0.9854744126351627
1.3498033847914435,-1.043531051389811,0.12789792574297645,0.055257942153658604,1.4074508809152082,0.9939570865028392,0.3988827276739589,-0.5183643076465969,-0.5033694264779907,1.3849012877946678,-0.0313804615923204,-0.38013279564832925,-1.099121541331245,0.10521987178885867,1.3455669070938063,0.401530280185839,0.40254642501643156
0.9339813884814042,0.9582848528255726,-0.1907956823546028,1.8509117760805114,-1.2068069149842107,-0.32415408929507455,0.8059343823382435,-0.84491943577549,-0.8817877857070235,0.47892839923734903,-1.017692508255564,-0.38013279564832925,-1.099121541331245,-1.0263565063467968,1.3455669070938063,0.401530280185839,1.7905672626680256
-1.311457391592808,0.9582848528255726,-0.7568335833040339,-0.10088586949215483,-0.07396187009446241,0.36958863480909054,-0.5509044665427054,-0.31055649883730196,0.14855923199578885,0.47892839923734903,1.2837022672920038,-0.38013279564832925,0.2667576003595904,-0.7791600383958599,-1.302788768428974,-0.6583229012349219,-0.9854744126351627
-1.4777861901168239,-1.043531051389811,-0.8900189717627239,0.4456174712681922,-0.5968134292743462,-0.3935283617054911,1.2129860370025283,-2.0917662886312622,-1.9570954005459587,-0.42704448931996974,-1.017692508255564,-1.4959536311505373,-1.099121541331245,-1.147651667639493,-1.302788768428974,-0.6583229012349219,1.7905672626680256
-0.8956353952827688,0.9582848528255726,2.606097475277883,1.0701927178514459,-0.5968134292743462,0.9939570865028392,1.2129860370025283,-0.5777379673063956,0.06987818700757409,0.47892839923734903,1.119316926181463,0.7356880398538787,0.2667576003595904,1.8893335100434479,-1.302788768428974,-1.7181760826556827,-0.29146399380936555
0.6013237914333728,0.9582848528255726,1.0031161927572239,0.757905094559819,-1.3810907680441717,-1.6422652650929883,0.9416182672263385,0.6394220557194772,-0.10996420153691681,-1.3330173778772887,0.9549315850709231,-0.38013279564832925,0.2667576003595904,0.5811882262285513,0.46278168191954616,1.4613834616065997,0.40254642501643156
-0.8124709960207609,-1.043531051389811,-0.08615001999420355,-1.3500363626586607,0.8845993217353245,-1.6422652650929883,0.8059343823382435,-0.16212234968780515,-0.6832118150224815,-1.3330173778772887,-0.3601511438134018,0.7356880398538787,0.2667576003595904,0.7807878587355193,-1.302788768428974,0.401530280185839,0.40254642501643156
-0.14715580192469804,-1.043531051389811,-0.11468974609249395,-0.6473892102525018,-1.555374621104133,-1.6422652650929883,1.484353806778718,-0.4293038181568988,-0.8855345021350338,-0.42704448931996974,-1.5108485315871856,-0.38013279564832925,0.2667576003595904,0.25568728706334215,-0.420003543254714,0.401530280185839,0.40254642501643156
-1.4777861901168239,0.9582848528255726,-0.31446782878052876,-0.8816049277212203,-1.6425165476341137,0.5777114520403401,1.6200376916668129,0.1941196082709873,0.7555272933334456,1.3849012877946678,-0.8533071671450232,-0.38013279564832925,0.2667576003595904,0.16049361617540406,-1.302788768428974,0.401530280185839,0.40254642501643156
1.5992965825774672,0.9582848528255726,0.047035368464486096,0.21140175379947204,1.1460251013252665,-0.4629026341159076,-0.5509044665427054,-0.4886774778166975,-0.6120242028902872,-0.42704448931996974,0.461775561739301,-1.4959536311505373,-1.099121541331245,-0.06827827031335164,1.3455669070938063,0.401530280185839,-0.9854744126351627
-0.8956353952827688,-1.043531051389811,-0.8376961405825243,-1.740395891773194,1.1460251013252665,-1.0872710858096561,-0.8222722363188952,2.0347030577247462,1.272574160398857,0.47892839923734903,0.13300487951822032,1.8515088753560867,1.6326367420504257,0.013096964477950786,-1.302788768428974,-0.6583229012349219,-0.9854744126351627
-0.4798133989727295,0.9582848528255726,1.5643974726902736,-0.959676833544127,0.27460583602546007,0.5777114520403401,1.6200376916668129,0.4316142469101816,1.0028105775821206,0.47892839923734903,1.119316926181463,0.7356880398538787,0.2667576003595904,2.5787199330867447,-0.420003543254714,-1.7181760826556827,1.0965568438422286
-0.9787997945447767,0.9582848528255726,1.559640851673892,1.0701927178514459,0.18746390949547947,-1.4341424478617388,-1.6363755456474647,0.253493267930786,0.017424157015430913,-1.3330173778772887,0.7905462439603824,-1.4959536311505373,-1.099121541331245,0.9143660743363362,-1.302788768428974,-1.7181760826556827,-0.29146399380936555
0.35183059364734914,-1.043531051389811,-1.5749723981216999,0.13332984797656533,0.6231735421453826,-0.04665699965340851,-1.5006916607593697,0.7284825452091752,0.2347337098400241,-0.42704448931996974,-0.6889218260344825,-0.38013279564832925,0.2667576003595904,-1.7541274741029718,0.46278168191954616,-0.6583229012349219,1.7905672626680256
1.1834745862674279,0.9582848528255726,-0.5998650897634354,-0.7254611160754085,-0.8582392088642881,-1.3647681754513223,1.6200376916668129,-2.1214531184611616,-2.14068450551846,-1.3330173778772887,1.2837022672920038,-0.38013279564832925,-1.099121541331245,-0.2832317207054706,1.3455669070938063,0.401530280185839,-0.9854744126351627
0.6844881906953806,0.9582848528255726,-0.35252079691158283,-0.10088586949215483,0.10032198296549884,1.7570740830174207,1.2129860370025283,0.4909879065699803,1.0702514732863047,-0.42704448931996974,0.461775561739301,-0.38013279564832925,-1.099121541331245,-0.332363937937955,0.46278168191954616,0.401530280185839,-0.9854744126351627
-0.14715580192469804,0.9582848528255726,0.12789792574297645,0.3675455654452855,0.013180056435518213,-1.0872710858096561,-0.6865883514308003,0.31286692759058476,0.20475997841594226,-0.42704448931996974,-0.8533071671450232,0.7356880398538787,0.2667576003595904,-0.06981365210186648,-0.420003543254714,0.401530280185839,-0.9854744126351627
1.4329677840534514,-1.043531051389811,-0.9851513920903595,-0.6473892102525018,-0.9453811353942687,0.7858342692715896,-1.2293238909831798,-0.4589906479867982,-0.5071161429060008,-1.3330173778772887,-0.5245364849239426,-0.38013279564832925,0.2667576003595904,-0.7883723291269504,1.3455669070938063,-0.6583229012349219,-0.9854744126351627
-1.5609505893788318,0.9582848528255726,0.4465915338405557,0.6017612829140057,-1.11966498845423,1.1327056313236723,1.484353806778718,-1.3792823727136778,-0.7768797257227372,1.3849012877946678,0.461775561739301,-1.4959536311505373,-1.099121541331245,0.12517983503955585,-1.302788768428974,1.4613834616065997,0.40254642501643156
-1.0619641938067845,0.9582848528255726,-1.0327176022541773,2.163199399372138,-0.5968134292743462,-0.7403997237575737,-1.093640006095085,-1.4980296920332754,-1.3239003242122305,-0.42704448931996974,-0.5245364849239426,-1.4959536311505373,-1.099121541331245,-1.8170781274320924,-1.302788768428974,-0.6583229012349219,1.7905672626680256
0.2686661943853413,-1.043531051389811,-1.0897970544507585,0.21140175379947204,-1.4682326945741524,1.2714541761445053,-1.5006916607593697,0.10505911878128917,0.1410657991397684,0.47892839923734903,-1.1820778493661046,-0.38013279564832925,0.2667576003595904,-1.2658760653551584,0.46278168191954616,-0.6583229012349219,1.7905672626680256
-0.39664899971072165,0.9582848528255726,0.09935819964468606,1.694767964434698,0.10032198296549884,-0.18540554447424154,1.3486699218906233,-0.22149600934760388,0.04739788843951273,0.47892839923734903,-0.3601511438134018,0.7356880398538787,0.2667576003595904,-0.7208155304322847,-0.420003543254714,0.401530280185839,-0.9854744126351627
1.1834745862674279,0.9582848528255726,1.4978047784609283,0.9140489062056325,-0.3353876496844043,-0.9485225409888232,-0.008168926990325804,-1.6761506710126717,-1.7173055491533042,-1.3330173778772887,0.461775561739301,-0.38013279564832925,-1.099121541331245,0.9573567644147597,1.3455669070938063,-1.7181760826556827,-0.29146399380936555
-1.394621790854816,-1.043531051389811,-1.5844856401544636,-1.271964456835754,1.0588831747952858,-1.5728909926825718,-0.6865883514308003,0.5800483960596784,-0.0949773358248759,-0.42704448931996974,-0.8533071671450232,0.7356880398538787,0.2667576003595904,-1.2658760653551584,-1.302788768428974,-0.6583229012349219,1.7905672626680256
-0.6461421974967452,-1.043531051389811,-0.5951084687470536,0.28947365962237875,0.7974573952053439,0.4389629072195071,0.6702504974501486,1.648774269936055,1.7071932660480433,1.3849012877946678,0.13300487951822032,0.7356880398538787,1.6326367420504257,-0.7806954201843752,-0.420003543254714,0.401530280185839,-0.9854744126351627
1.1834745862674279,0.9582848528255726,1.987736743148252,1.5386241527888844,1.1460251013252665,1.2020799037340888,-1.6363755456474647,0.31286692759058476,0.680592964773241,1.3849012877946678,-0.6889218260344825,0.7356880398538787,0.2667576003595904,0.9972766909161536,1.3455669070938063,-1.7181760826556827,-0.29146399380936555
0.18550179512333342,0.9582848528255726,0.032765505415340894,-0.8816049277212203,-1.7296584741640944,-0.5322769065263241,-1.5006916607593697,-0.5777379673063956,-0.705692113590543,0.47892839923734903,1.4480876084025445,0.7356880398538787,0.2667576003595904,0.5919358987481573,0.46278168191954616,0.401530280185839,0.40254642501643156
-0.5629777982347374,0.9582848528255726,0.7700417629545164,1.5386241527888844,1.6688766605051502,1.6876998106070042,0.6702504974501486,2.005016227894847,3.29954774795239,0.47892839923734903,1.4480876084025445,0.7356880398538787,1.6326367420504257,-0.06827827031335164,-0.420003543254714,1.4613834616065997,-0.9854744126351627
0.18550179512333342,-1.043531051389811,-0.11468974609249395,-0.6473892102525018,-1.293948841514191,0.23084008998825753,-1.093640006095085,0.4909879065699803,0.1373190827117582,-0.42704448931996974,-0.5245364849239426,-0.38013279564832925,0.2667576003595904,0.25568728706334215,0.46278168191954616,0.401530280185839,0.40254642501643156
-0.14715580192469804,0.9582848528255726,0.15643765184126754,0.757905094559819,1.0588831747952858,-1.5728909926825718,-1.6363755456474647,0.6987957153792759,0.3358950533963002,0.47892839923734903,0.2973902206287603,0.7356880398538787,0.2667576003595904,-0.24331179420407734,-0.420003543254714,0.401530280185839,-0.9854744126351627
-1.4777861901168239,-1.043531051389811,-1.0755271914016131,-0.10088586949215483,-0.5096715027443656,-0.8097739961679902,1.484353806778718,-0.5480511374764963,-0.7356658450146247,-0.42704448931996974,-0.6889218260344825,-0.38013279564832925,0.2667576003595904,-1.1307624679658261,-1.302788768428974,-0.6583229012349219,1.7905672626680256
0.2686661943853413,-1.043531051389811,-0.7663468253367977,-0.4131734927837817,1.0588831747952858,0.36958863480909054,-0.9579561212069901,-0.34024332866720136,-0.5183562921900315,1.3849012877946678,-0.3601511438134018,-1.4959536311505373,-1.099121541331245,-0.6425110592180125,0.46278168191954616,-0.6583229012349219,-0.9854744126351627
-0.39664899971072165,-1.043531051389811,0.028008884398959388,-1.193892551012847,-0.16110379662444305,0.9939570865028392,-1.3650077758712749,0.6394220557194772,0.9690901297300286,-1.3330173778772887,-0.3601511438134018,-0.38013279564832925,-1.099121541331245,0.8130308762943372,-0.420003543254714,0.401530280185839,-0.29146399380936555
-0.3134846004487138,0.9582848528255726,-0.5142459114685636,-0.7254611160754085,0.3617477625554407,1.1327056313236723,0.1275149578977691,0.4613010767400809,1.2688274439708467,-1.3330173778772887,1.7768582906236259,0.7356880398538787,0.2667576003595904,-0.17882575908644133,-0.420003543254714,0.401530280185839,-0.9854744126351627
0.019172996599317694,-1.043531051389811,-0.23836189251842058,-0.6473892102525018,-1.555374621104133,0.7164599968611731,-1.2293238909831798,0.22380643810088663,0.4557899790926275,-1.3330173778772887,-1.8396192138082668,-0.38013279564832925,0.2667576003595904,0.10829063536588943,-0.420003543254714,0.401530280185839,0.40254642501643156
0.5181593921713649,0.9582848528255726,0.5369673331518098,1.0701927178514459,0.536031615615402,-0.5322769065263241,0.5345666125620538,1.1440981628277658,0.7555272933334456,-0.42704448931996974,1.4480876084025445,1.8515088753560867,1.6326367420504257,-0.04064139812007922,0.46278168191954616,1.4613834616065997,-0.9854744126351627
-0.8124709960207609,0.9582848528255726,-0.714023994156598,-0.8816049277212203,1.5817347339751695,-1.5035167202721553,1.3486699218906233,-0.16212234968780515,-0.36474091864161223,1.3849012877946678,-1.017692508255564,-0.38013279564832925,0.2667576003595904,-0.3369700833035006,-1.302788768428974,-0.6583229012349219,-0.9854744126351627
-1.394621790854816,-1.043531051389811,-0.7282938572057436,-0.022813963669248115,-0.5968134292743462,-1.0872710858096561,0.1275149578977691,-0.7558589462857919,-0.9829491292632997,1.3849012877946678,-1.675233872697726,-0.38013279564832925,0.2667576003595904,-0.7822308019728901,-1.302788768428974,-0.6583229012349219,-0.9854744126351627
1.4329677840534514,-1.043531051389811,-1.356167831368138,0.055257942153658604,-1.293948841514191,-1.0178968133992397,1.484353806778718,-1.2605350533940807,-1.5749303248889155,0.47892839923734903,-0.0313804615923204,-0.38013279564832925,-1.099121541331245,-1.4946479518439135,1.3455669070938063,-0.6583229012349219,1.7905672626680256
-1.394621790854816,0.9582848528255726,0.5988034063647727,1.382480341143071,0.536031615615402,-1.0872710858096561,-0.5509044665427054,1.945642568235048,1.6584859524839104,0.47892839923734903,1.4480876084025445,1.8515088753560867,1.6326367420504257,-0.14197659616207828,-1.302788768428974,1.4613834616065997,-0.9854744126351627
-0.7293065967587531,0.9582848528255726,0.8461476992166254,2.0851274935492317,-0.7710972823343074,0.5777114520403401,-0.2795366967665156,0.3425537574204841,0.909142666881865,-0.42704448931996974,1.7768582906236259,-0.38013279564832925,0.2667576003595904,-0.26480713924328936,-0.420003543254714,1.4613834616065997,-0.9854744126351627
0.5181593921713649,0.9582848528255726,-1.0089344971722685,0.9921208120285392,0.536031615615402,1.2020799037340888,1.484353806778718,-0.16212234968780515,0.20101326198793204,0.47892839923734903,-0.1957658027028611,-0.38013279564832925,-1.099121541331245,-1.4577987889195503,0.46278168191954616,-0.6583229012349219,1.7905672626680256
0.8508169892193963,0.9582848528255726,1.5263445045592194,-0.6473892102525018,1.5817347339751695,0.7858342692715896,-0.4152205816546105,-0.16212234968780515,0.06987818700757409,-1.3330173778772887,0.7905462439603824,-0.38013279564832925,0.2667576003595904,2.2255821217282623,0.46278168191954616,-1.7181760826556827,-0.29146399380936555
1.3498033847914435,0.9582848528255726,0.6083166483975364,0.3675455654452855,-0.3353876496844043,0.9245828140924227,-0.1438528118784207,-0.7558589462857919,-0.4696489786258986,1.3849012877946678,0.2973902206287603,-0.38013279564832925,0.2667576003595904,0.42611466558852223,1.3455669070938063,1.4613834616065997,0.40254642501643156
0.6013237914333728,-1.043531051389811,0.06130523151363197,-1.506180174304474,-0.07396187009446241,0.5083371796299236,0.5345666125620538,0.13474594861118855,-0.07249703725681454,-0.42704448931996974,-0.8533071671450232,0.7356880398538787,0.2667576003595904,1.104753416112213,0.46278168191954616,0.401530280185839,-0.29146399380936555
-0.7293065967587531,-1.043531051389811,-0.5713253636651447,-1.5842520801273807,-0.16110379662444305,-0.3935283617054911,1.2129860370025283,1.5597137804463568,1.2201201304067137,-1.3330173778772887,0.13300487951822032,0.7356880398538787,1.6326367420504257,0.28485954104512995,-0.420003543254714,0.401530280185839,0.40254642501643156
0.5181593921713649,-1.043531051389811,-1.104066917499904,0.523689377091099,0.18746390949547947,-0.9485225409888232,-0.4152205816546105,-1.5277165218631747,-1.7585194298614166,-1.3330173778772887,-0.1957658027028611,-1.4959536311505373,-1.099121541331245,-1.3933127538019145,0.46278168191954616,-0.6583229012349219,1.7905672626680256
-1.1451285930687924,0.9582848528255726,0.37524221859482904,-0.8816049277212203,-0.8582392088642881,1.0633313589132556,0.1275149578977691,2.005016227894847,2.9436096872914184,-0.42704448931996974,1.4480876084025445,0.7356880398538787,1.6326367420504257,1.0187720359553656,-1.302788768428974,1.4613834616065997,-0.29146399380936555
-1.394621790854816,0.9582848528255726,1.3788892530513839,0.9140489062056325,-1.4682326945741524,0.6470857244507566,0.3988827276739589,-0.013688200538308302,0.5606980390769138,0.47892839923734903,0.13300487951822032,-0.38013279564832925,0.2667576003595904,0.8437385120646398,-1.302788768428974,-1.7181760826556827,-0.29146399380936555
1.2666389855294355,0.9582848528255726,-0.31446782878052876,-0.335101586960875,0.9717412482653051,1.4102027209653383,0.1275149578977691,-2.0917662886312622,-1.7098121162972837,1.3849012877946678,0.2973902206287603,-0.38013279564832925,-1.099121541331245,-0.16347194120129027,1.3455669070938063,0.401530280185839,-0.9854744126351627
-1.5609505893788318,0.9582848528255726,1.3027833167892757,1.4605522469659777,-0.07396187009446241,-0.04665699965340851,-0.5509044665427054,0.31286692759058476,0.628138934781098,-1.3330173778772887,0.13300487951822032,-0.38013279564832925,0.2667576003595904,0.4430038652621892,-1.302788768428974,-1.7181760826556827,0.40254642501643156
-1.4777861901168239,-1.043531051389811,-0.6474312999272532,-0.17895777531506155,-0.07396187009446241,-1.4341424478617388,-1.3650077758712749,2.1237635472144443,1.1601726675585502,0.47892839923734903,0.13300487951822032,1.8515088753560867,1.6326367420504257,-0.6210157141788005,-1.302788768428974,0.401530280185839,-0.9854744126351627
0.7676525899573885,-1.043531051389811,-0.21457878743651168,-0.959676833544127,0.9717412482653051,1.5489512657861713,-1.2293238909831798,0.253493267930786,0.36961550124839226,0.47892839923734903,-1.017692508255564,0.7356880398538787,0.2667576003595904,0.3355271400661292,0.46278168191954616,0.401530280185839,0.40254642501643156
-0.3134846004487138,-1.043531051389811,-0.3715472809771102,-0.8035330218983135,0.7974573952053439,0.9939570865028392,0.9416182672263385,-0.7558589462857919,-0.42094166506176567,-1.3330173778772887,-1.8396192138082668,0.7356880398538787,0.2667576003595904,0.040733836671223204,-0.420003543254714,0.401530280185839,0.40254642501643156
0.9339813884814042,-1.043531051389811,-0.18603906133822062,-0.022813963669248115,1.5817347339751695,-0.6016511789367406,0.5345666125620538,-0.04337503036820767,-0.559570172898144,0.47892839923734903,-1.017692508255564,0.7356880398538787,0.2667576003595904,-0.1911088133945627,1.3455669070938063,0.401530280185839,-0.9854744126351627
0.2686661943853413,-1.043531051389811,-1.4703267357613006,0.13332984797656533,-1.6425165476341137,-0.9485225409888232,1.2129860370025283,-0.6371116269661944,-1.102844054959627,0.47892839923734903,-1.675233872697726,-0.38013279564832925,-1.099121541331245,-1.643579985329882,0.46278168191954616,-0.6583229012349219,1.7905672626680256
1.3498033847914435,0.9582848528255726,2.606097475277883,-0.335101586960875,-0.16110379662444305,1.4795769933757548,-1.3650077758712749,-0.3699301584971007,0.07737161986359455,-1.3330173778772887,-0.0313804615923204,0.7356880398538787,0.2667576003595904,3.175983448819133,1.3455669070938063,-1.7181760826556827,1.0965568438422286
-0.06399140266269017,0.9582848528255726,0.8509043202330069,0.3675455654452855,-0.16110379662444305,-0.25477981688465806,1.6200376916668129,-1.3495955428837785,-1.0728703235355452,1.3849012877946678,1.2837022672920038,-1.4959536311505373,-1.099121541331245,0.67638189711649,-0.420003543254714,1.4613834616065997,0.40254642501643156
0.019172996599317694,-1.043531051389811,-0.6188915738289624,-0.5693173044295952,-1.555374621104133,1.6183255381965878,0.1275149578977691,-0.9933535849249865,-0.5033694264779907,-0.42704448931996974,-1.5108485315871856,-0.38013279564832925,-1.099121541331245,-0.39070844590153003,-0.420003543254714,0.401530280185839,-0.9854744126351627
0.8508169892193963,-1.043531051389811,-1.5987555032036087,-0.5693173044295952,0.7103154686753632,0.30021436239867405,1.6200376916668129,-0.6667984567960937,-0.8106001735748293,1.3849012877946678,-0.1957658027028611,-0.38013279564832925,0.2667576003595904,-1.552992459807489,0.46278168191954616,-0.6583229012349219,1.7905672626680256
-0.8956353952827688,-1.043531051389811,-0.10993312507611244,-0.4131734927837817,1.0588831747952858,-0.25477981688465806,0.1275149578977691,0.6097352258895777,0.44829654623660703,0.47892839923734903,-1.8396192138082668,0.7356880398538787,0.2667576003595904,0.11750292609698004,-1.302788768428974,0.401530280185839,0.40254642501643156
0.7676525899573885,-1.043531051389811,-0.10041988304334876,-0.6473892102525018,-0.07396187009446241,0.7164599968611731,-0.2795366967665156,0.6097352258895777,0.41082938195650476,1.3849012877946678,-1.1820778493661046,0.7356880398538787,0.2667576003595904,0.27257648673700857,0.46278168191954616,0.401530280185839,0.40254642501643156
1.10031018700542,0.9582848528255726,0.5655070592501001,0.757905094559819,-0.5096715027443656,0.7164599968611731,-0.6865883514308003,1.5597137804463568,1.703446549620033,1.3849012877946678,1.4480876084025445,0.7356880398538787,1.6326367420504257,0.1543520890213431,1.3455669070938063,1.4613834616065997,0.40254642501643156
0.5181593921713649,0.9582848528255726,0.7605285209217528,0.6798331887369123,-0.16110379662444305,0.6470857244507566,1.0773021521144335,1.322219141807162,1.4411763996593172,1.3849012877946678,1.4480876084025445,1.8515088753560867,1.6326367420504257,0.3908008844526746,0.46278168191954616,1.4613834616065997,0.40254642501643156
0.9339813884814042,-1.043531051389811,-0.12420298812525764,-0.335101586960875,0.6231735421453826,1.2020799037340888,1.0773021521144335,-0.2511828391775032,-0.20363211223717248,1.3849012877946678,-0.1957658027028611,-1.4959536311505373,-1.099121541331245,0.054552272767859414,1.3455669070938063,0.401530280185839,0.40254642501643156
-0.2303202011867059,-1.043531051389811,-1.2562787900241206,0.13332984797656533,1.4074508809152082,1.1327056313236723,-1.2293238909831798,0.7284825452091752,1.1152120704224275,-1.3330173778772887,-1.675233872697726,0.7356880398538787,0.2667576003595904,-1.4148080988411267,-0.420003543254714,-0.6583229012349219,1.7905672626680256
-0.9787997945447767,-1.043531051389811,-0.1955523033709843,0.28947365962237875,-0.7710972823343074,-1.5728909926825718,0.5345666125620538,-0.933979925265188,-1.2489659956520258,0.47892839923734903,-1.017692508255564,-0.38013279564832925,-1.099121541331245,-0.36307157370825766,-1.302788768428974,0.401530280185839,-0.9854744126351627
-0.3134846004487138,0.9582848528255726,0.5702636802664817,0.9921208120285392,0.4488896890854214,-0.6016511789367406,-0.9579561212069901,1.5597137804463568,1.5723114746396751,0.47892839923734903,1.4480876084025445,1.8515088753560867,1.6326367420504257,0.03152154594013258,-0.420003543254714,1.4613834616065997,0.40254642501643156
-0.06399140266269017,-1.043531051389811,-0.8234262775333792,-0.959676833544127,0.013180056435518213,-0.11603127206382503,-1.2293238909831798,-0.13243551985790578,-0.16241823152906,1.3849012877946678,-1.1820778493661046,0.7356880398538787,0.2667576003595904,-0.4321637541914392,-0.420003543254714,-0.6583229012349219,-0.9854744126351627
0.6013237914333728,0.9582848528255726,0.7177189317743172,-0.7254611160754085,-1.2068069149842107,0.16146581757784104,0.5345666125620538,-1.4980296920332754,-1.350127339208302,0.47892839923734903,1.4480876084025445,-1.4959536311505373,-1.099121541331245,1.3166361029273024,0.46278168191954616,1.4613834616065997,-0.29146399380936555
-0.06399140266269017,0.9582848528255726,-1.2705486530732661,0.13332984797656533,1.5817347339751695,1.6183255381965878,0.263198842785864,-0.6667984567960937,0.16354609770782977,0.47892839923734903,-0.0313804615923204,0.7356880398538787,0.2667576003595904,-1.4301619167262778,-0.420003543254714,-0.6583229012349219,1.7905672626680256
-0.6461421974967452,0.9582848528255726,0.2468134511525209,-0.10088586949215483,-0.24824572315442367,-1.5728909926825718,-0.4152205816546105,0.6987957153792759,0.3358950533963002,-0.42704448931996974,-0.1957658027028611,0.7356880398538787,0.2667576003595904,0.3293856129120688,-0.420003543254714,0.401530280185839,0.40254642501643156
1.5161321833154593,0.9582848528255726,0.40853856570950164,-0.25702968113796826,0.7103154686753632,0.7858342692715896,0.1275149578977691,-0.31055649883730196,-0.07624375368482476,0.47892839923734903,1.2837022672920038,0.7356880398538787,0.2667576003595904,0.6103604802103391,1.3455669070938063,1.4613834616065997,0.40254642501643156
0.7676525899573885,-1.043531051389811,-0.7996431724514702,-1.6623239859502874,0.4488896890854214,-1.2260196306304891,-1.3650077758712749,0.3425537574204841,-0.4696489786258986,-0.42704448931996974,-0.8533071671450232,0.7356880398538787,0.2667576003595904,0.016167728054980995,0.46278168191954616,-0.6583229012349219,0.40254642501643156
-0.2303202011867059,-1.043531051389811,-0.7758600673695614,-0.6473892102525018,-1.3810907680441717,0.9245828140924227,1.0773021521144335,-0.3699301584971007,-0.05751017154477363,0.47892839923734903,-1.3464631904766449,0.7356880398538787,0.2667576003595904,-0.5381050975989833,-0.420003543254714,-0.6583229012349219,-0.9854744126351627
1.5161321833154593,0.9582848528255726,0.4656180179060831,-0.5693173044295952,-0.6839553558043268,1.5489512657861713,0.6702504974501486,0.9362903540184708,1.4524165489433478,-0.42704448931996974,1.4480876084025445,0.7356880398538787,1.6326367420504257,0.894406111085639,1.3455669070938063,1.4613834616065997,-0.29146399380936555
-1.311457391592808,0.9582848528255726,1.5976938198049462,1.6166960586117913,-1.11966498845423,-0.32415408929507455,-0.9579561212069901,-0.31055649883730196,-0.08748390296885544,-0.42704448931996974,0.7905462439603824,0.7356880398538787,0.2667576003595904,0.6103604802103391,-1.302788768428974,-1.7181760826556827,0.40254642501643156
-0.39664899971072165,-1.043531051389811,-0.4333833541900732,0.4456174712681922,-0.9453811353942687,0.022717272757007998,0.263198842785864,0.22380643810088663,0.20850669484395248,1.3849012877946678,-1.3464631904766449,0.7356880398538787,0.2667576003595904,-0.6824309857194064,-0.420003543254714,0.401530280185839,-0.9854744126351627
-0.4798133989727295,-1.043531051389811,-0.7425637202548888,-1.506180174304474,0.013180056435518213,-1.2260196306304891,-1.6363755456474647,1.737834759425753,0.9615966968740082,0.47892839923734903,0.13300487951822032,1.8515088753560867,1.6326367420504257,-0.0037922351957156318,-0.420003543254714,-0.6583229012349219,-0.9854744126351627
0.35183059364734914,0.9582848528255726,-1.3038450001879385,-0.7254611160754085,-0.3353876496844043,-0.32415408929507455,0.3988827276739589,-0.22149600934760388,-0.3385139036455407,0.47892839923734903,-0.8533071671450232,-1.4959536311505373,-1.099121541331245,-1.1384393769084018,0.46278168191954616,-0.6583229012349219,1.7905672626680256
0.5181593921713649,-1.043531051389811,-0.4048436280917828,0.4456174712681922,0.013180056435518213,0.9939570865028392,0.5345666125620538,0.6097352258895777,0.5082440090847706,-1.3330173778772887,-0.5245364849239426,-0.38013279564832925,-1.099121541331245,-0.6532587317376186,0.46278168191954616,0.401530280185839,-0.9854744126351627
1.1834745862674279,0.9582848528255726,-1.0422308442869406,-0.17895777531506155,-0.4225295762143849,0.5777114520403401,1.3486699218906233,-0.31055649883730196,-0.13993793296099863,-0.42704448931996974,1.4480876084025445,-0.38013279564832925,0.2667576003595904,-1.061670287482645,1.3455669070938063,-0.6583229012349219,1.7905672626680256
-0.6461421974967452,-1.043531051389811,-0.5285157745177088,-0.8035330218983135,-1.0325230619242494,1.7570740830174207,1.6200376916668129,0.9066035241885715,1.5573246089276342,-0.42704448931996974,0.13300487951822032,0.7356880398538787,1.6326367420504257,-0.1527242686816843,-0.420003543254714,0.401530280185839,-0.9854744126351627
0.18550179512333342,-1.043531051389811,-0.4143568701245458,-1.193892551012847,-1.2068069149842107,-1.4341424478617388,-1.2293238909831798,-0.6371116269661944,-1.2227389806559543,-0.42704448931996974,-0.3601511438134018,0.7356880398538787,0.2667576003595904,0.23419194202413013,0.46278168191954616,0.401530280185839,0.40254642501643156
-1.2282929923308004,-1.043531051389811,-1.5036230828759731,0.21140175379947204,-0.5096715027443656,0.022717272757007998,-0.9579561212069901,-1.2605350533940807,-1.1403112192397293,0.47892839923734903,-0.5245364849239426,-0.38013279564832925,-1.099121541331245,-1.703459875081972,-1.302788768428974,-0.6583229012349219,1.7905672626680256
1.1834745862674279,-1.043531051389811,-0.9661249080248324,0.13332984797656533,-0.5968134292743462,0.8552085416820061,-1.093640006095085,0.3425537574204841,0.2234935605559934,0.47892839923734903,-1.3464631904766449,-0.38013279564832925,0.2667576003595904,-1.1061963593495838,1.3455669070938063,-0.6583229012349219,1.7905672626680256
-0.8124709960207609,-1.043531051389811,-0.2336052715020384,-0.022813963669248115,-0.7710972823343074,1.6876998106070042,-0.008168926990325804,-0.5183643076465969,0.017424157015430913,-1.3330173778772887,-1.5108485315871856,0.7356880398538787,0.2667576003595904,-0.24331179420407734,-1.302788768428974,0.401530280185839,-0.9854744126351627
-0.5629777982347374,0.9582848528255726,0.23730020911975722,-0.8035330218983135,1.3203089543852276,-1.2953939030409058,0.9416182672263385,0.0753722889513898,-0.08373718654084522,1.3849012877946678,0.7905462439603824,-0.38013279564832925,-1.099121541331245,0.7900001494666098,-0.420003543254714,0.401530280185839,-0.29146399380936555
0.6844881906953806,-1.043531051389811,-0.32398107081329247,0.21140175379947204,1.6688766605051502,0.16146581757784104,-0.8222722363188952,-0.3699301584971007,-0.6007840536062565,0.47892839923734903,-0.1957658027028611,-0.38013279564832925,0.2667576003595904,-0.45980062638471164,0.46278168191954616,0.401530280185839,-0.9854744126351627
-0.6461421974967452,-1.043531051389811,-0.33349431284605613,-0.4131734927837817,0.3617477625554407,-0.4629026341159076,1.2129860370025283,-0.6964852866259931,-0.7618928600106963,1.3849012877946678,-1.8396192138082668,0.7356880398538787,0.2667576003595904,-0.14197659616207828,-0.420003543254714,0.401530280185839,-0.9854744126351627
-1.394621790854816,-1.043531051389811,-1.3704376944172836,-0.022813963669248115,-1.2068069149842107,-0.8097739961679902,-1.093640006095085,0.6691088855493765,0.2796943069761468,-1.3330173778772887,-1.3464631904766449,0.7356880398538787,0.2667576003595904,-1.4839002793243077,-1.302788768428974,-0.6583229012349219,1.7905672626680256
1.017145787743412,-1.043531051389811,-0.4143568701245458,-0.959676833544127,-0.9453811353942687,-1.2953939030409058,-0.9579561212069901,0.6987957153792759,-0.24109927651727475,1.3849012877946678,-0.1957658027028611,0.7356880398538787,0.2667576003595904,0.08372452674964721,1.3455669070938063,0.401530280185839,0.40254642501643156
0.2686661943853413,-1.043531051389811,-1.161146369696485,-1.740395891773194,-0.5968134292743462,-0.8791482685784067,0.1275149578977691,-0.31055649883730196,-0.840573904998911,-0.42704448931996974,-1.8396192138082668,-0.38013279564832925,0.2667576003595904,-0.4505883356536205,0.46278168191954616,-0.6583229012349219,-0.9854744126351627
-1.4777861901168239,0.9582848528255726,0.9555499825934061,0.055257942153658604,0.536031615615402,0.16146581757784104,1.3486699218906233,-0.7558589462857919,-0.3722343514976327,-1.3330173778772887,1.6124729495130852,-1.4959536311505373,-1.099121541331245,0.9988120727046683,-1.302788768428974,1.4613834616065997,-0.29146399380936555
0.434994992909357,0.9582848528255726,-0.4000870070754006,0.6017612829140057,1.0588831747952858,-0.32415408929507455,0.8059343823382435,-1.557403351693074,-1.499995996328711,-0.42704448931996974,0.13300487951822032,-1.4959536311505373,-1.099121541331245,-0.7192801486437694,0.46278168191954616,0.401530280185839,-0.9854744126351627
-0.9787997945447767,0.9582848528255726,0.14692440980850383,-0.17895777531506155,1.4074508809152082,0.4389629072195071,-0.8222722363188952,-0.8746062656053893,-0.4134482322057452,-0.42704448931996974,-0.8533071671450232,-0.38013279564832925,-1.099121541331245,0.26643495958294816,-1.302788768428974,0.401530280185839,0.40254642501643156
0.6013237914333728,-1.043531051389811,-0.7425637202548888,-1.506180174304474,1.4074508809152082,-0.25477981688465806,-0.008168926990325804,1.7081479295958537,0.9391163983059467,-1.3330173778772887,0.13300487951822032,0.7356880398538787,1.6326367420504257,-0.0037922351957156318,0.46278168191954616,-0.6583229012349219,-0.9854744126351627
-1.1451285930687924,-1.043531051389811,-0.7568335833040339,-1.1158206451899404,0.7103154686753632,0.09209154516742452,-1.3650077758712749,0.31286692759058476,0.31341475482823883,1.3849012877946678,-0.6889218260344825,-0.38013279564832925,0.2667576003595904,-0.26020099387774376,-1.302788768428974,-0.6583229012349219,-0.9854744126351627
0.35183059364734914,-1.043531051389811,-0.23836189251842058,-1.5842520801273807,-0.5968134292743462,-0.4629026341159076,0.8059343823382435,0.4909879065699803,-0.10247076868089636,1.3849012877946678,-0.0313804615923204,0.7356880398538787,0.2667576003595904,0.7500802229652166,0.46278168191954616,0.401530280185839,0.40254642501643156
0.6013237914333728,-1.043531051389811,-0.6997541311074529,-0.17895777531506155,0.013180056435518213,0.7858342692715896,-1.2293238909831798,0.787856204868974,0.5906717705009956,0.47892839923734903,0.13300487951822032,0.7356880398538787,1.6326367420504257,-0.6793602221423761,0.46278168191954616,-0.6583229012349219,-0.9854744126351627
-0.39664899971072165,0.9582848528255726,1.98298012213187,0.6798331887369123,0.10032198296549884,1.6183255381965878,0.6702504974501486,0.31286692759058476,1.2988011753949285,1.3849012877946678,-0.6889218260344825,-1.4959536311505373,-1.099121541331245,1.5945402066485412,-0.420003543254714,-1.7181760826556827,-0.29146399380936555
-0.9787997945447767,0.9582848528255726,0.7082056897415535,2.0070555877263248,-1.6425165476341137,0.6470857244507566,-1.2293238909831798,1.6190874401061557,2.295427745245649,-1.3330173778772887,1.4480876084025445,0.7356880398538787,1.6326367420504257,-0.343111610457561,-1.302788768428974,1.4613834616065997,-0.9854744126351627
-0.3134846004487138,0.9582848528255726,-0.4714363223211273,0.13332984797656533,1.5817347339751695,-0.04665699965340851,1.2129860370025283,-0.6667984567960937,-0.3460073365015611,-0.42704448931996974,0.13300487951822032,0.7356880398538787,0.2667576003595904,-0.5780250241003771,-0.420003543254714,0.401530280185839,-0.9854744126351627
-1.7272793879028474,0.9582848528255726,0.4561047758733194,1.8509117760805114,0.27460583602546007,0.4389629072195071,0.6702504974501486,1.7081479295958537,2.276694163105598,-0.42704448931996974,1.4480876084025445,0.7356880398538787,1.6326367420504257,-0.4828313532124385,-1.302788768428974,1.4613834616065997,-0.9854744126351627
-1.7272793879028474,-1.043531051389811,-0.3192244497969103,-1.193892551012847,1.1460251013252665,-1.1566453582200726,0.1275149578977691,-0.5480511374764963,-0.8368271885709009,-1.3330173778772887,-0.6889218260344825,-0.38013279564832925,0.2667576003595904,0.3585578668938566,-1.302788768428974,0.401530280185839,0.40254642501643156
-0.06399140266269017,-1.043531051389811,-1.1373632646145762,-1.6623239859502874,-0.07396187009446241,0.09209154516742452,0.3988827276739589,-0.013688200538308302,0.013677440587420686,-0.42704448931996974,-0.1957658027028611,-0.38013279564832925,-1.099121541331245,-0.46133600817322645,-0.420003543254714,-0.6583229012349219,-0.9854744126351627
-0.2303202011867059,0.9582848528255726,0.6844225846596446,-0.10088586949215483,0.4488896890854214,1.1327056313236723,1.484353806778718,1.8268952489154513,2.7862475973149885,-0.42704448931996974,1.4480876084025445,1.8515088753560867,1.6326367420504257,0.8114954945058218,-0.420003543254714,1.4613834616065997,-0.29146399380936555
1.4329677840534514,0.9582848528255726,1.6262335459032364,0.055257942153658604,0.4488896890854214,-1.2260196306304891,-1.6363755456474647,-0.4886774778166975,-0.8330804721428906,1.3849012877946678,0.2973902206287603,-0.38013279564832925,0.2667576003595904,1.7219768950952985,1.3455669070938063,-1.7181760826556827,-0.29146399380936555
1.1834745862674279,-1.043531051389811,-1.0089344971722685,-1.193892551012847,-0.7710972823343074,0.36958863480909054,1.2129860370025283,0.253493267930786,-0.01629629083666113,-0.42704448931996974,-0.6889218260344825,-0.38013279564832925,0.2667576003595904,-0.5442466247530438,1.3455669070938063,-0.6583229012349219,-0.9854744126351627
-1.394621790854816,0.9582848528255726,1.60720706183771,0.13332984797656533,1.3203089543852276,-0.3935283617054911,0.1275149578977691,0.253493267930786,0.42956296409655587,0.47892839923734903,-0.6889218260344825,-1.4959536311505373,-1.099121541331245,1.6375308967269653,-1.302788768428974,-1.7181760826556827,-0.29146399380936555
1.3498033847914435,0.9582848528255726,2.67744679052361,0.055257942153658604,0.6231735421453826,0.7858342692715896,-0.2795366967665156,-1.6761506710126717,-1.398834652772435,1.3849012877946678,0.7905462439603824,-0.38013279564832925,-1.099121541331245,2.8550886550194687,1.3455669070938063,-1.7181760826556827,1.0965568438422286
1.10031018700542,0.9582848528255726,0.5655070592501001,0.6017612829140057,0.8845993217353245,-0.5322769065263241,0.5345666125620538,1.322219141807162,0.9053959504538547,0.47892839923734903,1.4480876084025445,1.8515088753560867,1.6326367420504257,0.2434042327552213,1.3455669070938063,1.4613834616065997,0.40254642501643156
1.682460981839475,-1.043531051389811,-0.6284048158617261,0.28947365962237875,1.233167027855247,-1.6422652650929883,-1.2293238909831798,1.3815928014669607,0.0998519184316559,-1.3330173778772887,0.13300487951822032,1.8515088753560867,1.6326367420504257,-0.814473819531708,1.3455669070938063,0.401530280185839,-0.9854744126351627
1.2666389855294355,-1.043531051389811,-0.06236691491229466,0.4456174712681922,-1.4682326945741524,0.36958863480909054,1.3486699218906233,0.045685459121490433,-0.18864524652513157,-1.3330173778772887,-1.3464631904766449,-1.4959536311505373,-1.099121541331245,-0.30472706574468256,1.3455669070938063,0.401530280185839,-0.9854744126351627
-1.394621790854816,-1.043531051389811,-0.5618121216323814,-1.5842520801273807,-0.9453811353942687,1.5489512657861713,-0.1438528118784207,1.7081479295958537,2.31041461095769,1.3849012877946678,0.13300487951822032,1.8515088753560867,1.6326367420504257,0.29867797714176614,-1.302788768428974,0.401530280185839,0.40254642501643156
1.1834745862674279,-1.043531051389811,-0.4381399752064547,-1.3500363626586607,1.233167027855247,-0.32415408929507455,-0.008168926990325804,1.5300269506164574,0.7667674426174763,-0.42704448931996974,0.13300487951822032,0.7356880398538787,1.6326367420504257,0.3078902678728568,1.3455669070938063,0.401530280185839,0.40254642501643156
0.5181593921713649,-1.043531051389811,-0.11468974609249395,-0.335101586960875,-0.6839553558043268,0.022717272757007998,0.1275149578977691,0.3425537574204841,-0.0537634551167634,0.47892839923734903,-1.675233872697726,-0.38013279564832925,-1.099121541331245,0.06529994528746541,0.46278168191954616,0.401530280185839,0.40254642501643156
-1.2282929923308004,-1.043531051389811,-0.6426746789108714,0.523689377091099,-0.8582392088642881,1.4795769933757548,0.1275149578977691,2.1237635472144443,2.707566552326774,-1.3330173778772887,0.13300487951822032,0.7356880398538787,1.6326367420504257,-0.928092071881828,-1.302788768428974,0.401530280185839,-0.9854744126351627
-0.8956353952827688,-1.043531051389811,-0.3001979657313836,-0.4131734927837817,-0.7710972823343074,0.9245828140924227,1.6200376916668129,-1.9136453096518662,-1.5861704741729463,0.47892839923734903,-0.5245364849239426,-0.38013279564832925,-1.099121541331245,-0.10359205144919985,-1.302788768428974,0.401530280185839,-0.9854744126351627
1.4329677840534514,0.9582848528255726,2.4681554658028113,0.6017612829140057,0.7974573952053439,-0.8791482685784067,1.484353806778718,0.015998629291591064,-0.3197803215054895,0.47892839923734903,0.13300487951822032,0.7356880398538787,0.2667576003595904,2.1380653597828996,1.3455669070938063,-1.7181760826556827,-0.29146399380936555
-1.4777861901168239,0.9582848528255726,1.3265664218711846,1.7728398702576047,-0.7710972823343074,-0.8791482685784067,0.9416182672263385,-0.84491943577549,-0.7618928600106963,1.3849012877946678,0.7905462439603824,-0.38013279564832925,-1.099121541331245,0.28946568641067555,-1.302788768428974,-1.7181760826556827,0.40254642501643156
-1.7272793879028474,0.9582848528255726,-0.5522988795996177,0.9921208120285392,-1.6425165476341137,-1.5728909926825718,-1.2293238909831798,-1.112100904244584,-1.185271816375852,0.47892839923734903,0.6261609028498417,-0.38013279564832925,-1.099121541331245,-1.0263565063467968,-1.302788768428974,0.401530280185839,1.7905672626680256
0.019172996599317694,0.9582848528255726,-0.5522988795996177,-0.6473892102525018,1.3203089543852276,-1.1566453582200726,-1.093640006095085,-0.84491943577549,-0.840573904998911,-1.3330173778772887,0.9549315850709231,-0.38013279564832925,-1.099121541331245,-0.26941328460883435,-0.420003543254714,0.401530280185839,-0.9854744126351627
-0.14715580192469804,-1.043531051389811,-0.9803947710739777,-0.10088586949215483,0.3617477625554407,0.8552085416820061,-1.6363755456474647,-0.3699301584971007,-0.07999047011283499,1.3849012877946678,-1.5108485315871856,0.7356880398538787,0.2667576003595904,-1.024821124558282,-0.420003543254714,-0.6583229012349219,1.7905672626680256
0.019172996599317694,0.9582848528255726,1.621476924886855,1.2263365294972577,-1.555374621104133,1.1327056313236723,-0.4152205816546105,-1.5870901815229734,-1.0054294278313611,0.47892839923734903,1.6124729495130852,-1.4959536311505373,-1.099121541331245,0.8698400024693969,-0.420003543254714,-1.7181760826556827,-0.29146399380936555
0.18550179512333342,-1.043531051389811,-0.4857061853702728,-1.0377487393670337,-1.555374621104133,0.6470857244507566,-0.9579561212069901,1.737834759425753,1.3662420710991126,-0.42704448931996974,0.13300487951822032,1.8515088753560867,1.6326367420504257,0.04226921845973804,0.46278168191954616,0.401530280185839,0.40254642501643156
-0.39664899971072165,0.9582848528255726,0.6844225846596446,-0.6473892102525018,1.4945928074451889,0.23084008998825753,1.0773021521144335,1.9159557384051487,2.374108790233864,1.3849012877946678,1.4480876084025445,0.7356880398538787,1.6326367420504257,1.2153009048853027,-0.420003543254714,1.4613834616065997,-0.29146399380936555
1.10031018700542,0.9582848528255726,0.5322107121354276,0.9921208120285392,0.7974573952053439,0.5777114520403401,-1.6363755456474647,-0.19180917951770451,-0.027536440120691813,-1.3330173778772887,0.9549315850709231,-1.4959536311505373,-1.099121541331245,-0.0037922351957156318,1.3455669070938063,1.4613834616065997,-0.9854744126351627
-0.7293065967587531,0.9582848528255726,2.2826472461639216,2.163199399372138,-0.07396187009446241,1.1327056313236723,-0.2795366967665156,-0.04337503036820767,0.7068199797693127,-1.3330173778772887,1.119316926181463,0.7356880398538787,0.2667576003595904,0.8590923299497909,-0.420003543254714,-1.7181760826556827,-0.29146399380936555
-1.7272793879028474,-1.043531051389811,-0.6046217107798173,0.523689377091099,0.9717412482653051,-1.2260196306304891,0.9416182672263385,-0.4293038181568988,-0.7618928600106963,-1.3330173778772887,-0.8533071671450232,-1.4959536311505373,-1.099121541331245,-0.8897075271689495,-1.302788768428974,0.401530280185839,-0.9854744126351627
0.9339813884814042,-1.043531051389811,-0.7235372361893617,0.523689377091099,-1.3810907680441717,-0.8791482685784067,-0.8222722363188952,1.0253508435081689,0.15230594842379908,-0.42704448931996974,0.13300487951822032,0.7356880398538787,1.6326367420504257,-1.0094673066731303,1.3455669070938063,-0.6583229012349219,1.7905672626680256
-0.8956353952827688,-1.043531051389811,-0.5047326694357999,-0.8035330218983135,1.4074508809152082,0.23084008998825753,-0.9579561212069901,-1.7058375008425706,-1.5074894291847314,0.47892839923734903,-1.1820778493661046,-1.4959536311505373,-1.099121541331245,-0.12201663291138111,-1.302788768428974,0.401530280185839,-0.9854744126351627
0.6013237914333728,-1.043531051389811,-1.2229824429094485,-0.022813963669248115,-0.7710972823343074,0.23084008998825753,-0.6865883514308003,0.4613010767400809,0.11483878414369682,-1.3330173778772887,-1.017692508255564,-0.38013279564832925,-1.099121541331245,-1.3226851915302182,0.46278168191954616,-0.6583229012349219,1.7905672626680256
0.434994992909357,-1.043531051389811,0.19449061997232162,0.523689377091099,1.5817347339751695,1.4795769933757548,-1.2293238909831798,0.4613010767400809,0.5419644569368627,-0.42704448931996974,-0.6889218260344825,-0.38013279564832925,-1.099121541331245,-0.08516746998701806,0.46278168191954616,0.401530280185839,-0.9854744126351627
1.017145787743412,-1.043531051389811,0.17546413590679424,-1.1158206451899404,-0.7710972823343074,1.6876998106070042,0.8059343823382435,-0.84491943577549,-0.6345045014583486,-1.3330173778772887,-1.017692508255564,-1.4959536311505373,-1.099121541331245,0.9450737101066389,1.3455669070938063,0.401530280185839,-0.29146399380936555
0.18550179512333342,-1.043531051389811,-0.8852623507463421,-1.3500363626586607,-0.4225295762143849,1.7570740830174207,0.3988827276739589,0.5800483960596784,0.7517805769054354,0.47892839923734903,-1.017692508255564,0.7356880398538787,0.2667576003595904,-0.2939793932250766,0.46278168191954616,-0.6583229012349219,-0.9854744126351627
-1.5609505893788318,-1.043531051389811,0.10411482066106756,0.4456174712681922,1.4945928074451889,-0.7403997237575737,-1.2293238909831798,0.4909879065699803,0.15605266485180933,-0.42704448931996974,-1.017692508255564,0.7356880398538787,0.2667576003595904,-0.1358350690080173,-1.302788768428974,0.401530280185839,-0.9854744126351627
-0.39664899971072165,0.9582848528255726,-0.366790659960728,-0.8035330218983135,1.6688766605051502,1.4102027209653383,-0.8222722363188952,-1.3199087130538791,-0.641997934314369,1.3849012877946678,-0.6889218260344825,-1.4959536311505373,-1.099121541331245,0.04687536382528362,-0.420003543254714,0.401530280185839,0.40254642501643156
-0.2303202011867059,0.9582848528255726,2.3825362875079397,-0.25702968113796826,0.4488896890854214,-0.3935283617054911,1.484353806778718,0.13474594861118855,0.31716147125624905,-1.3330173778772887,-0.8533071671450232,0.7356880398538787,0.2667576003595904,2.841270218922833,-0.420003543254714,-1.7181760826556827,1.0965568438422286
1.10031018700542,0.9582848528255726,-0.38581714402625544,0.13332984797656533,0.9717412482653051,-0.3935283617054911,1.0773021521144335,0.6691088855493765,0.40708266552849454,0.47892839923734903,0.2973902206287603,0.7356880398538787,0.2667576003595904,-0.4874374985779841,1.3455669070938063,0.401530280185839,-0.9854744126351627
1.5992965825774672,-1.043531051389811,0.05654861049724979,-0.25702968113796826,-0.4225295762143849,1.2714541761445053,-1.2293238909831798,0.0753722889513898,0.11483878414369682,0.47892839923734903,-0.5245364849239426,0.7356880398538787,0.2667576003595904,0.2126965969849187,1.3455669070938063,0.401530280185839,0.40254642501643156
-1.394621790854816,-1.043531051389811,0.2420568301361394,-1.5842520801273807,-0.5968134292743462,1.5489512657861713,1.6200376916668129,0.5800483960596784,1.1301989361344684,0.47892839923734903,-0.5245364849239426,-0.38013279564832925,0.2667576003595904,1.4210420645463315,-1.302788768428974,0.401530280185839,-0.29146399380936555
-0.14715580192469804,0.9582848528255726,1.4216988421988201,1.3044084353201644,-0.4225295762143849,1.6876998106070042,-0.6865883514308003,-2.1214531184611616,-1.5112361456127417,-1.3330173778772887,0.7905462439603824,-1.4959536311505373,-1.099121541331245,0.6395327341921263,-0.420003543254714,-1.7181760826556827,0.40254642501643156
-1.2282929923308004,0.9582848528255726,0.6939358266924083,0.523689377091099,-0.24824572315442367,0.7164599968611731,0.3988827276739589,1.500340120786558,2.2055065509734035,-0.42704448931996974,1.4480876084025445,0.7356880398538787,1.6326367420504257,0.418437756645947,-1.302788768428974,1.4613834616065997,0.40254642501643156
1.2666389855294355,0.9582848528255726,-0.9042888348118692,0.28947365962237875,-1.7296584741640944,-0.4629026341159076,-0.8222722363188952,0.0753722889513898,-0.12869778367696794,-1.3330173778772887,1.119316926181463,0.7356880398538787,0.2667576003595904,-1.1015902139840388,1.3455669070938063,-0.6583229012349219,1.7905672626680256
0.35183059364734914,-1.043531051389811,-0.9756381500575958,-1.0377487393670337,0.6231735421453826,-0.5322769065263241,1.3486699218906233,-1.2902218832239802,-1.499995996328711,0.47892839923734903,-0.1957658027028611,-1.4959536311505373,-1.099121541331245,-0.5841665512544375,0.46278168191954616,-0.6583229012349219,-0.9854744126351627
-0.8956353952827688,0.9582848528255726,0.6320997534794454,0.4456174712681922,-1.3810907680441717,-0.6710254513471571,0.8059343823382435,0.10505911878128917,0.1822796798478809,-0.42704448931996974,1.7768582906236259,0.7356880398538787,0.2667576003595904,0.4030839387607954,-1.302788768428974,1.4613834616065997,0.40254642501643156
-0.6461421974967452,-1.043531051389811,-0.9661249080248324,-0.6473892102525018,0.27460583602546007,-0.18540554447424154,1.0773021521144335,-2.0323926289714636,-1.8746676391297337,0.47892839923734903,-0.3601511438134018,-0.38013279564832925,-1.099121541331245,-0.7653416022992237,-0.420003543254714,-0.6583229012349219,-0.9854744126351627
-0.4798133989727295,0.9582848528255726,0.3895120816439742,2.0851274935492317,0.3617477625554407,-0.4629026341159076,-1.5006916607593697,0.9956640136782695,1.107718637566407,0.47892839923734903,1.4480876084025445,0.7356880398538787,1.6326367420504257,-0.6363695320639522,-0.420003543254714,1.4613834616065997,-0.9854744126351627
-0.9787997945447767,0.9582848528255726,0.7462586578726076,-0.6473892102525018,1.0588831747952858,1.2714541761445053,0.263198842785864,1.6784610997659544,2.696326403042743,-0.42704448931996974,1.4480876084025445,0.7356880398538787,1.6326367420504257,1.2889992307340299,-1.302788768428974,1.4613834616065997,-0.29146399380936555
1.682460981839475,-1.043531051389811,-0.38581714402625544,-1.5842520801273807,-1.6425165476341137,1.2714541761445053,-0.1438528118784207,0.4316142469101816,0.4445498298085968,1.3849012877946678,-0.8533071671450232,-0.38013279564832925,0.2667576003595904,0.5443390633041882,1.3455669070938063,0.401530280185839,0.40254642501643156
0.5181593921713649,-1.043531051389811,-0.7330504782221251,-0.17895777531506155,-1.0325230619242494,1.1327056313236723,-1.2293238909831798,-0.9042930954352887,-0.8180936064308497,1.3849012877946678,-1.017692508255564,-0.38013279564832925,-1.099121541331245,-0.7162093850667393,0.46278168191954616,-0.6583229012349219,-0.9854744126351627
0.35183059364734914,0.9582848528255726,1.3788892530513839,-0.022813963669248115,0.8845993217353245,0.23084008998825753,-0.5509044665427054,-1.2902218832239802,-1.1440579356677394,0.47892839923734903,-1.017692508255564,-1.4959536311505373,-1.099121541331245,1.5162357354342697,0.46278168191954616,-1.7181760826556827,-0.29146399380936555
0.434994992909357,-1.043531051389811,-0.6284048158617261,-0.5693173044295952,-0.3353876496844043,1.7570740830174207,-1.093640006095085,0.045685459121490433,0.2384804262680343,-0.42704448931996974,-0.8533071671450232,0.7356880398538787,0.2667576003595904,-0.40145611842113604,0.46278168191954616,0.401530280185839,-0.9854744126351627
0.18550179512333342,0.9582848528255726,0.437078291807792,-0.4912453986066884,-0.24824572315442367,-0.32415408929507455,1.6200376916668129,2.1237635472144443,1.6959531167640127,-0.42704448931996974,1.4480876084025445,1.8515088753560867,1.6326367420504257,0.8053539673517615,0.46278168191954616,1.4613834616065997,-0.29146399380936555
0.019172996599317694,-1.043531051389811,-0.4428965962228369,-0.25702968113796826,0.8845993217353245,0.30021436239867405,-0.5509044665427054,-0.013688200538308302,0.084865052719615,-0.42704448931996974,-1.1820778493661046,0.7356880398538787,0.2667576003595904,-0.35232390118865164,-0.420003543254714,0.401530280185839,-0.9854744126351627
-0.5629777982347374,0.9582848528255726,-0.2526317555675658,1.5386241527888844,-1.0325230619242494,1.4795769933757548,-1.093640006095085,0.4909879065699803,1.4486698325153375,0.47892839923734903,1.4480876084025445,-1.4959536311505373,-1.099121541331245,-0.9634058530176761,-0.420003543254714,0.401530280185839,-0.9854744126351627
-0.7293065967587531,0.9582848528255726,1.6309901669196187,-0.4912453986066884,1.233167027855247,-0.25477981688465806,0.263198842785864,-0.5183643076465969,-0.26357957508533614,-1.3330173778772887,0.2973902206287603,-0.38013279564832925,0.2667576003595904,2.2040867766890506,-0.420003543254714,-1.7181760826556827,-0.29146399380936555
-0.8956353952827688,-1.043531051389811,-1.0279609812377954,-0.8816049277212203,-1.0325230619242494,1.4102027209653383,1.0773021521144335,0.1941196082709873,0.6730995319172206,1.3849012877946678,-1.017692508255564,-0.38013279564832925,0.2667576003595904,-0.7284924393748606,-1.302788768428974,-0.6583229012349219,-0.9854744126351627
-1.5609505893788318,0.9582848528255726,2.606097475277883,1.5386241527888844,-1.11966498845423,0.09209154516742452,-0.6865883514308003,-1.8542716499920675,-1.499995996328711,-1.3330173778772887,-1.017692508255564,-1.4959536311505373,-1.099121541331245,1.5392664622619965,-1.302788768428974,-1.7181760826556827,-0.29146399380936555
-0.2303202011867059,0.9582848528255726,-0.20982216642012952,-0.5693173044295952,-1.293948841514191,-1.2260196306304891,0.3988827276739589,-0.07306186019810704,-0.18864524652513157,0.47892839923734903,0.13300487951822032,-0.38013279564832925,-1.099121541331245,0.09447219926925321,-0.420003543254714,0.401530280185839,0.40254642501643156
1.017145787743412,0.9582848528255726,1.3788892530513839,0.3675455654452855,1.1460251013252665,-0.9485225409888232,-0.4152205816546105,-0.13243551985790578,-0.46215554576987816,-0.42704448931996974,1.2837022672920038,-1.4959536311505373,-1.099121541331245,1.2199070502508482,1.3455669070938063,-1.7181760826556827,-0.29146399380936555
0.10233739586132555,0.9582848528255726,-1.0422308442869406,0.757905094559819,-1.6425165476341137,1.1327056313236723,1.2129860370025283,-1.0527272445847853,-0.4134482322057452,0.47892839923734903,0.6261609028498417,-0.38013279564832925,-1.099121541331245,-1.4117373352640963,0.46278168191954616,-0.6583229012349219,1.7905672626680256
-1.311457391592808,0.9582848528255726,0.3467024924965387,0.6017612829140057,-0.16110379662444305,-1.2260196306304891,-0.4152205816546105,0.876916694358672,0.6431258004931388,-1.3330173778772887,1.4480876084025445,0.7356880398538787,1.6326367420504257,0.025380018786071618,-1.302788768428974,1.4613834616065997,0.40254642501643156
1.4329677840534514,0.9582848528255726,0.7890682470200439,-0.8816049277212203,-1.4682326945741524,1.6876998106070042,-1.5006916607593697,0.37224058725038284,0.9203828161658957,1.3849012877946678,-0.5245364849239426,-0.38013279564832925,0.2667576003595904,1.5346603168964508,1.3455669070938063,1.4613834616065997,-0.29146399380936555
0.019172996599317694,0.9582848528255726,-0.6617011629763984,0.8359770003827258,-0.8582392088642881,0.7164599968611731,-0.4152205816546105,0.28318009776068537,0.9016492340258445,0.47892839923734903,-0.5245364849239426,0.7356880398538787,0.2667576003595904,-1.0708825782137361,-0.420003543254714,-0.6583229012349219,1.7905672626680256
1.017145787743412,0.9582848528255726,1.6975828611489632,0.4456174712681922,0.18746390949547947,0.9245828140924227,0.263198842785864,-2.1214531184611616,-1.8072267434255496,0.47892839923734903,1.119316926181463,-0.38013279564832925,-1.099121541331245,1.4885988632409972,1.3455669070938063,-1.7181760826556827,-0.29146399380936555
1.3498033847914435,0.9582848528255726,0.5274540911190461,0.523689377091099,-0.16110379662444305,-1.5035167202721553,-1.3650077758712749,-0.19180917951770451,-0.6869585314504918,-1.3330173778772887,-0.3601511438134018,-0.38013279564832925,0.2667576003595904,0.24954575990928174,1.3455669070938063,1.4613834616065997,0.40254642501643156
-1.311457391592808,-1.043531051389811,-0.10517650405973025,-0.022813963669248115,-1.3810907680441717,1.7570740830174207,1.6200376916668129,-0.013688200538308302,0.5756849047889547,0.47892839923734903,-1.8396192138082668,-1.4959536311505373,-1.099121541331245,-0.10359205144919985,-1.302788768428974,0.401530280185839,-0.9854744126351627
1.682460981839475,-1.043531051389811,-1.4988664618595915,-0.5693173044295952,-0.6839553558043268,-0.8097739961679902,-0.4152205816546105,-0.1027486900280064,-0.6644782328824305,0.47892839923734903,-0.6889218260344825,-1.4959536311505373,-1.099121541331245,-1.4347680620918233,1.3455669070938063,-0.6583229012349219,1.7905672626680256
-0.8956353952827688,0.9582848528255726,-0.7282938572057436,2.163199399372138,1.5817347339751695,-0.6016511789367406,0.3988827276739589,0.1941196082709873,0.2909344562601775,0.47892839923734903,0.6261609028498417,0.7356880398538787,0.2667576003595904,-1.5714170412696704,-1.302788768428974,-0.6583229012349219,1.7905672626680256
-1.394621790854816,0.9582848528255726,-1.3276281052698473,0.3675455654452855,-1.3810907680441717,-0.32415408929507455,1.484353806778718,-0.6371116269661944,-0.4022080829217145,-0.42704448931996974,-0.3601511438134018,-0.38013279564832925,-1.099121541331245,-1.5683462776926402,-1.302788768428974,-0.6583229012349219,1.7905672626680256
1.2666389855294355,0.9582848528255726,2.4871819498683387,1.694767964434698,1.6688766605051502,-0.8097739961679902,1.484353806778718,0.28318009776068537,-0.07624375368482476,0.47892839923734903,0.461775561739301,-0.38013279564832925,0.2667576003595904,1.3273837754469082,1.3455669070938063,-1.7181760826556827,-0.29146399380936555
0.6844881906953806,-1.043531051389811,-0.7187806151729799,0.523689377091099,1.3203089543852276,-0.8791482685784067,1.2129860370025283,0.4909879065699803,-0.24484599294528497,1.3849012877946678,-0.3601511438134018,0.7356880398538787,0.2667576003595904,-1.0048611613075848,0.46278168191954616,-0.6583229012349219,1.7905672626680256
-0.6461421974967452,0.9582848528255726,-1.1563897486801036,-0.8035330218983135,0.18746390949547947,0.9245828140924227,-1.3650077758712749,-2.062079458801363,-1.5674368920328952,0.47892839923734903,0.9549315850709231,-1.4959536311505373,-1.099121541331245,-0.9234859265162829,-0.420003543254714,-0.6583229012349219,-0.9854744126351627
-1.7272793879028474,-1.043531051389811,-0.3953303860590191,-1.3500363626586607,0.3617477625554407,1.2020799037340888,-0.4152205816546105,0.4909879065699803,0.9016492340258445,1.3849012877946678,-0.6889218260344825,-0.38013279564832925,0.2667576003595904,0.364699394047917,-1.302788768428974,0.401530280185839,0.40254642501643156
0.18550179512333342,0.9582848528255726,0.37999883961121056,1.1482646236743528,-1.11966498845423,-1.0872710858096561,-0.4152205816546105,1.8268952489154513,1.059011324002274,-0.42704448931996974,1.4480876084025445,1.8515088753560867,1.6326367420504257,-0.22642259453041091,0.46278168191954616,1.4613834616065997,-0.9854744126351627
1.10031018700542,-1.043531051389811,-0.2573883765839473,-0.7254611160754085,-0.07396187009446241,0.30021436239867405,0.6702504974501486,-0.2511828391775032,-0.46215554576987816,0.47892839923734903,-0.3601511438134018,-0.38013279564832925,-1.099121541331245,0.13285674398213163,1.3455669070938063,0.401530280185839,0.40254642501643156
-1.394621790854816,-1.043531051389811,-0.07188015694505835,-0.8035330218983135,0.27460583602546007,-1.4341424478617388,-0.4152205816546105,0.37224058725038284,-0.19988539580916226,-0.42704448931996974,-0.8533071671450232,-0.38013279564832925,-1.099121541331245,0.4092254659148558,-1.302788768428974,0.401530280185839,0.40254642501643156
-0.8124709960207609,0.9582848528255726,1.5643974726902736,0.6798331887369123,-0.24824572315442367,0.8552085416820061,-0.2795366967665156,0.10505911878128917,0.7667674426174763,-1.3330173778772887,-0.1957658027028611,0.7356880398538787,0.2667576003595904,1.1830578873264848,-1.302788768428974,-1.7181760826556827,-0.29146399380936555
-0.6461421974967452,-1.043531051389811,0.14692440980850383,-0.8035330218983135,-0.5096715027443656,-1.1566453582200726,1.6200376916668129,0.4019274170802822,-0.07249703725681454,1.3849012877946678,-0.5245364849239426,0.7356880398538787,0.2667576003595904,0.6794526606935202,-0.420003543254714,0.401530280185839,0.40254642501643156
1.3498033847914435,-1.043531051389811,0.07557509456277717,-0.4131734927837817,0.7103154686753632,1.6183255381965878,-1.5006916607593697,0.3425537574204841,0.47827027766068886,-0.42704448931996974,-0.6889218260344825,-1.4959536311505373,-1.099121541331245,0.33092099470058417,1.3455669070938063,0.401530280185839,0.40254642501643156
-1.4777861901168239,0.9582848528255726,0.6178298904302995,1.0701927178514459,-1.4682326945741524,-1.0178968133992397,-0.5509044665427054,0.3425537574204841,0.26096072483609567,-0.42704448931996974,-0.0313804615923204,-0.38013279564832925,0.2667576003595904,0.034592309517162786,-1.302788768428974,1.4613834616065997,0.40254642501643156
-1.5609505893788318,-1.043531051389811,-0.3905737650426369,-1.5842520801273807,0.4488896890854214,-1.1566453582200726,-1.6363755456474647,-0.6667984567960937,-0.9304950992711565,1.3849012877946678,-0.6889218260344825,0.7356880398538787,0.2667576003595904,0.5381975361501273,-1.302788768428974,0.401530280185839,0.40254642501643156
1.5161321833154593,-1.043531051389811,-0.2431185135348021,-1.271964456835754,-1.0325230619242494,-0.3935283617054911,0.8059343823382435,0.5800483960596784,-0.008802857980640677,-0.42704448931996974,-1.675233872697726,0.7356880398538787,0.2667576003595904,0.5136314275338851,1.3455669070938063,0.401530280185839,0.40254642501643156
-0.4798133989727295,-1.043531051389811,-0.4524098382556006,-0.7254611160754085,0.536031615615402,-1.6422652650929883,1.6200376916668129,0.9659771838483702,0.1710395305638502,0.47892839923734903,0.13300487951822032,1.8515088753560867,1.6326367420504257,-0.10359205144919985,-0.420003543254714,0.401530280185839,-0.9854744126351627
-1.1451285930687924,0.9582848528255726,2.235081036000104,0.8359770003827258,-0.07396187009446241,-1.6422652650929883,-1.5006916607593697,-0.6371116269661944,-0.8106001735748293,-1.3330173778772887,-0.1957658027028611,-0.38013279564832925,0.2667576003595904,1.7204415133067825,-1.302788768428974,-1.7181760826556827,-0.29146399380936555
-0.3134846004487138,0.9582848528255726,-0.16701257727269392,0.523689377091099,0.4488896890854214,-1.2953939030409058,0.1275149578977691,-0.5183643076465969,-0.5970373371782464,-1.3330173778772887,-0.5245364849239426,-0.38013279564832925,0.2667576003595904,-0.44905295386510563,-0.420003543254714,0.401530280185839,-0.9854744126351627
0.6013237914333728,-1.043531051389811,-0.5998650897634354,-0.10088586949215483,0.10032198296549884,0.6470857244507566,-0.1438528118784207,1.2331586523174638,0.9278762490219161,-1.3330173778772887,0.13300487951822032,0.7356880398538787,1.6326367420504257,-0.6056618962936495,0.46278168191954616,0.401530280185839,-0.9854744126351627
0.434994992909357,-1.043531051389811,-0.1955523033709843,0.21140175379947204,1.0588831747952858,0.7858342692715896,0.9416182672263385,-0.6964852866259931,-0.7169322628745736,-0.42704448931996974,-0.8533071671450232,-0.38013279564832925,-1.099121541331245,-0.3246870289953792,0.46278168191954616,0.401530280185839,-0.9854744126351627
0.6013237914333728,0.9582848528255726,-0.6759710260255439,-0.335101586960875,-1.293948841514191,0.23084008998825753,-0.008168926990325804,-0.2808696690074026,-0.2186189779492134,0.47892839923734903,-0.1957658027028611,0.7356880398538787,0.2667576003595904,-0.5764896423118617,0.46278168191954616,-0.6583229012349219,-0.9854744126351627
0.9339813884814042,-1.043531051389811,-0.0005308416993316842,-1.3500363626586607,0.27460583602546007,0.09209154516742452,1.6200376916668129,-1.0824140744146846,-1.2040053985159032,-0.42704448931996974,-0.8533071671450232,-0.38013279564832925,-1.099121541331245,0.894406111085639,1.3455669070938063,0.401530280185839,-0.29146399380936555
0.2686661943853413,-1.043531051389811,-0.057610293895912476,-0.25702968113796826,-0.24824572315442367,0.30021436239867405,-0.1438528118784207,-0.5480511374764963,-0.7094388300185531,1.3849012877946678,-0.5245364849239426,-0.38013279564832925,0.2667576003595904,0.08372452674964721,0.46278168191954616,0.401530280185839,0.40254642501643156
1.10031018700542,-1.043531051389811,-1.0232043602214136,-0.4131734927837817,-0.9453811353942687,-1.3647681754513223,-1.3650077758712749,0.7284825452091752,-0.24484599294528497,1.3849012877946678,-1.8396192138082668,-1.4959536311505373,-1.099121541331245,-0.9403751261899493,1.3455669070938063,-0.6583229012349219,-0.9854744126351627
-0.4798133989727295,-1.043531051389811,-1.318114863237084,-1.740395891773194,0.7974573952053439,0.022717272757007998,-0.008168926990325804,-0.9933535849249865,-0.9005213678470747,1.3849012877946678,-1.5108485315871856,-0.38013279564832925,-1.099121541331245,-0.676289458565346,-0.420003543254714,-0.6583229012349219,-0.9854744126351627
-1.311457391592808,0.9582848528255726,1.6642865140342906,1.5386241527888844,1.4945928074451889,-0.6710254513471571,-1.6363755456474647,-1.0824140744146846,-0.923001666415136,1.3849012877946678,1.4480876084025445,-1.4959536311505373,-1.099121541331245,0.7147664418293683,-1.302788768428974,-1.7181760826556827,0.40254642501643156
1.682460981839475,-1.043531051389811,-0.9042888348118692,-1.193892551012847,-1.3810907680441717,1.7570740830174207,0.263198842785864,-2.002705799141564,-1.7285456984373349,-1.3330173778772887,-0.5245364849239426,-0.38013279564832925,-1.099121541331245,-0.407597645575197,1.3455669070938063,-0.6583229012349219,-0.9854744126351627
-0.7293065967587531,0.9582848528255726,0.5559938172173364,1.7728398702576047,-1.7296584741640944,0.7858342692715896,0.8059343823382435,1.0550376733380682,1.7633940124681968,1.3849012877946678,1.4480876084025445,1.8515088753560867,1.6326367420504257,-0.364606955496773,-0.420003543254714,1.4613834616065997,-0.9854744126351627
-0.6461421974967452,-1.043531051389811,-0.4952194274030362,0.6017612829140057,-1.2068069149842107,0.9245828140924227,0.5345666125620538,-1.9730189693116649,-1.6461179370211099,-1.3330173778772887,-0.0313804615923204,-1.4959536311505373,-1.099121541331245,-0.8129384377431926,-0.420003543254714,0.401530280185839,-0.9854744126351627
0.9339813884814042,-1.043531051389811,-0.3477641758952013,-1.193892551012847,1.0588831747952858,-0.8097739961679902,1.484353806778718,-0.013688200538308302,-0.6007840536062565,-0.42704448931996974,-1.675233872697726,-1.4959536311505373,-1.099121541331245,0.32170870396949297,1.3455669070938063,0.401530280185839,0.40254642501643156
1.4329677840534514,0.9582848528255726,-0.7092673731402162,1.0701927178514459,0.6231735421453826,1.0633313589132556,0.3988827276739589,-0.4886774778166975,-0.1661649479570702,-1.3330173778772887,1.119316926181463,-0.38013279564832925,0.2667576003595904,-1.2029254120260378,1.3455669070938063,-0.6583229012349219,1.7905672626680256
-1.6441149886408395,-1.043531051389811,-0.057610293895912476,0.21140175379947204,-0.9453811353942687,-0.25477981688465806,0.263198842785864,-0.16212234968780515,-0.2336058436612543,-1.3330173778772887,-1.5108485315871856,0.7356880398538787,0.2667576003595904,-0.17882575908644133,-1.302788768428974,0.401530280185839,-0.9854744126351627
0.8508169892193963,0.9582848528255726,1.98298012213187,1.4605522469659777,-1.6425165476341137,-1.2953939030409058,-0.1438528118784207,0.37224058725038284,-0.18115181366911112,-0.42704448931996974,0.9549315850709231,-1.4959536311505373,-1.099121541331245,1.0448735263601225,0.46278168191954616,-1.7181760826556827,-0.29146399380936555
0.35183059364734914,0.9582848528255726,1.0601956449538052,0.9921208120285392,0.536031615615402,0.9245828140924227,0.263198842785864,0.0753722889513898,0.3471352026803309,1.3849012877946678,1.2837022672920038,-1.4959536311505373,-1.099121541331245,0.4936714642831885,0.46278168191954616,1.4613834616065997,0.40254642501643156
-1.5609505893788318,-1.043531051389811,-0.10993312507611244,-1.1158206451899404,-1.11966498845423,1.6183255381965878,-1.093640006095085,-0.5480511374764963,-0.03502987297671226,-0.42704448931996974,-1.8396192138082668,-0.38013279564832925,0.2667576003595904,0.5765820808630058,-1.302788768428974,0.401530280185839,0.40254642501643156
1.682460981839475,0.9582848528255726,1.0982486130848594,-0.10088586949215483,0.27460583602546007,0.4389629072195071,-0.008168926990325804,-2.0323926289714636,-1.795986594141519,1.3849012877946678,0.461775561739301,-0.38013279564832925,-1.099121541331245,1.2690392674833326,1.3455669070938063,1.4613834616065997,-0.29146399380936555
0.10233739586132555,-1.043531051389811,-0.7711034463531795,-0.10088586949215483,-1.0325230619242494,-0.04665699965340851,-0.1438528118784207,1.8268952489154513,1.6285122210598286,0.47892839923734903,0.13300487951822032,1.8515088753560867,1.6326367420504257,-0.7945138562810115,0.46278168191954616,-0.6583229012349219,-0.9854744126351627
0.6844881906953806,0.9582848528255726,0.30389290334910235,0.3675455654452855,-0.7710972823343074,0.36958863480909054,0.8059343823382435,-1.5870901815229734,-1.3913412199164144,-0.42704448931996974,1.4480876084025445,-0.38013279564832925,-1.099121541331245,0.11289678073143446,0.46278168191954616,1.4613834616065997,0.40254642501643156
0.5181593921713649,-1.043531051389811,-1.5416760510070273,-1.1158206451899404,1.3203089543852276,1.6876998106070042,1.2129860370025283,0.6394220557194772,0.7817543083295172,-0.42704448931996974,-0.0313804615923204,-1.4959536311505373,-1.099121541331245,-1.2750883560862492,0.46278168191954616,-0.6583229012349219,1.7905672626680256
1.1834745862674279,-1.043531051389811,-0.26214499760032944,-1.3500363626586607,-1.3810907680441717,-0.8791482685784067,0.3988827276739589,0.4613010767400809,-0.26732629151334636,-0.42704448931996974,-0.6889218260344825,0.7356880398538787,0.2667576003595904,0.5443390633041882,1.3455669070938063,0.401530280185839,0.40254642501643156
-1.6441149886408395,0.9582848528255726,2.582314370195974,1.6166960586117913,0.4488896890854214,1.6876998106070042,1.0773021521144335,0.045685459121490433,1.0140507268661514,0.47892839923734903,0.6261609028498417,0.7356880398538787,0.2667576003595904,1.4640327546247556,-1.302788768428974,-1.7181760826556827,-0.29146399380936555
1.2666389855294355,-1.043531051389811,-0.8139130355006154,0.21140175379947204,1.4074508809152082,0.7164599968611731,0.5345666125620538,1.500340120786558,1.190146398982632,-0.42704448931996974,0.13300487951822032,1.8515088753560867,1.6326367420504257,-0.9756889073257975,1.3455669070938063,-0.6583229012349219,1.7905672626680256
0.35183059364734914,-1.043531051389811,-1.1991993378275396,-0.8816049277212203,0.8845993217353245,-1.1566453582200726,0.9416182672263385,0.0753722889513898,-0.6382512178863589,-1.3330173778772887,-0.3601511438134018,-1.4959536311505373,-1.099121541331245,-0.9419105079784642,0.46278168191954616,-0.6583229012349219,-0.9854744126351627
1.017145787743412,0.9582848528255726,0.6939358266924083,-0.8035330218983135,-1.4682326945741524,-0.7403997237575737,1.3486699218906233,0.9066035241885715,0.46703012837665814,-1.3330173778772887,1.4480876084025445,0.7356880398538787,1.6326367420504257,1.3519498840631499,1.3455669070938063,1.4613834616065997,-0.29146399380936555
1.10031018700542,-1.043531051389811,-0.6617011629763984,-0.10088586949215483,-0.9453811353942687,0.5083371796299236,-0.5509044665427054,-0.07306186019810704,-0.2485927093732952,0.47892839923734903,-1.017692508255564,-0.38013279564832925,-1.099121541331245,-0.6732186949883152,1.3455669070938063,-0.6583229012349219,-0.9854744126351627
-1.0619641938067845,-1.043531051389811,-0.4524098382556006,-1.740395891773194,1.233167027855247,-0.6710254513471571,-0.2795366967665156,2.005016227894847,1.4636566982273786,0.47892839923734903,0.13300487951822032,1.8515088753560867,1.6326367420504257,0.5658344083433997,-1.302788768428974,0.401530280185839,0.40254642501643156
1.4329677840534514,0.9582848528255726,-0.8567226246480514,1.5386241527888844,0.10032198296549884,-0.5322769065263241,-0.008168926990325804,-1.7058375008425706,-1.664851519161161,0.47892839923734903,0.9549315850709231,-0.38013279564832925,-1.099121541331245,-1.4931125700553984,1.3455669070938063,-0.6583229012349219,1.7905672626680256
-0.9787997945447767,0.9582848528255726,1.4597518103298743,-0.335101586960875,-1.555374621104133,-0.6016511789367406,-0.008168926990325804,0.0753722889513898,0.17853296341987068,-1.3330173778772887,1.4480876084025445,-0.38013279564832925,0.2667576003595904,1.8647674014272062,-1.302788768428974,-1.7181760826556827,-0.29146399380936555
-0.6461421974967452,-1.043531051389811,-0.4381399752064547,-0.17895777531506155,-1.7296584741640944,0.022717272757007998,1.0773021521144335,2.1237635472144443,1.9319962517286569,0.47892839923734903,0.13300487951822032,1.8515088753560867,1.6326367420504257,-0.38763768232449985,-0.420003543254714,0.401530280185839,-0.9854744126351627
-0.06399140266269017,-1.043531051389811,-1.3514112103517562,-0.335101586960875,1.1460251013252665,0.022717272757007998,-0.5509044665427054,-0.7261721164558925,-0.6569848000264099,-0.42704448931996974,-0.3601511438134018,-0.38013279564832925,0.2667576003595904,-1.3503220637234905,-0.420003543254714,-0.6583229012349219,1.7905672626680256
1.2666389855294355,-1.043531051389811,-0.29068472369861986,-1.4281082684815674,0.18746390949547947,-0.25477981688465806,-1.6363755456474647,-1.5870901815229734,-1.679838384873202,-1.3330173778772887,-1.8396192138082668,-0.38013279564832925,-1.099121541331245,0.5612282629778547,1.3455669070938063,0.401530280185839,0.40254642501643156
0.35183059364734914,0.9582848528255726,1.6642865140342906,0.055257942153658604,-0.5096715027443656,0.4389629072195071,0.5345666125620538,0.22380643810088663,0.3209081876842593,-1.3330173778772887,-0.6889218260344825,-1.4959536311505373,-1.099121541331245,1.7634322033852066,0.46278168191954616,-1.7181760826556827,-0.29146399380936555
0.8508169892193963,0.9582848528255726,0.4798878809552283,1.1482646236743528,0.27460583602546007,0.9939570865028392,-1.2293238909831798,0.10505911878128917,0.3995892326724741,-0.42704448931996974,-0.5245364849239426,0.7356880398538787,0.2667576003595904,-0.1327643054309871,0.46278168191954616,1.4613834616065997,-0.9854744126351627
-1.5609505893788318,-1.043531051389811,-1.0707705703852313,-1.1158206451899404,0.7103154686753632,1.7570740830174207,0.263198842785864,-2.240200437780759,-1.7997333105695292,1.3849012877946678,-1.675233872697726,-1.4959536311505373,-1.099121541331245,-0.66554178604574,-1.302788768428974,-0.6583229012349219,-0.9854744126351627
-0.9787997945447767,0.9582848528255726,0.7462586578726076,1.1482646236743528,-0.9453811353942687,0.6470857244507566,-0.008168926990325804,1.0847245031679678,1.7259268481880945,0.47892839923734903,1.4480876084025445,1.8515088753560867,1.6326367420504257,0.11289678073143446,-1.302788768428974,1.4613834616065997,0.40254642501643156
1.3498033847914435,0.9582848528255726,-0.48094956435389097,1.0701927178514459,1.5817347339751695,0.022717272757007998,-1.2293238909831798,0.31286692759058476,0.24972057555206498,0.47892839923734903,0.461775561739301,0.7356880398538787,0.2667576003595904,-0.9910427252109486,1.3455669070938063,0.401530280185839,1.7905672626680256
1.3498033847914435,-1.043531051389811,-1.1563897486801036,0.28947365962237875,1.233167027855247,1.2020799037340888,1.484353806778718,0.0753722889513898,0.09235848557563546,0.47892839923734903,-1.017692508255564,-1.4959536311505373,-1.099121541331245,-1.364140499820127,1.3455669070938063,-0.6583229012349219,1.7905672626680256
1.1834745862674279,0.9582848528255726,0.9745764666589328,1.7728398702576047,-0.24824572315442367,-0.3935283617054911,-1.6363755456474647,-1.0824140744146846,-1.102844054959627,-0.42704448931996974,1.4480876084025445,-0.38013279564832925,-1.099121541331245,-0.008398380561261217,1.3455669070938063,1.4613834616065997,-0.9854744126351627
0.18550179512333342,-1.043531051389811,-1.4180039045811013,0.3675455654452855,0.18746390949547947,1.4795769933757548,-0.5509044665427054,-0.19180917951770451,-0.0687503208288043,-1.3330173778772887,-1.675233872697726,-0.38013279564832925,-1.099121541331245,-1.6620045667920635,0.46278168191954616,-0.6583229012349219,1.7905672626680256
-1.1451285930687924,0.9582848528255726,2.387292908524321,2.0851274935492317,0.013180056435518213,-1.5728909926825718,1.3486699218906233,-0.3699301584971007,-0.5633168893261543,-0.42704448931996974,-0.0313804615923204,-0.38013279564832925,-1.099121541331245,0.9911351637620931,-1.302788768428974,-1.7181760826556827,-0.29146399380936555
-0.39664899971072165,0.9582848528255726,2.425345876655375,-0.7254611160754085,-1.6425165476341137,-0.5322769065263241,0.5345666125620538,0.4613010767400809,0.5719381883609446,-0.42704448931996974,0.2973902206287603,-0.38013279564832925,0.2667576003595904,3.3924722809997667,-0.420003543254714,-1.7181760826556827,1.0965568438422286
0.434994992909357,-1.043531051389811,-0.07188015694505835,-0.4912453986066884,-0.3353876496844043,0.5777114520403401,-0.9579561212069901,0.4316142469101816,0.20850669484395248,0.47892839923734903,-0.1957658027028611,-1.4959536311505373,-1.099121541331245,0.2080904516193731,0.46278168191954616,0.401530280185839,0.40254642501643156
0.6844881906953806,0.9582848528255726,0.703449068725172,-0.959676833544127,0.536031615615402,-1.2260196306304891,-0.2795366967665156,1.7972084190855517,0.9653434133020183,-0.42704448931996974,1.4480876084025445,1.8515088753560867,1.6326367420504257,1.4932050086065427,0.46278168191954616,1.4613834616065997,-0.29146399380936555
1.10031018700542,-1.043531051389811,-1.2277390639258303,-1.4281082684815674,1.5817347339751695,0.16146581757784104,0.1275149578977691,0.253493267930786,-0.08373718654084522,-1.3330173778772887,-1.1820778493661046,-0.38013279564832925,0.2667576003595904,-0.713138621489709,1.3455669070938063,-0.6583229012349219,-0.9854744126351627
0.434994992909357,0.9582848528255726,2.4348591186881388,0.9921208120285392,-0.4225295762143849,-1.2260196306304891,0.9416182672263385,0.28318009776068537,-0.22611241080523384,0.47892839923734903,1.4480876084025445,0.7356880398538787,0.2667576003595904,1.7895336937899642,0.46278168191954616,-1.7181760826556827,-0.29146399380936555
-0.3134846004487138,0.9582848528255726,-0.6854842680583073,-0.4912453986066884,1.4945928074451889,1.2020799037340888,-0.4152205816546105,0.13474594861118855,0.9316229654499263,0.47892839923734903,0.9549315850709231,-0.38013279564832925,-1.099121541331245,-0.5104682254057109,-0.420003543254714,-0.6583229012349219,-0.9854744126351627
0.9339813884814042,-1.043531051389811,-0.205065545403748,-0.335101586960875,0.18746390949547947,-0.6016511789367406,-1.5006916607593697,-0.16212234968780515,-0.6494913671703895,-0.42704448931996974,-1.017692508255564,-1.4959536311505373,-1.099121541331245,-0.039106016331563846,1.3455669070938063,0.401530280185839,-0.9854744126351627
-1.394621790854816,0.9582848528255726,-0.12420298812525764,1.6166960586117913,-1.555374621104133,-0.32415408929507455,-1.2293238909831798,0.4909879065699803,0.6880863976292616,1.3849012877946678,0.461775561739301,0.7356880398538787,0.2667576003595904,-0.8820306182263743,-1.302788768428974,0.401530280185839,-0.9854744126351627
1.10031018700542,-1.043531051389811,-0.5760819846815265,-0.25702968113796826,-1.7296584741640944,0.5777114520403401,0.1275149578977691,1.6190874401061557,1.2313602796907446,-1.3330173778772887,0.13300487951822032,0.7356880398538787,1.6326367420504257,-0.5027913164631351,1.3455669070938063,0.401530280185839,-0.9854744126351627
-0.8124709960207609,-1.043531051389811,0.09460157862830387,0.6017612829140057,-0.4225295762143849,0.36958863480909054,-0.6865883514308003,0.16443277844108792,0.27594759054813656,1.3849012877946678,-1.1820778493661046,0.7356880398538787,0.2667576003595904,-0.22642259453041091,-1.302788768428974,0.401530280185839,-0.9854744126351627
0.019172996599317694,0.9582848528255726,0.5559938172173364,1.3044084353201644,-1.4682326945741524,-0.25477981688465806,-0.1438528118784207,-1.4386560323734767,-1.1590448013797803,0.47892839923734903,1.6124729495130852,-1.4959536311505373,-1.099121541331245,-0.14197659616207828,-0.420003543254714,1.4613834616065997,-0.9854744126351627
-0.7293065967587531,0.9582848528255726,1.3027833167892757,-0.335101586960875,0.18746390949547947,-0.6710254513471571,-0.1438528118784207,0.6097352258895777,0.6506192333491593,0.47892839923734903,0.461775561739301,0.7356880398538787,0.2667576003595904,1.6866631139594497,-0.420003543254714,-1.7181760826556827,-0.29146399380936555
0.10233739586132555,0.9582848528255726,-0.6379180578944895,1.2263365294972577,0.27460583602546007,-0.18540554447424154,-0.1438528118784207,-0.1027486900280064,0.16354609770782977,-1.3330173778772887,0.6261609028498417,-0.38013279564832925,0.2667576003595904,-1.1937131212949468,0.46278168191954616,0.401530280185839,1.7905672626680256
0.35183059364734914,0.9582848528255726,0.15168103082488535,1.5386241527888844,1.0588831747952858,1.2020799037340888,-1.6363755456474647,-0.04337503036820767,0.3209081876842593,1.3849012877946678,-0.1957658027028611,-0.38013279564832925,-1.099121541331245,-0.6102680416591951,0.46278168191954616,0.401530280185839,-0.9854744126351627
-0.9787997945447767,-1.043531051389811,-0.9803947710739777,-1.1158206451899404,-1.2068069149842107,-0.11603127206382503,-0.008168926990325804,0.015998629291591064,-0.027536440120691813,-1.3330173778772887,-1.3464631904766449,0.7356880398538787,0.2667576003595904,-0.5488527701185894,-1.302788768428974,-0.6583229012349219,-0.9854744126351627
1.10031018700542,-1.043531051389811,-1.403734041531956,-0.8035330218983135,-0.07396187009446241,-1.5728909926825718,-0.1438528118784207,0.4613010767400809,-0.5033694264779907,-0.42704448931996974,-1.675233872697726,-0.38013279564832925,-1.099121541331245,-1.229026902430795,1.3455669070938063,-0.6583229012349219,1.7905672626680256
-1.394621790854816,-1.043531051389811,-0.4952194274030362,-1.4281082684815674,0.9717412482653051,0.7858342692715896,-1.2293238909831798,-0.6964852866259931,-0.42094166506176567,-1.3330173778772887,-0.3601511438134018,0.7356880398538787,0.2667576003595904,0.2833241592566146,-1.302788768428974,0.401530280185839,0.40254642501643156
-1.311457391592808,0.9582848528255726,2.2683773831147764,0.9921208120285392,1.4074508809152082,1.6183255381965878,-1.2293238909831798,-1.5870901815229734,-0.904268084275085,1.3849012877946678,1.6124729495130852,-1.4959536311505373,-1.099121541331245,1.6329247513614198,-1.302788768428974,-1.7181760826556827,-0.29146399380936555
0.434994992909357,0.9582848528255726,0.6178298904302995,1.928983681903418,1.4945928074451889,1.6183255381965878,-1.6363755456474647,1.2034718224875645,1.7596472960401865,1.3849012877946678,1.4480876084025445,1.8515088753560867,1.6326367420504257,-0.3830315369589548,0.46278168191954616,1.4613834616065997,-0.9854744126351627
0.9339813884814042,0.9582848528255726,-1.0945536754671403,-0.25702968113796826,-1.555374621104133,0.8552085416820061,-0.2795366967665156,0.16443277844108792,0.41082938195650476,-1.3330173778772887,0.6261609028498417,-1.4959536311505373,-1.099121541331245,-1.0877717778874025,1.3455669070938063,-0.6583229012349219,1.7905672626680256
0.6844881906953806,-1.043531051389811,-0.5570555006159995,-1.4281082684815674,0.8845993217353245,-0.8791482685784067,-0.1438528118784207,2.0643898875546456,0.9278762490219161,1.3849012877946678,0.13300487951822032,0.7356880398538787,1.6326367420504257,0.19887816088828247,0.46278168191954616,0.401530280185839,0.40254642501643156
0.8508169892193963,-1.043531051389811,-0.2526317555675658,-1.5842520801273807,-0.24824572315442367,0.4389629072195071,-0.2795366967665156,0.5800483960596784,0.2871877398321673,0.47892839923734903,-1.3464631904766449,0.7356880398538787,0.2667576003595904,0.7301202597145194,0.46278168191954616,0.401530280185839,0.40254642501643156
1.1834745862674279,0.9582848528255726,0.4132951867258831,-0.8816049277212203,1.4074508809152082,-1.4341424478617388,-0.2795366967665156,1.8268952489154513,0.8866623683138036,0.47892839923734903,1.4480876084025445,1.8515088753560867,1.6326367420504257,1.0663688713993347,1.3455669070938063,1.4613834616065997,-0.29146399380936555
1.3498033847914435,0.9582848528255726,0.865174183282152,0.4456174712681922,-1.293948841514191,0.6470857244507566,0.3988827276739589,0.550361566229779,0.7068199797693127,-1.3330173778772887,1.2837022672920038,-0.38013279564832925,-1.099121541331245,0.6395327341921263,1.3455669070938063,1.4613834616065997,0.40254642501643156
-0.8124709960207609,0.9582848528255726,0.38475546062759275,2.0851274935492317,-1.555374621104133,-1.2260196306304891,-1.093640006095085,0.5800483960596784,0.38460236696043315,0.47892839923734903,0.9549315850709231,-1.4959536311505373,-1.099121541331245,-0.6409756774294978,-1.302788768428974,1.4613834616065997,-0.9854744126351627
1.1834745862674279,-1.043531051389811,-0.26690161861671097,-0.17895777531506155,0.10032198296549884,-0.32415408929507455,-0.6865883514308003,-0.5777379673063956,-0.8967746514190645,-0.42704448931996974,-0.3601511438134018,0.7356880398538787,0.2667576003595904,-0.19571495876010775,1.3455669070938063,0.401530280185839,-0.9854744126351627
1.3498033847914435,-1.043531051389811,-0.5047326694357999,-0.17895777531506155,0.6231735421453826,-1.5728909926825718,0.6702504974501486,0.1941196082709873,-0.6869585314504918,0.47892839923734903,-0.1957658027028611,-0.38013279564832925,-1.099121541331245,-0.46133600817322645,1.3455669070938063,0.401530280185839,-0.9854744126351627
1.4329677840534514,-1.043531051389811,-0.28117148166585615,-1.1158206451899404,0.7974573952053439,-0.11603127206382503,-1.3650077758712749,0.5800483960596784,0.09235848557563546,0.47892839923734903,-1.1820778493661046,-1.4959536311505373,-1.099121541331245,0.35548710331682637,1.3455669070938063,0.401530280185839,0.40254642501643156
1.4329677840534514,0.9582848528255726,0.4228084287586468,1.1482646236743528,0.6231735421453826,-1.3647681754513223,1.6200376916668129,0.7581693750390746,0.09235848557563546,1.3849012877946678,1.4480876084025445,1.8515088753560867,1.6326367420504257,-0.1865026680290171,1.3455669070938063,1.4613834616065997,-0.9854744126351627
-0.3134846004487138,0.9582848528255726,1.3218098008548032,0.28947365962237875,1.1460251013252665,-1.5728909926825718,0.263198842785864,-1.2308482235641813,-1.2864331599321281,-0.42704448931996974,0.461775561739301,-1.4959536311505373,-1.099121541331245,1.2183716684623334,-0.420003543254714,-1.7181760826556827,-0.29146399380936555
-0.2303202011867059,0.9582848528255726,-0.8281828985497607,1.7728398702576047,0.27460583602546007,-1.0872710858096561,0.263198842785864,-0.4886774778166975,-0.5071161429060008,0.47892839923734903,1.2837022672920038,0.7356880398538787,0.2667576003595904,-1.5391740237108527,-0.420003543254714,-0.6583229012349219,1.7905672626680256
0.9339813884814042,-1.043531051389811,-1.0374742232705592,-1.740395891773194,0.18746390949547947,-0.18540554447424154,-0.5509044665427054,0.1941196082709873,-0.24109927651727475,-0.42704448931996974,-0.6889218260344825,-0.38013279564832925,-1.099121541331245,-0.27401942997437995,1.3455669070938063,-0.6583229012349219,-0.9854744126351627
-0.6461421974967452,-1.043531051389811,-0.499976048419418,-0.6473892102525018,0.3617477625554407,-1.2953939030409058,-1.5006916607593697,0.8472298645287727,0.2234935605559934,-1.3330173778772887,0.13300487951822032,0.7356880398538787,1.6326367420504257,-0.20646263127971373,-0.420003543254714,0.401530280185839,-0.9854744126351627
-0.2303202011867059,-1.043531051389811,-0.7568335833040339,0.3675455654452855,-0.3353876496844043,0.23084008998825753,0.1275149578977691,1.1737849926576651,1.1639193839865605,0.47892839923734903,0.13300487951822032,0.7356880398538787,1.6326367420504257,-0.9802950526913425,-0.420003543254714,-0.6583229012349219,1.7905672626680256
-1.6441149886408395,0.9582848528255726,-0.7948865514350884,1.1482646236743528,-0.16110379662444305,-0.3935283617054911,1.0773021521144335,-1.9136453096518662,-1.6461179370211099,-1.3330173778772887,1.7768582906236259,-0.38013279564832925,-1.099121541331245,-1.3104021372220973,-1.302788768428974,-0.6583229012349219,1.7905672626680256
-1.394621790854816,0.9582848528255726,1.5786673357394188,0.757905094559819,-0.8582392088642881,-0.9485225409888232,-1.6363755456474647,-0.7558589462857919,-0.7019453971625327,1.3849012877946678,-0.5245364849239426,0.7356880398538787,0.2667576003595904,1.1416025790365767,-1.302788768428974,-1.7181760826556827,-0.29146399380936555
-0.6461421974967452,-1.043531051389811,-0.7473203412712706,-1.271964456835754,-1.6425165476341137,-1.3647681754513223,-1.6363755456474647,1.6190874401061557,0.8004878904695684,1.3849012877946678,0.13300487951822032,1.8515088753560867,1.6326367420504257,-0.1557950322587145,-0.420003543254714,-0.6583229012349219,-0.9854744126351627
-0.7293065967587531,-1.043531051389811,-0.6854842680583073,-0.7254611160754085,-0.5096715027443656,-0.18540554447424154,1.6200376916668129,1.7675215892556524,1.504870578935491,0.47892839923734903,0.13300487951822032,0.7356880398538787,1.6326367420504257,-0.38763768232449985,-0.420003543254714,-0.6583229012349219,-0.9854744126351627
0.2686661943853413,0.9582848528255726,-0.4904628063866547,0.3675455654452855,0.27460583602546007,-0.6710254513471571,-0.4152205816546105,0.1941196082709873,-0.09872405225288612,-0.42704448931996974,1.119316926181463,-0.38013279564832925,0.2667576003595904,-0.7069970943356486,0.46278168191954616,0.401530280185839,-0.9854744126351627
-0.9787997945447767,0.9582848528255726,1.6357467879360001,0.6017612829140057,-0.5096715027443656,-1.5035167202721553,1.0773021521144335,0.37224058725038284,0.08861176914762522,-1.3330173778772887,-0.1957658027028611,0.7356880398538787,0.2667576003595904,1.3089591939847258,-1.302788768428974,-1.7181760826556827,-0.29146399380936555
-1.394621790854816,0.9582848528255726,1.355106147969475,0.9921208120285392,0.8845993217353245,0.9245828140924227,0.6702504974501486,0.6691088855493765,1.4074559518072252,-1.3330173778772887,-0.3601511438134018,0.7356880398538787,0.2667576003595904,0.7715755680044281,-1.302788768428974,-1.7181760826556827,0.40254642501643156
1.5161321833154593,0.9582848528255726,0.3704855975784475,1.0701927178514459,-1.555374621104133,0.09209154516742452,1.0773021521144335,1.6190874401061557,1.4599099817993684,-1.3330173778772887,1.4480876084025445,1.8515088753560867,1.6326367420504257,-0.19571495876010775,1.3455669070938063,1.4613834616065997,-0.9854744126351627
0.6844881906953806,0.9582848528255726,0.40378194469311945,0.9140489062056325,0.4488896890854214,-0.5322769065263241,0.3988827276739589,0.3425537574204841,0.07362490343558432,0.47892839923734903,1.2837022672920038,0.7356880398538787,0.2667576003595904,-0.08516746998701806,0.46278168191954616,1.4613834616065997,-0.9854744126351627
0.6844881906953806,0.9582848528255726,0.6178298904302995,2.0851274935492317,0.18746390949547947,0.6470857244507566,1.0773021521144335,2.1534503770443436,2.2392269988254956,0.47892839923734903,1.4480876084025445,0.7356880398538787,1.6326367420504257,-0.4505883356536205,0.46278168191954616,1.4613834616065997,-0.9854744126351627
-0.2303202011867059,0.9582848528255726,1.8450381126567987,-0.7254611160754085,-1.3810907680441717,-0.6016511789367406,-0.5509044665427054,-0.6964852866259931,-0.5445833071861031,-1.3330173778772887,1.2837022672920038,0.7356880398538787,0.2667576003595904,2.6861966582828036,-0.420003543254714,-1.7181760826556827,1.0965568438422286
-0.14715580192469804,0.9582848528255726,-1.1659029907128668,0.13332984797656533,1.1460251013252665,-0.3935283617054911,-1.3650077758712749,-0.4293038181568988,-0.22611241080523384,1.3849012877946678,-0.0313804615923204,-0.38013279564832925,0.2667576003595904,-1.3180790461646732,-0.420003543254714,-0.6583229012349219,1.7905672626680256
1.5992965825774672,-1.043531051389811,-0.4000870070754006,-0.7254611160754085,-1.11966498845423,-1.5728909926825718,-1.2293238909831798,-0.39961698832699943,-1.0953506221036065,-0.42704448931996974,-1.017692508255564,-0.38013279564832925,0.2667576003595904,-0.04064139812007922,1.3455669070938063,0.401530280185839,-0.9854744126351627
0.18550179512333342,-1.043531051389811,0.14692440980850383,0.523689377091099,-0.6839553558043268,-0.8097739961679902,-0.8222722363188952,0.4316142469101816,-0.26357957508533614,1.3849012877946678,-1.017692508255564,0.7356880398538787,0.2667576003595904,-0.1327643054309871,0.46278168191954616,0.401530280185839,-0.9854744126351627
0.6013237914333728,0.9582848528255726,-0.04809705186314946,1.1482646236743528,0.7103154686753632,1.2020799037340888,0.263198842785864,0.16443277844108792,0.5307243076528321,-0.42704448931996974,1.2837022672920038,0.7356880398538787,0.2667576003595904,-0.6210157141788005,0.46278168191954616,0.401530280185839,-0.9854744126351627
-1.5609505893788318,0.9582848528255726,2.0971390265250327,0.6798331887369123,1.4074508809152082,1.2020799037340888,-1.093640006095085,0.28318009776068537,1.0964784882823764,1.3849012877946678,1.119316926181463,-0.38013279564832925,0.2667576003595904,1.7081584589986618,-1.302788768428974,-1.7181760826556827,-0.29146399380936555
1.682460981839475,0.9582848528255726,2.5109650549502476,-0.25702968113796826,-1.0325230619242494,0.36958863480909054,0.8059343823382435,-0.04337503036820767,0.04739788843951273,0.47892839923734903,0.461775561739301,-0.38013279564832925,-1.099121541331245,2.9871314888317704,1.3455669070938063,-1.7181760826556827,1.0965568438422286
-0.06399140266269017,-1.043531051389811,-0.5808386056979084,-1.4281082684815674,0.27460583602546007,-0.8791482685784067,0.9416182672263385,0.6394220557194772,0.22724027698400362,-0.42704448931996974,0.13300487951822032,-0.38013279564832925,0.2667576003595904,0.16663514332946447,-0.420003543254714,0.401530280185839,0.40254642501643156
-1.4777861901168239,0.9582848528255726,0.703449068725172,-0.959676833544127,1.5817347339751695,-1.5728909926825718,0.6702504974501486,1.3519059716370614,0.8829156518857934,-0.42704448931996974,1.4480876084025445,0.7356880398538787,1.6326367420504257,1.4932050086065427,-1.302788768428974,1.4613834616065997,-0.29146399380936555
-0.2303202011867059,0.9582848528255726,1.7403924502963994,0.3675455654452855,0.9717412482653051,0.8552085416820061,1.6200376916668129,-0.19180917951770451,0.4445498298085968,-0.42704448931996974,1.2837022672920038,-1.4959536311505373,-1.099121541331245,1.5930048248600264,-0.420003543254714,-1.7181760826556827,-0.29146399380936555
-0.5629777982347374,0.9582848528255726,2.5109650549502476,0.8359770003827258,1.5817347339751695,0.16146581757784104,-0.008168926990325804,-0.4589906479867982,-0.07249703725681454,-0.42704448931996974,-0.8533071671450232,-0.38013279564832925,0.2667576003595904,1.9860625627199018,-0.420003543254714,-1.7181760826556827,-0.29146399380936555
0.10233739586132555,0.9582848528255726,-0.2240920294692747,2.0851274935492317,0.013180056435518213,0.36958863480909054,-1.5006916607593697,-0.2808696690074026,0.1822796798478809,-1.3330173778772887,-0.3601511438134018,0.7356880398538787,0.2667576003595904,-1.136903995119887,0.46278168191954616,0.401530280185839,1.7905672626680256
1.017145787743412,-1.043531051389811,-0.35252079691158283,-1.1158206451899404,-1.3810907680441717,-1.0178968133992397,0.3988827276739589,-1.1714745639043826,-1.5112361456127417,-0.42704448931996974,-0.5245364849239426,-0.38013279564832925,-1.099121541331245,0.2633641960059179,1.3455669070938063,0.401530280185839,0.40254642501643156
-1.4777861901168239,-1.043531051389811,-0.5855952267142902,-1.193892551012847,0.9717412482653051,0.5777114520403401,0.263198842785864,2.0347030577247462,2.1418123716972297,-0.42704448931996974,0.13300487951822032,0.7356880398538787,1.6326367420504257,0.010026200900920578,-1.302788768428974,0.401530280185839,-0.9854744126351627
-1.394621790854816,0.9582848528255726,2.0781125424595053,-0.335101586960875,-0.6839553558043268,-0.6710254513471571,-0.6865883514308003,-0.04337503036820767,0.0436511720115025,1.3849012877946678,0.13300487951822032,-0.38013279564832925,0.2667576003595904,2.572578405932684,-1.302788768428974,-1.7181760826556827,1.0965568438422286
1.2666389855294355,-1.043531051389811,0.21351710403784832,-0.959676833544127,1.5817347339751695,0.09209154516742452,1.484353806778718,-0.4589906479867982,-0.690705247878502,1.3849012877946678,-0.3601511438134018,0.7356880398538787,0.2667576003595904,0.8759815296234579,1.3455669070938063,0.401530280185839,-0.29146399380936555
0.9339813884814042,-1.043531051389811,-0.8662358666808151,-1.3500363626586607,-0.4225295762143849,-1.5035167202721553,0.3988827276739589,1.7675215892556524,0.42581624766854564,0.47892839923734903,0.13300487951822032,0.7356880398538787,1.6326367420504257,-0.26787790282031954,1.3455669070938063,-0.6583229012349219,-0.9854744126351627
-1.7272793879028474,0.9582848528255726,-0.4333833541900732,0.757905094559819,0.6231735421453826,0.36958863480909054,-1.3650077758712749,-0.16212234968780515,0.30217460554420816,-0.42704448931996974,-0.3601511438134018,-0.38013279564832925,0.2667576003595904,-0.8190799648972537,-1.302788768428974,0.401530280185839,-0.9854744126351627
-0.6461421974967452,-1.043531051389811,-1.1801728537620124,-1.6623239859502874,1.3203089543852276,-0.8791482685784067,-0.2795366967665156,0.6691088855493765,0.24972057555206498,-1.3330173778772887,-1.017692508255564,-1.4959536311505373,-1.099121541331245,-0.5227512797138323,-0.420003543254714,-0.6583229012349219,-0.9854744126351627
0.2686661943853413,0.9582848528255726,0.2705965562344298,1.6166960586117913,0.10032198296549884,0.23084008998825753,-1.6363755456474647,-0.1027486900280064,-0.0537634551167634,-1.3330173778772887,1.119316926181463,-1.4959536311505373,-1.099121541331245,-0.5396404793874987,0.46278168191954616,0.401530280185839,-0.9854744126351627
-1.394621790854816,0.9582848528255726,-0.12420298812525764,-0.8035330218983135,1.6688766605051502,-0.3935283617054911,0.8059343823382435,-1.0230404147548857,-0.7918665914347781,-0.42704448931996974,1.4480876084025445,-1.4959536311505373,-1.099121541331245,0.34473943079722036,-1.302788768428974,0.401530280185839,0.40254642501643156
0.2686661943853413,-1.043531051389811,-0.4714363223211273,-0.10088586949215483,-0.5968134292743462,1.7570740830174207,-0.008168926990325804,0.4909879065699803,0.6656060990612002,1.3849012877946678,-1.3464631904766449,-0.38013279564832925,0.2667576003595904,-0.4644067717502567,0.46278168191954616,0.401530280185839,-0.9854744126351627
-1.394621790854816,-1.043531051389811,-0.09566326202696725,0.3675455654452855,1.4945928074451889,0.9939570865028392,-0.8222722363188952,0.6987957153792759,1.0290375925781923,1.3849012877946678,-1.3464631904766449,-0.38013279564832925,-1.099121541331245,-0.300120920379137,-1.302788768428974,0.401530280185839,-0.9854744126351627
0.2686661943853413,0.9582848528255726,1.1553280652814408,1.4605522469659777,1.1460251013252665,-0.5322769065263241,1.484353806778718,-0.7261721164558925,-0.8330804721428906,0.47892839923734903,0.2973902206287603,-0.38013279564832925,0.2667576003595904,0.3124964132384024,0.46278168191954616,1.4613834616065997,0.40254642501643156
0.7676525899573885,-1.043531051389811,-1.0136911181886503,-0.4912453986066884,-0.5096715027443656,-0.9485225409888232,1.2129860370025283,-1.5277165218631747,-1.7585194298614166,1.3849012877946678,-1.3464631904766449,-0.38013279564832925,-1.099121541331245,-0.8943136725344951,0.46278168191954616,-0.6583229012349219,-0.9854744126351627
0.18550179512333342,0.9582848528255726,-1.0517440863197043,0.6017612829140057,-1.2068069149842107,-1.2260196306304891,-0.2795366967665156,-0.4886774778166975,-0.8330804721428906,0.47892839923734903,-0.8533071671450232,0.7356880398538787,0.2667576003595904,-1.3672112633971574,0.46278168191954616,-0.6583229012349219,1.7905672626680256
-0.5629777982347374,-1.043531051389811,-0.523759153501327,-0.7254611160754085,0.8845993217353245,1.2020799037340888,-0.5509044665427054,1.2331586523174638,1.6547392360559001,-0.42704448931996974,0.13300487951822032,1.8515088753560867,1.6326367420504257,-0.1911088133945627,-0.420003543254714,0.401530280185839,-0.9854744126351627
0.10233739586132555,-1.043531051389811,-0.8281828985497607,0.523689377091099,1.5817347339751695,0.6470857244507566,-0.6865883514308003,1.5894006102762563,1.7484071467561557,1.3849012877946678,0.13300487951822032,1.8515088753560867,1.6326367420504257,-1.115408650080675,0.46278168191954616,-0.6583229012349219,1.7905672626680256
0.5181593921713649,-1.043531051389811,-0.38581714402625544,-1.193892551012847,1.0588831747952858,-0.7403997237575737,-0.4152205816546105,-1.7652111605023693,-1.9008946541258054,-1.3330173778772887,-0.5245364849239426,-1.4959536311505373,-1.099121541331245,0.2710411049484937,0.46278168191954616,0.401530280185839,0.40254642501643156
0.8508169892193963,-1.043531051389811,0.2515700721689031,0.055257942153658604,0.18746390949547947,0.5083371796299236,0.263198842785864,0.37224058725038284,0.13357236628374794,-1.3330173778772887,-0.5245364849239426,-1.4959536311505373,-1.099121541331245,0.23879808738967573,0.46278168191954616,0.401530280185839,0.40254642501643156
-0.7293065967587531,0.9582848528255726,-0.4524098382556006,1.1482646236743528,0.18746390949547947,-0.11603127206382503,0.6702504974501486,-1.8245848201621682,-1.5074894291847314,1.3849012877946678,-0.8533071671450232,-1.4959536311505373,-1.099121541331245,-0.9941134887879793,-0.420003543254714,0.401530280185839,1.7905672626680256
0.35183059364734914,0.9582848528255726,1.0506824029210415,0.3675455654452855,1.5817347339751695,0.5083371796299236,-1.6363755456474647,-0.5183643076465969,-0.3572474857855918,-0.42704448931996974,1.2837022672920038,-0.38013279564832925,-1.099121541331245,0.8821230567775182,0.46278168191954616,1.4613834616065997,-0.29146399380936555
0.8508169892193963,0.9582848528255726,0.437078291807792,1.7728398702576047,0.27460583602546007,1.0633313589132556,1.484353806778718,1.945642568235048,2.2504671481095264,1.3849012877946678,1.4480876084025445,1.8515088753560867,1.6326367420504257,-0.4644067717502567,0.46278168191954616,1.4613834616065997,-0.9854744126351627
-0.8956353952827688,0.9582848528255726,-0.36203403894434655,1.382480341143071,-0.4225295762143849,0.9939570865028392,-0.8222722363188952,-0.22149600934760388,0.4595366955206377,-0.42704448931996974,0.6261609028498417,-0.38013279564832925,-1.099121541331245,-1.0017903977305547,-1.302788768428974,0.401530280185839,1.7905672626680256
1.682460981839475,0.9582848528255726,0.7510152788889898,-0.022813963669248115,0.7103154686753632,0.5777114520403401,0.6702504974501486,-0.5183643076465969,-0.3347671872175304,1.3849012877946678,0.9549315850709231,-0.38013279564832925,-1.099121541331245,0.8314554577565184,1.3455669070938063,1.4613834616065997,-0.29146399380936555
-0.39664899971072165,0.9582848528255726,-0.26690161861671097,-0.335101586960875,-0.9453811353942687,-1.0872710858096561,-0.6865883514308003,-1.73552433067247,-1.6123974891690178,-1.3330173778772887,1.2837022672920038,-1.4959536311505373,-1.099121541331245,-0.10973357860326027,-0.420003543254714,0.401530280185839,-0.9854744126351627
-0.7293065967587531,-1.043531051389811,0.2040038620050853,0.3675455654452855,-1.2068069149842107,-0.9485225409888232,-0.008168926990325804,0.4613010767400809,0.05114460486752295,-1.3330173778772887,-0.0313804615923204,0.7356880398538787,0.2667576003595904,0.010026200900920578,-0.420003543254714,0.401530280185839,-0.9854744126351627
0.2686661943853413,0.9582848528255726,-0.419113491140928,-0.5693173044295952,-1.6425165476341137,1.5489512657861713,0.6702504974501486,-0.4589906479867982,0.006184007731400231,-1.3330173778772887,0.2973902206287603,-0.38013279564832925,0.2667576003595904,-0.1542596504701991,0.46278168191954616,0.401530280185839,-0.9854744126351627
1.3498033847914435,0.9582848528255726,0.09460157862830387,-0.10088586949215483,-0.5968134292743462,-0.9485225409888232,-0.6865883514308003,-0.6667984567960937,-0.8967746514190645,0.47892839923734903,-1.017692508255564,0.7356880398538787,0.2667576003595904,0.16049361617540406,1.3455669070938063,0.401530280185839,0.40254642501643156
-1.0619641938067845,0.9582848528255726,0.004225779317050499,-0.4912453986066884,-0.24824572315442367,-1.2953939030409058,1.3486699218906233,-0.963666755095087,-0.98669584569131,1.3849012877946678,-0.6889218260344825,-1.4959536311505373,-1.099121541331245,0.29867797714176614,-1.302788768428974,0.401530280185839,0.40254642501643156
1.5161321833154593,-1.043531051389811,-1.0565007073360861,-0.7254611160754085,0.27460583602546007,-0.6710254513471571,1.484353806778718,-0.16212234968780515,-0.6682249493104406,1.3849012877946678,-1.017692508255564,0.7356880398538787,0.2667576003595904,-0.8375045463594349,1.3455669070938063,-0.6583229012349219,-0.9854744126351627
-1.0619641938067845,-1.043531051389811,-0.6807276470419258,-1.6623239859502874,0.10032198296549884,-1.0178968133992397,1.2129860370025283,1.322219141807162,0.7255535619093638,0.47892839923734903,0.13300487951822032,1.8515088753560867,1.6326367420504257,0.18505972479164626,-1.302788768428974,-0.6583229012349219,0.40254642501643156
-1.311457391592808,0.9582848528255726,0.3704855975784475,0.9921208120285392,1.233167027855247,0.4389629072195071,1.6200376916668129,1.0253508435081689,1.5648180417836546,-1.3330173778772887,1.4480876084025445,0.7356880398538787,1.6326367420504257,-0.1573304140472293,-1.302788768428974,1.4613834616065997,-0.9854744126351627
0.6844881906953806,0.9582848528255726,2.5442614020649197,0.28947365962237875,1.6688766605051502,0.9245828140924227,1.484353806778718,-1.6167770113528728,-1.3126601749281996,0.47892839923734903,0.6261609028498417,-1.4959536311505373,-1.099121541331245,2.4912031711413816,0.46278168191954616,-1.7181760826556827,1.0965568438422286
-1.311457391592808,-1.043531051389811,0.23730020911975722,0.055257942153658604,1.0588831747952858,0.8552085416820061,-0.8222722363188952,0.6394220557194772,0.9166360997378854,-0.42704448931996974,-1.8396192138082668,0.7356880398538787,0.2667576003595904,0.22344426950452467,-1.302788768428974,0.401530280185839,0.40254642501643156
0.9339813884814042,0.9582848528255726,-1.0707705703852313,2.0070555877263248,-0.7710972823343074,-1.2260196306304891,-1.3650077758712749,-0.9933535849249865,-1.2302324135119747,1.3849012877946678,-0.3601511438134018,-1.4959536311505373,-1.099121541331245,-1.8078658367010016,1.3455669070938063,-0.6583229012349219,1.7905672626680256
0.10233739586132555,-1.043531051389811,-0.18603906133822062,-1.6623239859502874,0.7974573952053439,-0.18540554447424154,0.263198842785864,0.045685459121490433,-0.027536440120691813,-1.3330173778772887,-1.1820778493661046,-0.38013279564832925,0.2667576003595904,0.8851938203545485,0.46278168191954616,0.401530280185839,-0.29146399380936555
-1.1451285930687924,-1.043531051389811,-1.4513002516957736,-0.8035330218983135,1.4074508809152082,1.2020799037340888,0.3988827276739589,-0.6371116269661944,-0.24484599294528497,-0.42704448931996974,-1.3464631904766449,0.7356880398538787,0.2667576003595904,-1.2873714103943699,-1.302788768428974,-0.6583229012349219,1.7905672626680256
0.019172996599317694,0.9582848528255726,2.5632878861304467,0.757905094559819,0.013180056435518213,1.2020799037340888,1.0773021521144335,0.015998629291591064,0.8004878904695684,0.47892839923734903,0.6261609028498417,-0.38013279564832925,0.2667576003595904,2.101216196858537,-0.420003543254714,-1.7181760826556827,-0.29146399380936555
0.9339813884814042,0.9582848528255726,1.0364125398718964,-0.8816049277212203,-0.5968134292743462,-0.7403997237575737,-1.6363755456474647,-0.2808696690074026,-0.5183562921900315,0.47892839923734903,1.6124729495130852,0.7356880398538787,0.2667576003595904,1.8417366745994783,1.3455669070938063,1.4613834616065997,-0.29146399380936555
0.10233739586132555,0.9582848528255726,-1.0232043602214136,-0.8816049277212203,1.5817347339751695,-1.0872710858096561,1.0773021521144335,-1.1417877340744833,-1.0878571892475861,-0.42704448931996974,1.119316926181463,-1.4959536311505373,-1.099121541331245,-0.7223509122207996,0.46278168191954616,-0.6583229012349219,-0.9854744126351627
0.8508169892193963,-1.043531051389811,-0.5475422585832358,-0.4912453986066884,-0.5968134292743462,0.5777114520403401,1.484353806778718,0.3425537574204841,0.12982564985573772,-0.42704448931996974,-1.3464631904766449,-0.38013279564832925,0.2667576003595904,-0.3477177558231066,0.46278168191954616,0.401530280185839,-0.9854744126351627
0.5181593921713649,0.9582848528255726,-0.7235372361893617,-0.022813963669248115,1.233167027855247,0.4389629072195071,0.3988827276739589,0.16443277844108792,0.2647074412641059,-0.42704448931996974,0.7905462439603824,0.7356880398538787,0.2667576003595904,-0.777624656607345,0.46278168191954616,-0.6583229012349219,-0.9854744126351627
0.10233739586132555,0.9582848528255726,-0.4666797013047458,-0.8035330218983135,0.4488896890854214,-0.04665699965340851,1.3486699218906233,0.13474594861118855,0.44829654623660703,-0.42704448931996974,1.2837022672920038,-1.4959536311505373,-1.099121541331245,-0.07595517925592743,0.46278168191954616,0.401530280185839,-0.9854744126351627
0.5181593921713649,-1.043531051389811,-0.6759710260255439,-1.6623239859502874,-0.9453811353942687,-0.11603127206382503,0.3988827276739589,-0.31055649883730196,-0.6270110686023281,0.47892839923734903,-1.1820778493661046,0.7356880398538787,0.2667576003595904,0.19120125194570667,0.46278168191954616,-0.6583229012349219,0.40254642501643156
-1.4777861901168239,-1.043531051389811,-1.108823538516286,-1.5842520801273807,-0.7710972823343074,0.7164599968611731,0.6702504974501486,-0.5183643076465969,-0.26357957508533614,-1.3330173778772887,-0.0313804615923204,-0.38013279564832925,-1.099121541331245,-0.46594215353877205,-1.302788768428974,-0.6583229012349219,-0.9854744126351627
0.8508169892193963,0.9582848528255726,0.4132951867258831,0.9140489062056325,1.0588831747952858,0.16146581757784104,1.2129860370025283,0.10505911878128917,0.11109206771568658,0.47892839923734903,1.2837022672920038,0.7356880398538787,0.2667576003595904,-0.07595517925592743,0.46278168191954616,1.4613834616065997,-0.9854744126351627
0.019172996599317694,0.9582848528255726,-0.7282938572057436,1.6166960586117913,-1.293948841514191,-0.5322769065263241,-0.5509044665427054,0.28318009776068537,0.4033359491004843,-1.3330173778772887,1.7768582906236259,0.7356880398538787,0.2667576003595904,-1.4055958081100357,-0.420003543254714,-0.6583229012349219,1.7905672626680256
0.18550179512333342,0.9582848528255726,-0.357277417927965,-0.25702968113796826,0.6231735421453826,-0.04665699965340851,0.8059343823382435,-1.4386560323734767,-1.3388871899242714,1.3849012877946678,1.2837022672920038,-1.4959536311505373,-1.099121541331245,-0.25559484851219816,0.46278168191954616,0.401530280185839,-0.9854744126351627
0.6013237914333728,0.9582848528255726,1.6737997560670543,-0.6473892102525018,0.4488896890854214,1.7570740830174207,0.1275149578977691,0.4316142469101816,1.0065572940101308,0.47892839923734903,1.2837022672920038,-0.38013279564832925,-1.099121541331245,2.402151027407504,0.46278168191954616,-1.7181760826556827,1.0965568438422286
-1.0619641938067845,0.9582848528255726,-1.2324956849422117,0.3675455654452855,1.5817347339751695,-1.6422652650929883,0.9416182672263385,-0.31055649883730196,-0.5370898743300827,0.47892839923734903,0.13300487951822032,-0.38013279564832925,0.2667576003595904,-1.4700818432276714,-1.302788768428974,-0.6583229012349219,1.7905672626680256
-0.8956353952827688,-1.043531051389811,-0.03382718881400359,-0.4131734927837817,1.4945928074451889,0.23084008998825753,1.6200376916668129,-0.3699301584971007,-0.26732629151334636,-1.3330173778772887,-0.6889218260344825,-0.38013279564832925,0.2667576003595904,0.20501968804234288,-1.302788768428974,0.401530280185839,0.40254642501643156
-1.5609505893788318,0.9582848528255726,0.5750203012828639,1.5386241527888844,-0.6839553558043268,-0.5322769065263241,-0.5509044665427054,1.3815928014669607,1.4411763996593172,-1.3330173778772887,1.4480876084025445,1.8515088753560867,1.6326367420504257,-0.23870564883853174,-1.302788768428974,1.4613834616065997,-0.9854744126351627
0.6013237914333728,0.9582848528255726,-0.8805057297299602,-0.022813963669248115,-1.3810907680441717,-0.4629026341159076,0.5345666125620538,0.5206747363998797,0.2534672919800752,1.3849012877946678,1.6124729495130852,-0.38013279564832925,0.2667576003595904,-0.94958741692104,0.46278168191954616,-0.6583229012349219,-0.9854744126351627
1.4329677840534514,-1.043531051389811,-0.6807276470419258,-1.271964456835754,0.18746390949547947,0.7858342692715896,-0.6865883514308003,0.015998629291591064,-0.08748390296885544,-1.3330173778772887,-0.0313804615923204,0.7356880398538787,0.2667576003595904,-0.06674288852483626,1.3455669070938063,-0.6583229012349219,-0.9854744126351627
-1.1451285930687924,-1.043531051389811,-0.4666797013047458,-0.335101586960875,1.5817347339751695,1.4795769933757548,0.6702504974501486,-0.9042930954352887,-0.443421963629827,-1.3330173778772887,-1.1820778493661046,-1.4959536311505373,-1.099121541331245,-0.3385054650920154,-1.302788768428974,0.401530280185839,-0.9854744126351627
0.6844881906953806,0.9582848528255726,0.6463696165285905,-0.6473892102525018,-0.24824572315442367,1.4795769933757548,-1.6363755456474647,2.2128240367041423,2.741287000178866,0.47892839923734903,1.4480876084025445,0.7356880398538787,1.6326367420504257,1.169239451229849,0.46278168191954616,1.4613834616065997,-0.29146399380936555
-1.311457391592808,0.9582848528255726,0.45134815485693724,0.6017612829140057,0.4488896890854214,1.2714541761445053,-0.8222722363188952,-1.6464638411827721,-1.0428965921114632,0.47892839923734903,0.7905462439603824,-0.38013279564832925,-1.099121541331245,0.1297859804051009,-1.302788768428974,1.4613834616065997,0.40254642501643156
1.10031018700542,0.9582848528255726,-1.108823538516286,0.4456174712681922,-0.8582392088642881,-0.8097739961679902,0.6702504974501486,-1.201161393734282,-1.301420025644169,-0.42704448931996974,-0.5245364849239426,-1.4959536311505373,-1.099121541331245,-1.3702820269741876,1.3455669070938063,-0.6583229012349219,1.7905672626680256
-1.5609505893788318,-1.043531051389811,-0.04809705186314946,0.055257942153658604,1.6688766605051502,1.1327056313236723,0.8059343823382435,0.045685459121490433,0.42581624766854564,-0.42704448931996974,-0.1957658027028611,-0.38013279564832925,0.2667576003595904,-0.08363208819850268,-1.302788768428974,0.401530280185839,-0.9854744126351627
1.10031018700542,0.9582848528255726,1.5025613994773106,-0.8035330218983135,0.7974573952053439,-0.18540554447424154,-0.1438528118784207,0.31286692759058476,0.17478624699186046,-0.42704448931996974,0.9549315850709231,-0.38013279564832925,-1.099121541331245,2.346877283020959,1.3455669070938063,-1.7181760826556827,1.0965568438422286
0.9339813884814042,0.9582848528255726,0.6558828585613542,-0.959676833544127,0.18746390949547947,-1.5035167202721553,0.6702504974501486,-1.4386560323734767,-1.6386245041650895,0.47892839923734903,0.7905462439603824,-1.4959536311505373,-1.099121541331245,1.4333251188544525,1.3455669070938063,1.4613834616065997,-0.29146399380936555
-1.1451285930687924,-1.043531051389811,-0.4381399752064547,-0.10088586949215483,-0.07396187009446241,1.6183255381965878,-0.1438528118784207,-0.39961698832699943,0.12233221699971727,-0.42704448931996974,-1.3464631904766449,-0.38013279564832925,-1.099121541331245,-0.42755760882589366,-1.302788768428974,0.401530280185839,-0.9854744126351627
-1.2282929923308004,-1.043531051389811,-0.6997541311074529,-1.6623239859502874,0.6231735421453826,0.9245828140924227,0.8059343823382435,-0.6371116269661944,-0.32352703793349974,-1.3330173778772887,-0.1957658027028611,-1.4959536311505373,-1.099121541331245,0.1574228525983733,-1.302788768428974,-0.6583229012349219,0.40254642501643156
-1.1451285930687924,0.9582848528255726,-0.9708815290412139,-0.17895777531506155,0.8845993217353245,1.4102027209653383,-0.8222722363188952,-1.9730189693116649,-1.3875945034884043,0.47892839923734903,-0.8533071671450232,-0.38013279564832925,-1.099121541331245,-0.981830434479858,-1.302788768428974,-0.6583229012349219,1.7905672626680256
-0.3134846004487138,-1.043531051389811,-0.870992487697197,-1.271964456835754,0.6231735421453826,-0.32415408929507455,-0.8222722363188952,1.3519059716370614,1.0702514732863047,0.47892839923734903,0.13300487951822032,1.8515088753560867,1.6326367420504257,-0.32008088362983417,-0.420003543254714,-0.6583229012349219,-0.9854744126351627
0.18550179512333342,0.9582848528255726,-1.2610354110405024,0.4456174712681922,-1.293948841514191,0.36958863480909054,0.3988827276739589,0.015998629291591064,0.0998519184316559,1.3849012877946678,-0.3601511438134018,-0.38013279564832925,-1.099121541331245,-1.5253555876142166,0.46278168191954616,-0.6583229012349219,1.7905672626680256
-0.39664899971072165,-1.043531051389811,-0.2478751345511836,-1.740395891773194,1.0588831747952858,-0.8097739961679902,-0.1438528118784207,0.3425537574204841,0.006184007731400231,-1.3330173778772887,-0.8533071671450232,0.7356880398538787,0.2667576003595904,0.8590923299497909,-0.420003543254714,0.401530280185839,-0.29146399380936555
1.682460981839475,0.9582848528255726,2.315943593278594,1.3044084353201644,-0.16110379662444305,0.6470857244507566,-1.5006916607593697,-1.7652111605023693,-1.5074894291847314,1.3849012877946678,0.7905462439603824,-0.38013279564832925,-1.099121541331245,1.448678936739604,1.3455669070938063,-1.7181760826556827,-0.29146399380936555
1.017145787743412,-1.043531051389811,-1.3704376944172836,-0.7254611160754085,1.5817347339751695,-0.4629026341159076,0.9416182672263385,-0.5183643076465969,-0.8855345021350338,1.3849012877946678,-0.8533071671450232,0.7356880398538787,0.2667576003595904,-1.2198146116997042,1.3455669070938063,-0.6583229012349219,1.7905672626680256
0.9339813884814042,0.9582848528255726,0.6225865114466816,-0.7254611160754085,-1.6425165476341137,-0.04665699965340851,-0.5509044665427054,1.322219141807162,1.1264522197064581,-1.3330173778772887,1.4480876084025445,0.7356880398538787,1.6326367420504257,1.201482468788667,1.3455669070938063,1.4613834616065997,-0.29146399380936555
-1.6441149886408395,-1.043531051389811,-0.4571664592719821,-1.506180174304474,-1.2068069149842107,1.6183255381965878,-0.5509044665427054,0.22380643810088663,0.7817543083295172,-0.42704448931996974,-0.5245364849239426,-0.38013279564832925,0.2667576003595904,0.3892655026641592,-1.302788768428974,0.401530280185839,0.40254642501643156
0.2686661943853413,-1.043531051389811,-0.7568335833040339,-1.193892551012847,-1.11966498845423,-1.5035167202721553,-1.3650077758712749,1.7081479295958537,0.38460236696043315,-1.3330173778772887,0.13300487951822032,0.7356880398538787,1.6326367420504257,-0.21413954022228954,0.46278168191954616,-0.6583229012349219,-0.9854744126351627
-1.311457391592808,-1.043531051389811,-0.8043997934678517,-1.3500363626586607,-0.07396187009446241,-0.8097739961679902,1.484353806778718,0.37224058725038284,0.032411022727471824,-1.3330173778772887,-1.1820778493661046,0.7356880398538787,0.2667576003595904,-0.18496728624050174,-1.302788768428974,-0.6583229012349219,-0.9854744126351627
1.10031018700542,-1.043531051389811,-0.14322947219078502,-1.1158206451899404,0.10032198296549884,1.4102027209653383,0.6702504974501486,-0.6964852866259931,-0.559570172898144,-0.42704448931996974,-1.017692508255564,-0.38013279564832925,0.2667576003595904,0.5335913907845823,1.3455669070938063,0.401530280185839,0.40254642501643156
-0.8124709960207609,0.9582848528255726,0.6891792056760261,1.6166960586117913,0.536031615615402,-0.04665699965340851,0.5345666125620538,1.85658207874535,2.1605459538372807,-1.3330173778772887,1.4480876084025445,1.8515088753560867,1.6326367420504257,-0.1772903772979265,-1.302788768428974,1.4613834616065997,-0.9854744126351627
-1.6441149886408395,-1.043531051389811,-0.37630390199349173,-1.1158206451899404,-0.8582392088642881,-1.5728909926825718,-0.6865883514308003,0.6097352258895777,-0.07249703725681454,-1.3330173778772887,-1.1820778493661046,-0.38013279564832925,0.2667576003595904,0.23265656023561532,-1.302788768428974,0.401530280185839,0.40254642501643156
-0.6461421974967452,0.9582848528255726,0.6320997534794454,-0.25702968113796826,0.4488896890854214,-0.9485225409888232,0.3988827276739589,1.3815928014669607,1.2276135632627343,1.3849012877946678,1.4480876084025445,0.7356880398538787,1.6326367420504257,0.8636984753153365,-0.420003543254714,1.4613834616065997,-0.29146399380936555
-0.14715580192469804,-1.043531051389811,-0.15749933523993023,0.3675455654452855,-1.555374621104133,-1.4341424478617388,-1.3650077758712749,-0.7261721164558925,-1.054136741395494,0.47892839923734903,-1.5108485315871856,-1.4959536311505373,-1.099121541331245,-0.36307157370825766,-0.420003543254714,0.401530280185839,-0.9854744126351627
1.017145787743412,-1.043531051389811,-0.46192308028836393,0.6017612829140057,0.9717412482653051,-0.9485225409888232,1.3486699218906233,-0.5480511374764963,-1.035403159255443,-0.42704448931996974,0.13300487951822032,0.7356880398538787,0.2667576003595904,-0.7806954201843752,1.3455669070938063,0.401530280185839,-0.9854744126351627
1.5161321833154593,0.9582848528255726,1.0697088869865683,0.13332984797656533,1.6688766605051502,0.022717272757007998,-1.093640006095085,-0.13243551985790578,-0.1511780822450293,-1.3330173778772887,0.2973902206287603,-0.38013279564832925,0.2667576003595904,1.0648334896108191,1.3455669070938063,1.4613834616065997,-0.29146399380936555
1.5161321833154593,0.9582848528255726,-0.8519660036316695,2.0851274935492317,-0.8582392088642881,-1.2260196306304891,1.0773021521144335,-0.3699301584971007,-0.7394125614426349,0.47892839923734903,0.6261609028498417,-0.38013279564832925,0.2667576003595904,-1.6481861306954273,1.3455669070938063,-0.6583229012349219,1.7905672626680256
-1.0619641938067845,-1.043531051389811,-0.12895960914163915,-0.4912453986066884,0.3617477625554407,-1.2953939030409058,0.8059343823382435,-1.3199087130538791,-1.4850091306166702,-0.42704448931996974,-1.5108485315871856,-0.38013279564832925,-1.099121541331245,0.14206903471322227,-1.302788768428974,0.401530280185839,0.40254642501643156
0.8508169892193963,0.9582848528255726,-1.2895751371387931,-0.022813963669248115,-0.9453811353942687,-1.6422652650929883,1.3486699218906233,0.4316142469101816,-0.26357957508533614,1.3849012877946678,-0.0313804615923204,0.7356880398538787,0.2667576003595904,-1.3948481355904296,0.46278168191954616,-0.6583229012349219,1.7905672626680256
0.6013237914333728,-1.043531051389811,-1.0279609812377954,-0.5693173044295952,-1.293948841514191,0.23084008998825753,0.1275149578977691,-1.6464638411827721,-1.6461179370211099,-1.3330173778772887,-1.1820778493661046,-1.4959536311505373,-1.099121541331245,-0.8758890910723133,0.46278168191954616,-0.6583229012349219,-0.9854744126351627
1.10031018700542,0.9582848528255726,0.5702636802664817,0.13332984797656533,0.18746390949547947,0.09209154516742452,-0.8222722363188952,1.737834759425753,1.5685647582116649,1.3849012877946678,1.4480876084025445,0.7356880398538787,1.6326367420504257,0.5320560089960669,1.3455669070938063,1.4613834616065997,0.40254642501643156
0.9339813884814042,-1.043531051389811,-0.2716582396330925,0.3675455654452855,-0.7710972823343074,1.4102027209653383,1.484353806778718,-0.6667984567960937,-0.5333431579020724,1.3849012877946678,-0.3601511438134018,-0.38013279564832925,0.2667576003595904,-0.4812959714239231,1.3455669070938063,0.401530280185839,-0.9854744126351627
1.4329677840534514,0.9582848528255726,2.6584203064580825,1.7728398702576047,-1.7296584741640944,-1.0178968133992397,0.5345666125620538,-0.7558589462857919,-0.98669584569131,0.47892839923734903,1.4480876084025445,-1.4959536311505373,-1.099121541331245,1.4210420645463315,1.3455669070938063,-1.7181760826556827,-0.29146399380936555
1.4329677840534514,-1.043531051389811,-0.7425637202548888,-0.335101586960875,-1.0325230619242494,0.8552085416820061,1.6200376916668129,0.9956640136782695,0.8004878904695684,-0.42704448931996974,0.13300487951822032,1.8515088753560867,1.6326367420504257,-0.6532587317376186,1.3455669070938063,-0.6583229012349219,-0.9854744126351627
0.9339813884814042,0.9582848528255726,-0.4333833541900732,0.523689377091099,-1.4682326945741524,-0.9485225409888232,-0.1438528118784207,-0.2511828391775032,-0.559570172898144,1.3849012877946678,-0.3601511438134018,0.7356880398538787,0.2667576003595904,-0.7177447668552546,1.3455669070938063,0.401530280185839,-0.9854744126351627
-1.1451285930687924,0.9582848528255726,1.8450381126567987,1.8509117760805114,0.7103154686753632,-0.6016511789367406,1.3486699218906233,0.4909879065699803,0.5681914719329343,-1.3330173778772887,-0.1957658027028611,-1.4959536311505373,-1.099121541331245,0.6840588060590658,-1.302788768428974,-1.7181760826556827,0.40254642501643156
0.434994992909357,0.9582848528255726,0.4228084287586468,0.523689377091099,-1.11966498845423,0.7858342692715896,1.0773021521144335,0.7581693750390746,0.9615966968740082,-0.42704448931996974,1.4480876084025445,1.8515088753560867,1.6326367420504257,0.14513979829025248,0.46278168191954616,1.4613834616065997,0.40254642501643156
0.18550179512333342,0.9582848528255726,-0.419113491140928,-0.10088586949215483,-1.3810907680441717,-0.8791482685784067,-1.093640006095085,-0.16212234968780515,-0.4659022621978884,0.47892839923734903,0.2973902206287603,-0.38013279564832925,0.2667576003595904,-0.40606226378668164,0.46278168191954616,0.401530280185839,-0.9854744126351627
-0.2303202011867059,0.9582848528255726,0.7938248680364254,-0.5693173044295952,-0.9453811353942687,0.9939570865028392,1.2129860370025283,0.37224058725038284,1.1114653539944173,-1.3330173778772887,1.2837022672920038,0.7356880398538787,0.2667576003595904,1.2843930853684842,-0.420003543254714,1.4613834616065997,-0.29146399380936555
0.10233739586132555,0.9582848528255726,-0.5047326694357999,2.163199399372138,-0.3353876496844043,1.2020799037340888,1.2129860370025283,0.4909879065699803,1.3287749068190104,0.47892839923734903,0.461775561739301,0.7356880398538787,0.2667576003595904,-1.3902419902248844,0.46278168191954616,0.401530280185839,1.7905672626680256
0.6844881906953806,0.9582848528255726,1.1695979283305862,1.382480341143071,1.6688766605051502,0.30021436239867405,0.263198842785864,-1.468342862203376,-1.2939265927881485,-0.42704448931996974,0.6261609028498417,-0.38013279564832925,-1.099121541331245,0.3677701576249472,0.46278168191954616,1.4613834616065997,0.40254642501643156
0.18550179512333342,0.9582848528255726,0.4228084287586468,0.523689377091099,0.4488896890854214,-0.32415408929507455,-0.1438528118784207,1.2925323119772625,0.9765835625860491,-1.3330173778772887,1.4480876084025445,0.7356880398538787,1.6326367420504257,0.14513979829025248,0.46278168191954616,1.4613834616065997,0.40254642501643156
-0.2303202011867059,0.9582848528255726,0.4941577440043735,1.694767964434698,-1.0325230619242494,-1.4341424478617388,-1.6363755456474647,1.6190874401061557,1.1826529661266114,-0.42704448931996974,1.4480876084025445,1.8515088753560867,1.6326367420504257,-0.38149615517043944,-0.420003543254714,1.4613834616065997,-0.9854744126351627
-1.2282929923308004,-1.043531051389811,-0.6997541311074529,0.28947365962237875,0.7974573952053439,-0.9485225409888232,1.484353806778718,-1.8542716499920675,-1.844693907705652,-0.42704448931996974,-1.5108485315871856,-0.38013279564832925,-1.099121541331245,-0.8897075271689495,-1.302788768428974,-0.6583229012349219,-0.9854744126351627
0.5181593921713649,0.9582848528255726,0.223030346070612,1.8509117760805114,-1.2068069149842107,1.6183255381965878,-0.008168926990325804,0.10505911878128917,0.6131520690690571,-1.3330173778772887,-0.6889218260344825,-0.38013279564832925,-1.099121541331245,-0.6793602221423761,0.46278168191954616,0.401530280185839,-0.9854744126351627
-1.6441149886408395,0.9582848528255726,0.5845335433156276,0.9921208120285392,1.3203089543852276,0.8552085416820061,-0.008168926990325804,1.2034718224875645,1.9544765502967183,0.47892839923734903,1.4480876084025445,0.7356880398538787,1.6326367420504257,0.04533998203676879,-1.302788768428974,1.4613834616065997,0.40254642501643156
-0.39664899971072165,-1.043531051389811,-0.4428965962228369,-0.8035330218983135,-0.5096715027443656,0.09209154516742452,-0.008168926990325804,1.500340120786558,1.3999625189512046,1.3849012877946678,0.13300487951822032,1.8515088753560867,1.6326367420504257,-0.04678292527413964,-0.420003543254714,0.401530280185839,-0.9854744126351627
0.10233739586132555,0.9582848528255726,0.6796659636432631,1.1482646236743528,1.4074508809152082,-0.6710254513471571,-1.093640006095085,2.094076717384545,2.033157595284933,0.47892839923734903,1.4480876084025445,1.8515088753560867,1.6326367420504257,0.05148150919082921,0.46278168191954616,1.4613834616065997,0.40254642501643156
-0.5629777982347374,-1.043531051389811,-0.694997510091071,-0.4912453986066884,0.3617477625554407,1.1327056313236723,0.263198842785864,-2.2105136079508596,-1.8521873405616724,-1.3330173778772887,-1.3464631904766449,-1.4959536311505373,-1.099121541331245,-0.5212158979253169,-0.420003543254714,-0.6583229012349219,-0.9854744126351627
0.10233739586132555,-1.043531051389811,-0.9994212551395047,-0.4912453986066884,1.5817347339751695,-1.6422652650929883,1.2129860370025283,0.045685459121490433,-0.525849725046052,0.47892839923734903,-1.5108485315871856,-0.38013279564832925,0.2667576003595904,-0.8774244728608287,0.46278168191954616,-0.6583229012349219,-0.9854744126351627
0.35183059364734914,-1.043531051389811,-1.4703267357613006,-0.4912453986066884,-0.5968134292743462,-0.6710254513471571,-1.2293238909831798,-1.557403351693074,-1.7322924148653451,1.3849012877946678,-1.1820778493661046,-1.4959536311505373,-1.099121541331245,-1.4286265349377627,0.46278168191954616,-0.6583229012349219,1.7905672626680256
-1.5609505893788318,0.9582848528255726,0.888957288364061,1.694767964434698,-0.3353876496844043,-0.8791482685784067,1.2129860370025283,-0.34024332866720136,-0.30479345579344863,-0.42704448931996974,-0.8533071671450232,-0.38013279564832925,0.2667576003595904,-0.04371216169710943,-1.302788768428974,1.4613834616065997,-0.9854744126351627
-1.5609505893788318,-1.043531051389811,-1.398977420515574,-0.8816049277212203,-0.24824572315442367,-1.5035167202721553,0.9416182672263385,-0.5183643076465969,-0.9117615171311054,-0.42704448931996974,-0.1957658027028611,-1.4959536311505373,-1.099121541331245,-1.1906423577179164,-1.302788768428974,-0.6583229012349219,1.7905672626680256
1.1834745862674279,-1.043531051389811,-0.847209382615288,-1.3500363626586607,-0.7710972823343074,-0.18540554447424154,-1.093640006095085,-0.39961698832699943,-0.7169322628745736,0.47892839923734903,-1.3464631904766449,0.7356880398538787,0.2667576003595904,-0.24177641241556194,1.3455669070938063,-0.6583229012349219,-0.9854744126351627
-0.5629777982347374,0.9582848528255726,-1.1563897486801036,-0.8035330218983135,-1.11966498845423,0.9939570865028392,1.6200376916668129,-0.22149600934760388,0.4595366955206377,0.47892839923734903,-0.1957658027028611,-0.38013279564832925,0.2667576003595904,-0.9234859265162829,-0.420003543254714,-0.6583229012349219,-0.9854744126351627
-0.8124709960207609,0.9582848528255726,0.3419458714801565,2.0070555877263248,-1.7296584741640944,0.09209154516742452,-1.6363755456474647,1.1737849926576651,1.5498311760716137,0.47892839923734903,1.4480876084025445,1.8515088753560867,1.6326367420504257,-0.644046441006528,-1.302788768428974,1.4613834616065997,-0.9854744126351627
-0.3134846004487138,0.9582848528255726,1.3741326320350025,1.694767964434698,0.27460583602546007,0.9939570865028392,0.263198842785864,-1.2308482235641813,-0.6457446507423793,-1.3330173778772887,-0.3601511438134018,-1.4959536311505373,-1.099121541331245,0.3723763029904928,-0.420003543254714,-1.7181760826556827,0.40254642501643156
0.6013237914333728,-1.043531051389811,-0.7948865514350884,-0.959676833544127,0.4488896890854214,-0.04665699965340851,0.3988827276739589,-1.112100904244584,-1.2602061449360564,-1.3330173778772887,-1.675233872697726,-0.38013279564832925,-1.099121541331245,-0.39531459126707563,0.46278168191954616,-0.6583229012349219,-0.9854744126351627
-1.6441149886408395,0.9582848528255726,0.674909342626881,0.4456174712681922,1.3203089543852276,1.2020799037340888,1.3486699218906233,0.0753722889513898,0.8641820697457422,-1.3330173778772887,1.119316926181463,-1.4959536311505373,-1.099121541331245,0.44607462883921944,-1.302788768428974,1.4613834616065997,0.40254642501643156
1.5161321833154593,0.9582848528255726,1.079222129019332,1.0701927178514459,-1.0325230619242494,0.16146581757784104,1.6200376916668129,-0.4589906479867982,-0.4022080829217145,0.47892839923734903,-0.6889218260344825,-0.38013279564832925,0.2667576003595904,0.46603459208991604,1.3455669070938063,1.4613834616065997,0.40254642501643156
0.7676525899573885,0.9582848528255726,-0.2193354084528932,0.13332984797656533,-1.7296584741640944,1.6183255381965878,-0.5509044665427054,0.6691088855493765,1.2013865482666626,-0.42704448931996974,-0.5245364849239426,-0.38013279564832925,0.2667576003595904,-0.30933321111022816,0.46278168191954616,0.401530280185839,-0.9854744126351627
0.019172996599317694,-1.043531051389811,-0.8376961405825243,-0.959676833544127,0.3617477625554407,0.5083371796299236,0.9416182672263385,-1.0824140744146846,-0.8630542035669725,1.3849012877946678,-1.017692508255564,-1.4959536311505373,-1.099121541331245,-0.4505883356536205,-0.420003543254714,-0.6583229012349219,-0.9854744126351627
0.35183059364734914,-1.043531051389811,-0.02907056779762208,-1.0377487393670337,0.9717412482653051,0.9939570865028392,0.6702504974501486,0.16443277844108792,0.10734535128767636,1.3849012877946678,-0.6889218260344825,-0.38013279564832925,-1.099121541331245,0.6257142980954902,0.46278168191954616,0.401530280185839,0.40254642501643156
-0.9787997945447767,-1.043531051389811,-0.7425637202548888,0.523689377091099,-1.3810907680441717,-0.04665699965340851,1.484353806778718,0.4019274170802822,0.34338848625232066,-1.3330173778772887,-1.8396192138082668,-1.4959536311505373,-1.099121541331245,-1.029427269923827,-1.302788768428974,-0.6583229012349219,1.7905672626680256
1.2666389855294355,-1.043531051389811,-1.1135801595326673,-0.8816049277212203,0.7103154686753632,0.9245828140924227,0.6702504974501486,0.6691088855493765,0.5382177405088525,-0.42704448931996974,0.13300487951822032,-1.4959536311505373,-1.099121541331245,-0.8344337827824047,1.3455669070938063,-0.6583229012349219,-0.9854744126351627
-1.4777861901168239,0.9582848528255726,1.0982486130848594,-0.022813963669248115,-1.6425165476341137,0.5083371796299236,-0.008168926990325804,0.015998629291591064,0.5382177405088525,0.47892839923734903,0.2973902206287603,-0.38013279564832925,-1.099121541331245,1.210694759519757,-1.302788768428974,1.4613834616065997,-0.29146399380936555
-0.7293065967587531,0.9582848528255726,1.8926043228206164,1.4605522469659777,-0.24824572315442367,-0.4629026341159076,-1.093640006095085,0.045685459121490433,0.20475997841594226,-0.42704448931996974,1.7768582906236259,-0.38013279564832925,-1.099121541331245,0.9634982915688202,-0.420003543254714,-1.7181760826556827,-0.29146399380936555
0.8508169892193963,-1.043531051389811,-0.16225595625631173,-0.4131734927837817,0.536031615615402,1.5489512657861713,-1.6363755456474647,-0.963666755095087,-0.7768797257227372,0.47892839923734903,-1.3464631904766449,-0.38013279564832925,-1.099121541331245,0.056087654556374794,0.46278168191954616,0.401530280185839,0.40254642501643156
0.8508169892193963,-1.043531051389811,-0.205065545403748,-0.8035330218983135,0.9717412482653051,-1.5035167202721553,-0.008168926990325804,-0.34024332866720136,-1.035403159255443,-0.42704448931996974,-1.1820778493661046,0.7356880398538787,0.2667576003595904,0.24647499633225153,0.46278168191954616,0.401530280185839,0.40254642501643156
-1.7272793879028474,-1.043531051389811,-1.0136911181886503,0.13332984797656533,0.6231735421453826,1.4795769933757548,-0.5509044665427054,-0.16212234968780515,0.32840162054027977,-1.3330173778772887,-0.6889218260344825,-1.4959536311505373,-1.099121541331245,-1.1568639583705835,-1.302788768428974,-0.6583229012349219,1.7905672626680256
-1.394621790854816,0.9582848528255726,1.079222129019332,-0.7254611160754085,0.013180056435518213,1.2714541761445053,-0.008168926990325804,0.28318009776068537,1.1264522197064581,-1.3330173778772887,-0.3601511438134018,0.7356880398538787,0.2667576003595904,1.7572906762311462,-1.302788768428974,1.4613834616065997,-0.29146399380936555
0.6013237914333728,0.9582848528255726,1.4407253262643476,0.3675455654452855,1.233167027855247,0.30021436239867405,-1.093640006095085,-0.22149600934760388,-0.14368464938900885,1.3849012877946678,0.461775561739301,-1.4959536311505373,-1.099121541331245,1.2828577035799684,0.46278168191954616,-1.7181760826556827,-0.29146399380936555
0.18550179512333342,-1.043531051389811,-0.32398107081329247,0.13332984797656533,-1.3810907680441717,0.36958863480909054,-0.6865883514308003,0.253493267930786,-0.01629629083666113,1.3849012877946678,-0.5245364849239426,-0.38013279564832925,-1.099121541331245,-0.4214160816718332,0.46278168191954616,0.401530280185839,-0.9854744126351627
1.017145787743412,0.9582848528255726,-1.1563897486801036,-0.8816049277212203,0.9717412482653051,-1.0178968133992397,-0.9579561212069901,0.31286692759058476,-0.12869778367696794,-1.3330173778772887,0.461775561739301,-1.4959536311505373,-1.099121541331245,-0.8881721453804347,1.3455669070938063,-0.6583229012349219,-0.9854744126351627
-0.5629777982347374,-1.043531051389811,-0.8091564144842336,-1.193892551012847,-0.8582392088642881,1.6183255381965878,1.3486699218906233,1.1737849926576651,1.7821275946082478,-0.42704448931996974,0.13300487951822032,0.7356880398538787,1.6326367420504257,-0.2832317207054706,-0.420003543254714,-0.6583229012349219,-0.9854744126351627
0.18550179512333342,-1.043531051389811,0.18973399895593943,0.28947365962237875,-1.555374621104133,1.2020799037340888,1.2129860370025283,0.045685459121490433,0.06613147057956387,0.47892839923734903,-0.6889218260344825,0.7356880398538787,0.2667576003595904,0.037663073094193,0.46278168191954616,0.401530280185839,0.40254642501643156
-1.7272793879028474,-1.043531051389811,-0.3192244497969103,0.21140175379947204,-0.8582392088642881,-1.5035167202721553,-0.1438528118784207,-0.933979925265188,-1.233979129939985,1.3849012877946678,-1.5108485315871856,-1.4959536311505373,-1.099121541331245,-0.45519448101916604,-1.302788768428974,0.401530280185839,-0.9854744126351627
-1.311457391592808,-1.043531051389811,-0.2764148606494747,-0.8816049277212203,0.536031615615402,1.1327056313236723,0.5345666125620538,0.253493267930786,0.6356323676371184,-0.42704448931996974,-1.3464631904766449,-1.4959536311505373,-1.099121541331245,0.2080904516193731,-1.302788768428974,0.401530280185839,0.40254642501643156
1.5161321833154593,-1.043531051389811,-1.0327176022541773,-1.193892551012847,-0.9453811353942687,0.5083371796299236,0.6702504974501486,-0.607424797136295,-0.7094388300185531,-0.42704448931996974,-0.0313804615923204,-0.38013279564832925,0.2667576003595904,-0.5749542605233469,1.3455669070938063,-0.6583229012349219,-0.9854744126351627
-0.5629777982347374,0.9582848528255726,0.1802207569231764,1.5386241527888844,-0.5096715027443656,-0.4629026341159076,-1.6363755456474647,0.4019274170802822,0.5419644569368627,-1.3330173778772887,1.119316926181463,-0.38013279564832925,0.2667576003595904,-0.5841665512544375,-0.420003543254714,0.401530280185839,-0.9854744126351627
0.019172996599317694,0.9582848528255726,0.38475546062759275,0.21140175379947204,-1.293948841514191,1.4795769933757548,-0.9579561212069901,0.1941196082709873,1.107718637566407,-1.3330173778772887,0.2973902206287603,0.7356880398538787,0.2667576003595904,0.2879303046221601,-0.420003543254714,1.4613834616065997,0.40254642501643156
-1.311457391592808,-1.043531051389811,-1.403734041531956,-0.8035330218983135,1.4074508809152082,-1.5035167202721553,-0.5509044665427054,-2.002705799141564,-2.0545100276742247,1.3849012877946678,0.13300487951822032,-1.4959536311505373,-1.099121541331245,-1.229026902430795,-1.302788768428974,-0.6583229012349219,1.7905672626680256
-1.6441149886408395,-1.043531051389811,-0.6236481948453443,-1.0377487393670337,0.3617477625554407,-1.0872710858096561,-1.2293238909831798,-0.34024332866720136,-0.6457446507423793,-1.3330173778772887,-0.6889218260344825,-1.4959536311505373,-1.099121541331245,-0.13429968721950247,-1.302788768428974,0.401530280185839,-0.9854744126351627
-1.7272793879028474,-1.043531051389811,-0.5522988795996177,-1.0377487393670337,0.8845993217353245,1.2714541761445053,-1.6363755456474647,-0.07306186019810704,0.3508819191083411,0.47892839923734903,-0.6889218260344825,0.7356880398538787,0.2667576003595904,-0.04371216169710943,-1.302788768428974,0.401530280185839,-0.9854744126351627
-0.14715580192469804,-1.043531051389811,-0.3192244497969103,0.21140175379947204,0.3617477625554407,-1.1566453582200726,-1.6363755456474647,0.37224058725038284,-0.09872405225288612,0.47892839923734903,-0.8533071671450232,0.7356880398538787,0.2667576003595904,-0.45519448101916604,-0.420003543254714,0.401530280185839,-0.9854744126351627
1.5992965825774672,-1.043531051389811,-0.8139130355006154,-0.17895777531506155,-0.8582392088642881,-1.5035167202721553,-0.6865883514308003,-1.5277165218631747,-1.8596807734176928,1.3849012877946678,0.13300487951822032,-1.4959536311505373,-1.099121541331245,-0.8067969105891323,1.3455669070938063,-0.6583229012349219,-0.9854744126351627
0.6844881906953806,-1.043531051389811,-1.4370303886466285,-0.8035330218983135,-0.07396187009446241,-0.8097739961679902,0.263198842785864,-2.2105136079508596,-2.245592565502746,-1.3330173778772887,-0.5245364849239426,-0.38013279564832925,-1.099121541331245,-1.2689468289321888,0.46278168191954616,-0.6583229012349219,1.7905672626680256
0.35183059364734914,-1.043531051389811,-0.3477641758952013,0.3675455654452855,-0.24824572315442367,0.9245828140924227,-0.6865883514308003,0.6691088855493765,0.5382177405088525,-0.42704448931996974,-1.5108485315871856,0.7356880398538787,0.2667576003595904,-0.5596004426381953,0.46278168191954616,0.401530280185839,-0.9854744126351627
-1.5609505893788318,0.9582848528255726,2.2303244149837225,0.055257942153658604,0.536031615615402,0.6470857244507566,0.6702504974501486,-0.7261721164558925,-0.19613867938115204,-1.3330173778772887,1.2837022672920038,-0.38013279564832925,0.2667576003595904,2.3729787734257157,-1.302788768428974,-1.7181760826556827,1.0965568438422286
0.9339813884814042,-1.043531051389811,-0.30971120776414723,0.21140175379947204,-1.6425165476341137,-1.6422652650929883,-0.4152205816546105,-1.73552433067247,-2.024536296250143,-1.3330173778772887,0.13300487951822032,-0.38013279564832925,-1.099121541331245,-0.44444680849956003,1.3455669070938063,0.401530280185839,-0.9854744126351627
-0.4798133989727295,-1.043531051389811,-0.2573883765839473,0.21140175379947204,-0.24824572315442367,0.4389629072195071,1.2129860370025283,-1.201161393734282,-0.9904425621193201,0.47892839923734903,-1.5108485315871856,-1.4959536311505373,-1.099121541331245,-0.3891730641130152,-0.420003543254714,0.401530280185839,-0.9854744126351627
-0.14715580192469804,-1.043531051389811,-0.03382718881400359,0.28947365962237875,1.0588831747952858,-1.5728909926825718,-1.3650077758712749,-0.13243551985790578,-0.6382512178863589,0.47892839923734903,-1.1820778493661046,-0.38013279564832925,0.2667576003595904,-0.19571495876010775,-0.420003543254714,0.401530280185839,-0.9854744126351627
-0.8124709960207609,-1.043531051389811,-0.6474312999272532,-0.8035330218983135,0.10032198296549884,1.2020799037340888,0.9416182672263385,-1.201161393734282,-0.8180936064308497,0.47892839923734903,-1.1820778493661046,-1.4959536311505373,-1.099121541331245,-0.29858553859062215,-1.302788768428974,0.401530280185839,-0.9854744126351627
-1.4777861901168239,-1.043531051389811,-0.04809705186314946,-0.335101586960875,-1.555374621104133,-1.1566453582200726,1.0773021521144335,-0.19180917951770451,-0.5483300236141134,-1.3330173778772887,-1.3464631904766449,-0.38013279564832925,0.2667576003595904,0.14053365292470688,-1.302788768428974,0.401530280185839,0.40254642501643156
1.5992965825774672,-1.043531051389811,-1.3086016212043203,-0.4131734927837817,0.6231735421453826,-1.0178968133992397,1.0773021521144335,0.0753722889513898,-0.5970373371782464,1.3849012877946678,-1.3464631904766449,0.7356880398538787,0.2667576003595904,-1.2704822107207034,1.3455669070938063,-0.6583229012349219,1.7905672626680256
0.7676525899573885,-1.043531051389811,-0.02907056779762208,-1.0377487393670337,1.4074508809152082,0.36958863480909054,0.263198842785864,-0.19180917951770451,-0.39096793363768384,0.47892839923734903,-0.8533071671450232,-0.38013279564832925,0.2667576003595904,0.6257142980954902,0.46278168191954616,0.401530280185839,0.40254642501643156
0.2686661943853413,0.9582848528255726,-0.0052874627157131916,-0.7254611160754085,0.7103154686753632,-0.5322769065263241,0.8059343823382435,-2.1808267781209603,-2.0694968933862654,0.47892839923734903,0.9549315850709231,-0.38013279564832925,-1.099121541331245,0.4383977198966436,0.46278168191954616,0.401530280185839,0.40254642501643156
0.8508169892193963,-1.043531051389811,-1.161146369696485,-1.4281082684815674,-0.07396187009446241,0.6470857244507566,0.1275149578977691,0.0753722889513898,-0.07999047011283499,-0.42704448931996974,-0.8533071671450232,-0.38013279564832925,0.2667576003595904,-0.622551095967316,0.46278168191954616,-0.6583229012349219,-0.9854744126351627
-1.7272793879028474,0.9582848528255726,0.8937139093804431,0.13332984797656533,1.3203089543852276,1.6876998106070042,-1.6363755456474647,0.4613010767400809,1.5011238625074808,1.3849012877946678,0.7905462439603824,-1.4959536311505373,-1.099121541331245,0.8775169114119726,-1.302788768428974,1.4613834616065997,-0.29146399380936555
0.9339813884814042,-1.043531051389811,-0.5713253636651447,0.21140175379947204,1.0588831747952858,1.5489512657861713,1.6200376916668129,-0.1027486900280064,0.032411022727471824,0.47892839923734903,-0.6889218260344825,0.7356880398538787,0.2667576003595904,-0.7208155304322847,1.3455669070938063,0.401530280185839,-0.9854744126351627
-1.7272793879028474,-1.043531051389811,-1.0897970544507585,-1.506180174304474,0.10032198296549884,0.23084008998825753,-1.3650077758712749,0.10505911878128917,0.1710395305638502,1.3849012877946678,-0.8533071671450232,-0.38013279564832925,0.2667576003595904,-0.4828313532124385,-1.302788768428974,-0.6583229012349219,-0.9854744126351627
0.5181593921713649,-1.043531051389811,-0.0052874627157131916,0.13332984797656533,0.10032198296549884,0.5777114520403401,-1.6363755456474647,-0.22149600934760388,-0.3572474857855918,-1.3330173778772887,-0.5245364849239426,0.7356880398538787,0.2667576003595904,-0.08056132462147247,0.46278168191954616,0.401530280185839,-0.9854744126351627
