age,gender,weight,height,max_bpm,avg_bpm,resting_bpm,session_duration,calories_burned,workout_type,fat_percentage,water_intake,workout_frequency,experience_level,bmi,age_category,weight_category,bmi_category,hrr,intensity,cardio_load,weekly_cardio_load,bpm_efficiency,calories_per_min,calories_per_kg,fat_burn_efficiency,weight_height_ratio,bmi_age_interaction,weight_age_ratio,fat_risk_score,water_per_session,water_per_kg,hydration_score,experience_intensity_ratio,experience_load,experience_frequency_score
0.9268292682926831,1.0,0.5372636262513903,0.41999999999999993,0.5128205128205128,0.7551020408163267,0.41666666666666696,0.7933333333333332,0.6824324324324325,1.0,12.6,0.9090909090909091,0.6666666666666666,1.0,0.4765458422174839,1.0,1.0,0.25,0.5396825396825395,0.6241931831049713,0.6587120627912454,0.58033453629847,0.7015078145893494,0.6083319431200229,0.46535972554758526,0.5303322149463316,0.505033926060166,0.5735837795719425,0.13743706108742165,0.34399761734266193,0.3389830508474576,0.37348497626563204,0.09636152184748296,0.7714855641362514,0.6872529745016599,0.7692307692307693
0.6829268292682928,0.0,0.38820912124582874,0.06000000000000005,0.4871794871794872,0.6326530612244898,0.666666666666667,0.5333333333333334,0.39189189189189194,0.3333333333333333,33.9,0.2727272727272728,0.6666666666666666,0.5,0.5245202558635393,0.6666666666666666,0.6666666666666666,0.25,0.4285714285714284,0.5431670212435479,0.43262207822338794,0.3998948509875919,0.4106919145484986,0.3576034370192176,0.34636602697372,0.3737309671441044,0.4586153666796362,0.4827334670667616,0.14563258676195384,0.3459025168180402,0.1016949152542373,0.1934235976789159,0.05457163426925847,0.42487234115558925,0.3061089768631995,0.46153846153846156
0.34146341463414637,0.0,0.31256952169076735,0.31999999999999984,0.17948717948717974,0.04081632653061229,0.16666666666666696,0.4066666666666667,0.25270270270270273,0.0,33.4,0.36363636363636365,0.6666666666666666,0.5,0.33022388059701496,0.3333333333333333,0.6666666666666666,0.0,0.4285714285714284,0.3259615413522158,0.2521311384507085,0.2558472124497946,0.3761805355236808,0.17969060120121694,0.2749944061264584,0.18126747322674558,0.32142500612061664,0.20036804323679108,0.22521756892493588,0.1972801901284978,0.13559322033898302,0.282466619517889,0.09645931028220443,0.31158371263991996,0.19584430317843302,0.46153846153846156
0.17073170731707316,1.0,0.1468298109010011,0.3999999999999999,0.7692307692307692,0.8979591836734695,0.25,0.06,0.1547297297297297,0.6666666666666666,28.8,0.2727272727272728,0.33333333333333337,0.0,0.1623134328358209,0.0,0.3333333333333333,1.0,0.7619047619047619,0.6207812708623118,0.140053737294014,0.11114359523125336,0.10965510321975264,0.9285603967947469,0.2772631528220382,0.6623765000526234,0.1530979305927581,0.06340042109451419,0.2251976672713371,0.0796414906795738,0.22033898305084748,0.37094064949608074,0.3416919866749645,0.16189153887689756,0.04278048432931377,0.07692307692307693
0.48780487804878053,1.0,0.06785317018909898,0.5800000000000001,0.7179487179487181,0.7755102040816326,0.75,0.09333333333333332,0.17094594594594598,0.6666666666666666,29.2,0.5909090909090909,0.33333333333333337,0.0,0.05517057569296374,0.3333333333333333,0.3333333333333333,1.0,0.5396825396825395,0.5399728230098518,0.1426614765211907,0.1127044991112637,0.14145913126336607,0.8440068676537522,0.35685998984510486,0.561829379812208,0.05725806763593072,0.09928049205059769,0.07954270185906577,0.024389214627008562,0.37853107344632764,0.7010032013493491,0.441444684425246,0.14081776524497708,0.043577038204266595,0.07692307692307693
0.9268292682926831,0.0,0.20022246941045596,0.3599999999999999,0.2051282051282053,0.7346938775510203,1.0,0.7266666666666668,0.5493243243243244,0.3333333333333333,15.5,0.5454545454545455,0.9999999999999999,1.0,0.2193496801705757,1.0,0.3333333333333333,0.0,0.12698412698412698,0.7166051891667894,0.6709062182271789,0.7512392797507058,0.5617044825677919,0.41575039854400697,0.6342152406814157,0.5092955709941571,0.20897108335920156,0.3496079179031482,0.0512913319383793,0.11548835090434295,0.11186440677966103,0.4808077102647901,0.031009141910156607,0.8437850482263594,0.6984273683939347,1.0
0.43902439024390244,1.0,0.3370411568409343,0.43999999999999995,0.3589743589743595,1.0,0.9583333333333335,0.6599999999999999,0.731081081081081,0.0,21.3,0.36363636363636365,0.33333333333333337,0.5,0.30490405117270786,0.3333333333333333,0.6666666666666666,0.0,0.23809523809523792,0.8294430847229216,0.6879216754836553,0.43907868227572616,0.6821085989628697,1.0,0.6519791033158052,0.8720590823066139,0.31879537227127774,0.2271589383113115,0.19729997151552398,0.1858318241232555,0.2655367231638418,0.26606062440328915,0.09518379469239778,0.5741863576558571,0.46207540276363557,0.3076923076923077
0.5365853658536586,0.0,0.33036707452725245,0.020000000000000018,0.7435897435897436,0.4285714285714288,0.5833333333333335,0.5133333333333334,0.39999999999999997,0.0,30.6,0.18181818181818177,0.33333333333333337,0.5,0.48640724946695096,0.6666666666666666,0.6666666666666666,0.25,0.6190476190476188,0.3465066243913487,0.3187311613602724,0.2180938154023203,0.46848056685151906,0.42303317737375234,0.3869881409635693,0.27099188427641824,0.41025698602833893,0.3794492614267478,0.1638209675726729,0.3041095970628058,0.1751412429378531,0.1813519671207625,0.08936733880187224,0.32229948409010795,0.2365312750717038,0.3076923076923077
0.2439024390243903,1.0,0.9087875417130145,0.8799999999999999,0.6410256410256414,0.14285714285714324,0.08333333333333348,0.35333333333333333,0.2810810810810811,0.6666666666666666,28.9,0.5000000000000001,0.6666666666666666,0.5,0.533582089552239,0.0,0.0,0.25,0.746031746031746,0.2712999234582891,0.20138266608112737,0.21534546973935326,0.38915685119846755,0.4059244036028222,0.11920682232788411,0.21686635994351205,0.6969675523224371,0.2479484076327525,0.5784008429691533,0.47016403001952456,0.1864406779661017,0.089837870655717,0.13793537293715535,0.2830736597317307,0.16484128578110618,0.46153846153846156
0.2439024390243903,1.0,0.6874304783092324,0.6800000000000002,0.23076923076923084,0.3265306122448983,0.5833333333333335,0.38666666666666666,0.3412162162162162,0.0,29.7,0.5454545454545455,0.33333333333333337,0.0,0.47308102345415776,0.0,0.0,0.25,0.3015873015873014,0.44715854861931204,0.2944169981758637,0.20354018547712355,0.4215012935569459,0.5344807354321217,0.1975840111386229,0.376526392818019,0.5688471548986366,0.22160513271108606,0.4652457267931834,0.37201200870705414,0.35593220338983056,0.16991066033828192,0.21214302855771539,0.11661303095917125,0.08993192199009223,0.07692307692307693
0.5609756097560976,1.0,0.8987764182424915,0.33999999999999986,0.7179487179487181,0.5306122448979593,0.16666666666666696,0.21333333333333332,0.19594594594594594,0.3333333333333333,20.5,0.6818181818181818,0.0,0.0,0.8259594882729211,0.6666666666666666,0.0,0.75,0.7619047619047619,0.4483899154437304,0.190991576864866,0.07621403507191049,0.20419853344749062,0.47037588973442546,0.08061887564710989,0.3544438452302225,0.8631043269367568,0.6086100565327675,0.35548845391456774,0.7669867449337944,0.7627118644067796,0.14370668784505644,0.5775342850620732,0.11693415512880051,0.05833983668672545,0.0
0.853658536585366,1.0,0.13014460511679637,0.3999999999999999,0.384615384615385,0.6530612244897962,0.916666666666667,0.4333333333333333,0.3797297297297298,0.3333333333333333,23.6,0.9090909090909091,0.33333333333333337,0.5,0.14845415778251597,1.0,0.3333333333333333,1.0,0.26984126984126977,0.5785202832475626,0.3833093911192157,0.2567481441574491,0.3925527217096798,0.5448129104207435,0.537256258185706,0.47175060639474825,0.13783336587339168,0.2656252590394403,0.04169991505572858,0.07102299134809636,0.536723163841808,0.8090493810070735,0.2786072766352605,0.44331166675636935,0.27598310262868786,0.3076923076923077
0.9512195121951221,1.0,0.8064516129032258,0.2200000000000002,0.8974358974358978,0.9183673469387754,0.4583333333333335,0.49333333333333335,0.47972972972972977,0.0,22.1,0.5454545454545455,0.33333333333333337,0.5,0.8283582089552237,1.0,0.0,0.75,0.7619047619047619,0.5776834320076666,0.42360191592902974,0.28086587711771277,0.4444182689113193,0.7110242763909271,0.23880940882975765,0.5383927360318996,0.8205544544998687,0.8979426051492896,0.20062855217590625,0.740039838541876,0.35593220338983056,0.13075435203094835,0.17269328131168865,0.4428751873025043,0.3005984218557088,0.3076923076923077
0.5609756097560976,1.0,0.6062291434927696,1.0,0.4871794871794872,0.3265306122448983,0.791666666666667,0.4533333333333333,0.3317567567567568,0.3333333333333333,27.6,1.0,0.33333333333333337,0.0,0.3011727078891258,0.6666666666666666,1.0,0.0,0.38095238095238093,0.3365314336891736,0.2816950689781384,0.1959252719769553,0.40959971687785335,0.3413075898990934,0.21554423973918996,0.23853890462052646,0.42913214260130383,0.2740181369054526,0.2533589925198084,0.22479304538033673,0.5819209039548022,0.36596972767185487,0.28987240342806475,0.08776294362861481,0.08604591149728127,0.07692307692307693
0.04878048780487804,1.0,0.8642936596218018,0.6200000000000001,0.9230769230769234,0.8367346938775513,0.16666666666666696,0.5666666666666667,0.6027027027027028,1.0,26.4,0.818181818181818,0.33333333333333337,0.5,0.6292643923240937,0.0,0.0,0.25,0.8888888888888888,0.5450565469592553,0.4555552914969636,0.2999920793789007,0.5927488245491033,0.8861879720447998,0.28317018276987527,0.582484362305159,0.7366821990055804,0.17047696414065222,0.8233617678365289,0.5528833254132126,0.4915254237288136,0.1934235976789159,0.20534890542089962,0.4258578677499676,0.3201192273574281,0.3076923076923077
0.5121951219512195,0.0,0.02780867630700773,0.5,0.5384615384615383,0.22448979591836737,0.08333333333333348,0.4199999999999999,0.29527027027027025,0.6666666666666666,26.2,0.2727272727272728,0.0,0.0,0.041577825159914705,0.3333333333333333,0.3333333333333333,1.0,0.6825396825396823,0.341313501855251,0.2661382658452214,0.10620086738933252,0.3877044498575385,0.2950741830763024,0.5635456218822148,0.22676485239441796,0.03185367367893216,0.09700094497587827,0.05989351188217802,0.015378521418421415,0.4576271186440678,0.5252019569916937,0.24731614391202694,0.08901004371162005,0.08129396709721978,0.0
0.024390243902439046,0.0,0.2669632925472747,0.06000000000000005,0.1538461538461542,0.9591836734693877,0.3333333333333335,0.5533333333333335,0.5459459459459459,0.3333333333333333,29.8,0.36363636363636365,0.33333333333333337,0.5,0.40031982942430694,0.0,0.6666666666666666,0.5,0.3492063492063491,0.9142855345437163,0.6448693942127611,0.41330905309704835,0.5037636883961811,0.7582554474488448,0.5615220478821615,0.8179702984628092,0.3353681404269725,0.08794078151162987,0.4226891081202849,0.23221003708978488,0.2655367231638418,0.3160511363636368,0.11789372639662511,0.6184379335595408,0.4357741061351247,0.3076923076923077
0.5609756097560976,0.0,0.042269187986651746,0.54,0.5641025641025639,0.9183673469387754,0.3333333333333335,0.4599999999999999,0.39256756756756755,0.0,31.9,0.045454545454545525,0.33333333333333337,0.0,0.044243070362473325,0.6666666666666666,0.3333333333333333,1.0,0.603174603174603,0.7029799715810509,0.4611470517538573,0.303339116609507,0.3540281125225764,0.5209013054470764,0.6705721476060963,0.5477207648987383,0.03981243785061156,0.11020573948507106,0.05647824374740153,0.017760446709600627,0.10734463276836159,0.32524310431626124,0.07083668600629599,0.1833278720551737,0.1408608909853656,0.07692307692307693
0.7073170731707319,0.0,0.29810901001112333,0.5,1.0,0.5306122448979593,0.25,0.4199999999999999,0.2966216216216216,0.6666666666666666,32.8,0.4545454545454545,0.33333333333333337,0.5,0.25293176972281445,0.6666666666666666,0.6666666666666666,0.0,0.9047619047619047,0.36581083959636795,0.27730470596130696,0.1932973502138403,0.32218950694314985,0.29961668266422015,0.3200517834272209,0.24311606133490743,0.2720743093197069,0.2974974717750625,0.11267795221816874,0.14857020122649667,0.3107344632768362,0.3391427975769934,0.17696991320340394,0.33236805172588807,0.21122322031706348,0.3076923076923077
0.902439024390244,0.0,0.3915461624026696,0.33999999999999986,0.7179487179487181,0.9591836734693877,0.04166666666666696,0.5800000000000001,0.4912162162162162,0.3333333333333333,25.2,0.31818181818181823,0.0,0.0,0.39019189765458423,1.0,0.6666666666666666,0.5,0.8095238095238093,0.6796082479850759,0.5386901404884292,0.2149610466283866,0.44768679844884096,0.5439169524728247,0.42005390645028823,0.541792760546338,0.39072546184881385,0.4872096685953016,0.10407982195158184,0.2511290873865636,0.4915254237288136,0.21232869665418272,0.20098479712863848,0.1772328358858285,0.16454702001376767,0.0
0.024390243902439046,1.0,0.5450500556173525,0.54,0.384615384615385,0.14285714285714324,0.916666666666667,0.6666666666666667,0.5033783783783785,0.6666666666666666,28.9,1.0,0.6666666666666666,0.5,0.42883795309168443,0.0,1.0,0.5,0.26984126984126977,0.2280888265411014,0.32959333875358515,0.31766885869765915,0.6886642454219253,0.4074859062119762,0.3458341098307447,0.1893578757494363,0.48159366309962415,0.09636681642600176,0.6321801986338497,0.3087999253067788,0.3728813559322034,0.4035272640340767,0.13265178785697146,0.26053589545039213,0.24316714525603628,0.46153846153846156
0.48780487804878053,1.0,0.3548387096774194,0.54,0.9487179487179489,0.44897959183673475,0.916666666666667,0.4133333333333334,0.3864864864864865,0.0,25.7,0.7272727272727274,0.0,0.0,0.2833155650319829,0.3333333333333333,0.6666666666666666,0.0,0.6190476190476188,0.26565507870003413,0.22839003436821653,0.09113766363492509,0.4470286189893651,0.6194370442760624,0.361067942095896,0.27552561683436166,0.3144596154943563,0.23409705068054842,0.18764010456406527,0.17538522511505095,0.7966101694915255,0.42746884104561755,0.4141468682505399,0.06927932835581763,0.06976348132538215,0.0
0.7804878048780488,0.0,0.34482758620689646,0.3599999999999999,0.6923076923076925,0.8367346938775513,0.8333333333333335,0.4466666666666666,0.36824324324324326,1.0,33.1,0.4545454545454545,0.0,0.0,0.34221748400852875,1.0,0.6666666666666666,0.5,0.49206349206349187,0.5800777563884801,0.3930913669710622,0.15686073553911223,0.3435655030585416,0.47452232919045945,0.3523378982295024,0.4443456256652137,0.3428388930012657,0.394038362704952,0.11247470128779812,0.2106157002419361,0.5932203389830508,0.30477838014547676,0.2983761299096072,0.1512766010474858,0.12007276199556877,0.0
0.26829268292682934,1.0,0.8998887652947718,0.56,0.9487179487179489,0.9795918367346941,0.625,0.1866666666666667,0.28243243243243243,1.0,28.1,0.8636363636363636,0.0,0.0,0.6886993603411511,0.0,0.0,0.25,0.7301587301587298,0.5837236594229008,0.21757866362194506,0.08682345144422332,0.2307926958181566,0.986727982511002,0.12135578064489934,0.6550751082306021,0.7867431613441723,0.3313052272086739,0.5501463771210209,0.621554477309697,0.8983050847457625,0.1947434857524085,0.7060235181185506,0.15222740430225928,0.06646106551181258,0.0
0.5121951219512195,0.0,0.27030033370411555,0.3799999999999999,0.7692307692307692,0.5714285714285716,0.3333333333333335,0.49999999999999994,0.42027027027027025,0.3333333333333333,26.9,0.18181818181818177,0.6666666666666666,0.5,0.271588486140725,0.3333333333333333,0.6666666666666666,0.0,0.7301587301587298,0.4415334410804913,0.3594712865406882,0.3415140878737514,0.4572060235942228,0.5135684132551517,0.44666231802908934,0.3651973992667063,0.26992754979794575,0.23649679205557123,0.14888962438547915,0.15500262924525032,0.06779661016949151,0.21688711341601727,0.045822894168466535,0.3718629561549418,0.2614200402061355,0.46153846153846156
0.5853658536585367,0.0,0.26362625139043383,0.41999999999999993,0.3333333333333339,1.0,0.5,0.6133333333333333,0.5250000000000001,1.0,26.1,0.13636363636363635,0.33333333333333337,0.5,0.2521321961620469,0.6666666666666666,0.6666666666666666,0.0,0.39682539682539675,0.8488892017371242,0.6603110258986119,0.4225518878716859,0.47345373816458136,0.5663445810026653,0.5458825834980979,0.6709584313212813,0.25615903461224765,0.25177804671828113,0.1278653134041947,0.14287565251643886,0.15254237288135591,0.1968396345296031,0.06142832517060608,0.5843289375189269,0.4452076349379838,0.3076923076923077
0.6341463414634148,1.0,0.28031145717463846,0.6000000000000001,0.8205128205128212,0.38775510204081653,0.75,0.15333333333333332,0.13445945945945947,0.3333333333333333,27.2,0.5454545454545455,0.0,0.0,0.20788912579957358,0.6666666666666666,0.6666666666666666,0.0,0.603174603174603,0.28381873239796773,0.10654358721962451,0.04251557490825323,0.15215625915446535,0.3792659905071636,0.18840100751779104,0.2170072852727432,0.2383533513216648,0.23955967439778514,0.12231697361301726,0.12068415255199896,0.6610169491525424,0.4010128039301768,0.5848890992830162,0.07401616882895382,0.03254455290878435,0.0
1.0,1.0,0.1546162402669632,0.5,0.2051282051282053,0.30612244897959195,0.791666666666667,0.6533333333333333,0.4635135135135135,0.6666666666666666,21.6,0.5909090909090909,0.6666666666666666,0.5,0.14072494669509594,1.0,0.3333333333333333,1.0,0.20634920634920628,0.4196580228739668,0.43774165751638805,0.40398072537215907,0.581599539847551,0.32940381678634356,0.5997387673213097,0.2862194116243541,0.1445497743499129,0.30302226495797346,0.03184264575806185,0.07048895086584167,0.22033898305084743,0.5645708256926821,0.0799330648142743,0.3604533170976596,0.3092366060996415,0.46153846153846156
0.6585365853658538,1.0,0.49944382647385976,0.7200000000000002,0.666666666666667,0.3265306122448983,0.666666666666667,0.76,0.5412162162162162,0.3333333333333333,14.2,0.9090909090909091,0.9999999999999999,1.0,0.32569296375266515,0.6666666666666666,1.0,0.0,0.5396825396825395,0.2993432227380819,0.4202698046943041,0.5012019125948782,0.6731346290577553,0.3420502763757456,0.39327587585528606,0.21558379286036372,0.40136868967355266,0.33033538354415687,0.18677420805660916,0.2258918591663554,0.22033898305084743,0.3981245429256851,0.0630037401885898,0.5173358541352902,0.4687509448582484,1.0
0.3658536585365854,0.0,0.42269187986651824,0.3599999999999999,0.5897435897435903,0.30612244897959195,0.20833333333333348,0.5266666666666666,0.3837837837837838,0.3333333333333333,32.3,0.13636363636363635,0.33333333333333337,0.5,0.4083155650319829,0.3333333333333333,0.6666666666666666,0.5,0.6666666666666665,0.35950062280602435,0.3326678759613548,0.2264358580685183,0.4805431892940727,0.3472425019871572,0.32232613406299193,0.25478953260352116,0.4149215597316078,0.25068386412241583,0.2627140935462901,0.26975384784009393,0.15254237288135591,0.11642612706442426,0.07705058013963532,0.3290768096901336,0.24504542702670778,0.3076923076923077
0.34146341463414637,1.0,0.7586206896551724,0.6000000000000001,0.3076923076923075,0.36734693877551017,0.125,0.5133333333333334,0.4466216216216216,0.3333333333333333,28.4,0.9090909090909091,0.33333333333333337,0.0,0.5618336886993602,0.3333333333333333,0.0,0.25,0.5238095238095237,0.4884093372373298,0.39142738098800656,0.2616072963886326,0.542241926533245,0.5624736076375147,0.23513932034435758,0.4155357333678284,0.6516273072422937,0.3156219433346043,0.4247316462527922,0.4645075434494893,0.536723163841808,0.26032635316074093,0.24343879261312645,0.1273706906417516,0.11956448476107506,0.07692307692307693
0.04878048780487804,0.0,0.28253615127919907,0.040000000000000036,0.6410256410256414,0.14285714285714324,0.0,0.35333333333333333,0.23716216216216218,1.0,28.0,0.31818181818181823,0.6666666666666666,0.5,0.4261727078891257,0.0,0.6666666666666666,0.5,0.7777777777777777,0.2806275871613887,0.20525816403932395,0.21843845784024835,0.32998365781085437,0.24396003722778947,0.2772631528220382,0.17475671973990153,0.35606308148412547,0.10731278701569985,0.4070191745498704,0.2522226739523123,0.11864406779661019,0.2803754902134754,0.1023156982392865,0.28793872220026606,0.16720888671589398,0.46153846153846156
0.878048780487805,0.0,0.11345939933259175,0.2200000000000002,0.7179487179487181,0.7551020408163267,0.7083333333333335,0.6533333333333333,0.5020270270270271,0.3333333333333333,28.2,0.5454545454545455,0.0,0.0,0.18789978678038383,1.0,0.3333333333333333,0.0,0.5555555555555554,0.5310237882890009,0.5042277531038226,0.20120903911105747,0.5048881365314781,0.4282492216707321,0.6958333599093262,0.39347353038642113,0.15112586260416916,0.3061638952900413,0.034401251318031664,0.08712443216326043,0.6610169491525424,0.5930822165881925,0.2410639581265932,0.13848397543780572,0.15402022042995595,0.0
0.14634146341463422,0.0,0.21023359288097876,0.020000000000000018,0.6923076923076925,0.7551020408163267,0.75,0.36000000000000004,0.34662162162162163,0.0,31.7,0.4545454545454545,0.0,0.0,0.36007462686567154,0.0,0.3333333333333333,0.5,0.5238095238095237,0.5369396767879387,0.3161075448726358,0.1261408063480438,0.3355153801520384,0.6280743451752047,0.4261250990994551,0.47522863462976966,0.2865230309521487,0.12957774498914104,0.27712771539510966,0.19562297007214197,0.5932203389830508,0.4170593702075116,0.34737221022318215,0.14002676085655208,0.0965574652350219,0.0
0.48780487804878053,1.0,0.46051167964404893,0.41999999999999993,0.6923076923076925,0.5714285714285716,0.3333333333333335,0.6799999999999999,0.6310810810810812,0.3333333333333333,10.2,0.9090909090909091,0.9999999999999999,1.0,0.41364605543710015,0.3333333333333333,1.0,0.5,0.6825396825396823,0.4644263205989473,0.4807215125205845,0.5615091347255281,0.7009356093313109,0.7030175424504659,0.47798243395496304,0.4497701140964732,0.43522755406867675,0.31111258475770487,0.22744341176164257,0.28103524261960405,0.22033898305084743,0.42563884440093225,0.07536660225076731,0.6464903148592929,0.5241472532176609,1.0
0.1951219512195122,1.0,0.9744160177975527,0.45999999999999996,0.17948717948717974,0.8163265306122449,0.5,0.5466666666666666,0.5804054054054055,0.6666666666666666,27.3,0.6363636363636364,0.33333333333333337,0.0,0.8078358208955223,0.0,0.0,0.75,0.3015873015873014,0.8046653833087988,0.580622587261431,0.3748531027460697,0.5742665313592954,0.8736578616495079,0.24275455545435753,0.7892723146040019,0.8877029018503212,0.33202639301049425,0.6677614546226152,0.7700588758237752,0.40112994350282494,0.11099876912256038,0.17508417508417506,0.20984608154153445,0.17735560632300898,0.07692307692307693
0.9268292682926831,0.0,0.21468298109009998,0.1200000000000001,0.5641025641025639,0.7142857142857144,0.29166666666666696,0.5066666666666666,0.38918918918918916,0.0,33.4,0.5000000000000001,0.6666666666666666,0.5,0.32116204690831557,1.0,0.3333333333333333,0.0,0.6190476190476188,0.5890612614652929,0.43842500109342963,0.4045260936255839,0.39026102592371537,0.4047971790749374,0.46355097698362974,0.4218902305735373,0.26933041528065294,0.43826986521659844,0.05498735332101147,0.1738016900571225,0.1864406779661017,0.4387910535877956,0.09567234621230304,0.4488095619572532,0.30965407113490573,0.46153846153846156
0.4146341463414634,1.0,0.6329254727474971,0.41999999999999993,0.7179487179487181,0.5102040816326534,0.916666666666667,0.56,0.5175675675675675,0.6666666666666666,24.2,0.6363636363636364,0.33333333333333337,0.5,0.5549040511727079,0.3333333333333333,1.0,0.25,0.47619047619047605,0.3657238021233977,0.35423155638401316,0.23934314269585105,0.5869742493159125,0.6618132262993579,0.3171242596251817,0.36184557055762817,0.5920389694118773,0.35337953215404766,0.32718511268501527,0.4296182340175494,0.40112994350282494,0.22276649639800875,0.17107407526800839,0.33232265528401556,0.25821900897071914,0.3076923076923077
0.07317073170731708,1.0,0.2513904338153503,0.6200000000000001,0.10256410256410309,0.6122448979591839,0.5,0.5333333333333334,0.5195945945945946,0.6666666666666666,27.6,0.9090909090909091,0.6666666666666666,0.5,0.18097014925373128,0.0,0.6666666666666666,0.0,0.25396825396825395,0.7027516702525197,0.5163078976575242,0.466683492477133,0.5608744238865834,0.7307348358621484,0.5524537913450692,0.641904663090404,0.21004066041881508,0.03897196571561201,0.3609989698471476,0.10244085004162118,0.3389830508474576,0.6260775795477719,0.1533477321814255,0.5081074696036649,0.35723392298830176,0.46153846153846156
0.5853658536585367,1.0,0.06117908787541715,0.20000000000000018,0.1538461538461542,0.8775510204081636,0.5833333333333335,0.54,0.5094594594594595,0.6666666666666666,21.7,0.5000000000000001,0.33333333333333337,0.5,0.14525586353944558,0.6666666666666666,0.3333333333333333,1.0,0.25396825396825395,0.8584531763107238,0.6036100642097022,0.388612623478153,0.484336611624301,0.685191676311951,0.7883070719502169,0.7378096471435478,0.10367890231380888,0.18197417065932792,0.05887291426172732,0.060610299043876575,0.33333333333333337,0.645205857971815,0.14912883305213448,0.5893172534819676,0.41056815083914583,0.3076923076923077
0.3170731707317073,0.0,0.09788654060066737,0.020000000000000018,0.8974358974358978,0.22448979591836737,0.41666666666666696,0.6533333333333333,0.45,0.0,28.2,0.2272727272727273,0.0,0.0,0.24200426439232398,0.3333333333333333,0.3333333333333333,0.0,0.7777777777777777,0.21645969375558327,0.3164309164405847,0.12626984581892245,0.589810613485484,0.29472121858129485,0.6579767472640538,0.1509253355676784,0.17080886926052652,0.1475986007725592,0.13702435398514257,0.11068644890905951,0.423728813559322,0.39437803215270917,0.15430116941995992,0.056449823104740254,0.09665624155161631,0.0
0.1951219512195122,0.0,0.047830923248053325,0.20000000000000018,0.666666666666667,0.3265306122448983,0.4583333333333335,0.38666666666666666,0.29121621621621624,0.0,34.7,0.2272727272727273,0.33333333333333337,0.0,0.13272921108742003,0.0,0.3333333333333333,1.0,0.6190476190476188,0.3234061827652588,0.24050385232486143,0.17126961268925228,0.35859295968174343,0.35862711712578266,0.5309876457169277,0.2357728153568212,0.09070402230234725,0.059069281652547295,0.15766676392135515,0.05352891552820771,0.19774011299435024,0.4589990001353519,0.13287825862819863,0.08434005191143013,0.07346373959249627,0.07692307692307693
0.6097560975609757,1.0,0.814238042269188,0.6600000000000001,0.02564102564102555,0.28571428571428603,0.541666666666667,0.6333333333333333,0.4452702702702703,1.0,29.9,0.6363636363636364,0.6666666666666666,0.5,0.5724946695095947,0.6666666666666666,0.0,0.25,0.19047619047619024,0.5031417617437647,0.4749238204949049,0.43365536045095326,0.5646247316594635,0.3170974741818626,0.2192567913054142,0.3332531570544021,0.6818468820595168,0.4750244533231652,0.3055299977791174,0.4868444777355627,0.23728813559322032,0.15587515634504498,0.08984881209503241,0.40399622533667545,0.33195175774594343,0.46153846153846156
0.024390243902439046,0.0,0.22803114571746375,0.18000000000000016,0.6153846153846159,0.16326530612244916,0.125,0.4266666666666666,0.2885135135135135,0.0,30.1,0.31818181818181823,0.0,0.0,0.30943496801705755,0.0,0.6666666666666666,0.0,0.714285714285714,0.2837298517280814,0.24322465993990344,0.09705733136141942,0.3939788974865447,0.25781771715785307,0.3570677240870095,0.18071598462649102,0.2699790546619709,0.061087716971435224,0.3933603554483858,0.16954639820679956,0.4915254237288136,0.32266572885528344,0.2604170613719324,0.07399298992665815,0.0742948310705768,0.0
0.4634146341463415,1.0,0.9365962180200222,0.52,0.2051282051282053,0.7755102040816326,0.0,0.6666666666666667,0.6763513513513515,0.3333333333333333,29.3,0.5909090909090909,0.0,0.0,0.7404051172707888,0.3333333333333333,0.0,0.75,0.5079365079365079,0.7785631893810135,0.6626711978022007,0.2644349386474568,0.6888025274707377,0.8455039998096034,0.29654475970222544,0.7545578943445026,0.8325329575031096,0.4875826853893466,0.420831997912489,0.6855127036466443,0.6949152542372881,0.10815836440258278,0.24883129349652028,0.2030389748497322,0.20241798141773912,0.0
0.6585365853658538,1.0,0.13793103448275856,0.7000000000000002,0.666666666666667,0.8367346938775513,0.9583333333333335,0.4666666666666666,0.44121621621621626,0.6666666666666666,25.2,0.4545454545454545,0.33333333333333337,0.0,0.0796908315565032,0.6666666666666666,0.3333333333333333,1.0,0.4285714285714284,0.5814974000479006,0.4073677776840925,0.27114867491012024,0.4211211189691487,0.6590041083949889,0.5957016680252882,0.5201675988988976,0.10172098123099821,0.15818813309239216,0.07178687615249686,0.04133751840399244,0.3107344632768362,0.4987855655794584,0.16118710503159756,0.1516468253236808,0.12443360074637977,0.07692307692307693
0.14634146341463422,1.0,0.16351501668520574,0.48,0.0,0.9591836734693877,0.125,0.22666666666666663,0.3168918918918919,1.0,22.9,0.9545454545454545,0.33333333333333337,0.0,0.1532515991471215,0.0,0.3333333333333333,1.0,0.33333333333333326,0.9953699637110985,0.3843282258359981,0.25735798391670933,0.2690715193573131,0.9730963239490911,0.4361428202947139,1.0,0.15556599431366724,0.052388136408096975,0.24926540035680556,0.07747409509214709,0.559322033898305,0.7797941293993252,0.4305255579553636,0.2595793119743982,0.11739599356905284,0.07692307692307693
0.17073170731707316,1.0,0.5350389321468296,0.8999999999999999,0.5641025641025639,0.22448979591836737,0.75,0.6066666666666667,0.48175675675675683,0.0,22.7,0.6818181818181818,0.0,0.0,0.2891791044776119,0.0,1.0,0.0,0.4444444444444442,0.2550167174248611,0.3169202191414501,0.12646509910609186,0.6312909178108701,0.4636943450845441,0.33645078830958897,0.22297383696146117,0.3933126020568415,0.11272153052935227,0.44745933466260884,0.20617964245598897,0.7627118644067796,0.2867872581930596,0.2967081782393578,0.06650498454294163,0.09680570280078468,0.0
0.8292682926829269,0.0,0.2191323692992213,0.41999999999999993,0.23076923076923084,0.6326530612244898,0.3333333333333335,0.48666666666666664,0.3601351351351351,0.6666666666666666,34.3,0.2272727272727273,0.33333333333333337,0.0,0.21588486140724944,1.0,0.3333333333333333,0.0,0.39682539682539675,0.6667911258557847,0.46329358641835483,0.3046239591472398,0.3747056902662099,0.35874303908906957,0.43189420115783067,0.45201547705271,0.21569157258819593,0.312737280127323,0.06918095022827943,0.11641436264121957,0.19774011299435024,0.27822866751552744,0.10525987189317536,0.173890300079937,0.14151656640218144,0.07692307692307693
0.3170731707317073,0.0,0.4416017797552836,0.08000000000000007,0.6153846153846159,0.48979591836734704,0.375,0.35333333333333333,0.2966216216216216,0.0,26.7,0.36363636363636365,0.6666666666666666,0.5,0.5674307036247335,0.3333333333333333,0.6666666666666666,0.25,0.6190476190476188,0.43890839089570854,0.27102135525410154,0.2709232662695757,0.33035032930834174,0.46323487170475675,0.25060822575712555,0.3455613890119145,0.5070375909818116,0.30447703045474894,0.29572399171483804,0.39238224843645664,0.13559322033898302,0.20616480078825614,0.11122061691375369,0.37049379946806804,0.20738462533689692,0.46153846153846156
0.39024390243902446,0.0,0.12235817575083419,0.2400000000000002,0.0512820512820511,0.7755102040816326,0.125,0.6133333333333333,0.5533783783783783,1.0,30.8,0.40909090909090906,0.33333333333333337,0.5,0.1894989339019189,0.3333333333333333,0.3333333333333333,0.0,0.3650793650793649,0.847934559137484,0.6597642031637885,0.42222457840777594,0.5556253909603879,0.6422555072148417,0.7407681027289911,0.7083933009911896,0.15633929495291998,0.14644639334206472,0.12521175959102288,0.08920152928702366,0.2881355932203389,0.48867903060643925,0.11310193776047216,0.5838310212099554,0.44487357257178045,0.3076923076923077
0.853658536585366,1.0,0.4916573971078976,0.52,0.12820512820512864,0.34693877551020424,0.791666666666667,0.78,0.5608108108108107,0.0,12.8,0.9090909090909091,0.9999999999999999,1.0,0.3960554371002131,1.0,1.0,0.5,0.1587301587301586,0.4798154229419095,0.5520366947275211,0.6326538664343615,0.6907574016169953,0.3555819096231485,0.4107547803189931,0.33312257414890206,0.43935477533760703,0.46969445779936664,0.13933066855922016,0.27433222594471884,0.22033898305084743,0.4034444102418021,0.06019063385108832,0.6585301374691575,0.5894985553776586,1.0
0.9512195121951221,1.0,0.9132369299221355,0.7799999999999998,0.12820512820512864,0.28571428571428603,0.3333333333333335,0.4199999999999999,0.30202702702702705,0.0,27.4,0.9545454545454545,0.33333333333333337,0.0,0.5826226012793176,1.0,0.0,0.25,0.33333333333333326,0.482626516403028,0.33055193116864906,0.22516932558612823,0.38171094764475644,0.3177866810158916,0.12826586139003243,0.3208995746958489,0.7293392869934815,0.6801256652132825,0.2274434117616425,0.5183896780306071,0.559322033898305,0.21587879421535042,0.2960173805564582,0.1258626075086796,0.10096961341130309,0.07692307692307693
0.07317073170731708,1.0,0.6307007786429366,0.43999999999999995,0.02564102564102555,0.6326530612244898,0.5,0.5066666666666666,0.5020270270270271,0.6666666666666666,25.0,0.5909090909090909,0.33333333333333337,0.0,0.5429104477611939,0.0,1.0,0.25,0.20634920634920628,0.7550811020406766,0.5228066379228983,0.3402464447227128,0.5354952030168615,0.7449619002003267,0.3088185570297676,0.6885444166119032,0.5843278004128174,0.1571685538553358,0.6195309270733165,0.4188455588373858,0.37853107344632764,0.20767533639103944,0.17817241287363678,0.19691515727661463,0.15969528277541872,0.07692307692307693
0.024390243902439046,0.0,0.36707452725250267,0.5800000000000001,0.4358974358974361,0.10204081632653095,0.4583333333333335,0.20666666666666672,0.13716216216216215,0.3333333333333333,27.7,0.045454545454545525,0.33333333333333337,0.0,0.2787846481876332,0.0,0.6666666666666666,0.0,0.47619047619047605,0.25370657441067723,0.12338219064854622,0.10116457525353198,0.20262109707699832,0.21762736911439373,0.1587413391472009,0.15135060208543633,0.31723890361977936,0.0520316981382318,0.4981059007051684,0.1745125870661172,0.10734463276836159,0.09843406375029737,0.14797631004334472,0.06616331658569088,0.03768803300461542,0.07692307692307693
0.12195121951219517,1.0,0.8320355951056728,0.20000000000000018,0.5641025641025639,0.8775510204081636,0.41666666666666696,0.6466666666666667,0.6858108108108107,0.0,21.7,0.5454545454545455,0.6666666666666666,0.5,0.8667377398720681,0.0,0.0,0.75,0.5714285714285712,0.6760666133274923,0.5859023329502904,0.5222259705201885,0.6694629770060109,0.9154807424411122,0.33446106330707165,0.7028020760356732,0.852978222975716,0.30008786617815286,0.6810735974980591,0.7896839725208765,0.2033898305084746,0.12329069477486757,0.07487401007919371,0.4941892503100659,0.3997502271723084,0.46153846153846156
1.0,0.0,0.2836484983314793,0.040000000000000036,0.02564102564102555,0.8571428571428572,0.4583333333333335,0.5999999999999999,0.4851351351351351,1.0,31.2,0.2727272727272728,0.33333333333333337,0.5,0.42723880597014924,1.0,0.6666666666666666,0.5,0.2222222222222221,0.9153549994338129,0.6866184943820742,0.4382986424555573,0.46327225932659966,0.4860700675354348,0.49309370201535213,0.6755364567808195,0.3572012288535519,0.5658954889835706,0.06314558565581756,0.2531867796161898,0.22033898305084748,0.2558802250210397,0.08984881209503244,0.6189957381356747,0.461279269511191,0.3076923076923077
0.07317073170731708,0.0,0.114571746384872,0.040000000000000036,0.28205128205128194,0.6938775510204085,0.7083333333333335,0.38666666666666666,0.35743243243243245,0.0,32.2,0.5000000000000001,0.33333333333333337,0.0,0.251865671641791,0.0,0.3333333333333333,0.0,0.2857142857142856,0.6649151154586556,0.3892833990483002,0.26032398182501243,0.3592333042526037,0.5915143413693127,0.529902530753429,0.5523091411406007,0.18420282870073057,0.06212387473267131,0.26774550726996643,0.11843236378895161,0.33333333333333337,0.5605631203110153,0.20081948999635585,0.1734010613989465,0.11890958909355431,0.07692307692307693
0.6829268292682928,0.0,0.23359288097886532,0.41999999999999993,0.5384615384615383,0.6734693877551021,0.4583333333333335,0.78,0.5722972972972973,0.0,17.8,0.5454545454545455,0.6666666666666666,1.0,0.22761194029850745,0.6666666666666666,0.6666666666666666,0.0,0.5396825396825395,0.564035783037029,0.6087716834747885,0.5404777228912278,0.6036143081386127,0.3817080824027599,0.6191930339009378,0.39649257527306886,0.22884349774601265,0.2703459937996319,0.0975225024100995,0.12480748031125175,0.2033898305084746,0.4452706344928181,0.054698378620728336,0.7244208030249624,0.6414889630009332,0.7692307692307693
0.4146341463414634,0.0,0.051167964404894295,0.2400000000000002,0.9230769230769234,0.7551020408163267,0.625,0.040000000000000036,0.09256756756756757,0.3333333333333333,32.4,0.2272727272727273,0.0,0.0,0.12446695095948818,0.3333333333333333,0.3333333333333333,1.0,0.714285714285714,0.4710903038480855,0.092157596607991,0.036774932252608965,0.058627743636084695,0.6308946883259448,0.27206690898900054,0.42839841229204995,0.08799424797896588,0.11910426233856661,0.08927505937835305,0.05050599268075459,0.423728813559322,0.4542852434275003,0.5615550755939525,0.12285411596585905,0.028150242140549335,0.0
0.6097560975609757,0.0,0.20244716351501668,0.2200000000000002,0.4871794871794872,0.08163265306122458,0.16666666666666696,0.36000000000000004,0.18716216216216214,0.6666666666666666,26.4,0.5000000000000001,0.33333333333333337,0.5,0.2699893390191897,0.6666666666666666,0.3333333333333333,0.0,0.6190476190476188,0.26565507870003413,0.2022987341539043,0.14840133024451388,0.2753916148790564,0.04567348454734965,0.27593581905941805,0.10808373052457798,0.2370878005683038,0.2727457351746547,0.10188517025662873,0.1429320392475936,0.33333333333333337,0.4516540708688107,0.21214302855771544,0.28012945813439294,0.16540092576771712,0.3076923076923077
0.8048780487804879,0.0,0.053392658509454904,0.2599999999999998,0.9743589743589745,0.34693877551020424,0.791666666666667,0.38666666666666666,0.24527027027027026,1.0,33.8,0.2727272727272728,0.6666666666666666,0.5,0.12100213219616202,1.0,0.3333333333333333,1.0,0.6825396825396823,0.21820068311155483,0.19467071282878984,0.20998874093516506,0.2966526372569781,0.1970319003037413,0.4652171689673427,0.1251458059852874,0.08719496732992243,0.2290240222815365,0.02624981149979143,0.04933440055764916,0.1016949152542373,0.48582567698259227,0.08475321974242063,0.2553785015933863,0.16074085095546606,0.46153846153846156
0.21951219512195125,1.0,0.5283648498331478,0.2599999999999998,0.5897435897435903,0.30612244897959195,1.0,0.8333333333333333,0.672972972972973,0.6666666666666666,12.9,0.9090909090909091,0.9999999999999999,1.0,0.5493070362473347,0.0,1.0,0.25,0.3650793650793649,0.2651252520572338,0.4334850083578986,0.5143855305851662,0.8470865624880448,0.5194347270086914,0.4644308659273219,0.24597753249950333,0.5403870953376199,0.2411470680879988,0.4023607134111909,0.39998718905281,0.22033898305084743,0.37911025145067745,0.05316054715622749,0.49056507258574944,0.48086099970210294,1.0
0.853658536585366,1.0,0.13125695216907662,0.48,0.4871794871794872,0.14285714285714324,0.4583333333333335,0.48666666666666664,0.3175675675675676,0.6666666666666666,21.3,1.0,0.33333333333333337,0.5,0.12766524520255862,1.0,0.3333333333333333,1.0,0.5079365079365079,0.264676246427742,0.2637799138810615,0.1852018703382532,0.43831611955125394,0.2272875327216417,0.46740755794796,0.16051444506550394,0.12673292762153032,0.24849135429964025,0.04200031737420083,0.06169433572632815,0.5819209039548022,0.8669521967394304,0.2742843987115178,0.2796189251325077,0.20296071812575783,0.3076923076923077
0.3170731707317073,0.0,0.271412680756396,0.3999999999999999,0.0,0.48979591836734704,0.8333333333333335,0.98,0.7533783783783785,0.6666666666666666,17.3,0.5454545454545455,0.9999999999999999,1.0,0.2654584221748401,0.3333333333333333,0.6666666666666666,0.0,0.06349206349206327,0.6442456497942853,0.8064624626283693,0.8864715310179776,0.8731000086580605,0.46171704866961405,0.7414878309120763,0.4819425901310657,0.26707334716402875,0.15890515426316754,0.21714455944091116,0.1516618390445247,0.11186440677966103,0.4089978014584861,0.006974304999762496,0.7871738178400145,0.8226474406617302,1.0
0.7317073170731709,0.0,0.3014460511679643,0.2200000000000002,0.0,0.6326530612244898,1.0,0.08000000000000002,0.07972972972972975,0.0,33.4,0.0,0.0,0.0,0.36167377398720685,0.6666666666666666,0.6666666666666666,0.5,0.0,0.7498242185956977,0.18640882893617639,0.07438531719284927,0.05695498649706521,0.3570939556758581,0.1333532702130737,0.5035263881443104,0.3327204565534039,0.38770536646827697,0.10895874248534544,0.21483875236461764,0.2542372881355932,0.10521551885663896,0.3502171439188091,0.1955442316534528,0.05694000131113009,0.0
0.34146341463414637,1.0,0.5105672969966629,0.20000000000000018,0.4102564102564106,0.5102040816326534,0.41666666666666696,0.9933333333333334,0.8675675675675676,0.3333333333333333,14.5,0.9090909090909091,0.9999999999999999,1.0,0.5658315565031982,0.3333333333333333,1.0,0.25,0.47619047619047605,0.5150801057403583,0.7123543327631094,0.7925883291009429,1.0,0.6611106260012121,0.6046123995549268,0.4719553026276662,0.5404998626996825,0.3176113662361776,0.31377992743954547,0.4089935330033724,0.22033898305084743,0.39067513617336525,0.03546168567821108,0.6861198250171545,0.7364092983726023,1.0
0.17073170731707316,0.0,0.28253615127919907,0.54,0.0,0.4285714285714288,0.3333333333333335,0.25999999999999995,0.2189189189189189,0.0,27.6,0.5000000000000001,0.33333333333333337,0.0,0.2281449893390191,0.0,0.6666666666666666,0.0,0.25396825396825395,0.6319782584078816,0.28489149410227366,0.19783854318384164,0.24872946918203687,0.4224428091622463,0.261316881609643,0.4571082891300356,0.2509291295625291,0.08899351779704573,0.3028937229210081,0.13216550576231076,0.33333333333333337,0.37531276063386065,0.26367149055041894,0.1648115650272029,0.0870222839781229,0.07692307692307693
0.3170731707317073,0.0,0.23470522803114569,0.52,0.7435897435897436,0.6122448979591839,0.7083333333333335,0.8733333333333333,0.7128378378378379,1.0,18.6,0.5454545454545455,0.6666666666666666,1.0,0.197228144989339,0.3333333333333333,0.6666666666666666,0.0,0.5714285714285712,0.4393817606011611,0.580269331220766,0.5177303398916413,0.7813142936532385,0.539942517216162,0.7494920093148011,0.37307297860430516,0.2122943751370291,0.12601336229048887,0.20019605444065247,0.1088032537572757,0.2033898305084746,0.4441461661923414,0.0432283649352251,0.6268964455746844,0.615370179078901,0.7692307692307693
0.5365853658536586,1.0,0.739710789766407,0.2999999999999998,0.0512820512820511,0.8571428571428572,1.0,0.5466666666666666,0.589864864864865,0.3333333333333333,21.0,0.9545454545454545,0.6666666666666666,0.5,0.7142857142857142,0.6666666666666666,0.0,0.25,0.03174603174603163,0.9009172234175068,0.6318733555395443,0.5589148882768908,0.5738918520934722,0.9008784463013488,0.3175206249970552,0.8819500437920824,0.7283407392292517,0.5211956431638456,0.31029713805975745,0.6035797850171815,0.35593220338983056,0.2829160650557111,0.15655474834740496,0.6114653763578684,0.4278346274815054,0.46153846153846156
0.9512195121951221,0.0,0.2669632925472747,0.040000000000000036,0.2564102564102564,0.18367346938775508,0.08333333333333348,0.8200000000000001,0.4736486486486487,0.6666666666666666,15.2,0.5454545454545455,0.9999999999999999,1.0,0.4099147121535181,1.0,0.6666666666666666,0.5,0.5079365079365079,0.39926568386788475,0.52057666595254,0.6012690303099365,0.6344380297999312,0.10381657036882386,0.4969451863716878,0.19688313620181835,0.34012901831215514,0.527039572937217,0.06515764697713429,0.2383077869591188,0.11186440677966103,0.41306515957446854,0.0209257710250232,0.5955112200489568,0.560669436769082,1.0
0.48780487804878053,0.0,0.23804226918798654,0.08000000000000007,0.5897435897435903,0.22448979591836737,0.791666666666667,0.6466666666666667,0.445945945945946,0.3333333333333333,30.6,0.5454545454545455,0.33333333333333337,0.5,0.36167377398720685,0.3333333333333333,0.6666666666666666,0.5,0.4444444444444442,0.24235200162108372,0.3287213828896998,0.22407362173607281,0.5845152554864985,0.2956767595522505,0.4968115072160753,0.16690046925720237,0.30146157002099117,0.280400868714667,0.14364697555621658,0.2022623765213339,0.35593220338983056,0.4407947378700714,0.13102951763858894,0.2679751900017933,0.24263445409203704,0.3076923076923077
0.3658536585365854,0.0,0.005561735261401524,0.2599999999999998,0.5384615384615383,0.5510204081632653,0.666666666666667,0.38000000000000006,0.32635135135135135,1.0,31.9,0.0,0.6666666666666666,0.5,0.07782515991471212,0.3333333333333333,0.3333333333333333,1.0,0.46031746031746024,0.47406123684845414,0.3020351600895923,0.29567500923379947,0.35279831447647103,0.4996564776013135,0.6406281444157604,0.3823893028654822,0.04155735256568116,0.08108556176329185,0.08178996992093852,0.026555997580908916,0.0,0.33311841822480104,0.034987855177193286,0.38882859336185716,0.22633143271800654,0.46153846153846156
0.4146341463414634,1.0,0.33481646273637367,0.5800000000000001,0.6410256410256414,0.10204081632653095,0.541666666666667,0.38666666666666666,0.2972972972972973,0.0,28.0,0.36363636363636365,0.33333333333333337,0.5,0.2547974413646055,0.3333333333333333,0.6666666666666666,0.0,0.5714285714285712,0.19086266523851347,0.1827608108669574,0.13670659483994754,0.4218277368030009,0.3800147193522292,0.3004053400499175,0.15798879841128816,0.28921122985200376,0.19003962267278962,0.2052732689255784,0.1551153378764671,0.2655367231638418,0.26750952631912905,0.16684887431227724,0.24111971515428177,0.15346490981906896,0.3076923076923077
0.5609756097560976,1.0,0.6017797552836484,0.2400000000000002,0.3076923076923075,0.38775510204081653,0.0,0.4199999999999999,0.3202702702702703,0.0,23.4,0.7272727272727274,0.6666666666666666,0.5,0.6273987206823026,0.6666666666666666,1.0,0.25,0.5714285714285712,0.5103872164190605,0.34320588555281667,0.3285328678461747,0.3808915971801867,0.37911042545278284,0.20994574954118422,0.36128143722218947,0.6166004706681417,0.4820123012649414,0.2518056927267322,0.4847424799804736,0.27118644067796616,0.2695802851816145,0.1580305433972362,0.4077752626958958,0.25148325814639133,0.46153846153846156
0.6097560975609757,1.0,0.17241379310344818,0.6400000000000001,0.0,0.08163265306122458,0.666666666666667,0.38666666666666666,0.24324324324324326,0.6666666666666666,20.1,0.2272727272727273,0.33333333333333337,0.0,0.11833688699360345,0.6666666666666666,0.3333333333333333,1.0,0.12698412698412698,0.34798112066535447,0.2512100089477555,0.1776779533847161,0.3527792862808964,0.18990269956159245,0.3524261176718143,0.19699229357340237,0.13926476827931022,0.17133904739800065,0.09188806054188838,0.062157073377861805,0.19774011299435024,0.3175806367295728,0.13287825862819863,0.09074887044573332,0.07673401694804727,0.07692307692307693
0.5853658536585367,0.0,0.1523915461624027,0.43999999999999995,0.5897435897435903,0.44897959183673475,1.0,0.5800000000000001,0.3864864864864865,0.0,29.8,0.045454545454545525,0.33333333333333337,0.0,0.15538379530916835,0.6666666666666666,0.3333333333333333,1.0,0.3650793650793649,0.35784491454727374,0.36087262919822827,0.24331826268296824,0.4470286189893651,0.25354512662471707,0.520380274281613,0.2232922999929315,0.15183180003076424,0.18858900180705912,0.08995740178745441,0.07709697870870613,0.10734463276836159,0.22070821131798238,0.04923284969319243,0.09332121733450183,0.11023130233135814,0.07692307692307693
0.9756097560975612,0.0,0.29032258064516114,0.5,0.23076923076923084,0.16326530612244916,0.29166666666666696,0.08666666666666667,0.04054054054054054,0.0,25.2,0.13636363636363635,0.0,0.0,0.24680170575692956,1.0,0.6666666666666666,0.0,0.41269841269841256,0.37239149424915485,0.09570587206183981,0.038190850139269324,0.06248810775057534,0.09314926091814346,0.10312740512628431,0.17891106927999223,0.2651543733135939,0.39140237736036737,0.06784009611313556,0.14388933267193654,0.35593220338983056,0.18091397770800308,0.4305255579553636,0.09711477278449429,0.02923408999339743,0.0
0.6829268292682928,1.0,0.710789766407119,0.54,0.8717948717948723,0.5714285714285716,0.16666666666666696,0.4533333333333333,0.37905405405405407,1.0,20.9,0.6363636363636364,0.0,0.0,0.5554371002132195,0.6666666666666666,0.0,0.25,0.8571428571428572,0.42653315431030303,0.32453514446917037,0.1295037890605053,0.40955376484434336,0.49355831761278135,0.2122059133018932,0.3479129396398242,0.6272250846971968,0.5048492183225848,0.24600614404280102,0.4480545041481553,0.7288135593220338,0.19146888374664597,0.3572378616490342,0.11123420111788102,0.0991317399344282,0.0
0.34146341463414637,0.0,0.2413793103448275,0.16000000000000014,0.5897435897435903,0.30612244897959195,0.16666666666666696,0.9133333333333333,0.6479729729729731,0.3333333333333333,16.6,0.5454545454545455,0.9999999999999999,1.0,0.33049040511727074,0.3333333333333333,0.6666666666666666,0.0,0.6825396825396823,0.3636976507177413,0.5469520243810427,0.6275813489642612,0.8153994017212762,0.34640199927560955,0.6810458279840919,0.2571396683530794,0.28728440374182285,0.20050067143022926,0.19337492316687405,0.18427543945206248,0.11186440677966103,0.4374759004228984,0.012352209684187848,0.5676842032310878,0.5848391011364497,1.0
0.0,0.0,0.1368186874304782,0.48,0.6923076923076925,0.9183673469387754,0.3333333333333335,0.4666666666666666,0.4641891891891892,0.0,29.4,0.31818181818181823,0.0,0.0,0.13192963752665243,0.0,0.3333333333333333,1.0,0.6825396825396823,0.6546915859301142,0.44279811104629363,0.17669591151098546,0.42830219451642715,0.7317219559649075,0.6221592834889391,0.6056181576840531,0.13170414601672642,0.0014837779140901286,0.3489947978351798,0.0643090253675512,0.4915254237288136,0.4111638331157469,0.2427165826733862,0.1707349002149438,0.13525606682596786,0.0
0.5853658536585367,0.0,0.2169076751946607,0.48,0.8974358974358978,0.4285714285714288,0.08333333333333348,0.8533333333333333,0.5581081081081081,1.0,16.4,0.5454545454545455,0.9999999999999999,1.0,0.19536247334754792,0.6666666666666666,0.3333333333333333,0.0,0.9047619047619047,0.3557144927318182,0.5083078509656446,0.5890295390316951,0.6603527939211415,0.2422102061303928,0.6239181153574903,0.21835547132012895,0.203289690907549,0.2147001773902087,0.11194399052516378,0.10540027212296338,0.11186440677966103,0.46259122604554426,0.0177089653052475,0.5614384974144002,0.5494266268856668,1.0
0.14634146341463422,0.0,0.3659621802002224,0.52,0.384615384615385,0.14285714285714324,0.75,0.23999999999999994,0.16418918918918918,1.0,30.8,0.0,0.33333333333333337,0.0,0.29877398720682297,0.0,0.6666666666666666,0.0,0.33333333333333326,0.25324128997573336,0.13928685074247038,0.11068456306217866,0.23166512110528165,0.2437861935429504,0.18030224080446566,0.1585980839259128,0.32828193887585244,0.10669938162104811,0.3700020988561234,0.18677339598606568,0.0847457627118644,0.07760823363660299,0.11971135332429221,0.06604197656348967,0.04254623297169525,0.07692307692307693
0.1951219512195122,0.0,0.4082313681868742,0.2599999999999998,1.0,0.38775510204081653,0.916666666666667,0.38666666666666666,0.30270270270270266,0.6666666666666666,25.6,0.09090909090909094,0.0,0.0,0.4410980810234541,0.0,0.6666666666666666,0.5,0.6507936507936507,0.2188175691038281,0.19493946134317452,0.07778941452596119,0.3592657106759367,0.399025921331293,0.2692057004116608,0.18103141252251498,0.4257623884878977,0.18374807274656407,0.35607094133697137,0.2899700822087266,0.32203389830508466,0.10225980294498146,0.19515772071567605,0.05706472578709246,0.05954574816985613,0.0
0.5609756097560976,1.0,0.35706340378197987,0.6600000000000001,0.384615384615385,0.26530612244897966,0.3333333333333335,0.4199999999999999,0.2979729729729729,1.0,21.4,0.5909090909090909,0.33333333333333337,0.5,0.24546908315565036,0.6666666666666666,0.6666666666666666,0.0,0.49206349206349187,0.38263808437061775,0.2849749443797044,0.19788849367753825,0.38136063751790183,0.3041591822521381,0.2895847129790654,0.2548693749972795,0.29330949155236063,0.2385027934813243,0.16637420410754183,0.15280162074074963,0.37853107344632764,0.3610260840172007,0.20943740429969143,0.34114469715456675,0.21590908619683646,0.3076923076923077
0.0,0.0,0.164627363737486,0.3599999999999999,0.4102564102564106,0.7755102040816326,0.875,0.5133333333333334,0.47297297297297297,0.6666666666666666,32.0,0.31818181818181823,0.6666666666666666,0.5,0.18923240938166314,0.0,0.3333333333333333,0.0,0.3015873015873014,0.6534124917094005,0.47595786892723235,0.4344806220125478,0.4685480324728515,0.6412877638735544,0.5979668514346653,0.5655919753884919,0.1760190071396166,0.017523500058024888,0.3711077462782783,0.09505595768558772,0.11864406779661019,0.38137627243078354,0.06529367414386379,0.48237346016690397,0.3325834737373856,0.46153846153846156
0.17073170731707316,1.0,0.7230255839822024,0.7599999999999998,0.3589743589743595,0.7346938775510203,0.7083333333333335,0.56,0.5722972972972973,0.0,21.4,0.36363636363636365,0.33333333333333337,0.5,0.4634861407249467,0.0,0.0,0.5,0.33333333333333326,0.6580387483768418,0.5122374287391057,0.33392007609977187,0.5869026925330496,0.8169531469270157,0.31404925995751065,0.6451205933852164,0.577929170817853,0.1804862481141929,0.5550874773248579,0.3708505365585606,0.2655367231638418,0.0982315556783647,0.11631547088173246,0.4847863931798191,0.35474721131402787,0.3076923076923077
0.5609756097560976,0.0,0.1668520578420467,0.10000000000000009,0.384615384615385,1.0,0.625,0.6333333333333333,0.5405405405405406,0.6666666666666666,31.4,0.2272727272727273,0.6666666666666666,0.5,0.2817164179104477,0.6666666666666666,0.3333333333333333,0.0,0.38095238095238093,0.8221657178740184,0.6615225603285353,0.5825775604296134,0.48918836701166557,0.5666686670587435,0.665624118425894,0.6522896555038715,0.22557999274407303,0.26161325618793413,0.09997063795353482,0.14311464067515786,0.0847457627118644,0.32266572885528344,0.03291874581068001,0.5703906757516524,0.4459477798380082,0.46153846153846156
0.2439024390243903,1.0,0.46273637374860943,0.31999999999999984,0.3589743589743595,0.6734693877551021,0.0,0.39333333333333337,0.4148648648648649,1.0,20.5,0.9090909090909091,0.6666666666666666,0.5,0.460820895522388,0.0,1.0,0.5,0.603174603174603,0.6564065005607084,0.3904142282321944,0.3662092758188525,0.4275465388542625,0.7735160777468626,0.32507156779405844,0.6250202654988892,0.4621164761244171,0.21626684792519768,0.3503847545944603,0.316059189308996,0.3389830508474576,0.42400301513255245,0.2009233756712307,0.4839350559272785,0.2803235562095308,0.46153846153846156
0.39024390243902446,0.0,0.3959955506117907,0.20000000000000018,0.8461538461538467,0.20408163265306145,0.04166666666666696,0.09333333333333332,0.07635135135135135,0.3333333333333333,29.1,0.5454545454545455,0.0,0.0,0.4586886993603411,0.3333333333333333,0.6666666666666666,0.5,0.8888888888888888,0.2603680057926544,0.0704772958477918,0.02812353919313134,0.10457930884511535,0.2825823092095281,0.1035509802378627,0.17403745247252206,0.4291321426013037,0.28877302342545463,0.24040721336283477,0.2998656240792756,0.6610169491525424,0.3125863498203926,0.6803005759539237,0.06790052972044464,0.021527828595244013,0.0
0.17073170731707316,1.0,0.4616240266963292,0.2200000000000002,0.2564102564102564,0.795918367346939,0.541666666666667,0.9533333333333334,0.935810810810811,0.3333333333333333,10.9,0.9090909090909091,0.6666666666666666,1.0,0.5095948827292112,0.0,1.0,0.25,0.33333333333333326,0.7524914886704338,0.871580644724772,0.7502223798934622,0.9620232144686796,0.8590502199969654,0.6910053013586128,0.7398952103333554,0.48745194488884647,0.1984117773835773,0.4054270422619672,0.3526213382287708,0.3389830508474576,0.42481992619050457,0.07274029476605605,0.8718610640016362,0.8823199797003788,0.7692307692307693
0.8292682926829269,0.0,0.2391546162402669,0.3799999999999999,0.0,0.6530612244897962,0.541666666666667,0.8666666666666667,0.6270270270270271,0.0,15.5,0.5454545454545455,0.6666666666666666,1.0,0.24546908315565036,1.0,0.6666666666666666,0.0,0.17460317460317443,0.7818427820459092,0.8249643475526792,0.7130184762877001,0.670942233353712,0.3695585582637444,0.6641453332321776,0.529627178490057,0.24126509296789256,0.33666009051874196,0.07469217737871321,0.1353888461795466,0.2033898305084746,0.43968486106524474,0.04398848092152628,0.8948243504711968,0.8396020670792796,0.7692307692307693
0.8292682926829269,1.0,0.3781979977753058,0.2599999999999998,0.3589743589743595,0.6122448979591839,0.0,0.5066666666666666,0.42770270270270266,0.0,25.7,1.0,0.33333333333333337,0.5,0.41391257995735603,1.0,0.6666666666666666,0.5,0.603174603174603,0.6214763972954512,0.45490039469649923,0.2996000804603746,0.456049870431111,0.5209013054470764,0.37956829942312237,0.4916330015840294,0.39710621177546723,0.47286924517979406,0.11296458814561448,0.26466475890871294,0.5819209039548022,0.5343326885880081,0.26552542463269607,0.46571643872290847,0.3197191408927482,0.3076923076923077
0.7804878048780488,0.0,0.18242491657397097,0.18000000000000016,0.6410256410256414,0.8775510204081636,1.0,0.5066666666666666,0.41959459459459464,0.3333333333333333,34.3,0.5000000000000001,0.33333333333333337,0.0,0.26625799573560766,1.0,0.3333333333333333,0.0,0.39682539682539675,0.6147631041754019,0.45148828045748723,0.29755770509584156,0.39000018788572854,0.49645833147399454,0.5238083389427578,0.47679990468919803,0.22536940430809882,0.3349773703144946,0.06598443848102782,0.13750875327041387,0.33333333333333337,0.4737849294209635,0.15876063248273475,0.16032208066046627,0.13791054548178694,0.07692307692307693
0.09756097560975613,1.0,0.6963292547274749,0.6800000000000002,0.07692307692307754,0.6734693877551021,0.625,0.49999999999999994,0.5060810810810812,0.6666666666666666,20.5,0.5454545454545455,0.33333333333333337,0.5,0.47921108742004265,0.0,0.0,0.25,0.19047619047619024,0.7535929783531577,0.5168206104254124,0.33666341255089927,0.5295600532464827,0.7743260595999892,0.2870512690481434,0.7011409609833035,0.5763688244704982,0.14892488270694143,0.6289045197640012,0.37897464288524196,0.35593220338983056,0.16670060063117206,0.17056299496040317,0.5346249500537228,0.3575471470543763,0.3076923076923077
1.0,0.0,0.1624026696329255,0.14000000000000012,0.10256410256410309,1.0,0.5833333333333335,0.05333333333333329,0.09324324324324323,0.0,29.2,0.36363636363636365,0.33333333333333337,0.0,0.26199360341151373,1.0,0.3333333333333333,0.0,0.2222222222222221,0.9731061034990379,0.21779044365615213,0.15767413989436208,0.036304701934724515,0.5657836628286836,0.2029835134138726,0.7581704904614504,0.2133524501813916,0.4142848853595052,0.03373161626913333,0.1318466082569548,0.2655367231638418,0.41208791208791207,0.39136731130475083,0.253773191912071,0.06652575534165725,0.07692307692307693
0.9268292682926831,1.0,0.9899888765294771,0.56,0.8717948717948723,0.12244897959183687,0.5833333333333335,0.5266666666666666,0.3391891891891892,1.0,27.1,0.5454545454545455,0.0,0.0,0.7566631130063965,1.0,0.0,0.75,0.6984126984126982,0.14571047794918257,0.22141921308843115,0.08835599951015857,0.4732637064152204,0.21593257203874083,0.13204357872328354,0.08843230300735072,0.8654671524249505,0.817520184353189,0.2531509612975214,0.717920520739503,0.6610169491525424,0.08310467365390675,0.29035444606291966,0.03799936404800697,0.0676341906953416,0.0
0.9756097560975612,1.0,0.7063403781979976,0.31999999999999984,0.3076923076923075,0.9795918367346941,0.4583333333333335,0.5533333333333335,0.5425675675675676,0.0,24.6,0.7272727272727274,0.33333333333333337,0.0,0.6727078891257996,1.0,0.0,0.25,0.39682539682539675,0.8488892017371242,0.6097843163860986,0.39230832053170145,0.495744462364617,0.7486069050910493,0.3037598125993277,0.7625173850579439,0.6903493052416935,0.7755433611299922,0.17050517812619703,0.5543352789299936,0.4463276836158192,0.22313794746727203,0.19145415735162247,0.2213790680480846,0.18626327933436576,0.07692307692307693
0.6585365853658538,0.0,0.21579532814238034,0.020000000000000018,0.23076923076923084,0.44897959183673475,0.625,0.4333333333333333,0.2918918918918919,0.6666666666666666,33.1,0.18181818181818177,0.6666666666666666,0.5,0.36593816631130066,0.6666666666666666,0.3333333333333333,0.5,0.2857142857142856,0.5260903460710958,0.3589876542510327,0.34112810678609545,0.33304168741495965,0.25468543674025,0.36894973803090514,0.3232766924065768,0.29225145479826864,0.35849815149455394,0.09655337840876722,0.20024895683999722,0.06779661016949151,0.25472324795342116,0.05794597301781075,0.415965599434052,0.26112458184867193,0.46153846153846156
0.14634146341463422,0.0,0.22358175750834253,0.5800000000000001,0.2564102564102564,0.9183673469387754,0.541666666666667,0.98,0.8932432432432433,0.0,15.9,0.5454545454545455,0.6666666666666666,1.0,0.17164179104477612,0.0,0.6666666666666666,0.0,0.33333333333333326,0.8334509803506555,0.9568171603614812,0.8182486132884556,0.8732459875927971,0.7313962564386163,0.9353733423737848,0.7420746927722524,0.19256407892864014,0.05925164541852487,0.2850883768346252,0.0940916207621749,0.2033898305084746,0.45555923879285665,0.0321160093994511,0.9352005555906608,0.9604284149039295,0.7692307692307693
0.1951219512195122,1.0,0.4193548387096774,0.2400000000000002,0.4358974358974361,0.12244897959183687,0.9583333333333335,0.4399999999999999,0.3385135135135135,1.0,29.6,0.6818181818181818,0.33333333333333337,0.5,0.460820895522388,0.0,0.6666666666666666,0.5,0.2857142857142856,0.19291089954095275,0.20739693120814306,0.15145293735311052,0.4723461245397349,0.39320783796701075,0.29068511083092674,0.16279791012334144,0.4414662877973846,0.1917223428770371,0.36219452705967553,0.3065572472604996,0.423728813559322,0.35753493200301745,0.2226856334251881,0.2421880199462152,0.16851549226769924,0.3076923076923077
0.17073170731707316,0.0,0.013348164627363712,0.2400000000000002,0.8461538461538467,0.48979591836734704,0.5833333333333335,0.6599999999999999,0.5202702702702704,1.0,28.9,0.2727272727272728,0.6666666666666666,0.5,0.09008528784648184,0.0,0.3333333333333333,1.0,0.6825396825396823,0.35250557628649615,0.4012629570506415,0.3748675152263399,0.5961049799958522,0.4625826662025756,0.8969572707194812,0.2876898004739717,0.051685941774052724,0.035320545765016004,0.14877531745198863,0.03209982417650151,0.1016949152542373,0.5494028281159032,0.035678219567937944,0.3254283785962352,0.28695121045393324,0.46153846153846156
0.26829268292682934,1.0,0.2068965517241379,0.2200000000000002,0.9743589743589745,0.04081632653061229,0.916666666666667,0.4666666666666666,0.3391891891891892,1.0,23.4,0.2272727272727273,0.33333333333333337,0.5,0.2742537313432835,0.0,0.3333333333333333,0.0,0.6349206349206349,0.030067241481577356,0.14044282854378315,0.1113764920006517,0.4974818509977086,0.33605131477564476,0.4216140971189987,0.04642068620056189,0.24138589746651073,0.14440309023690706,0.2081124407887357,0.14599713617784235,0.19774011299435024,0.287989912926374,0.11023118150547957,0.1572530786489193,0.1276122076405587,0.3076923076923077
0.8048780487804879,1.0,0.7708565072302558,0.56,0.5641025641025639,0.7551020408163267,0.5833333333333335,0.026666666666666672,0.07905405405405402,0.6666666666666666,28.7,0.818181818181818,0.33333333333333337,0.0,0.5911513859275053,1.0,0.0,0.25,0.5079365079365079,0.5950321383262739,0.11097523496249587,0.09373819416923956,0.043899677863959485,0.6105255433483763,0.03943238788808019,0.5102453499367405,0.6740026309075023,0.6018916096089126,0.22760771849930023,0.49427981905302465,0.4915254237288136,0.22687013012293725,0.6537610324507371,0.15517650592299748,0.033898233577933125,0.07692307692307693
0.7804878048780488,1.0,0.3292547274749721,0.9199999999999999,0.1538461538461542,0.38775510204081653,0.75,0.3133333333333333,0.24594594594594593,0.6666666666666666,25.6,0.2272727272727273,0.33333333333333337,0.0,0.15458422174840086,1.0,0.6666666666666666,1.0,0.19047619047619024,0.5031417617437647,0.272392955128706,0.19035734346303063,0.28939746196989824,0.37915725534544165,0.261169230950269,0.3566838769044561,0.22603555140148657,0.24814734992290988,0.10801673088166945,0.09773977416542617,0.19774011299435024,0.20426198892816624,0.15856051103540586,0.13121271195695888,0.08320450973640059,0.07692307692307693
0.5365853658536586,0.0,0.18020022246941048,0.5800000000000001,0.9743589743589745,0.6734693877551021,0.29166666666666696,0.8600000000000001,0.7202702702702704,1.0,17.6,0.5454545454545455,0.9999999999999999,1.0,0.1391257995735607,0.6666666666666666,0.3333333333333333,1.0,0.873015873015873,0.4401371377907132,0.5728903630337853,0.6534576923642889,0.7691028981526586,0.5772293879269439,0.8319020830932584,0.38682772895056833,0.1548716900685282,0.16343109136424672,0.1100865028559435,0.0728055908660005,0.11186440677966103,0.5039510727782098,0.017087169339302044,0.6274874226936261,0.6086082924133507,1.0
0.5609756097560976,1.0,0.35261401557285865,0.9199999999999999,0.0512820512820511,0.9795918367346941,0.04166666666666696,0.006666666666666654,0.08175675675675675,1.0,27.3,0.4545454545454545,0.0,0.0,0.16897654584221744,0.6666666666666666,0.6666666666666666,0.0,0.39682539682539675,0.9789592559380808,0.1761885454500547,0.07030697480287429,0.026401333053744147,0.748077181196896,0.11942150902527245,0.8624262367792468,0.24457109427500323,0.18973291997546382,0.16482090431446567,0.10826975327056412,0.5932203389830508,0.29944238971213033,0.805629667273677,0.2552996165967614,0.05381813761818698,0.0
0.878048780487805,1.0,0.5116796440489432,0.8599999999999999,0.28205128205128194,0.8775510204081636,0.04166666666666696,0.8266666666666667,0.743918918918919,0.6666666666666666,12.9,0.9090909090909091,0.9999999999999999,1.0,0.28704690831556495,1.0,1.0,0.0,0.5396825396825395,0.8046653833087988,0.8089214641366627,0.8889246552639694,0.7304624690474938,0.6852592338867645,0.5215913434706645,0.6976381066453439,0.3825884020420539,0.3894212437208839,0.13995372521975524,0.2013599292881305,0.22033898305084743,0.38993972380909503,0.05400395554562533,0.9126798474701188,0.8249008030679855,1.0
0.8292682926829269,0.0,0.4382647385984427,0.18000000000000016,0.1538461538461542,0.8775510204081636,0.375,0.5933333333333333,0.4844594594594595,0.6666666666666666,26.6,0.0,0.33333333333333337,0.5,0.5087953091684434,1.0,0.6666666666666666,0.25,0.33333333333333326,0.8604374775773961,0.6499439322901108,0.41634649874792,0.4580926441180816,0.4976892726093296,0.3872045032407738,0.6443199787397069,0.4756186623907964,0.5495946550838045,0.12949826959691585,0.34643712455061454,0.0847457627118644,0.051461882883716975,0.03837966343987449,0.5903522124948603,0.4388742190045275,0.3076923076923077
0.9512195121951221,0.0,0.42714126807563957,0.2400000000000002,0.6410256410256414,0.5918367346938775,0.08333333333333348,0.34,0.25270270270270273,0.6666666666666666,31.7,0.2272727272727273,0.6666666666666666,0.5,0.4677505330490405,1.0,0.6666666666666666,0.5,0.746031746031746,0.5101202786152338,0.2921136912624761,0.2877568048232489,0.2599228412310133,0.3346748849293879,0.2245473475073656,0.34422280088035434,0.4489415273101609,0.5783045143321341,0.10537993635573871,0.31337961407964193,0.0847457627118644,0.15419610784352397,0.0880325613554876,0.4076360350037139,0.22027025577431408,0.46153846153846156
0.5121951219512195,0.0,0.17130144605116793,0.20000000000000018,0.8205128205128212,0.3265306122448983,0.916666666666667,0.6266666666666667,0.4567567567567568,0.3333333333333333,26.3,0.045454545454545525,0.33333333333333337,0.5,0.24840085287846475,0.3333333333333333,0.3333333333333333,0.0,0.5396825396825395,0.22715434265655088,0.31039126361319763,0.21310183667352983,0.5668705515658594,0.35922121718762834,0.5735772378257309,0.17533864987071618,0.21072166240836698,0.22243405892007495,0.11255634909743419,0.1261937062148193,0.10734463276836159,0.20651635022938428,0.04228995013732238,0.2600484933935763,0.23143630407313892,0.3076923076923077
0.6341463414634148,0.0,0.2413793103448275,0.10000000000000009,0.9230769230769234,0.18367346938775508,0.666666666666667,0.6066666666666667,0.3486486486486487,0.6666666666666666,33.1,0.5000000000000001,0.6666666666666666,0.5,0.3560767590618336,0.6666666666666666,0.6666666666666666,0.5,0.6984126984126982,0.1568164595001873,0.2610668791077757,0.26297871911632226,0.46863311881102576,0.1051107162666729,0.40371912240767355,0.06686490882031643,0.30035994635851826,0.3409539282813044,0.10965228495924263,0.19957184129578154,0.1864406779661017,0.41231829310728496,0.07553778676429294,0.22336211550169954,0.2013032837174238,0.46153846153846156
0.8292682926829269,1.0,0.5061179087875416,0.6400000000000001,0.3589743589743595,0.6938775510204085,0.29166666666666696,0.8533333333333333,0.7121621621621621,1.0,14.9,0.9090909090909091,0.6666666666666666,1.0,0.3595415778251599,1.0,1.0,0.5,0.49206349206349187,0.6541176333951787,0.7225677026672854,0.6312969510493066,0.7533764280407267,0.5709544740604939,0.5040462764607226,0.535720721813064,0.42442696633341126,0.428902999055024,0.14817520605116363,0.2507246358932481,0.3389830508474576,0.3936339882588473,0.08675710437547017,0.7948972658172516,0.7457685540321174,0.7692307692307693
0.0,1.0,0.529477196885428,0.8599999999999999,0.02564102564102555,0.38775510204081653,0.916666666666667,0.8133333333333332,0.6837837837837839,0.3333333333333333,11.9,0.9090909090909091,0.6666666666666666,1.0,0.2985074626865671,0.0,1.0,0.0,0.04761904761904745,0.544028378070612,0.6172153217112788,0.547216488560938,0.8283810948450525,0.5765374932985969,0.47083114464961845,0.46016268144457323,0.3969302383241531,0.04811087716971438,0.6612296298517306,0.2117529887662798,0.3389830508474576,0.3784014731989075,0.09304837008388168,0.7087678038239043,0.6492264844745712,0.7692307692307693
0.8292682926829269,1.0,0.471635150166852,0.43999999999999995,0.1538461538461542,0.34693877551020424,0.125,0.34,0.25810810810810814,0.6666666666666666,24.4,0.5454545454545455,0.6666666666666666,0.5,0.41391257995735603,1.0,1.0,0.5,0.4285714285714284,0.5303902283087637,0.30037200641964856,0.294347666382227,0.3126868782052443,0.3550036949664068,0.2121062069916716,0.3646844312924377,0.44049773516948354,0.47286924517979406,0.13868364818097217,0.28344408703921037,0.2033898305084746,0.26683771196785033,0.1516013372395555,0.4182083041840794,0.22531538672182005,0.46153846153846156
0.878048780487805,1.0,0.30033370411568405,0.3599999999999999,0.7948717948717947,0.8979591836734695,0.541666666666667,0.03333333333333338,0.09662162162162163,1.0,20.5,0.5909090909090909,0.33333333333333337,0.0,0.3043710021321961,1.0,0.6666666666666666,0.0,0.6666666666666665,0.5963703855735479,0.1158622022706503,0.09666336634645936,0.049027559300473866,0.6955574649274614,0.14812744538527517,0.5461748144045273,0.3016487977267843,0.40396889868863867,0.0839342558305723,0.17928637202252018,0.37853107344632764,0.40691128496781115,0.5289962257564848,0.15552550309225494,0.035390995087791845,0.07692307692307693
0.3170731707317073,0.0,0.02558398220244712,0.20000000000000018,0.07692307692307754,0.8775510204081636,0.8333333333333335,0.39333333333333337,0.39527027027027034,0.0,25.1,0.18181818181818177,0.33333333333333337,0.5,0.11194029850746262,0.3333333333333333,0.3333333333333333,1.0,0.11111111111111094,0.9009172234175068,0.4979224839035665,0.32535163769800796,0.36446551679859607,0.7052327238495835,0.7018687511410553,0.7799938825192936,0.06907922228324459,0.08489862232464068,0.10364093504523904,0.042171481968873964,0.1751412429378531,0.45543712361276856,0.11958089224421677,0.6114653763578684,0.3460019927280194,0.3076923076923077
0.04878048780487804,1.0,0.47497219132369295,0.98,0.4871794871794872,0.5306122448979593,0.375,0.7933333333333332,0.7121621621621621,0.3333333333333333,14.6,0.9090909090909091,0.9999999999999999,1.0,0.2281449893390191,0.0,1.0,0.0,0.5396825396825395,0.5038783829690864,0.576691420376462,0.6572496647954876,0.8091992297608033,0.6751523808452529,0.5248020720589234,0.4689850005442831,0.3306578020118023,0.045723569687826426,0.5447386174534877,0.15803541948735553,0.22033898305084743,0.4151473831681711,0.05837071495818795,0.677356041913673,0.6120914784509036,1.0
0.0,1.0,0.5828698553948832,0.48,0.8974358974358978,0.9795918367346941,0.0,0.6066666666666667,0.6756756756756757,1.0,21.3,0.7272727272727274,0.0,0.0,0.48507462686567154,0.0,1.0,0.25,0.9365079365079363,0.6320758769069775,0.5313800779283848,0.21204401031990433,0.6313171844676112,0.9860979058496664,0.4356942278714024,0.6962119873967754,0.5303958613114467,0.10033322833601355,0.7036864908624799,0.3604685538741215,0.7966101694915255,0.2789884197040867,0.3097182012673029,0.1648370226397039,0.16231410554223327,0.0
0.09756097560975613,0.0,0.25806451612903225,0.08000000000000007,0.7948717948717947,0.7142857142857144,0.125,0.3466666666666666,0.329054054054054,0.0,29.5,0.40909090909090906,0.6666666666666666,0.5,0.3819296375266524,0.0,0.6666666666666666,0.5,0.8253968253968251,0.5242795882095189,0.30218708924456683,0.29579626205694226,0.32387545720310074,0.602138248357613,0.37382668405265335,0.4560366109471263,0.3216821622466458,0.11564349541603805,0.34376810093044746,0.21878269885001195,0.15254237288135591,0.34767279582792543,0.1222208105704485,0.4150211560672702,0.22642424856082705,0.46153846153846156
0.6097560975609757,1.0,0.47497219132369295,0.7000000000000002,0.6923076923076925,0.44897959183673475,0.0,0.4799999999999999,0.37500000000000006,1.0,28.2,0.7272727272727274,0.6666666666666666,0.5,0.31556503198294245,0.6666666666666666,1.0,0.0,0.8095238095238093,0.4266837046337265,0.34025070259673,0.3261743720302209,0.4331873487267588,0.4193227168868099,0.29174184432457295,0.32203604647005807,0.3850643068867,0.3032212072481308,0.19259968433482821,0.21510739896813735,0.27118644067796616,0.3400700254233918,0.1394681868073505,0.36411772672189624,0.24967789171225296,0.46153846153846156
0.3170731707317073,1.0,0.518353726362625,0.52,0.3076923076923075,0.6326530612244898,0.666666666666667,0.5266666666666666,0.518918918918919,0.6666666666666666,28.9,0.818181818181818,0.33333333333333337,0.5,0.41684434968017053,0.3333333333333333,1.0,0.5,0.3174603174603172,0.6148858117737047,0.46556109612932906,0.30598121322730076,0.5546368116776534,0.7451513806187227,0.36869744336372917,0.5808082153955971,0.4629454662675371,0.23188381770254812,0.3311617748971971,0.29461428470744294,0.4915254237288136,0.34971477836693254,0.21925315742182483,0.4622789637786877,0.32623192633351433,0.3076923076923077
0.9268292682926831,1.0,0.9955506117908786,0.8999999999999999,0.0,0.18367346938775508,0.666666666666667,0.3333333333333333,0.22702702702702704,0.6666666666666666,25.2,0.9090909090909091,0.0,0.0,0.5794243070362473,1.0,0.0,0.25,0.12698412698412698,0.4247778016031535,0.25344045824419176,0.1011338839666763,0.3073094216326312,0.2543506742706185,0.0816008316257955,0.2631752933051294,0.7606015131505236,0.66317412423946,0.2545725079831492,0.53285235507644,0.9322033898305084,0.17774060327251825,0.5484521238300936,0.11077642836543083,0.0774153247304537,0.0
0.6341463414634148,1.0,0.6451612903225805,0.6600000000000001,0.8717948717948723,0.20408163265306145,0.25,0.52,0.3520270270270271,0.0,25.7,0.9090909090909091,0.6666666666666666,0.5,0.4514925373134328,0.6666666666666666,1.0,0.5,0.8253968253968251,0.23133920526997298,0.2628543191233535,0.2644052533988532,0.46743353234482743,0.26654160753969314,0.21577780232417704,0.1520754805921421,0.5381542218232935,0.40624015650126827,0.24100319871124776,0.3460081742622915,0.3389830508474576,0.3125863498203926,0.15720617350611954,0.2622312069523606,0.20239525814171908,0.46153846153846156
0.1951219512195122,1.0,0.5139043381535038,0.3599999999999999,0.7435897435897436,0.7551020408163267,0.916666666666667,0.98,0.9445945945945946,0.6666666666666666,13.3,0.9090909090909091,0.9999999999999999,1.0,0.4856076759061833,0.0,1.0,0.25,0.49206349206349187,0.5060378793817816,0.6966336989057303,0.7769052691484264,0.9872322905685782,0.8304089124311003,0.6532111932048044,0.529370843200512,0.4993612550442944,0.2017440607437126,0.4142450057026614,0.34602535182703725,0.22033898305084743,0.3884740179601205,0.0367718805845786,0.6790455461586938,0.7220033351321361,1.0
0.34146341463414637,1.0,0.42936596218020007,0.2400000000000002,0.8974358974358978,0.10204081632653095,0.791666666666667,0.52,0.3898648648648649,1.0,29.6,0.7272727272727274,0.33333333333333337,0.0,0.46988272921108737,0.3333333333333333,0.6666666666666666,0.25,0.6349206349206349,0.09881855584494015,0.1944299293273657,0.14369133169221002,0.5485421234800573,0.37882651922853783,0.3234563942249789,0.0990528999948132,0.4510773100280968,0.2698652165984184,0.2774594096217561,0.3154144918966816,0.4463276836158192,0.37042095471525327,0.20258879289656834,0.025770571417381427,0.05939010772184843,0.07692307692307693
0.34146341463414637,0.0,0.21134593993325912,0.31999999999999984,0.6153846153846159,0.8163265306122449,0.5833333333333335,0.006666666666666654,0.07094594594594594,0.0,31.0,0.13636363636363635,0.0,0.0,0.24227078891257997,0.3333333333333333,0.3333333333333333,0.0,0.5396825396825395,0.612161703091383,0.10072902974818895,0.040195310871849306,0.029429353242846512,0.6675591492855677,0.15811357530358416,0.5463647969944265,0.22658853374768462,0.15660073940217845,0.17994130698769173,0.12933181684538222,0.35593220338983056,0.23178048060846387,0.5538474569093296,0.15964366968949273,0.0307684518950253,0.0
0.6097560975609757,0.0,0.19243604004449377,0.5800000000000001,0.384615384615385,0.9387755102040818,0.5,0.9866666666666666,0.7945945945945947,1.0,17.8,0.5454545454545455,0.6666666666666666,1.0,0.1481876332622601,0.6666666666666666,0.3333333333333333,1.0,0.4285714285714284,0.7859260870044483,0.9244109266845268,0.7923855896876669,0.7647009763134227,0.5314562260263618,0.8879895702387038,0.6098635915019903,0.1655028766700981,0.1912995905104527,0.09855280035171525,0.078629331377784,0.2033898305084746,0.4896351281557918,0.031481117874206446,0.8980189661327969,0.9307322197410972,0.7692307692307693
1.0,1.0,0.9154616240266962,0.7799999999999998,0.4615384615384617,0.6734693877551021,0.04166666666666696,0.10666666666666669,0.13310810810810808,1.0,20.1,0.7272727272727274,0.33333333333333337,0.0,0.584221748400853,1.0,0.0,0.25,0.6507936507936507,0.6167090341201408,0.17182708910608696,0.130162041403915,0.11243812773162709,0.5586768106782025,0.04892158919248858,0.5041629321112795,0.7311699578945695,0.7099255624264327,0.21642204998275938,0.5204058272147571,0.4463276836158192,0.1516706706247594,0.4808197162408825,0.16082955343402916,0.05248589744822708,0.07692307692307693
0.2926829268292683,1.0,0.503893214682981,0.8999999999999999,0.0,0.7142857142857144,0.75,0.74,0.722972972972973,1.0,10.4,0.9090909090909091,0.9999999999999999,1.0,0.26945628997867804,0.3333333333333333,1.0,0.0,0.09523809523809512,0.8224510494158429,0.7498083620886116,0.8299528395083557,0.7587382275864527,0.8030582441363476,0.5127287389412405,0.7689845385954064,0.3684718061374622,0.15153600026525638,0.33908819693267167,0.18853305988748487,0.22033898305084743,0.395123820580906,0.06592168278711615,0.9265946464073695,0.7707311568018193,1.0
0.7560975609756098,0.0,0.05784204671857618,0.48,0.10256410256410309,0.7346938775510203,0.9583333333333335,0.49333333333333335,0.3831081081081081,0.6666666666666666,30.8,0.2727272727272728,0.33333333333333337,0.5,0.06956289978678037,0.6666666666666666,0.3333333333333333,1.0,0.0793650793650793,0.7739917199774521,0.521794282814326,0.33964048343622727,0.3793880222309267,0.41504745848300395,0.6344627639228978,0.5462747152105736,0.061112844804943,0.175852550605945,0.033257996840701395,0.029022380345348903,0.22033898305084748,0.47938669314116467,0.11351866044264848,0.5452643936958352,0.3605856395331079,0.3076923076923077
0.9268292682926831,1.0,0.17352614015572854,0.8399999999999999,0.5384615384615383,0.3265306122448983,0.5,0.12000000000000005,0.10472972972972971,0.6666666666666666,29.4,0.7727272727272728,0.33333333333333337,0.0,0.0735607675906183,1.0,0.3333333333333333,1.0,0.5238095238095237,0.3549509034731547,0.10938175686007823,0.09278439245208397,0.12396187657963709,0.34297083314302435,0.2091823897961368,0.2505594816097058,0.1126892356551017,0.22264957973441202,0.044467907847366026,0.04215647179936237,0.4689265536723165,0.651587047576638,0.48190968251951605,0.09256649755105043,0.03341149351439255,0.07692307692307693
0.7560975609756098,1.0,0.4760845383759732,0.8999999999999999,0.5897435897435903,0.795918367346939,0.9583333333333335,0.94,0.810810810810811,1.0,14.3,0.9090909090909091,0.9999999999999999,1.0,0.2521321961620469,0.6666666666666666,1.0,0.0,0.38095238095238093,0.5859112012435533,0.7327865418392175,0.8129717031308996,0.8275022489493788,0.6339660567832954,0.5921442329218704,0.5132238759300705,0.3462925240665875,0.31496709162950315,0.15542978056551016,0.17338226697380058,0.22033898305084743,0.41435399321615696,0.04086709712437665,0.7415352616108857,0.7551328215805272,1.0
0.07317073170731708,1.0,0.9477196885428252,0.31999999999999984,0.9230769230769234,0.795918367346939,0.41666666666666696,0.5866666666666667,0.6108108108108108,0.3333333333333333,29.8,0.8636363636363636,0.33333333333333337,0.5,0.8824626865671641,0.0,0.0,0.75,0.7936507936507935,0.5081247876797647,0.4481619618955721,0.2955666841013592,0.6122687041184979,0.8591176735746116,0.2633802170221094,0.5419307685484351,0.9164978162848393,0.2680540128317777,0.8356060232887361,0.8459081860828569,0.5141242937853107,0.17975108298675632,0.2077120786858791,0.40659523975578626,0.31560252930616806,0.3076923076923077
0.7073170731707319,0.0,0.20578420467185754,0.5800000000000001,0.8974358974358978,0.22448979591836737,0.875,0.6133333333333333,0.36081081081081084,1.0,30.3,0.40909090909090906,0.6666666666666666,0.5,0.15831556503198296,0.6666666666666666,0.3333333333333333,1.0,0.603174603174603,0.15574168709202563,0.2632736218091258,0.26473989380681007,0.47331273750780356,0.12714565077507078,0.443649545096329,0.07184287397359307,0.17710053478090182,0.2283443027901656,0.0845615735169014,0.08519050137978978,0.15254237288135591,0.39503050141348006,0.06142832517060608,0.22280154266464203,0.202651416560973,0.46153846153846156
0.878048780487805,1.0,0.5127919911012234,0.8999999999999999,0.8974358974358978,0.40816326530612246,0.5833333333333335,0.4466666666666666,0.34324324324324323,1.0,27.9,0.8636363636363636,0.0,0.0,0.27505330490405117,1.0,1.0,0.0,0.714285714285714,0.294751054793964,0.25842917308278573,0.10312460048891006,0.40435330756625354,0.3933591207413798,0.2548325996906525,0.22823243400522236,0.37556917640014187,0.3793497902816691,0.14024856453232987,0.1934996854365587,0.8983050847457625,0.3711778620963885,0.4394848412127029,0.07686717381131702,0.07893916580102689,0.0
0.5365853658536586,0.0,0.2614015572858731,0.2200000000000002,0.07692307692307754,0.795918367346939,0.375,0.54,0.4986486486486487,0.0,33.4,0.045454545454545525,0.33333333333333337,0.5,0.32462686567164173,0.6666666666666666,0.6666666666666666,0.0,0.2857142857142856,0.845387315662483,0.5967056517822725,0.3844798773680925,0.4915634053282064,0.6538449615983803,0.5242224830874225,0.7123360864204256,0.2940375844695433,0.27881761965549823,0.13914291711017496,0.18453693961481854,0.10734463276836159,0.14933215553084797,0.05577446934016271,0.5825024464432289,0.4063501397619448,0.3076923076923077
0.9268292682926831,1.0,0.3259176863181311,0.3599999999999999,0.8974358974358978,0.36734693877551017,0.3333333333333335,0.10666666666666669,0.09999999999999998,1.0,26.5,0.2727272727272728,0.0,0.0,0.32595948827292104,1.0,0.6666666666666666,0.0,0.8095238095238093,0.3002214329580517,0.08756775083403515,0.03494338202126846,0.11245455502863066,0.36813271811531445,0.14238075999197253,0.22406853190112413,0.3253331025096111,0.44244765330990227,0.0834182870335667,0.1970065332257943,0.4576271186440678,0.22859152452962941,0.49008442960926757,0.07829377603143967,0.026748238673876566,0.0
0.34146341463414637,0.0,0.3392658509454949,0.2400000000000002,0.4358974358974361,0.04081632653061229,0.3333333333333335,0.49333333333333335,0.30608108108108106,0.6666666666666666,28.4,0.13636363636363635,0.0,0.0,0.3875266524520255,0.3333333333333333,0.6666666666666666,0.5,0.5238095238095237,0.23362505459663208,0.25150573611871146,0.10036184478910526,0.4510461911678074,0.17909391133962482,0.3052049405823864,0.12892971509382473,0.36457810995168627,0.22888310482600838,0.23715856108420907,0.2390045145620051,0.35593220338983056,0.15453310835836884,0.17269328131168865,0.060926322014049294,0.07682434907232522,0.0
0.6829268292682928,0.0,0.22358175750834253,0.2999999999999998,0.384615384615385,0.34693877551020424,0.791666666666667,0.7933333333333332,0.49932432432432433,0.0,17.3,0.5454545454545455,0.6666666666666666,1.0,0.26012793176972276,0.6666666666666666,0.6666666666666666,0.0,0.3174603174603172,0.3833365737763411,0.49451602203259404,0.4492916598065619,0.6139618265489835,0.19677879258508546,0.5606875606270384,0.21939733185555826,0.24184826849646945,0.2936056632238598,0.09440746097724566,0.14096970078877513,0.2033898305084746,0.45555923879285665,0.05294345683114586,0.5830489168189769,0.5367881682566554,0.7692307692307693
0.853658536585366,1.0,0.6017797552836484,0.8999999999999999,0.4358974358974361,0.36734693877551017,0.0,0.25999999999999995,0.20608108108108109,0.3333333333333333,28.6,0.9090909090909091,0.33333333333333337,0.0,0.3312899786780384,1.0,1.0,0.0,0.6507936507936507,0.4575524481136156,0.22227075867115897,0.16035590385975834,0.24398792213628062,0.36765209784056285,0.1405759864042067,0.32348896806445343,0.44654287902694034,0.416315754571528,0.16907049808797603,0.2458434380761822,0.536723163841808,0.3355621925726161,0.3873397993329074,0.11932362237525446,0.0678943018009889,0.07692307692307693
0.2926829268292683,0.0,0.436040044493882,0.2400000000000002,0.5384615384615383,0.9387755102040818,0.666666666666667,0.5066666666666666,0.5020270270270271,0.0,28.0,0.4545454545454545,0.6666666666666666,0.5,0.47601279317697226,0.3333333333333333,0.6666666666666666,0.25,0.46031746031746024,0.712598405813513,0.5012142822613503,0.454637460374054,0.4631260849716027,0.7449619002003267,0.4011375817744434,0.6558736462959971,0.4574846581819051,0.24789867206021315,0.3067148404119755,0.3214195554007921,0.1694915254237288,0.24819031709747322,0.08839292856571475,0.5132432662125693,0.34801300265579876,0.46153846153846156
0.7560975609756098,1.0,0.8375973303670743,0.8199999999999998,0.02564102564102555,0.10204081632653095,0.4583333333333335,0.5866666666666667,0.37229729729729727,0.3333333333333333,29.2,0.7727272727272728,0.0,0.0,0.5141257995735606,0.6666666666666666,0.0,0.25,0.2222222222222221,0.38115728683048367,0.37748317845000035,0.15063238219034203,0.5244941376873312,0.20261127479759722,0.1770983797502118,0.2200978382931053,0.656045358299134,0.5146015351713391,0.26103039149785817,0.437751008240603,0.8305084745762712,0.1890199815132003,0.3317786750972967,0.09940077546704265,0.11530512153601782,0.0
0.14634146341463422,0.0,0.2547274749721913,0.5800000000000001,0.5128205128205128,0.30612244897959195,0.375,0.6133333333333333,0.4425675675675676,0.0,27.3,0.36363636363636365,0.6666666666666666,0.5,0.19482942430703615,0.0,0.6666666666666666,0.0,0.5555555555555554,0.36397514016644983,0.38255049708666433,0.3599333269926322,0.5550508375835016,0.34584141438634197,0.4792943246813221,0.2571296586032162,0.21962528118718183,0.06790563504036873,0.3036632535268278,0.11019957397110042,0.13559322033898302,0.32580652105057606,0.054969123596872824,0.33141059949730495,0.2755194826654588,0.46153846153846156
0.5121951219512195,1.0,0.24471635150166848,0.2799999999999998,0.8974358974358978,0.14285714285714324,0.16666666666666696,0.3133333333333333,0.2533783783783784,0.0,27.5,0.7727272727272728,0.33333333333333337,0.0,0.2859808102345415,0.3333333333333333,0.6666666666666666,0.0,0.873015873015873,0.2046273162481298,0.15558982151720085,0.12044296607762237,0.3518322215232039,0.4082620336329774,0.31339660321801033,0.17438236975024973,0.265733043920377,0.2452253850362241,0.13950012627733266,0.15902361893264635,0.4689265536723165,0.5593685655456413,0.3098523252160446,0.05336409566229797,0.04752609998006694,0.07692307692307693
0.6585365853658538,1.0,0.539488320355951,0.56,0.9743589743589745,0.9591836734693877,0.7083333333333335,0.6866666666666668,0.6500000000000001,0.3333333333333333,13.2,0.9090909090909091,0.6666666666666666,1.0,0.4160447761194029,0.6666666666666666,1.0,0.5,0.714285714285714,0.5592599283751464,0.5433137351283701,0.4882365251075263,0.6103790100244575,0.7363349682098272,0.4431123816023039,0.5345188161588983,0.4718471970210595,0.3935617301347833,0.19951126635983385,0.2980810702366822,0.3389830508474576,0.37209454807723785,0.11622599603796403,0.7206843639749058,0.5815050713697312,0.7692307692307693
0.024390243902439046,0.0,0.3770856507230256,0.54,0.9743589743589745,0.34693877551020424,0.5833333333333335,0.52,0.3878378378378378,0.6666666666666666,32.5,0.5000000000000001,0.33333333333333337,0.5,0.30037313432835816,0.0,0.6666666666666666,0.0,0.7619047619047619,0.24367518088416495,0.26922375368016777,0.18846036742109967,0.4747171025245662,0.3728112561023498,0.34939179861270064,0.18960173721095797,0.33400745731953363,0.058410285316401134,0.5056475799636567,0.18954042630708895,0.33333333333333337,0.30433462544135415,0.15481761459083276,0.26866532527862813,0.20628644306129532,0.3076923076923077
1.0,1.0,0.114571746384872,0.8999999999999999,0.7179487179487181,0.9591836734693877,0.20833333333333348,0.38000000000000006,0.3932432432432433,0.6666666666666666,24.4,0.8636363636363636,0.33333333333333337,0.0,0.02425373134328357,1.0,0.3333333333333333,1.0,0.746031746031746,0.6729523389495141,0.3878804634978089,0.2594842323894305,0.3473022423702692,0.7371188275547582,0.570601275526571,0.6219424691490314,0.05796185714521884,0.19616124272617252,0.022127940272551452,0.01650238601129067,0.5141242937853107,0.80743777182168,0.2950059322357016,0.17549706290592693,0.1184810517086016,0.07692307692307693
0.12195121951219517,1.0,0.47942157953281406,0.6000000000000001,0.6410256410256414,0.8571428571428572,0.25,0.1333333333333333,0.2168918918918919,0.6666666666666666,29.3,0.7272727272727274,0.33333333333333337,0.0,0.3552771855010661,0.0,1.0,0.5,0.6825396825396823,0.6434995114988692,0.19810187772408272,0.1458892349334167,0.17994336688499746,0.9022116994271534,0.18104822639730966,0.670070350920126,0.4103906492514148,0.11715628574744275,0.46163623433924156,0.24310903670258205,0.4463276836158192,0.33726930570006053,0.4479961603071756,0.16781615533982513,0.06051173242018854,0.07692307692307693
0.6585365853658538,0.0,0.2791991101223581,0.56,0.5128205128205128,0.7755102040816326,0.666666666666667,0.6399999999999999,0.49662162162162166,0.0,31.3,0.36363636363636365,0.33333333333333337,0.0,0.2193496801705757,0.6666666666666666,0.6666666666666666,0.0,0.4444444444444442,0.6222934757344046,0.5493162965907493,0.35611422346422367,0.4941590202633034,0.4390340844002474,0.5068796602644228,0.4577653546484564,0.2444223338988113,0.25591853313218055,0.11672038738887298,0.1268095737467742,0.2655367231638418,0.30662542673524107,0.09906275991071402,0.16228590189223174,0.16779286059895554,0.07692307692307693
0.6585365853658538,1.0,0.07341490545050056,0.5800000000000001,0.4102564102564106,0.9795918367346941,0.20833333333333348,0.6399999999999999,0.6155405405405405,1.0,22.9,0.40909090909090906,0.33333333333333337,0.5,0.05916844349680167,0.6666666666666666,0.3333333333333333,1.0,0.5555555555555554,0.8054608530617634,0.6571906959924814,0.42068416467044206,0.5700685942789488,0.748421864552681,0.8972590443284773,0.728972182312634,0.062090425182098785,0.14382698652165982,0.05126605999730145,0.026519649926153632,0.2881355932203389,0.5576493636944727,0.10743907610678817,0.561677860471546,0.4433013777079997,0.3076923076923077
0.4634146341463415,1.0,0.7063403781979976,0.7799999999999998,0.384615384615385,0.9795918367346941,0.29166666666666696,0.026666666666666672,0.1324324324324324,0.0,26.4,0.7272727272727274,0.0,0.0,0.4437633262260127,0.3333333333333333,0.0,0.5,0.5079365079365079,0.8152693995919617,0.15894879694855724,0.06342755729927577,0.0780153135498079,0.9859967824348841,0.07723203112306333,0.852989684551428,0.5590868931922923,0.31690263432749216,0.3317586509946674,0.35125682796427876,0.7966101694915255,0.22313794746727203,0.9594965736074446,0.21261146863507918,0.048552124694438,0.0
0.7073170731707319,0.0,0.24360400444938812,0.08000000000000007,0.7692307692307692,0.22448979591836737,0.4583333333333335,0.9666666666666666,0.5722972972972973,1.0,16.4,0.5454545454545455,0.6666666666666666,1.0,0.36727078891257997,0.6666666666666666,0.6666666666666666,0.5,0.6825396825396823,0.2405848319740449,0.479367105325074,0.4372014923949877,0.7495539131215456,0.1279334931106062,0.6086055443144884,0.11839328624857787,0.30707840119478413,0.3810656675342761,0.09607912623790248,0.20679143840707503,0.2033898305084746,0.43528121416273136,0.03340532757379412,0.4713656223521704,0.522906111133432,0.7692307692307693
0.2439024390243903,0.0,0.13348164627363734,0.2200000000000002,0.2051282051282053,0.8979591836734695,0.8333333333333335,0.5466666666666666,0.5263513513513514,1.0,27.9,0.2272727272727273,0.33333333333333337,0.5,0.20628997867803828,0.0,0.3333333333333333,0.0,0.19047619047619024,0.8419875253917669,0.6004953341447811,0.3867482521511228,0.4973893957267681,0.7181116636389868,0.6947147262959283,0.7419574306093375,0.17046729864609944,0.10543941378338498,0.18207362701613328,0.0989376456862163,0.19774011299435024,0.35522987650647175,0.09170175476870941,0.5807292058362102,0.40866531463774297,0.3076923076923077
0.6585365853658538,1.0,0.8164627363737484,0.41999999999999993,0.7692307692307692,0.18367346938775508,0.541666666666667,0.21999999999999992,0.15337837837837837,0.6666666666666666,24.0,0.36363636363636365,0.0,0.0,0.7052238805970148,0.6666666666666666,0.0,0.25,0.6507936507936507,0.20744924153193345,0.11432130580190475,0.04561922652755351,0.20961896056349227,0.25320656639248096,0.07153344254587742,0.13421721169815054,0.7589672502610908,0.5959233409041926,0.28760925295713835,0.6161367463630857,0.5254237288135593,0.07304555176895636,0.4147388690832444,0.054100016425751435,0.034920316486078566,0.0
0.5853658536585367,1.0,0.2547274749721913,0.96,0.3333333333333339,0.12244897959183687,0.4583333333333335,0.6133333333333333,0.3939189189189189,1.0,28.5,0.8636363636363636,0.6666666666666666,0.5,0.09914712153518118,0.6666666666666666,0.6666666666666666,1.0,0.41269841269841256,0.2950462655903717,0.3430677883554525,0.3284226541412982,0.5475878383295522,0.21570839802261044,0.4350808159461597,0.17469340845696218,0.16129042761722634,0.15185928148676203,0.12483268047485548,0.06174457329050087,0.32203389830508466,0.5972607036436818,0.12602034090793862,0.29545912318206996,0.2513988924578791,0.46153846153846156
0.9268292682926831,0.0,0.004449388209121219,0.6000000000000001,0.9230769230769234,0.9183673469387754,0.916666666666667,0.48666666666666664,0.4121621621621622,0.0,30.0,0.2727272727272728,0.6666666666666666,0.5,0.003997867803837929,1.0,0.3333333333333333,1.0,0.603174603174603,0.5399728230098518,0.40037130564693046,0.37415589901299834,0.3743483802378751,0.5194108802048152,0.7639051072416732,0.4349627132549961,0.0,0.162071652381505,0.0012528886042820764,0.0,0.1016949152542373,0.5650698048528248,0.06300374018858983,0.42320633191271184,0.2864064869836328,0.46153846153846156
0.7804878048780488,0.0,0.3014460511679643,0.5,0.02564102564102555,0.0,0.375,0.11333333333333334,0.039864864864864846,0.0,31.8,0.5454545454545455,0.33333333333333337,0.0,0.25559701492537307,1.0,0.6666666666666666,0.0,0.25396825396825395,0.32057524629147327,0.09646955190332793,0.08505558636348551,0.08338316752139846,0.0010320828852601327,0.09939053791735804,0.12254454098512652,0.2750399961794695,0.3266881082246058,0.10005606944215402,0.15060615629553456,0.35593220338983056,0.38281153162086634,0.39923492687749146,0.0836017811489001,0.029467361836924257,0.07692307692307693
0.0,1.0,0.3337041156840934,0.2200000000000002,0.3333333333333339,0.9795918367346941,0.875,0.5333333333333334,0.6067567567567569,0.6666666666666666,23.9,0.4545454545454545,0.0,0.0,0.39152452025586354,0.0,0.6666666666666666,0.5,0.25396825396825395,0.8301438115728687,0.5831120408007867,0.23268733761954563,0.5611221709929645,0.9854118223739898,0.5537107479451137,0.8654328485372949,0.3638816590654027,0.07414744939405496,0.5055544728123172,0.24046711050100422,0.5932203389830508,0.3125863498203926,0.2591792656587473,0.21649051840430472,0.17811602893069273,0.0
0.6341463414634148,0.0,0.32814238042269184,0.5,0.8205128205128212,0.7142857142857144,0.791666666666667,0.3466666666666666,0.2756756756756757,0.3333333333333333,27.6,0.2727272727272728,0.33333333333333337,0.0,0.2763859275053305,0.6666666666666666,0.6666666666666666,0.0,0.5873015873015872,0.466610140000166,0.2784589667481205,0.19398825140591688,0.2649489411477237,0.4033593570765206,0.28615533411521715,0.3422315842099874,0.2987654910575709,0.28642716225401615,0.1378764482447975,0.16701208594488456,0.22033898305084748,0.22723793885587754,0.15818969776535524,0.12168574853307096,0.08505741934124045,0.07692307692307693
0.2926829268292683,1.0,0.7552836484983314,0.31999999999999984,0.8717948717948723,0.40816326530612246,0.5833333333333335,0.38666666666666666,0.35743243243243245,0.0,29.5,0.5909090909090909,0.33333333333333337,0.5,0.7153518123667375,0.3333333333333333,0.0,0.25,0.6984126984126982,0.30119421966324933,0.23082713383878412,0.16547745859912155,0.421695605012931,0.5915143413693127,0.18884353386388453,0.292739446757658,0.7362043028725617,0.3595550324110147,0.45902882928803795,0.6090592097192182,0.37853107344632764,0.16102200798432528,0.22346656711907487,0.2986657332797622,0.1828293611560181,0.3076923076923077
0.9756097560975612,1.0,0.7675194660734148,0.8199999999999998,0.9743589743589745,0.7346938775510203,0.25,0.6599999999999999,0.5729729729729729,1.0,26.0,0.31818181818181823,0.33333333333333337,0.5,0.4680170575692963,1.0,0.0,0.5,0.8888888888888888,0.473884411667605,0.4742165427505979,0.31116206876437386,0.5876438163555573,0.5969369996519316,0.2988792093543961,0.41796999769912774,0.5989830587722872,0.5909249158639898,0.1856029843045885,0.38317911309157154,0.24293785310734467,0.07151349528862747,0.08697612915798954,0.38873636602838735,0.33151967096209317,0.3076923076923077
0.04878048780487804,1.0,0.6785317018909898,0.8199999999999998,0.4871794871794872,0.4693877551020411,0.3333333333333335,0.5733333333333335,0.5182432432432433,0.0,29.3,0.5454545454545455,0.33333333333333337,0.5,0.4096481876332622,0.0,0.0,0.5,0.5555555555555554,0.4713635568166613,0.41951573942099096,0.278420031037961,0.5997039221945442,0.6335906045729756,0.30020894242139234,0.42958422609794306,0.5265229958810531,0.10217344451996888,0.6904187217966208,0.31840020883909936,0.35593220338983056,0.1731715724763966,0.14919747596662858,0.38742155486941765,0.298102114174865,0.3076923076923077
0.9268292682926831,1.0,0.539488320355951,0.7000000000000002,0.02564102564102555,0.48979591836734704,0.375,0.7133333333333334,0.5513513513513513,0.0,11.0,0.9090909090909091,0.6666666666666666,1.0,0.3608742004264392,1.0,1.0,0.5,0.25396825396825395,0.660287623145737,0.6250787461087336,0.5534921925752252,0.6330376504841466,0.44360234635385876,0.37939136212357016,0.48477268336519735,0.43930164315082787,0.47285266665561426,0.13800567976167272,0.2573337002477691,0.3389830508474576,0.37209454807723785,0.11088030155039828,0.7997244208030249,0.656432313695048,0.7692307692307693
0.12195121951219517,1.0,0.45494994438264735,0.6000000000000001,0.4615384615384617,0.12244897959183687,0.375,0.7,0.520945945945946,0.0,10.7,0.9090909090909091,0.6666666666666666,1.0,0.3371535181236673,0.0,1.0,0.5,0.5238095238095237,0.2700228092595889,0.371361667662924,0.351003657400785,0.7200932309208408,0.3926939645431049,0.4037864446693214,0.21215858999055742,0.38924640034384794,0.11067408279314975,0.4464071428897339,0.22646462565072306,0.3389830508474576,0.4297638032482727,0.11351866044264845,0.49439672687096425,0.42393285224024496,0.7692307692307693
0.17073170731707316,0.0,0.03448275862068961,0.2400000000000002,0.9230769230769234,0.8367346938775513,0.625,0.36000000000000004,0.36081081081081084,0.3333333333333333,33.6,0.13636363636363635,0.6666666666666666,0.5,0.10927505330490406,0.0,0.3333333333333333,1.0,0.714285714285714,0.5151751161116159,0.3069769168021644,0.29961896556518575,0.3356663199565354,0.6798981505700556,0.6411127461364674,0.4792003401179232,0.07197587759444535,0.042780881645915925,0.1608755228400522,0.042199867701267116,0.050847457627118675,0.40648126124751394,0.06515478761699066,0.4102725044317469,0.22935042742227002,0.46153846153846156
0.6341463414634148,0.0,0.21245828698553948,0.040000000000000036,0.4358974358974361,0.3265306122448983,0.25,0.72,0.4486486486486487,1.0,18.4,0.5454545454545455,0.9999999999999999,1.0,0.353411513859275,0.6666666666666666,0.3333333333333333,0.5,0.5555555555555554,0.41170332534432164,0.4714981114536376,0.5523077785199618,0.5566692001266375,0.18511981805103694,0.5230018177473262,0.23158257820408995,0.2843597972102587,0.33913029062152883,0.10024423053072441,0.19214143425381158,0.11186440677966103,0.46735854058459037,0.03179775997667021,0.605241936872078,0.5156951781977887,1.0
0.1951219512195122,0.0,0.15572858731924355,0.06000000000000005,0.384615384615385,0.5714285714285716,0.16666666666666696,0.4266666666666666,0.3655405405405406,0.6666666666666666,26.9,0.09090909090909094,0.33333333333333337,0.0,0.2865138592750533,0.0,0.3333333333333333,0.0,0.5555555555555554,0.5787519734668726,0.37889247831399653,0.25410433059530924,0.39393007345094033,0.5144689438752126,0.4947099194450531,0.45962753352006286,0.2222972906538867,0.1212470365888029,0.21706554543158596,0.14365486904229774,0.12994350282485873,0.24688373092628338,0.08877605581027205,0.1509308544093863,0.11573560294916588,0.07692307692307693
0.878048780487805,0.0,0.3592880978865405,0.56,0.07692307692307754,0.5918367346938775,0.916666666666667,0.5133333333333334,0.37094594594594593,0.0,27.7,0.13636363636363635,0.0,0.0,0.27985074626865664,1.0,0.6666666666666666,0.0,0.0793650793650793,0.6787975923974113,0.48896255937942057,0.1951175557640498,0.39571264226763736,0.33613551793401664,0.3461798639077884,0.4496062842238105,0.31439921485950306,0.38337837165735505,0.0995607393970286,0.17394412391967276,0.35593220338983056,0.14466640448806892,0.1664030657074993,0.17702142763827639,0.14935735035216738,0.0
0.7804878048780488,1.0,0.12347052280311455,0.96,0.28205128205128194,0.12244897959183687,0.08333333333333348,0.27999999999999997,0.18310810810810813,1.0,28.0,0.40909090909090906,0.0,0.0,0.018923240938166275,1.0,0.3333333333333333,1.0,0.5238095238095237,0.3549509034731547,0.19630055409263086,0.07833255036601233,0.261302293178052,0.2156298152832603,0.32488352438782103,0.2092931186391767,0.05819037096049445,0.14266648982907543,0.049107836229255034,0.015161724022761836,0.559322033898305,0.48724956186337676,0.3849500735593326,0.09256649755105043,0.059961504351475355,0.0
1.0,1.0,0.5494994438264739,0.43999999999999995,0.7179487179487181,0.6530612244897962,0.7083333333333335,0.38666666666666666,0.34459459459459457,1.0,24.5,0.7727272727272728,0.33333333333333337,0.0,0.4770788912579957,1.0,1.0,0.25,0.5555555555555554,0.4713635568166613,0.30496199364534343,0.20985206059541245,0.35300011349795946,0.5463627366690365,0.24226697371832528,0.3976517988664285,0.5109040608130736,0.611623203302442,0.1276404359624005,0.3470319791815104,0.4689265536723165,0.3138265418716649,0.2687607213645131,0.12292537672332998,0.09315297143975976,0.07692307692307693
0.5609756097560976,1.0,0.12791991101223577,0.6000000000000001,0.1538461538461542,0.12244897959183687,0.41666666666666696,0.39333333333333337,0.25472972972972974,0.6666666666666666,26.7,0.2727272727272728,0.6666666666666666,0.5,0.09541577825159914,0.6666666666666666,0.3333333333333333,1.0,0.3174603174603172,0.3560954869531219,0.2583712942674455,0.2608274054203723,0.3585659719795232,0.2154762545173743,0.40101447439913723,0.2099048344413314,0.10668234676090643,0.1428322750708732,0.08637926476411818,0.04705605996680581,0.1016949152542373,0.3911663630729941,0.0831170203631416,0.3273007809689528,0.19965650973983273,0.46153846153846156
0.34146341463414637,1.0,0.5328142380422691,0.7599999999999998,0.3333333333333339,0.4693877551020411,0.5833333333333335,0.6799999999999999,0.6027027027027028,0.0,11.6,0.9090909090909091,0.9999999999999999,1.0,0.3344882729211088,0.3333333333333333,1.0,0.0,0.3650793650793649,0.5035472413173362,0.5047081882106144,0.58543847983471,0.7007662616273963,0.6321007561206691,0.4161212910194188,0.4524782081485302,0.42057424301927604,0.2024900943318026,0.3237307542389398,0.23736389313035533,0.22033898305084743,0.3762848145972092,0.07536660225076731,0.6770969698341615,0.5461279933955994,1.0
0.7560975609756098,0.0,0.022246941045606206,0.040000000000000036,0.28205128205128194,0.20408163265306145,0.8333333333333335,0.4000000000000001,0.23040540540540538,0.3333333333333333,28.8,0.31818181818181823,0.33333333333333337,0.0,0.156183368869936,0.6666666666666666,0.3333333333333333,1.0,0.23809523809523792,0.31482928612190864,0.24368684333403318,0.17317484269249658,0.3073507866831897,0.116925608328323,0.4832653527806839,0.15554690877376676,0.08973659703833481,0.24185579999668427,0.022860398225824044,0.059805860668215055,0.24293785310734467,0.5712904117159426,0.15099592032637388,0.08210331078930944,0.07443600852026047,0.07692307692307693
0.7560975609756098,1.0,0.436040044493882,0.43999999999999995,0.8717948717948723,0.16326530612244916,0.791666666666667,0.6399999999999999,0.42027027027027025,1.0,29.9,0.818181818181818,0.33333333333333337,0.0,0.38512793176972276,0.6666666666666666,0.6666666666666666,0.5,0.6190476190476188,0.13860264975653946,0.2644519385929979,0.18560412144119803,0.5701116059293623,0.24039306646146885,0.3421265349112897,0.09033995720521526,0.40831198630384236,0.41630746530943813,0.14373248212377315,0.25614506413516847,0.4915254237288136,0.4049806576402315,0.18282592187145574,0.03614573653347006,0.08077886555132963,0.07692307692307693
0.5609756097560976,1.0,0.2758620689655171,0.41999999999999993,0.10256410256410309,0.22448979591836737,0.16666666666666696,0.4666666666666666,0.320945945945946,0.6666666666666666,22.5,0.5909090909090909,0.33333333333333337,0.5,0.2622601279317697,0.6666666666666666,0.6666666666666666,0.0,0.38095238095238093,0.4677839429283207,0.3523237103861993,0.23820117106409633,0.4212417171844465,0.2783047887642387,0.35475240627870475,0.29737108157155207,0.26728758666886177,0.24920837547041558,0.1380264828839014,0.15051350593579038,0.37853107344632764,0.4289347374453749,0.1917606591472682,0.38555452302368054,0.2570534766916215,0.3076923076923077
0.9756097560975612,0.0,0.25583982202447153,0.56,0.4102564102564106,0.6938775510204085,0.9583333333333335,0.72,0.5351351351351352,0.3333333333333333,17.5,0.5454545454545455,0.6666666666666666,1.0,0.2014925373134328,1.0,0.6666666666666666,0.0,0.26984126984126977,0.592537541515821,0.5867518715524146,0.5229039770153445,0.556680240550273,0.393039799189151,0.5623554831219496,0.4193184123068196,0.2240124102852762,0.35053631525721574,0.059330423539860414,0.11391663609433947,0.2033898305084746,0.42345951920419955,0.0631453281205858,0.7467194471242914,0.6213106035280548,0.7692307692307693
0.26829268292682934,0.0,0.18020022246941048,0.54,0.7948717948717947,0.06122448979591866,0.4583333333333335,0.12000000000000005,0.07770270270270269,1.0,33.4,0.5000000000000001,0.33333333333333337,0.0,0.14978678038379534,0.0,0.3333333333333333,1.0,0.6984126984126982,0.14571047794918257,0.05198704033683654,0.0584298700444831,0.12751437972310603,0.19199952330928327,0.17829412437215497,0.08248404934303333,0.16100905716671243,0.0882723519952254,0.19493617357850318,0.07789286411734989,0.33333333333333337,0.47633142204202983,0.3740030209347957,0.03799936404800697,0.015879838749240545,0.07692307692307693
0.9268292682926831,0.0,0.14349276974416014,0.2799999999999998,0.23076923076923084,0.7142857142857144,0.125,0.4000000000000001,0.3135135135135135,0.0,27.4,0.36363636363636365,0.33333333333333337,0.5,0.19589552238805968,1.0,0.3333333333333333,0.0,0.47619047619047605,0.7266682025310526,0.42642846545917656,0.28255775339225275,0.3067196360730542,0.4039083436577344,0.4510410010858296,0.5104122296369815,0.1697400292014335,0.3291831761136623,0.036791555744976126,0.09532897275588167,0.2655367231638418,0.43310066436800954,0.16211357636843599,0.5205816997291721,0.3023252041639399,0.3076923076923077
0.024390243902439046,0.0,0.10011123470522798,0.3799999999999999,0.4102564102564106,0.5510204081632653,0.5833333333333335,0.36666666666666664,0.3168918918918919,1.0,29.2,0.40909090909090906,0.33333333333333337,0.0,0.12899786780383793,0.0,0.3333333333333333,1.0,0.41269841269841256,0.5270819515667214,0.31628801394065104,0.21663143057220324,0.34178733197064404,0.5013469262686105,0.49955634308353597,0.4191224711511912,0.11330769640515492,0.007775327840315677,0.29699445381214606,0.058514454580196634,0.2881355932203389,0.5184936643903199,0.1859371250299976,0.13745599659417074,0.09661259089096882,0.07692307692307693
0.04878048780487804,1.0,0.9810901001112344,0.6800000000000002,0.10256410256410309,0.24489795918367374,0.3333333333333335,0.21999999999999992,0.2027027027027027,0.3333333333333333,26.2,0.36363636363636365,0.33333333333333337,0.0,0.6809701492537312,0.0,0.0,0.25,0.3174603174603172,0.46505983424599895,0.20057132832772084,0.14736736395358174,0.26276208252541544,0.47893595856558036,0.07268706013689712,0.36872565970416743,0.8170622507700757,0.1865581325950364,0.9069487129514413,0.6341018414578555,0.2655367231638418,0.036700694333382494,0.2452950751891656,0.12128144931198914,0.0612660449782974,0.07692307692307693
0.878048780487805,1.0,0.48498331479421564,0.7200000000000002,0.2051282051282053,0.44897959183673475,0.25,0.6933333333333334,0.5263513513513514,0.3333333333333333,12.4,0.9090909090909091,0.9999999999999999,1.0,0.31556503198294245,1.0,1.0,0.0,0.41269841269841256,0.5657545658961131,0.5517940301049924,0.6324117818048229,0.6155664392458077,0.41757418819723013,0.3909216632657288,0.4119408707732936,0.3892774036413661,0.4133689218985726,0.13287758171796366,0.21668918711239654,0.22033898305084743,0.4080752038351543,0.07317232803193925,0.7257655104852849,0.5892761840875677,1.0
0.39024390243902446,0.0,0.18020022246941048,0.54,0.8205128205128212,0.36734693877551017,0.375,0.8733333333333333,0.6391891891891892,0.0,17.3,0.5454545454545455,0.9999999999999999,1.0,0.14978678038379534,0.3333333333333333,0.3333333333333333,1.0,0.746031746031746,0.3147218062140973,0.4892522411497504,0.570019474050495,0.7810126884802528,0.38538459615432674,0.7494278927183556,0.23858775479853395,0.16100905716671243,0.1254496924683765,0.14956201811189374,0.07789286411734989,0.11186440677966103,0.5039510727782098,0.015864189428381664,0.5293674472013339,0.5319645819692284,1.0
0.024390243902439046,1.0,0.5317018909899888,0.56,0.8974358974358978,0.8367346938775513,0.916666666666667,0.52,0.5608108108108107,0.0,23.6,0.818181818181818,0.0,0.0,0.410181236673774,0.0,1.0,0.5,0.5873015873015872,0.5018242278448152,0.4025138567043812,0.16062072315106854,0.548226156155977,0.886113709537069,0.38944402053869825,0.5470053317914276,0.46504388914988104,0.09085445713622575,0.6221246262891986,0.29221086807259644,0.8644067796610169,0.3416305741464458,0.3793421526277898,0.1308691165547859,0.12295093349007985,0.0
0.024390243902439046,1.0,0.5105672969966629,0.7000000000000002,0.8974358974358978,0.7346938775510203,0.5,0.7733333333333332,0.7574324324324324,0.6666666666666666,12.9,0.9090909090909091,0.6666666666666666,1.0,0.34061833688699356,0.0,1.0,0.5,0.746031746031746,0.4775538665483775,0.5463970229362657,0.4906972598580856,0.7899706199001271,0.8159839550980164,0.531318543486986,0.5012741545971036,0.4149883544807018,0.07030123178434655,0.6062033034101677,0.23807611899393433,0.3389830508474576,0.39067513617336525,0.09979442608446747,0.6567607855476805,0.5843305128387768,0.7692307692307693
0.6585365853658538,1.0,0.12347052280311455,0.7400000000000002,0.4358974358974361,0.7755102040816326,0.29166666666666696,0.6266666666666667,0.556081081081081,0.0,26.2,0.8636363636363636,0.6666666666666666,0.5,0.06103411513859269,0.6666666666666666,0.3333333333333333,1.0,0.5396825396825395,0.6723191031593253,0.5689746853800416,0.5087162194957577,0.5585523609935824,0.6212193444615997,0.7421286847737277,0.5706220555284243,0.08445364561233387,0.14513254530081732,0.0671873828763324,0.032086887182851784,0.32203389830508466,0.7910116697642188,0.12297016238700904,0.4922346482092691,0.38940886855378154,0.46153846153846156
0.5365853658536586,0.0,0.19354838709677413,0.41999999999999993,0.2051282051282053,0.4693877551020411,0.4583333333333335,0.9133333333333333,0.6986486486486487,0.6666666666666666,18.3,0.5454545454545455,0.9999999999999999,1.0,0.19482942430703615,0.6666666666666666,0.3333333333333333,0.0,0.33333333333333326,0.5635860080832499,0.6977329876726337,0.7780019305039977,0.8155730792231164,0.44933698325315996,0.7906985139994555,0.4232144684793699,0.19242278192436613,0.19808020689998174,0.11486289971965279,0.10190146640707554,0.11186440677966103,0.4883608866483804,0.012352209684187848,0.724068916960579,0.7230106935955629,1.0
0.878048780487805,1.0,0.8331479421579533,0.8399999999999999,0.7179487179487181,0.30612244897959195,0.875,0.4666666666666666,0.33716216216216216,0.3333333333333333,20.7,0.5000000000000001,0.6666666666666666,0.5,0.5023987206823028,1.0,0.0,0.25,0.49206349206349187,0.24689830985833716,0.245401944398061,0.25047672397116355,0.4214509165128014,0.3296350341077108,0.16061373476451524,0.17933965073833363,0.6470020027937632,0.5702597854738971,0.22516228655382814,0.42622988427863884,0.1864406779661017,0.10946361565771504,0.10513558915286782,0.2703464240298924,0.19173333568437956,0.46153846153846156
0.7560975609756098,0.0,0.24582869855394884,0.31999999999999984,0.3333333333333339,0.6530612244897962,0.9583333333333335,0.5800000000000001,0.4283783783783784,0.3333333333333333,31.3,0.13636363636363635,0.33333333333333337,0.5,0.27238805970149244,0.6666666666666666,0.6666666666666666,0.0,0.2222222222222221,0.5977239270750766,0.49343804167923155,0.32266740332568344,0.4473178715412929,0.36969385696396007,0.473811145536205,0.41303684589247075,0.25889546389670537,0.330401697640876,0.08817031452552236,0.15144527038746483,0.15254237288135591,0.20814061054579128,0.06708601997971549,0.45332777902393695,0.34326237843409835,0.3076923076923077
0.7804878048780488,1.0,0.19021134593993327,0.8199999999999998,0.6153846153846159,0.22448979591836737,0.75,0.39333333333333337,0.27297297297297296,1.0,29.5,0.5454545454545455,0.6666666666666666,0.5,0.08875266524520253,1.0,0.3333333333333333,1.0,0.47619047619047605,0.2412602157759305,0.20787968576224586,0.22053066265694465,0.3585799808631185,0.2790504115941512,0.3692606326634649,0.16153221636354093,0.12889840076540637,0.1969611565178468,0.06821342368409215,0.050536068712915716,0.2033898305084746,0.4921970007486267,0.13360545835232263,0.26740574340637546,0.16881041440309852,0.46153846153846156
0.0,1.0,0.31256952169076735,0.6000000000000001,0.3589743589743595,0.6734693877551021,0.0,0.4000000000000001,0.420945945945946,1.0,25.4,0.818181818181818,0.6666666666666666,0.5,0.23187633262260127,0.0,0.6666666666666666,0.0,0.603174603174603,0.6564065005607084,0.39525186490067465,0.37007013520091403,0.4343474398137438,0.774886025912827,0.4162238879263009,0.6256132765590203,0.2662253157907304,0.029460037467464673,0.48874863199556234,0.138552676532386,0.30508474576271183,0.5103997136989911,0.18156947444204463,0.4839350559272785,0.2832789423875143,0.46153846153846156
0.43902439024390244,1.0,0.32480533926585087,0.2999999999999998,0.12820512820512864,0.12244897959183687,0.625,0.48666666666666664,0.37094594594594593,0.6666666666666666,27.2,0.5454545454545455,0.33333333333333337,0.0,0.3491471215351813,0.3333333333333333,0.6666666666666666,0.5,0.2222222222222221,0.33784395878156503,0.300082870448168,0.2069315836358489,0.5163900545630425,0.3921285645157182,0.36657046494283835,0.25551238744222676,0.3372595073686314,0.2519272534358991,0.19243512285804243,0.21136572573861734,0.35593220338983056,0.3638571795932515,0.17485820646543399,0.08810523280033325,0.09166260597354328,0.07692307692307693
0.024390243902439046,0.0,0.28031145717463846,0.040000000000000036,0.7179487179487181,0.20408163265306145,0.875,0.48666666666666664,0.3358108108108108,0.0,30.6,0.40909090909090906,0.33333333333333337,0.0,0.42377398720682297,0.0,0.6666666666666666,0.5,0.49206349206349187,0.18519841235275503,0.22434612176631868,0.16159814552023768,0.4460891662566091,0.28362560687911076,0.36494046952222864,0.1290487891939649,0.35378678674527253,0.09487060461877683,0.432744680464936,0.250183389728407,0.2881355932203389,0.3295914371491969,0.14503034879160887,0.04829729468432323,0.0685282373180664,0.07692307692307693
0.6097560975609757,1.0,0.7630700778642934,0.45999999999999996,0.3589743589743595,0.6122448979591839,0.666666666666667,0.5533333333333335,0.4628378378378379,0.0,28.5,0.31818181818181823,0.0,0.0,0.6388592750533049,0.6666666666666666,0.0,0.25,0.3492063492063491,0.5800777563884801,0.46556720089970716,0.18578177928132883,0.4961298467523211,0.5209013054470761,0.24240780821577562,0.4631439789479867,0.6977046589079164,0.5194010179213846,0.2884978849317819,0.5371956306979004,0.4915254237288136,0.07266742896224496,0.20984426509037174,0.1512766010474858,0.14221105932018335,0.0
0.7560975609756098,0.0,0.0,0.2999999999999998,0.7179487179487181,0.5714285714285716,1.0,0.35333333333333333,0.2587837837837838,1.0,34.3,0.4545454545454545,0.33333333333333337,0.5,0.0631663113006396,0.6666666666666666,0.3333333333333333,1.0,0.4444444444444442,0.3943285912664122,0.2524991477711343,0.1784495879754426,0.27050291144305605,0.32369634067395925,0.5534348521415975,0.2686087102501173,0.03110476285575975,0.17097846449709042,0.01636189909152573,0.020496002897499643,0.3107344632768362,0.7283607350096714,0.2032381098832482,0.34724215608396447,0.19606912569684204,0.3076923076923077
0.12195121951219517,0.0,0.021134593993325845,0.16000000000000014,0.07692307692307754,0.24489795918367374,0.7083333333333335,0.040000000000000036,0.04527027027027025,0.3333333333333333,26.8,0.13636363636363635,0.33333333333333337,0.0,0.11886993603411516,0.0,0.3333333333333333,1.0,0.1587301587301586,0.43469737289095256,0.08393663786918601,0.07755381090225275,0.05868353176400948,0.31008065492924497,0.2320926226998411,0.2887113132523543,0.0704889402591734,0.032601667799532524,0.17643688537573105,0.044387011914486046,0.15254237288135591,0.42504720182067457,0.2994960403167747,0.11336332126339177,0.02563908747025969,0.07692307692307693
0.7560975609756098,0.0,0.31479421579532807,0.040000000000000036,0.4358974358974361,0.6122448979591839,0.41666666666666696,0.6333333333333333,0.4567567567567568,0.6666666666666666,29.4,0.13636363636363635,0.6666666666666666,0.5,0.45948827292110866,0.6666666666666666,0.6666666666666666,0.5,0.49206349206349187,0.5677377768873638,0.5127063593684068,0.46380914827844794,0.48919292777365,0.34718761800389797,0.4446587911486097,0.3850160605281104,0.38906935519749264,0.47296871632487264,0.10831566184184717,0.2818434099552876,0.050847457627118675,0.16729866812418734,0.020267619969712797,0.43768779687003156,0.3550336882024844,0.46153846153846156
0.07317073170731708,1.0,0.5383759733036707,0.20000000000000018,0.9743589743589745,0.020408163265306367,0.7083333333333335,0.8066666666666666,0.5641891891891893,0.3333333333333333,12.0,0.9090909090909091,0.6666666666666666,1.0,0.5919509594882728,0.0,1.0,0.25,0.714285714285714,0.05228458734454711,0.27363368622566814,0.27300813605864793,0.821967569063595,0.32235574492888497,0.3882456728789442,0.057285463800998415,0.5675308627235609,0.17318340821300088,0.5566037937895275,0.43764284986435587,0.3389830508474576,0.37278897573015135,0.09413983723407392,0.32404698789198066,0.3343775759757817,0.7692307692307693
0.2439024390243903,1.0,0.2892102335928809,0.7999999999999998,0.384615384615385,0.7755102040816326,0.25,0.4533333333333333,0.4878378378378379,0.3333333333333333,24.1,0.6818181818181818,0.33333333333333337,0.0,0.15884861407249468,0.0,0.6666666666666666,1.0,0.5238095238095237,0.6946632803274181,0.45216286936953665,0.29796149104163566,0.48464636765542124,0.8437349913542636,0.4908733885746112,0.6862008152805186,0.21265651293639198,0.08478257265538222,0.261680241411288,0.0954666275685333,0.423728813559322,0.463777035343766,0.21732498688240537,0.18115898905465344,0.13811660382009514,0.07692307692307693
0.39024390243902446,1.0,0.3548387096774194,0.2799999999999998,0.2564102564102564,0.28571428571428603,0.7083333333333335,0.5066666666666666,0.42297297297297304,0.0,21.3,0.2727272727272728,0.6666666666666666,0.5,0.38406183368869934,0.3333333333333333,0.6666666666666666,0.5,0.26984126984126977,0.3962959257602028,0.34044963565274416,0.32633313809893355,0.5361523030156647,0.5066429039627787,0.3900772922291547,0.33183869329194277,0.3701650049882389,0.24931613587758417,0.22308106787683063,0.23980428587600178,0.1016949152542373,0.2115822803539191,0.05927525797936169,0.3482682656772613,0.24979942295661434,0.46153846153846156
0.902439024390244,1.0,0.3959955506117907,0.41999999999999993,0.3333333333333339,0.20408163265306145,0.29166666666666696,0.35333333333333333,0.24324324324324326,0.6666666666666666,28.1,0.2272727272727273,0.6666666666666666,0.5,0.3606076759061834,1.0,0.6666666666666666,0.5,0.47619047619047605,0.3657238021233977,0.24061430656684007,0.24665576805708728,0.3242484098363626,0.26638587257202473,0.22974776443871964,0.2321650641368695,0.37654973413380155,0.4619066960659162,0.10523773634278404,0.2319971485281614,0.0847457627118644,0.16886187098953023,0.0845058608903521,0.33232265528401556,0.18880849456024726,0.46153846153846156
0.5609756097560976,0.0,0.26028921023359286,0.18000000000000016,0.0512820512820511,0.6734693877551021,0.20833333333333348,0.8933333333333333,0.6513513513513514,0.3333333333333333,15.2,0.5454545454545455,0.9999999999999999,1.0,0.3400852878464818,0.6666666666666666,0.6666666666666666,0.5,0.33333333333333326,0.7794779858971742,0.8445836384950098,0.9245015934188221,0.6920260206118702,0.3816162064754658,0.6629080441089745,0.5338840293201881,0.3015322219854416,0.2988278983404897,0.13258993360813476,0.19360781406359912,0.11186440677966103,0.4192624276186929,0.014079569286630997,0.8929742278646442,0.8575806541186668,1.0
0.09756097560975613,0.0,0.3515016685205783,0.54,0.9487179487179489,0.7755102040816326,0.25,0.6599999999999999,0.5905405405405406,1.0,30.3,0.13636363636363635,0.33333333333333337,0.0,0.2806503198294243,0.0,0.6666666666666666,0.0,0.873015873015873,0.5015744825409524,0.4908593944648516,0.3211239129336394,0.5958712289168122,0.6417217774683834,0.5259547053209969,0.4546684289980297,0.31152743922057935,0.08099437988030311,0.4045586064685655,0.1732519811910395,0.15254237288135591,0.14844450687788316,0.05414546702035648,0.13080398628512835,0.1499367531243849,0.07692307692307693
0.8048780487804879,0.0,0.19354838709677413,0.54,0.4358974358974361,0.06122448979591866,0.916666666666667,0.38666666666666666,0.19932432432432434,1.0,31.6,0.2727272727272728,0.6666666666666666,0.5,0.1599147121535181,1.0,0.3333333333333333,1.0,0.3015873015873014,0.15840302829318798,0.16861965785685845,0.1891977086825141,0.2967075255443491,0.03543668348170015,0.2934131510766359,0.05008282679061571,0.17273776226181892,0.25988494504219234,0.0655848444950443,0.08447561895299649,0.1016949152542373,0.3261074680379298,0.08475321974242063,0.22418962778497498,0.14482586331541206,0.46153846153846156
0.12195121951219517,1.0,0.48720800889877625,0.98,0.4871794871794872,0.20408163265306145,0.875,0.8600000000000001,0.6601351351351352,0.0,11.0,0.9090909090909091,0.6666666666666666,1.0,0.2356076759061833,0.0,1.0,0.0,0.3492063492063491,0.24586997823324408,0.43261873770744363,0.39989218496217327,0.8729764880209765,0.4496206774361895,0.4809914621486821,0.21286163044705547,0.3402205276483903,0.07435468094630218,0.4664818543459032,0.16430814602238275,0.3389830508474576,0.40652423796180404,0.08574956461583634,0.47550051092525525,0.480067172731768,0.7692307692307693
0.5121951219512195,0.0,0.1768631813125695,0.41999999999999993,0.6153846153846159,0.5714285714285716,0.375,0.9666666666666666,0.7702702702702704,1.0,19.5,0.5454545454545455,0.9999999999999999,1.0,0.18123667377398717,0.3333333333333333,0.3333333333333333,0.0,0.6190476190476188,0.4851092741478883,0.6717091799738959,0.7520403223376387,0.8618596306833626,0.5135684132551517,0.888083629443604,0.3950693497859991,0.1772474836653467,0.1817006250103616,0.11459754433833556,0.09279018739293243,0.11186440677966103,0.5079532046380145,0.008005759539236865,0.6626718364469509,0.6991631807989334,1.0
0.2439024390243903,1.0,0.5228031145717463,0.52,0.9487179487179489,0.020408163265306367,0.41666666666666696,0.4666666666666666,0.3351351351351351,1.0,28.4,0.9090909090909091,0.33333333333333337,0.5,0.4203091684434968,0.0,1.0,0.5,0.8095238095238093,0.09998950280490004,0.17428935608233553,0.1316358705494039,0.49805358369590114,0.3232187534397768,0.24574126446629713,0.086895739954987,0.46687724808919207,0.19862729819791441,0.38109016300401993,0.2980502285981548,0.536723163841808,0.38267858333889093,0.2630989520838334,0.19372267919489333,0.14828956861558226,0.3076923076923077
0.3658536585365854,0.0,0.2814238042269187,0.41999999999999993,0.3076923076923075,0.30612244897959195,1.0,0.4533333333333333,0.33310810810810815,0.3333333333333333,29.7,0.4545454545454545,0.6666666666666666,0.5,0.2667910447761193,0.3333333333333333,0.6666666666666666,0.0,0.19047619047619024,0.35581751667941564,0.2908750851547881,0.2867682882521918,0.4163124580100822,0.3456576106909133,0.3618486656304792,0.2519717185977752,0.2723460194218683,0.17805749432185547,0.2014411236785043,0.15400070750622055,0.1694915254237288,0.35248710756188495,0.10073092457688133,0.32715579903252995,0.21951357237258662,0.46153846153846156
0.7804878048780488,1.0,0.06006674082313679,0.33999999999999986,0.07692307692307754,0.7755102040816326,0.5,0.5800000000000001,0.518918918918919,1.0,24.1,0.5909090909090909,0.6666666666666666,0.5,0.10554371002132196,1.0,0.3333333333333333,1.0,0.23809523809523792,0.8294430847229216,0.6214940370313755,0.5506312795671329,0.5183065230371581,0.6207249838261952,0.802194419511814,0.6841935041639995,0.08202172983958783,0.21001674430942158,0.030957528147159782,0.04374003193847929,0.22033898305084743,0.715539498461983,0.09386577540950007,0.5741863576558571,0.4214937431699998,0.46153846153846156
0.1951219512195122,1.0,0.5239154616240266,0.7400000000000002,0.3333333333333339,0.24489795918367374,0.3333333333333335,0.8066666666666666,0.6337837837837839,1.0,11.2,0.9090909090909091,0.6666666666666666,1.0,0.3355543710021322,0.0,1.0,0.5,0.46031746031746024,0.3861791219665901,0.5039490070508938,0.45682001119062504,0.8215694446961324,0.4769468347060082,0.4413435503206726,0.3149706590755011,0.4174986940348774,0.14107495150781674,0.4197562328530951,0.23667613258405573,0.3389830508474576,0.38196163950371664,0.09413983723407392,0.5852728136524554,0.5454323003351917,0.7692307692307693
0.12195121951219517,0.0,0.42936596218020007,0.45999999999999996,0.8205128205128212,0.7346938775510203,0.25,0.6466666666666667,0.5702702702702702,0.3333333333333333,32.3,0.0,0.6666666666666666,0.5,0.3715351812366738,0.0,0.6666666666666666,0.5,0.7936507936507935,0.5187407994564605,0.4926124109870508,0.44777241082846725,0.5846793210655269,0.6169272746270411,0.4546648565077995,0.4577294878064387,0.3977074332093823,0.12297120310349974,0.43048582001070285,0.24550422774968428,0.0,0.05444652797259561,0.0,0.41213227047476153,0.3427579880255155,0.46153846153846156
0.3658536585365854,0.0,0.42269187986651824,0.41999999999999993,0.6923076923076925,0.3265306122448983,0.3333333333333335,0.38666666666666666,0.29121621621621624,0.0,26.3,0.2727272727272728,0.33333333333333337,0.0,0.38246268656716415,0.3333333333333333,0.6666666666666666,0.5,0.6825396825396823,0.33012142742400585,0.24342937186716385,0.1730207290420825,0.35859295968174343,0.35862711712578266,0.2544840634035341,0.24000067253055363,0.4008302113482327,0.23741690014754885,0.2627140935462901,0.25180632745941783,0.22033898305084748,0.17612706442493695,0.14420179718955817,0.08609129883650132,0.07435736189314102,0.07692307692307693
0.6829268292682928,0.0,0.20022246941045596,0.06000000000000005,0.9230769230769234,0.40816326530612246,0.5,0.8866666666666667,0.5743243243243243,0.0,18.4,0.5454545454545455,0.6666666666666666,1.0,0.33208955223880593,0.6666666666666666,0.3333333333333333,0.0,0.7619047619047619,0.2975474794524716,0.48349299351318853,0.44049431391343846,0.6867850088407144,0.23139231043803266,0.6588555900299174,0.18089671588309514,0.26752563056312095,0.34508198080206903,0.08713903096725327,0.1772966256087724,0.2033898305084746,0.4808077102647901,0.04173305479823909,0.5159309358931621,0.5266869633631499,0.7692307692307693
0.04878048780487804,0.0,0.34816462736373743,0.3799999999999999,0.17948717948717974,0.8775510204081636,0.08333333333333348,0.52,0.5,0.6666666666666666,33.4,0.36363636363636365,0.33333333333333337,0.5,0.3368869936034115,0.0,0.6666666666666666,0.5,0.46031746031746024,0.8506988720564418,0.5826483093277595,0.376065630977498,0.4744064617570828,0.7056558157514257,0.4560343466851687,0.7423070581374684,0.3415836918730788,0.07954375901457258,0.4539870770430115,0.20785650759279362,0.2655367231638418,0.2589380420540337,0.1261549076073914,0.5852728136524554,0.3977622944076345,0.3076923076923077
0.4634146341463415,1.0,0.10122358175750834,0.48,0.8461538461538467,0.36734693877551017,0.08333333333333348,0.4066666666666667,0.36418918918918924,1.0,22.3,0.5000000000000001,0.33333333333333337,0.5,0.10394456289978671,0.3333333333333333,0.3333333333333333,1.0,0.873015873015873,0.33774156320698134,0.25740570143785624,0.18138648387977613,0.4400312845769818,0.5611991814567516,0.5533837187034714,0.3091858073874986,0.09988834828747195,0.12137966478224108,0.09767217407053695,0.047804946138938875,0.33333333333333337,0.5801723085165462,0.19286240884513023,0.317727860202305,0.1990666143223613,0.3076923076923077
0.853658536585366,0.0,0.4260289210233592,0.2999999999999998,0.10256410256410309,0.12244897959183687,0.0,0.49333333333333335,0.2702702702702703,0.3333333333333333,33.7,0.045454545454545525,0.33333333333333337,0.0,0.4381663113006397,1.0,0.6666666666666666,0.5,0.4444444444444442,0.4196580228739668,0.3445584424652731,0.23355314617695438,0.37967035511569147,0.06939620959752779,0.23779912984145474,0.1958881836663618,0.4326707462407934,0.504401598169731,0.12160693176935546,0.2916661000428279,0.10734463276836159,0.07540555963153148,0.064206476385115,0.10944125783745096,0.10524800932283579,0.07692307692307693
0.43902439024390244,0.0,0.19243604004449377,0.2799999999999998,0.10256410256410309,0.7551020408163267,0.8333333333333335,0.4199999999999999,0.3945945945945946,0.6666666666666666,25.3,0.13636363636363635,0.6666666666666666,0.5,0.23933901918976547,0.3333333333333333,0.3333333333333333,0.0,0.12698412698412698,0.7934018701045883,0.47221036006964834,0.43148978046662695,0.3878000136430829,0.6289479027882661,0.4889277169156729,0.6620587355076315,0.21615423412048307,0.19045408577728412,0.1398063055634679,0.12482698847962431,0.050847457627118675,0.24583025307097936,0.052511197334301804,0.5553882141827153,0.330294063300315,0.46153846153846156
0.6097560975609757,0.0,0.09343715239154615,0.2200000000000002,0.7692307692307692,0.14285714285714324,0.791666666666667,0.52,0.2898648648648649,0.0,34.1,0.40909090909090906,0.0,0.0,0.16924307036247338,0.6666666666666666,0.3333333333333333,0.0,0.5555555555555554,0.1491983068660271,0.22044250726633624,0.08796625095159913,0.4009914898759904,0.0820735383365907,0.4751784895591668,0.05701109616139838,0.13178442656223888,0.20537890217012883,0.06559936462534892,0.07564517995325382,0.559322033898305,0.5279185382930766,0.25035997120230385,0.038908943665160955,0.06733584843812096,0.0
0.04878048780487804,1.0,0.40489432703003336,0.2400000000000002,0.2051282051282053,0.24489795918367374,0.04166666666666696,0.5666666666666667,0.4574324324324324,0.0,21.2,0.5000000000000001,0.6666666666666666,0.5,0.4474946695095949,0.0,0.6666666666666666,0.5,0.49206349206349187,0.4566779613773161,0.40742724620969517,0.3797871599339588,0.5929664328990207,0.4774471294949305,0.3864658897111108,0.3625473857050377,0.42758370013080027,0.11394419668761088,0.49458645038454035,0.2938300506839025,0.1864406779661017,0.2864643989184479,0.08305468895821667,0.3797619370407527,0.29071706891462745,0.46153846153846156
0.43902439024390244,1.0,0.7808676307007785,0.54,0.7948717948717947,0.7346938775510203,1.0,0.4599999999999999,0.4851351351351351,0.3333333333333333,26.5,0.8636363636363636,0.0,0.0,0.6092750533049041,0.3333333333333333,0.0,0.25,0.49206349206349187,0.4690179408784324,0.34883929529347596,0.13920221363881652,0.49129771942957157,0.8163737261216837,0.24887242313173025,0.494633248681599,0.6888007864465061,0.39755300983106484,0.37376130009145025,0.5135952910572361,0.8983050847457625,0.2371282036880373,0.4305255579553636,0.1223136711328463,0.10655562853294348,0.0
0.4634146341463415,0.0,0.3659621802002224,0.52,0.8205128205128212,0.020408163265306367,0.08333333333333348,0.47333333333333333,0.2898648648648649,0.6666666666666666,27.5,0.18181818181818177,0.33333333333333337,0.5,0.29877398720682297,0.3333333333333333,0.6666666666666666,0.0,0.8571428571428572,0.16871572544769253,0.21042730568113105,0.15326681629601857,0.43403518540789077,0.16698320296079983,0.2788526759698671,0.08915911113994995,0.32828193887585244,0.23347950065485168,0.200085007724844,0.18677339598606568,0.1751412429378531,0.16277829516600237,0.09843972812753492,0.22956845762626515,0.1703667943487206,0.3076923076923077
0.7560975609756098,1.0,0.468298109010011,0.7200000000000002,0.0512820512820511,0.8163265306122449,0.5833333333333335,0.9133333333333333,0.7959459459459461,0.6666666666666666,14.2,0.9090909090909091,0.6666666666666666,1.0,0.3041044776119403,0.6666666666666666,1.0,0.0,0.19047619047619024,0.8714523744046371,0.9299645587897942,0.7968178763779522,0.804774568254716,0.6469721524900574,0.5877719499582429,0.728015338921957,0.37532591975807417,0.35456904126394667,0.15315530586850568,0.20634857510114513,0.3389830508474576,0.4199483104295598,0.07807717628579018,0.9649313373569377,0.9358214178412112,0.7692307692307693
0.14634146341463422,0.0,0.21023359288097876,0.52,0.7435897435897436,0.20408163265306145,0.9583333333333335,0.08666666666666667,0.07229729729729728,0.3333333333333333,30.1,0.09090909090909094,0.33333333333333337,0.0,0.17830490405117277,0.0,0.3333333333333333,0.0,0.47619047619047605,0.16658206396745,0.0434032781612477,0.05329192237497298,0.09924321732306074,0.2846192237072849,0.1598786224975552,0.11808651425596234,0.19066957511792626,0.061738424045491486,0.27712771539510966,0.09578855084448473,0.12994350282485873,0.2062309326695412,0.23640775404634295,0.0434423974285168,0.013257862996687526,0.07692307692307693
0.9756097560975612,1.0,0.46941045606229137,0.7400000000000002,0.28205128205128194,0.4693877551020411,0.20833333333333348,0.7133333333333334,0.5459459459459459,0.3333333333333333,10.7,0.9090909090909091,0.6666666666666666,1.0,0.2982409381663113,1.0,1.0,0.0,0.47619047619047605,0.5524191816445986,0.5567644709940335,0.4989713949047844,0.6328523695285198,0.43052457683959844,0.413062960732733,0.4083810720269942,0.37216756244403126,0.43779737727747475,0.1120354923807904,0.2025840589518918,0.3389830508474576,0.41914328876590057,0.11088030155039828,0.7153324353620925,0.5938309615466728,0.7692307692307693
0.7804878048780488,1.0,0.6307007786429366,0.43999999999999995,0.7179487179487181,0.10204081632653095,0.5,0.6399999999999999,0.40540540540540543,0.6666666666666666,25.7,0.5454545454545455,0.33333333333333337,0.5,0.5429104477611939,1.0,1.0,0.25,0.6349206349206349,0.17902842260219687,0.2882602500385578,0.19985496574517525,0.5698153416813149,0.20171959394241457,0.2516992810588142,0.10398955566415313,0.5843278004128174,0.5500837215471077,0.19431030088601708,0.4188455588373858,0.35593220338983056,0.19162337805212268,0.13256802469501072,0.23494728746755533,0.21791612963560641,0.3076923076923077
0.9512195121951221,1.0,0.46051167964404893,0.7200000000000002,0.0512820512820511,0.5102040816326534,0.8333333333333335,0.8666666666666667,0.6682432432432432,0.0,12.0,0.9090909090909091,0.9999999999999999,1.0,0.29877398720682297,1.0,1.0,0.0,0.09523809523809512,0.6341322318118486,0.7177133281002179,0.7979345158972012,0.7647826323324212,0.4565348073179605,0.5040806856389132,0.4729973754946342,0.3688152272792047,0.4285258376299342,0.11375957997628132,0.20159460798120243,0.22033898305084743,0.42563884440093225,0.04908407327413804,0.7792614811894208,0.741320136608045,1.0
0.9268292682926831,1.0,0.7541713014460509,0.45999999999999996,0.6410256410256414,0.12244897959183687,0.0,0.39333333333333337,0.25472972972972974,1.0,26.6,0.5909090909090909,0.33333333333333337,0.5,0.6316631130063965,1.0,0.0,0.25,0.7777777777777777,0.2699329382604211,0.22048671723980717,0.1592880374246197,0.3585659719795232,0.2154762545173743,0.13465726996569366,0.16010967645035695,0.6897047328892888,0.7086655945887697,0.19287738182690434,0.5281610911234157,0.37853107344632764,0.16139566429701765,0.2205577682225789,0.2823606764389281,0.17651224261540466,0.3076923076923077
0.4146341463414634,0.0,0.2869855394883203,0.2400000000000002,0.7435897435897436,0.7755102040816326,0.791666666666667,0.3333333333333333,0.329054054054054,0.0,33.8,0.0,0.6666666666666666,0.5,0.339818763326226,0.3333333333333333,0.6666666666666666,0.5,0.5396825396825395,0.5279413429962633,0.2950548594693683,0.29010411563718147,0.3126868782052443,0.6418940266138313,0.35474878274569294,0.4740295591656685,0.3143872160801887,0.23631442828959365,0.18571278653134038,0.19850875331381407,0.0,0.11207104348797439,0.04398848092152628,0.4169310304312066,0.22206706038397167,0.46153846153846156
0.9512195121951221,0.0,0.3170189098998887,0.1200000000000001,0.2051282051282053,0.36734693877551017,0.75,0.6333333333333333,0.40337837837837837,0.3333333333333333,29.1,0.045454545454545525,0.6666666666666666,0.5,0.4219083155650319,1.0,0.6666666666666666,0.5,0.2222222222222221,0.4677839429283207,0.4542428518483562,0.41715012921906136,0.4886232291135659,0.20735694965443985,0.39849619933054775,0.27149012457995464,0.37135511280667577,0.5376705515674993,0.07772711240794818,0.25706142871174653,0.01694915254237289,0.1207838597184768,0.007616494128745557,0.38555452302368054,0.3193174379171,0.46153846153846156
0.0,0.0,0.26585094549499433,0.18000000000000016,0.6410256410256414,0.10204081632653095,0.0,0.9133333333333333,0.5851351351351353,0.6666666666666666,16.4,0.5454545454545455,0.6666666666666666,1.0,0.34541577825159914,0.0,0.6666666666666666,0.5,0.7777777777777777,0.2592382893594536,0.46815562354001594,0.4282537442272339,0.8158447347915119,0.21876261914344663,0.597630423884486,0.15488046366710495,0.3069724232481088,0.06124106832009818,0.45159887861115683,0.19788894604933538,0.2033898305084746,0.4140899555943002,0.03883839025498283,0.4859593467277641,0.5126322127695382,0.7692307692307693
0.2439024390243903,1.0,0.403781979977753,0.2400000000000002,0.02564102564102555,0.8571428571428572,0.8333333333333335,0.4399999999999999,0.493918918918919,0.6666666666666666,20.1,0.36363636363636365,0.33333333333333337,0.5,0.44642857142857134,0.0,0.6666666666666666,0.5,0.0793650793650793,0.9167829113475136,0.5461140779512929,0.35419748445639704,0.4725500316231761,0.902085270251431,0.41445170833185047,0.8956800474091893,0.42651580877183204,0.21000016578524183,0.32024796485915175,0.2928404913605451,0.2655367231638418,0.22612562140182632,0.14888739935287937,0.6197404991906225,0.37544297407984684,0.3076923076923077
0.6585365853658538,0.0,0.05005561735261399,0.2999999999999998,0.0512820512820511,0.5714285714285716,0.875,0.6266666666666667,0.4432432432432432,1.0,30.7,0.045454545454545525,0.33333333333333337,0.0,0.10740938166311303,0.6666666666666666,0.3333333333333333,1.0,0.0793650793650793,0.6787975923974113,0.5727378536801828,0.37013356978374096,0.48376629896300805,0.32357521347688434,0.7234083667774198,0.4440677783827401,0.07828614471562012,0.17758500638273184,0.043836109320420355,0.04330249925990211,0.10734463276836159,0.3163236476647896,0.04228995013732238,0.17702142763827639,0.174947154196485,0.07692307692307693
0.5853658536585367,0.0,0.11902113459399333,0.5,0.07692307692307754,0.8571428571428572,0.04166666666666696,0.5266666666666666,0.43040540540540545,0.6666666666666666,29.0,0.18181818181818177,0.33333333333333337,0.5,0.1130063965884861,0.6666666666666666,0.3333333333333333,1.0,0.41269841269841256,0.8880263519743764,0.6076935592232672,0.39105686450664623,0.40546460117100835,0.48452106511504733,0.6071409360398399,0.6562734491622491,0.11291578117911127,0.16091115568892056,0.07858502830243232,0.05373675676877335,0.1751412429378531,0.33992194384993024,0.08653075195844796,0.6047418390562554,0.4130628203540322,0.3076923076923077
0.5365853658536586,0.0,0.16796440489432696,0.2200000000000002,0.6153846153846159,0.7755102040816326,0.5833333333333335,0.7,0.6222972972972973,1.0,16.9,0.5454545454545455,0.6666666666666666,1.0,0.23827292110874204,0.6666666666666666,0.3333333333333333,0.0,0.5396825396825395,0.5880987430642058,0.570236541417192,0.5097232915546385,0.6302631268068477,0.6410661194308722,0.7490399696511054,0.517716893270606,0.20377754960720174,0.22510320131301914,0.10570813906420999,0.12036226579585341,0.2033898305084746,0.5188386159154966,0.06617896374741634,0.743246707469478,0.6061764021344832,0.7692307692307693
0.7317073170731709,1.0,0.37486095661846497,0.2200000000000002,0.3076923076923075,0.020408163265306367,0.541666666666667,0.5733333333333335,0.3459459459459459,0.0,21.8,0.9545454545454545,0.6666666666666666,0.5,0.4293710021321961,0.6666666666666666,0.6666666666666666,0.5,0.3650793650793649,0.22538825384721684,0.2845735288008704,0.28173909225466454,0.5133415594064706,0.15236955447792644,0.3181421511177667,0.11686708568651533,0.40363905537381506,0.43823670816823884,0.13085056144401302,0.2746298499898103,0.35593220338983056,0.5164305079140953,0.14919747596662858,0.25912734822197914,0.2156638552845931,0.46153846153846156
0.7073170731707319,1.0,0.17352614015572854,0.54,0.9743589743589745,0.36734693877551017,0.75,0.4666666666666666,0.3493243243243243,0.0,24.3,0.6363636363636364,0.6666666666666666,0.5,0.14472281449893387,0.6666666666666666,0.3333333333333333,1.0,0.6984126984126982,0.23455833035722062,0.2394286613819639,0.24570951895871024,0.4215998573389672,0.36813271811531467,0.46066439199385406,0.18250234666225967,0.1551447046191592,0.21840962217543392,0.07473777854898865,0.07465343183459325,0.23728813559322032,0.5678339340133303,0.12806575473962084,0.2639102173821948,0.1880841657957068,0.46153846153846156
1.0,1.0,0.5216907675194661,0.52,0.8717948717948723,0.06122448979591866,0.41666666666666696,0.4199999999999999,0.26013513513513514,0.6666666666666666,29.8,0.7272727272727274,0.33333333333333337,0.5,0.41924307036247327,1.0,1.0,0.5,0.7619047619047619,0.13593058374755151,0.17252009067236418,0.13057684853738227,0.3813040984549707,0.17696919379043785,0.19681206351137603,0.07323237593232185,0.4658943026337784,0.5585594920340191,0.12089411270857385,0.29709019893010447,0.4463276836158192,0.3119484144384369,0.24190489539597898,0.21246859559350684,0.14720869733562802,0.3076923076923077
0.8292682926829269,0.0,0.22580645161290314,0.3599999999999999,0.5641025641025639,0.10204081632653095,0.5833333333333335,0.7333333333333334,0.40337837837837837,0.6666666666666666,16.5,0.5454545454545455,0.6666666666666666,1.0,0.24093816631130055,1.0,0.6666666666666666,0.0,0.5079365079365079,0.2034992294094955,0.3448216718863214,0.3298224073987758,0.5670405740898464,0.05801248583183827,0.467507721813698,0.07929614177593419,0.23265538814202835,0.33299623667501116,0.07101802594509067,0.13086785379795626,0.2033898305084746,0.45324634082969983,0.0611861051115911,0.44235131948340567,0.39961231866453306,0.7692307692307693
0.14634146341463422,0.0,0.004449388209121219,0.2799999999999998,0.2051282051282053,0.9795918367346941,0.20833333333333348,0.3266666666666666,0.35743243243243245,0.3333333333333333,31.0,0.18181818181818177,0.0,0.0,0.07196162046908311,0.0,0.3333333333333333,1.0,0.4285714285714284,0.9009172234175068,0.43968297449661964,0.17545283508768003,0.3071813869523309,0.7712566146259148,0.686463067343853,0.8144006784946478,0.037881492499588,0.022049437159104124,0.15440085153591288,0.024228471775384494,0.38983050847457623,0.48822701419078074,0.2584665953996408,0.23494728746755533,0.1343045245613924,0.0
0.3658536585365854,0.0,0.4282536151279198,0.31999999999999984,0.02564102564102555,0.7346938775510203,0.791666666666667,0.5266666666666666,0.47500000000000003,0.3333333333333333,32.8,0.18181818181818177,0.6666666666666666,0.5,0.4309701492537313,0.3333333333333333,0.6666666666666666,0.5,0.09523809523809512,0.8224510494158429,0.5735705423180246,0.5123841173958285,0.48018086209195787,0.615830995063464,0.3860047599658137,0.676718133451647,0.42980954597539633,0.2623095542034848,0.26512641519462804,0.28695479182905387,0.06779661016949151,0.1339181214503071,0.041499935819087966,0.5705394971306604,0.39221654779910436,0.46153846153846156
0.6097560975609757,1.0,0.6963292547274749,0.43999999999999995,0.7692307692307692,0.5510204081632653,0.3333333333333335,0.21333333333333332,0.19864864864864867,0.6666666666666666,27.5,0.2272727272727273,0.0,0.0,0.5959488272921107,0.6666666666666666,0.0,0.25,0.7301587301587298,0.430595731977229,0.18510572504352618,0.07386532145582755,0.20415005064780745,0.48289546176941855,0.11575923509130166,0.34692200086276,0.6436702748838433,0.49070773719723465,0.2662820855656923,0.48090435183009883,0.423728813559322,0.06079835307158951,0.3538253525083847,0.11229366760177151,0.05654195826896579,0.0
0.024390243902439046,1.0,0.7875417130144604,0.8199999999999998,0.02564102564102555,0.5918367346938775,0.16666666666666696,0.54,0.520945945945946,0.6666666666666666,23.3,0.6363636363636364,0.0,0.0,0.4810767590618336,0.0,0.0,0.25,0.33333333333333326,0.7389982400570635,0.5404863122738772,0.21567779812967486,0.5679717041540976,0.7184975606951198,0.2654105894218905,0.6639315155940877,0.6152865729228146,0.11180142243737462,0.8148564295616781,0.398391169793634,0.7288135593220338,0.16448861454238176,0.312498969548085,0.1927209597415389,0.16509567441174922,0.0
0.0,0.0,0.23248053392658508,0.5800000000000001,0.7948717948717947,0.12244897959183687,0.791666666666667,0.4066666666666667,0.26756756756756755,0.0,31.1,0.2727272727272728,0.0,0.0,0.17830490405117277,0.0,0.6666666666666666,0.0,0.5714285714285712,0.13169145205693067,0.16514574613649563,0.06590041244033024,0.3760000276137493,0.23055841190195503,0.33434504320466785,0.0838891598877693,0.20029585100250913,0.014464762346855897,0.42506334047943867,0.09863229403669396,0.4576271186440678,0.29347028613352855,0.2534586422275408,0.034343387648945956,0.050445030180191745,0.0
0.26829268292682934,1.0,0.1746384872080089,0.2200000000000002,0.4358974358974361,0.16326530612244916,0.04166666666666696,0.6066666666666667,0.4662162162162163,0.6666666666666666,28.7,0.36363636363636365,0.33333333333333337,0.0,0.24440298507462682,0.0,0.3333333333333333,0.0,0.6349206349206349,0.3394481561167103,0.36494227075770447,0.24575421150570204,0.6315322427196781,0.4218292513646913,0.5796092901042514,0.26600043771715437,0.2102246949545118,0.13094132860292773,0.19219111790970472,0.12463146023994087,0.2655367231638418,0.39917491118835635,0.10589450716283123,0.08852358623243362,0.11147440544538365,0.07692307692307693
0.09756097560975613,1.0,0.7842046718576194,0.8399999999999999,0.3076923076923075,0.48979591836734704,0.20833333333333348,0.4399999999999999,0.41621621621621624,0.3333333333333333,20.2,0.818181818181818,0.33333333333333337,0.5,0.470682302771855,0.0,0.0,0.25,0.49206349206349187,0.5553977973862473,0.3770132801860673,0.2529795066027014,0.4724608222741705,0.6476465541092207,0.21224662138712624,0.4964035304952981,0.607356536092075,0.14600706245130063,0.6860765428296123,0.38861442748661473,0.4915254237288136,0.22178072240650423,0.254313448027606,0.43125159022233384,0.27213671223146874,0.3076923076923077
0.878048780487805,1.0,0.16907675194660732,0.41999999999999993,0.10256410256410309,0.6530612244897962,0.7083333333333335,0.18,0.18648648648648647,0.0,24.4,0.5909090909090909,0.0,0.0,0.1748400852878464,1.0,0.3333333333333333,0.0,0.17460317460317443,0.7223055613601105,0.25607841803636866,0.10218654588726725,0.17501337654521743,0.5442332351486543,0.29615601762802807,0.571674618973883,0.17016567781113767,0.2951972015451184,0.04914321694676403,0.08860321871597038,0.6949152542372881,0.5455806912791187,0.5734668499247332,0.188367730079063,0.07822110970792753,0.0
0.7560975609756098,1.0,0.0723025583982202,0.43999999999999995,0.23076923076923084,0.0,0.916666666666667,0.5999999999999999,0.35743243243243245,1.0,22.2,0.5000000000000001,0.6666666666666666,0.5,0.09061833688699361,0.6666666666666666,0.3333333333333333,1.0,0.17460317460317443,0.1715862700164721,0.266585546022158,0.2673831005101731,0.536209823073531,0.1395909114669991,0.5821131825995501,0.08370397308129335,0.07941386508307158,0.19189641738092478,0.03748202127799531,0.039010171463936955,0.1864406779661017,0.6261309040993318,0.07674586033117352,0.231065657685181,0.20467472168132203,0.46153846153846156
0.1951219512195122,0.0,0.3437152391546162,0.31999999999999984,0.6153846153846159,0.10204081632653095,0.75,0.20666666666666672,0.13716216216216215,0.3333333333333333,28.9,0.09090909090909094,0.33333333333333337,0.0,0.3574093816631129,0.0,0.6666666666666666,0.5,0.47619047619047605,0.16658206396745,0.09491512010221964,0.08412515643234997,0.20262109707699832,0.21762736911439373,0.16667135118697535,0.10093185935136256,0.350605459158442,0.1499113048956382,0.320554144145287,0.22019724512121774,0.12994350282485873,0.13040406162273974,0.16307436145849075,0.0434423974285168,0.0289925487645055,0.07692307692307693
0.9756097560975612,1.0,0.38487208008898766,0.5,0.8461538461538467,0.34693877551020424,0.3333333333333335,0.39333333333333337,0.2945945945945946,0.3333333333333333,24.2,0.6363636363636364,0.0,0.0,0.3208955223880597,1.0,0.6666666666666666,0.0,0.7777777777777777,0.3020168849633237,0.2345936206294898,0.0936131672600029,0.35825787879505355,0.3543975607221834,0.27363878435761835,0.2210164809205613,0.3491821676735358,0.45823040832905054,0.09117306929792225,0.20392765517787925,0.7288135593220338,0.36163212179982507,0.39446238796309135,0.07876200615009213,0.07165841415590568,0.0
0.8292682926829269,1.0,0.05672969966629582,0.43999999999999995,0.9230769230769234,0.18367346938775508,0.8333333333333335,0.2866666666666667,0.1966216216216216,0.0,27.5,0.818181818181818,0.0,0.0,0.07782515991471212,1.0,0.3333333333333333,1.0,0.6349206349206349,0.1331942130266216,0.11673102828524057,0.0465808117287086,0.2669784973380326,0.25360555780595506,0.39973397291940377,0.09038977171726659,0.06533259995435359,0.20109749830070128,0.02447877445253875,0.032186666151214516,0.8644067796610169,0.8939944331745048,0.5573283169604495,0.034735287819531724,0.0356563846334064,0.0
0.43902439024390244,1.0,0.6662958843159066,0.98,0.7435897435897436,0.5510204081632653,0.9583333333333335,0.5533333333333335,0.5216216216216216,1.0,20.9,0.4545454545454545,0.33333333333333337,0.0,0.3440831556503198,0.3333333333333333,1.0,0.5,0.47619047619047605,0.37817016075814447,0.35724394480161387,0.24114625579862164,0.5800964533467555,0.6887859424727174,0.3066478510143375,0.3800106230561479,0.4801840574202709,0.24909232580115714,0.32820862629866726,0.26526037907508915,0.3107344632768362,0.1466650402820617,0.13628383413537443,0.09862177252451099,0.10912289295246738,0.07692307692307693
0.3658536585365854,1.0,0.8565072302558396,0.2200000000000002,0.1538461538461542,0.20408163265306145,0.20833333333333348,0.36000000000000004,0.2979729729729729,0.3333333333333333,25.1,0.40909090909090906,0.33333333333333337,0.5,0.874733475479744,0.3333333333333333,0.0,0.75,0.39682539682539675,0.4326650282940625,0.27236243801125615,0.190339076955959,0.3962856453840996,0.4503927266785708,0.1366270355425781,0.336873009481177,0.8689080446046947,0.4900363069679536,0.4508751821166555,0.8066450827964865,0.2881355932203389,0.0766255021574174,0.18862491000719944,0.3672374268073949,0.2082039132900106,0.3076923076923077
0.04878048780487804,0.0,0.3993325917686318,0.45999999999999996,0.12820512820512864,0.6530612244897962,0.541666666666667,0.5933333333333333,0.5087837837837839,0.6666666666666666,30.6,0.2727272727272728,0.6666666666666666,0.5,0.347547974413646,0.0,0.6666666666666666,0.5,0.25396825396825395,0.7169063526214473,0.5694657243809236,0.5091081117901638,0.537832494179653,0.5641600939174227,0.4284060712699576,0.5769745217386706,0.37070768289651446,0.08285946385052803,0.4906061196647827,0.22387093587099588,0.1016949152542373,0.18768969656195308,0.04497827224181779,0.5154901772289651,0.3897088517843357,0.46153846153846156
0.4634146341463415,0.0,0.3470522803114572,0.2799999999999998,0.0512820512820511,0.0,0.9583333333333335,0.4066666666666667,0.24527027027027026,0.3333333333333333,29.9,0.09090909090909094,0.33333333333333337,0.5,0.3771321961620468,0.3333333333333333,0.6666666666666666,0.5,0.04761904761904745,0.2195839732097985,0.20450005673418487,0.14971896696252057,0.3762753021763948,0.15425669585084822,0.25230853239165446,0.11416422429899209,0.3627809269329353,0.27856479716175664,0.19276980532096494,0.23370246345448392,0.12994350282485873,0.1288358724708237,0.09370493603754941,0.2560999890906066,0.16674574737646522,0.3076923076923077
0.5609756097560976,1.0,0.4315906562847608,0.43999999999999995,0.3076923076923075,0.24489795918367374,0.5,0.34,0.2412162162162162,0.0,27.3,0.7272727272727274,0.6666666666666666,0.5,0.3816631130063966,0.6666666666666666,0.6666666666666666,0.5,0.38095238095238093,0.3759071864609177,0.23743304182885872,0.244116839102277,0.3126868782052443,0.2914761636007237,0.21452136603260297,0.2465579744141128,0.40428876769563704,0.32533695850395394,0.192391975641568,0.2528702317338453,0.27118644067796616,0.36886714646191887,0.18792635203045144,0.33763403898309524,0.18686501131017297,0.46153846153846156
0.7804878048780488,1.0,0.11790878754171297,0.3799999999999999,0.0512820512820511,0.7346938775510203,0.41666666666666696,0.54,0.47905405405405405,0.0,23.8,0.6818181818181818,0.0,0.0,0.14392324093816627,1.0,0.3333333333333333,1.0,0.25396825396825395,0.8159891292039408,0.5811707238205551,0.23191266680502193,0.4846276050270033,0.5970290411800336,0.6635172777444989,0.6628280317433601,0.1296862431651853,0.2398580878330211,0.04751570394135195,0.06738963653612245,0.7627118644067796,0.678511632174066,0.3265021241048808,0.21279916459165454,0.17752303882378337,0.0
0.5609756097560976,1.0,0.47274749721913223,0.5800000000000001,0.6410256410256414,0.38775510204081653,0.4583333333333335,0.7933333333333332,0.5810810810810811,0.0,14.7,0.9090909090909091,0.6666666666666666,1.0,0.3579424307036247,0.6666666666666666,1.0,0.5,0.603174603174603,0.36532230668356713,0.4822353902407275,0.43949063593467913,0.7019528352817447,0.3805349963294673,0.43551029733572516,0.2693443470607732,0.409053696996975,0.3102131998209519,0.20675999872752276,0.24381518926992468,0.3389830508474576,0.41673993318093894,0.09636152184748296,0.5689552695476717,0.5255345297730973,0.7692307692307693
0.2439024390243903,1.0,0.7619577308120131,0.5800000000000001,0.5897435897435903,0.0,0.75,0.5533333333333335,0.38851351351351354,0.3333333333333333,24.8,0.2727272727272728,0.6666666666666666,0.5,0.57409381663113,0.0,0.0,0.25,0.46031746031746024,0.10997818948073235,0.2133591766360584,0.22490377812609896,0.5805290276594844,0.30863337357557574,0.20357227368936592,0.08961997009237238,0.660336289397721,0.2655879573600358,0.5033431779680073,0.47652375590586804,0.1016949152542373,0.058651026392962186,0.05122958584365882,0.19893251374761228,0.17215791912505604,0.46153846153846156
0.17073170731707316,1.0,0.11012235817575078,0.96,0.12820512820512864,0.04081632653061229,0.75,0.4333333333333333,0.3168918918918919,1.0,25.7,0.2727272727272728,0.33333333333333337,0.5,0.010927505330490417,0.0,0.3333333333333333,1.0,0.17460317460317443,0.26089210104517024,0.23596477303500035,0.16855267443047958,0.4662088556020608,0.3372601792493135,0.48858053980366506,0.1902157188542108,0.04770561943608098,0.004546660256304014,0.20418152107101628,0.01100612702527605,0.22033898305084748,0.41146122031296595,0.1297273609415595,0.27764521507367323,0.18596802346335792,0.3076923076923077
0.853658536585366,1.0,0.9466073414905449,0.8199999999999998,0.28205128205128194,0.34693877551020424,0.8333333333333335,0.013333333333333364,0.03378378378378377,0.6666666666666666,28.3,0.7272727272727274,0.0,0.0,0.585554371002132,1.0,0.0,0.25,0.23809523809523792,0.4148930802943279,0.06400930738151203,0.02554252746525528,0.032509615319750274,0.3566163169164587,0.0,0.2926770077530761,0.7448089353408957,0.6258765894660057,0.2621952168143833,0.5285433796037045,0.7966101694915255,0.1428644318587681,1.0,0.1081986238807173,0.01955213209067319,0.0
0.902439024390244,0.0,0.4416017797552836,0.31999999999999984,0.8974358974358978,0.8163265306122449,0.75,0.37333333333333335,0.3108108108108108,0.0,27.8,0.18181818181818177,0.0,0.0,0.4424307036247335,1.0,0.6666666666666666,0.5,0.6507936507936507,0.5030257584011942,0.31031789100292123,0.12383047994347754,0.28595083630828333,0.4617539203140997,0.2607855615455468,0.3877909609310029,0.4423154544201786,0.531888791259802,0.11710635885260716,0.2980418034592789,0.38983050847457623,0.12826144463401187,0.23521740902237254,0.1311824598206187,0.09478897121671867,0.0
0.9512195121951221,1.0,0.9655172413793103,0.2599999999999998,0.02564102564102555,0.26530612244897966,0.9583333333333335,0.3066666666666666,0.2222972972972973,1.0,20.8,0.2727272727272728,0.0,0.0,0.9434968017057568,1.0,0.0,0.75,0.03174603174603163,0.4415334410804913,0.24431589294058875,0.09749278129879912,0.28400037115058996,0.30396991143597485,0.08352685672528344,0.29072422402628445,0.9574936674852196,1.0,0.24057152010049265,0.9227420372965085,0.4576271186440678,0.015292362513651653,0.3076853851691865,0.11514607736609206,0.07462815652970001,0.0
0.4634146341463415,0.0,0.1624026696329255,0.14000000000000012,0.2564102564102564,0.6122448979591839,0.5,0.54,0.45878378378378376,0.6666666666666666,32.1,0.40909090909090906,0.33333333333333337,0.0,0.26199360341151373,0.3333333333333333,0.3333333333333333,0.0,0.3492063492063491,0.633551000893318,0.4847646688153303,0.31747581775035066,0.4915052340998737,0.5382539510920885,0.5857005126502303,0.5073106072096378,0.2133524501813916,0.2123170145393657,0.12133900537720456,0.1318466082569548,0.2881355932203389,0.44051692987863145,0.1304579603097401,0.1652217154508307,0.14807507259961994,0.07692307692307693
0.8292682926829269,0.0,0.08676307007786421,0.08000000000000007,0.9743589743589745,0.5306122448979593,0.541666666666667,0.56,0.3898648648648649,0.0,29.8,0.18181818181818177,0.33333333333333337,0.5,0.208955223880597,1.0,0.3333333333333333,0.0,0.7777777777777777,0.344795480567194,0.34291910812641097,0.23257189647855786,0.43146973742906225,0.2998200781681566,0.6021044880078734,0.23039776785151195,0.1486837620938245,0.3071337389545582,0.0327456151781894,0.09298147602988474,0.1751412429378531,0.37521345386563976,0.07980973462421513,0.3214069967682939,0.25130806143356677,0.3076923076923077
0.5853658536585367,1.0,0.6440489432703003,0.8199999999999998,0.8461538461538467,0.3265306122448983,0.9583333333333335,0.34,0.25472972972972974,0.6666666666666666,29.0,0.5909090909090909,0.33333333333333337,0.5,0.38699360341151384,0.6666666666666666,1.0,0.5,0.5396825396825395,0.21512286264296243,0.17192682999818149,0.13022174290467994,0.3126868782052443,0.3422981886932701,0.1592958562420425,0.16313116424379565,0.4984447215107001,0.33985974568543903,0.25751037113344655,0.29460529568807176,0.37853107344632764,0.20216618623590474,0.24544095878270328,0.253773191912071,0.1468462653225245,0.3076923076923077
0.8292682926829269,0.0,0.2569521690767519,0.08000000000000007,0.6410256410256414,0.9183673469387754,0.7083333333333335,0.5733333333333335,0.4777027027027027,0.6666666666666666,34.8,0.13636363636363635,0.33333333333333337,0.5,0.38086353944562895,1.0,0.6666666666666666,0.5,0.5079365079365079,0.6562091553445203,0.5209221545676659,0.3391184571730597,0.44231617225111597,0.52036212219767,0.5092604798356872,0.5153014502355491,0.3205587960118872,0.44614466420199267,0.07959104595687659,0.21787685155872644,0.15254237288135591,0.20101033942622723,0.06826747977808832,0.48383212588657576,0.36005284305783686,0.3076923076923077
0.5853658536585367,0.0,0.36040044493882095,0.3799999999999999,0.4358974358974361,0.5714285714285716,0.4583333333333335,0.38000000000000006,0.27702702702702703,1.0,29.0,0.36363636363636365,0.33333333333333337,0.5,0.3472814498933902,0.6666666666666666,0.6666666666666666,0.5,0.47619047619047605,0.5399728230098518,0.33048389435859427,0.22512860106900962,0.29159489482415024,0.3245579771305913,0.2713946509240449,0.35880546166262656,0.3528439427705998,0.31392264460617714,0.1608451965107588,0.2167157819240494,0.2655367231638418,0.2513304551332052,0.16928290596565354,0.42320633191271184,0.2437111992861618,0.3076923076923077
0.6829268292682928,0.0,0.21023359288097876,0.3999999999999999,0.5128205128205128,0.7142857142857144,0.125,0.6799999999999999,0.5114864864864865,0.6666666666666666,17.1,0.5454545454545455,0.6666666666666666,1.0,0.2148187633262259,0.6666666666666666,0.3333333333333333,0.0,0.6507936507936507,0.6167090341201408,0.5740924249468253,0.5128006256170573,0.525269879164516,0.404153942917751,0.5861352968602029,0.4394885439444069,0.2111032765263512,0.26119464845239476,0.09025407240010715,0.11458579786459683,0.2033898305084746,0.46976647959200424,0.06933234814899021,0.7656302631476029,0.6097098294053779,0.7692307692307693
0.4146341463414634,0.0,0.11568409343715236,0.20000000000000018,0.8974358974358978,0.7346938775510203,0.375,0.35333333333333333,0.3378378378378379,0.0,29.1,0.18181818181818177,0.6666666666666666,0.5,0.19642857142857145,0.3333333333333333,0.3333333333333333,0.0,0.7936507936507935,0.4868927641263733,0.29095810966549723,0.2868345491111772,0.3297327261229188,0.6152322001490185,0.506409945186752,0.43407894529351493,0.15665966236061035,0.15827102571329105,0.11565896586360432,0.09150005172875203,0.06779661016949151,0.34338445242700455,0.07560094221588486,0.39552117831783595,0.21956429331510435,0.46153846153846156
0.4146341463414634,0.0,0.2691879866518353,0.18000000000000016,1.0,0.5102040816326534,0.666666666666667,0.7533333333333332,0.5939189189189189,1.0,16.6,0.5454545454545455,0.9999999999999999,1.0,0.34834754797441364,0.3333333333333333,0.6666666666666666,0.5,0.746031746031746,0.3147218062140973,0.4269841340996161,0.5079001940738421,0.6770744613377309,0.4754643660983413,0.6021497999530798,0.2664711617513596,0.3102365440057092,0.24095641505993132,0.17843446750092629,0.20036530699179556,0.11186440677966103,0.41102514506769805,0.027951432597048687,0.5293674472013339,0.4749037745389616,1.0
0.024390243902439046,0.0,0.2091212458286985,0.54,0.5384615384615383,0.3265306122448983,0.125,0.5999999999999999,0.4385135135135136,0.3333333333333333,32.8,0.5454545454545455,0.0,0.0,0.1719083155650319,0.0,0.3333333333333333,0.0,0.6666666666666665,0.393339160344242,0.39181737770278524,0.1563523578170811,0.5439175108276099,0.3595776772247359,0.5163728492026091,0.2801231955099183,0.1864212515394431,0.02045375420680054,0.37911496129346345,0.09239011339175687,0.6610169491525424,0.4709765917972597,0.26018718502519805,0.10257764684205467,0.11968361223790952,0.0
0.8292682926829269,1.0,0.7252502780867629,0.2400000000000002,0.7435897435897436,0.4285714285714288,0.4583333333333335,0.5733333333333335,0.4364864864864865,0.3333333333333333,27.6,0.7727272727272728,0.33333333333333337,0.0,0.7401385927505331,1.0,0.0,0.75,0.6666666666666665,0.35950062280602435,0.3581476613268941,0.24168718972945286,0.512758773098355,0.4052464984494424,0.2394454961043448,0.2736816681676945,0.7351364115135935,0.736666721928414,0.2084925254198,0.6246452254243544,0.4689265536723165,0.23038000750159945,0.194158584960262,0.09375300413368795,0.10939894007120102,0.07692307692307693
0.3658536585365854,0.0,0.06562847608453837,0.0,0.7435897435897436,0.48979591836734704,0.5,0.27999999999999997,0.2425675675675676,1.0,29.8,0.09090909090909094,0.33333333333333337,0.0,0.21535181236673767,0.3333333333333333,0.3333333333333333,0.0,0.6507936507936507,0.3893424826822477,0.20906368882139464,0.15245060168950114,0.26611959802435126,0.46112229301290864,0.4480901405328433,0.3117728120692443,0.14108980634685653,0.1516603391966047,0.10784304372298913,0.0925767513507334,0.12994350282485873,0.33311841822480104,0.13238593086466127,0.10153536620720818,0.06386010138862944,0.07692307692307693
0.9756097560975612,0.0,0.28031145717463846,0.2599999999999998,0.17948717948717974,0.020408163265306367,0.125,0.4133333333333334,0.20743243243243242,0.3333333333333333,25.4,0.2272727272727273,0.33333333333333337,0.5,0.32569296375266515,1.0,0.6666666666666666,0.0,0.4444444444444442,0.31834029644374784,0.25219262403741355,0.17826611330884493,0.31746437061479726,0.012181909632309695,0.252381752136849,0.12489180194599353,0.3037083024905086,0.46255740313997246,0.06536954601121699,0.18864900526116346,0.19774011299435024,0.2343629481078894,0.12479001679865608,0.30760867304287887,0.1958818656630812,0.3076923076923077
0.853658536585366,0.0,0.18131256952169073,0.5800000000000001,0.8461538461538467,0.4285714285714288,0.375,0.6799999999999999,0.4466216216216216,0.6666666666666666,16.5,0.5454545454545455,0.9999999999999999,1.0,0.13992537313432835,1.0,0.3333333333333333,1.0,0.7619047619047619,0.340645318307117,0.40482619349335736,0.48579521318662794,0.5250582748335871,0.24205843130678706,0.5523748830065973,0.20945286580465222,0.15583816157776187,0.25859596478721464,0.0555184217054535,0.07332269264498928,0.11186440677966103,0.5026265069347334,0.03674737599939372,0.5496489737042348,0.45459883767992004,1.0
0.7804878048780488,1.0,0.5561735261401557,0.3999999999999999,0.2051282051282053,0.08163265306122458,1.0,0.20666666666666672,0.13108108108108107,0.0,22.9,0.5454545454545455,0.0,0.0,0.5015991471215351,1.0,1.0,0.25,0.12698412698412698,0.22510643116487616,0.11403737721692536,0.04550592654077532,0.19800394347721623,0.18911056614579835,0.1043071391067585,0.1268950556440041,0.5275885850412184,0.5179628309487889,0.1729757282281157,0.36796136001951946,0.6610169491525424,0.22388781431334667,0.5178785697144229,0.058704777774217315,0.034833588330050465,0.0
0.07317073170731708,0.0,0.22246941045606228,0.3999999999999999,0.4871794871794872,0.06122448979591866,0.08333333333333348,0.98,0.6141891891891893,0.6666666666666666,19.1,0.5454545454545455,0.9999999999999999,1.0,0.22494669509594883,0.0,0.6666666666666666,0.0,0.6507936507936507,0.2642908793914067,0.5045260188284485,0.5852567458557917,0.873844145179034,0.19334063900577614,0.671242360242948,0.15040005634479797,0.2222972906538867,0.05333311228634427,0.34128685580644263,0.1217365951777723,0.11186440677966103,0.4567214700193427,0.006974304999762496,0.4899122925428855,0.5459610583059059,1.0
0.7804878048780488,1.0,0.12791991101223577,0.41999999999999993,1.0,0.7142857142857144,0.5833333333333335,0.6533333333333333,0.5628378378378378,1.0,20.9,0.6363636363636364,0.0,0.0,0.14099147121535177,1.0,0.3333333333333333,1.0,0.7777777777777777,0.4303526717749344,0.4441264333624829,0.1772259705075897,0.5819586794203216,0.5843209135934511,0.7430181267576655,0.3823865827999617,0.1327332754388898,0.2375785407583017,0.050381542059577525,0.06733806513326662,0.7288135593220338,0.6322885955193319,0.2658533263284883,0.11223028071811997,0.1356618130283182,0.0
0.3170731707317073,0.0,0.2569521690767519,0.2799999999999998,0.6153846153846159,0.10204081632653095,0.04166666666666696,0.6933333333333334,0.4452702702702703,0.0,19.0,0.5454545454545455,0.6666666666666666,1.0,0.296908315565032,0.3333333333333333,0.6666666666666666,0.0,0.746031746031746,0.26044445276933703,0.36213246986526404,0.3436379461355795,0.6243857709801931,0.2175862193265603,0.4798782326149614,0.1552378645548288,0.2773365951501394,0.17406621462557403,0.21046787565293046,0.1674208989843529,0.2033898305084746,0.4224052576886651,0.06721644086654889,0.486903001085885,0.41547546525329015,0.7692307692307693
0.48780487804878053,1.0,0.5728587319243603,0.54,0.4615384615384617,0.40816326530612246,1.0,0.2,0.2114864864864865,1.0,26.7,0.8636363636363636,0.0,0.0,0.4501599147121535,0.3333333333333333,1.0,0.5,0.2857142857142856,0.37338309974478023,0.1587893406646529,0.06336392723237222,0.24331768841853474,0.5905637812703597,0.15104459178180235,0.34394273167061723,0.506028465381096,0.3326895339776853,0.26976061204538265,0.3307057355553053,0.8983050847457625,0.33500332942258204,0.6860331173506119,0.09737337037301788,0.04850341755397478,0.0
0.4634146341463415,1.0,0.09677419354838712,0.33999999999999986,0.10256410256410309,0.24489795918367374,1.0,0.5933333333333333,0.4770270270270271,1.0,27.3,0.6818181818181818,0.0,0.0,0.13699360341151384,0.3333333333333333,0.3333333333333333,1.0,0.06349206349206327,0.3875740761710642,0.38480841452207415,0.15355547339714462,0.6183667675431442,0.4773787438763011,0.6912768144432381,0.3160535351295238,0.11620704244463631,0.14039523201644588,0.09595094997550659,0.061639548406384165,0.7627118644067796,0.7144162142196122,0.30232401551760757,0.10107418919544406,0.11754267087275566,0.0
0.17073170731707316,0.0,0.19799777530589535,0.1200000000000001,0.2564102564102564,0.7346938775510203,0.666666666666667,0.5666666666666667,0.5067567567567568,1.0,29.3,0.045454545454545525,0.33333333333333337,0.5,0.304637526652452,0.0,0.3333333333333333,0.0,0.2857142857142856,0.7065625462749233,0.5435060999201575,0.352636437636471,0.5150136817498142,0.6162289039420954,0.5946865253794237,0.5931765071455488,0.2526959537274971,0.11873124554452164,0.254492901368754,0.1613263607676357,0.10734463276836159,0.1879019897866979,0.05134878098640998,0.5100951216566303,0.37384972044095316,0.3076923076923077
0.14634146341463422,0.0,0.022246941045606206,0.5,0.3589743589743595,0.48979591836734704,0.20833333333333348,0.21999999999999992,0.19932432432432434,0.6666666666666666,31.8,0.36363636363636365,0.33333333333333337,0.0,0.03704690831556501,0.0,0.3333333333333333,1.0,0.5238095238095237,0.5369396767879387,0.22463725656878392,0.1617724088967433,0.21473501299715891,0.4634750412934501,0.4409613295748905,0.4110760500418142,0.026910862245994427,0.00901871715379901,0.16501506678860023,0.013215520786711343,0.2655367231638418,0.6082481348438789,0.2452950751891656,0.14002676085655208,0.06861716666829457,0.07692307692307693
0.04878048780487804,1.0,0.9833147942157952,0.8399999999999999,0.17948717948717974,0.5102040816326534,0.29166666666666696,0.08666666666666667,0.13445945945945947,0.0,26.1,0.2272727272727273,0.0,0.0,0.5999466950959487,0.0,0.0,0.25,0.38095238095238093,0.612161703091383,0.15663895877885797,0.06250583033013066,0.13487849518873563,0.6594114912945401,0.04202115462159865,0.5429680289108985,0.7686415029012156,0.16135877584177455,0.9085408452393444,0.5509513710379094,0.423728813559322,0.0,0.48876089912806975,0.15964366968949273,0.04784656697401369,0.0
0.39024390243902446,0.0,0.38042269187986644,0.14000000000000012,0.4615384615384617,0.7755102040816326,0.08333333333333348,0.6466666666666667,0.5797297297297297,0.0,32.7,0.40909090909090906,0.33333333333333337,0.0,0.4738805970149254,0.3333333333333333,0.6666666666666666,0.25,0.6349206349206349,0.6717461755396307,0.5833404310337551,0.37647991145656934,0.5841633487840343,0.6413702486001229,0.4953770050356649,0.5790413593489794,0.4293249752129392,0.29680531839055685,0.2338513745302928,0.3071963245984086,0.2881355932203389,0.2602876850167093,0.10607151427885768,0.17518251145321995,0.17818579247268201,0.07692307692307693
0.7804878048780488,1.0,0.5517241379310344,0.3599999999999999,0.5641025641025639,0.38775510204081653,1.0,0.8600000000000001,0.6277027027027027,0.0,12.2,0.9090909090909091,0.9999999999999999,1.0,0.5178571428571428,1.0,1.0,0.25,0.3492063492063491,0.3260798449905008,0.4905346942843519,0.571298861992401,0.7593446110045621,0.3807980021153332,0.42210844966796096,0.24440982563624852,0.5343728360276034,0.5306039556358693,0.17170202239779314,0.3799905810293432,0.22033898305084743,0.3645581479690526,0.049881149172870634,0.5382535257403077,0.533139787300152,1.0
0.26829268292682934,1.0,0.9555061179087874,1.0,0.666666666666667,0.6530612244897962,0.7083333333333335,0.5733333333333335,0.5635135135135136,0.6666666666666666,24.7,0.7272727272727274,0.6666666666666666,0.5,0.5106609808102345,0.0,0.0,0.25,0.5238095238095237,0.4884093372373298,0.42886706560675814,0.3968980207822287,0.5994432877402175,0.7600290765587339,0.2398342384133485,0.4890724338502858,0.7007396308412334,0.25101543460601133,0.5775969338090051,0.4575056055499146,0.27118644067796616,0.14042030840232725,0.11547664422140345,0.3963121827062609,0.3038149822650421,0.46153846153846156
0.5121951219512195,1.0,0.7285873192436039,0.98,1.0,0.26530612244897966,0.875,0.20666666666666672,0.19594594594594594,0.3333333333333333,26.4,0.4545454545454545,0.0,0.0,0.3816631130063966,0.3333333333333333,0.0,0.5,0.6666666666666665,0.1564693975767184,0.09161090655666387,0.03655677888988349,0.25009813554054383,0.49328979781081705,0.10811679669485628,0.16466256650401956,0.5288670242974467,0.30325436429649033,0.3170841122357546,0.30444371001924186,0.5932203389830508,0.1260461833215684,0.47258441546898466,0.040805147883487686,0.027983251486635587,0.0
0.5121951219512195,1.0,0.5939933259176864,0.3999999999999999,0.7948717948717947,0.7142857142857144,0.0,0.4000000000000001,0.4290540540540541,0.6666666666666666,21.1,0.4545454545454545,0.6666666666666666,0.5,0.533049040511727,0.3333333333333333,1.0,0.25,0.873015873015873,0.532293154916072,0.3401801531056019,0.32611806733365367,0.43426943664861717,0.8028843415547207,0.27891734607652396,0.5396903448148245,0.5621882650717827,0.3950662312040982,0.26768718740594066,0.40213362526365787,0.1694915254237288,0.17369811836530144,0.11486353818967208,0.41920082032877226,0.24963479194986238,0.46153846153846156
0.7073170731707319,1.0,0.468298109010011,0.6800000000000002,0.6410256410256414,0.3265306122448983,0.625,0.5800000000000001,0.4182432432432433,0.6666666666666666,24.4,0.8636363636363636,0.6666666666666666,0.5,0.3179637526652452,0.6666666666666666,1.0,0.0,0.5396825396825395,0.31137470275167034,0.33519158803565585,0.32213675381773477,0.5184141322295549,0.34159335768833676,0.3247804081413665,0.22294583186621703,0.3836260416915399,0.3450281005984847,0.1645069394626737,0.21564700135970122,0.32203389830508466,0.40104180164304004,0.13403540855417695,0.30397560376411265,0.24658720130467204,0.46153846153846156
0.902439024390244,0.0,0.032258064516129004,0.3799999999999999,0.666666666666667,0.40816326530612246,0.25,0.26666666666666666,0.1783783783783784,1.0,34.7,0.40909090909090906,0.0,0.0,0.07196162046908311,1.0,0.3333333333333333,1.0,0.6984126984126982,0.3900420720712875,0.2017969783805521,0.08052586527720407,0.2028523277096207,0.231252063866056,0.4015127314684241,0.2348354380106938,0.05086448688253886,0.2150317478738043,0.0105782348620002,0.027258835475948387,0.559322033898305,0.6265977735997075,0.39558435325173985,0.10171780986021381,0.061640429153196626,0.0
0.902439024390244,1.0,0.9833147942157952,0.3599999999999999,0.4615384615384617,0.9183673469387754,0.08333333333333348,0.4199999999999999,0.4189189189189189,0.0,20.4,0.5000000000000001,0.6666666666666666,0.5,0.8840618336886994,1.0,0.0,0.75,0.6349206349206349,0.7519560422968873,0.45331841519110316,0.4164123474909436,0.3813553691052195,0.7107128953707873,0.16866678280879177,0.6701345340379836,0.9339167601900716,0.9096097415408082,0.258082435981481,0.8594384385604675,0.1864406779661017,0.07253384912959407,0.11744617952687685,0.5337711675392323,0.31875268543432916,0.46153846153846156
0.17073170731707316,1.0,0.8053392658509455,0.9199999999999999,0.7179487179487181,0.30612244897959195,0.916666666666667,0.6133333333333333,0.5074324324324324,0.0,23.2,0.4545454545454545,0.0,0.0,0.4514925373134328,0.0,0.0,0.5,0.47619047619047605,0.2412602157759305,0.31225894443211005,0.1246050455895496,0.6372661736270094,0.5193521028713175,0.2532081806293582,0.22954374030175112,0.6038075680617291,0.17582353818863045,0.6022145930467895,0.37586070411297445,0.5932203389830508,0.10346613710360145,0.22936756608767078,0.06291747099180889,0.09538188081994797,0.0
0.6341463414634148,0.0,0.4193548387096774,0.5800000000000001,0.9743589743589745,0.9183673469387754,0.125,0.6066666666666667,0.5027027027027027,0.3333333333333333,28.1,0.31818181818181823,0.33333333333333337,0.0,0.3179637526652452,0.6666666666666666,0.6666666666666666,0.0,0.9365079365079363,0.5723333554601934,0.4974003365778489,0.3250390980935276,0.4682420310602903,0.5201212105330419,0.41148273291092413,0.4575005590469234,0.3626630645537604,0.31487590974651436,0.16754800451935514,0.20774722754347485,0.24293785310734467,0.19771775090924057,0.09722115847753461,0.14925696378907027,0.1519347338778481,0.07692307692307693
0.6341463414634148,1.0,0.5483870967741934,0.98,0.8205128205128212,0.30612244897959195,0.3333333333333335,0.5999999999999999,0.42770270270270266,0.3333333333333333,26.3,0.2272727272727273,0.6666666666666666,0.5,0.27265458422174843,0.6666666666666666,1.0,0.0,0.7619047619047619,0.2867730197388103,0.3316356458505973,0.3192987993188566,0.536209823073531,0.33024610845703783,0.29586217563465383,0.20421012237172437,0.38803415583133083,0.2838740695303304,0.20952240120043664,0.19679941585266775,0.0847457627118644,0.10586313926715593,0.037437005039596835,0.2911440171526767,0.24441482187570346,0.46153846153846156
0.8048780487804879,0.0,0.3370411568409343,0.10000000000000009,0.4615384615384617,0.38775510204081653,0.16666666666666696,0.5999999999999999,0.3871621621621622,1.0,26.1,0.045454545454545525,0.33333333333333337,0.0,0.4514925373134328,1.0,0.6666666666666666,0.5,0.603174603174603,0.44682588096916664,0.42202325228935167,0.2799209428333624,0.4632363188694464,0.22025272557816944,0.37231573263937207,0.26404611582626875,0.3963461554755675,0.49113048956381894,0.10585642589494605,0.2815281473290293,0.10734463276836159,0.11150058742443977,0.04617230621550279,0.11652627563915041,0.12891022745983016,0.07692307692307693
0.48780487804878053,0.0,0.21245828698553948,0.43999999999999995,0.9230769230769234,0.5714285714285716,0.75,0.38000000000000006,0.3304054054054055,0.0,31.3,0.09090909090909094,0.33333333333333337,0.5,0.20415778251599143,0.3333333333333333,0.3333333333333333,0.0,0.6666666666666665,0.35950062280602435,0.2525885505268029,0.17850310141986694,0.35330847582809244,0.5140481351742494,0.4086287689124182,0.3091188000202471,0.2061452512415337,0.18732074470730614,0.13401038539259263,0.10932059804595184,0.12994350282485873,0.20471482292413315,0.10070670981835471,0.3290768096901336,0.19612374320668893,0.3076923076923077
0.7073170731707319,0.0,0.11012235817575078,0.3799999999999999,0.4615384615384617,0.5510204081632653,0.5833333333333335,0.6533333333333333,0.4567567567567568,0.3333333333333333,26.0,0.09090909090909094,0.33333333333333337,0.5,0.13726012793176967,0.6666666666666666,0.3333333333333333,1.0,0.4444444444444442,0.5083110335004085,0.49066808887217495,0.32100940392186217,0.5045925733067994,0.3120625176838192,0.6488102068556677,0.3345198502125118,0.12252062895767202,0.2129552877202871,0.05542894016378093,0.06343197859445557,0.12994350282485873,0.2870344169964678,0.04688057387841403,0.4066923806455929,0.3415701719290129,0.3076923076923077
0.7804878048780488,1.0,0.6863181312569522,0.33999999999999986,0.8205128205128212,0.14285714285714324,0.29166666666666696,0.020000000000000018,0.020270270270270258,0.3333333333333333,20.9,0.6363636363636364,0.0,0.0,0.6436567164179103,1.0,0.0,0.25,0.7777777777777777,0.20576504485461566,0.023162631293603464,0.009242908104881785,0.03775911815817973,0.2268938354878367,0.017481617475958347,0.12611088160357808,0.6652438812529914,0.6284172482965567,0.21023162376504806,0.5218364548570565,0.7288135593220338,0.20084102177869825,0.9101430376135946,0.05366080022407127,0.00707520273451516,0.0
0.6585365853658538,1.0,0.589543937708565,0.8199999999999998,0.384615384615385,0.4693877551020411,0.20833333333333348,0.35333333333333333,0.28783783783783784,0.0,27.3,1.0,0.33333333333333337,0.5,0.35101279317697215,0.6666666666666666,1.0,0.5,0.5396825396825395,0.5159098629826747,0.30301425908831764,0.20868621303074497,0.32400586022172373,0.43084199842975024,0.19378242259686118,0.38456898326821737,0.45406293298981926,0.3480536812612941,0.21543258923886482,0.2584224006126398,0.5819209039548022,0.3757721345229923,0.3457168086747235,0.41065572894970137,0.22692957926062807,0.3076923076923077
0.7804878048780488,1.0,0.5272525027808675,0.20000000000000018,0.5641025641025639,0.04081632653061229,0.7083333333333335,0.18,0.10945945945945945,0.6666666666666666,23.2,0.7272727272727274,0.0,0.0,0.5815565031982941,1.0,1.0,0.25,0.46031746031746024,0.14764195300153127,0.07758515514038491,0.030959887509136814,0.17527523176982218,0.16425609429438182,0.09651036438578366,0.07666930596612903,0.5567184627140096,0.5801322966229545,0.1646966403310196,0.42611369548516187,0.7966101694915255,0.30878063462415206,0.6449374959094182,0.03850306717695723,0.02369897853352377,0.0
0.09756097560975613,0.0,0.16796440489432696,0.2200000000000002,0.1538461538461542,0.48979591836734704,0.75,0.7466666666666668,0.5831081081081082,0.3333333333333333,19.9,0.5454545454545455,0.6666666666666666,1.0,0.23827292110874204,0.0,0.3333333333333333,0.0,0.19047619047619024,0.576803884275939,0.5947902393457332,0.5293193012403952,0.6707732051134909,0.4616044611790442,0.708381640711899,0.4369268602080572,0.20377754960720174,0.06649646048508764,0.28514868487583356,0.12036226579585341,0.2033898305084746,0.5188386159154966,0.05927525797936169,0.7344100584445011,0.6286767461400169,0.7692307692307693
0.43902439024390244,1.0,0.9310344827586206,0.3799999999999999,0.6410256410256414,0.36734693877551017,0.9583333333333335,0.5333333333333334,0.46216216216216216,0.0,20.4,0.2727272727272728,0.6666666666666666,0.5,0.8259594882729211,0.3333333333333333,0.0,0.75,0.41269841269841256,0.2950462655903717,0.30250813001847165,0.296052480820131,0.5615111459184422,0.5629244183931053,0.19920047599858204,0.27970523381214046,0.8779810982640751,0.518858071254497,0.4334662608878162,0.7769993439623349,0.1016949152542373,0.021734745414202422,0.05457163426925847,0.29545912318206996,0.22662037727631112,0.46153846153846156
0.07317073170731708,0.0,0.2369299221357063,0.14000000000000012,0.7948717948717947,0.6530612244897962,0.5833333333333335,0.96,0.7912162162162162,0.3333333333333333,17.2,0.5454545454545455,0.6666666666666666,1.0,0.3344882729211088,0.0,0.6666666666666666,0.0,0.6507936507936507,0.4575524481136156,0.6459975830177643,0.570187263593739,0.8557746140354057,0.5643694808115776,0.8197832206168811,0.3945227287631146,0.28717979292176743,0.08910542283525921,0.35114291282679505,0.18580975870915067,0.2033898305084746,0.44190823580639893,0.034059955615921886,0.6411124699712788,0.6756017694739158,0.7692307692307693
0.8292682926829269,1.0,0.3592880978865405,0.8799999999999999,0.28205128205128194,0.020408163265306367,0.25,0.6399999999999999,0.38581081081081087,1.0,21.1,0.6363636363636364,0.33333333333333337,0.5,0.18363539445629,1.0,0.6666666666666666,0.0,0.46031746031746024,0.2731878314041938,0.34371439160430284,0.23304792608052594,0.5697159698391961,0.15074092562184327,0.35793310145729623,0.14292297408729793,0.2564458529642222,0.286659261592533,0.10775954028131586,0.11722364831542889,0.40112994350282494,0.3808277887910614,0.14932065708715908,0.28405834254020484,0.25179391226512143,0.3076923076923077
0.39024390243902446,0.0,0.32480533926585087,0.06000000000000005,0.17948717948717974,0.28571428571428603,0.375,0.5733333333333335,0.4108108108108108,0.3333333333333333,28.5,0.2727272727272728,0.0,0.0,0.45948827292110866,0.3333333333333333,0.6666666666666666,0.5,0.3492063492063491,0.4597629562525952,0.4131516424334549,0.16486566728919005,0.5206218873917746,0.3335351262784154,0.39950253628738347,0.31254117895782724,0.3941649823089771,0.289195775792039,0.2104376644140708,0.28418414373509293,0.4576271186440678,0.2292712514394961,0.1896624740608987,0.11990009363995968,0.12620032643363172,0.0
0.6585365853658538,1.0,0.46051167964404893,0.2200000000000002,0.10256410256410309,0.4285714285714288,0.20833333333333348,0.4266666666666666,0.33310810810810815,0.0,30.0,0.31818181818181823,0.6666666666666666,0.5,0.5085287846481876,0.6666666666666666,1.0,0.25,0.3650793650793649,0.5962669038073761,0.3869468315749164,0.3634419884359854,0.3873038553989864,0.40640526946790345,0.26872190681638175,0.4272081080111922,0.4863774206642949,0.45828014390158983,0.174390956928474,0.351552662027333,0.11864406779661019,0.17774060327251825,0.08341227438647016,0.45256783425736935,0.2782052705967906,0.46153846153846156
0.7073170731707319,1.0,0.4983314794215794,0.7200000000000002,0.6923076923076925,0.18367346938775508,0.541666666666667,0.9000000000000001,0.5932432432432433,0.3333333333333333,14.4,0.9090909090909091,0.9999999999999999,1.0,0.3248933901918976,0.6666666666666666,1.0,0.0,0.603174603174603,0.22560189362253935,0.4365831296410886,0.5174762470451535,0.7930729986920195,0.25275527475318604,0.42894077499088185,0.14483005068631905,0.4004385907479998,0.3500928397354067,0.173653231329351,0.2251694631411365,0.22033898305084743,0.3988791467464683,0.04522794933162101,0.45964356632145176,0.48370003416630114,1.0
0.6829268292682928,1.0,0.16796440489432696,0.43999999999999995,0.10256410256410309,0.34693877551020424,0.666666666666667,0.6199999999999999,0.45067567567567574,1.0,20.5,0.9545454545454545,0.33333333333333337,0.5,0.16791044776119401,0.6666666666666666,0.3333333333333333,0.0,0.19047619047619024,0.5031417617437647,0.46648503443797973,0.30653425122888983,0.5532004924292377,0.35527024404906027,0.570984529124236,0.34766531674767215,0.16591306515948223,0.2276397155125251,0.07710167523916857,0.08511634802975823,0.559322033898305,0.7723779869202111,0.21428103933503506,0.40399622533667545,0.32679637436750736,0.3076923076923077
0.12195121951219517,0.0,0.21134593993325912,0.56,0.6410256410256414,0.4285714285714288,0.3333333333333335,0.78,0.5905405405405406,1.0,17.8,0.5454545454545455,0.9999999999999999,1.0,0.16791044776119401,0.0,0.3333333333333333,0.0,0.6507936507936507,0.40071081025414235,0.4987479257691767,0.5794924630233125,0.6997111994738846,0.42320259211155453,0.6615532737194693,0.3064361398292486,0.18513636530711408,0.05014174638173716,0.29480845982417847,0.09067868860762238,0.11186440677966103,0.46856046946201924,0.02504020037678427,0.5966418295511631,0.5406661702646841,1.0
0.8292682926829269,0.0,0.2769744160177976,0.020000000000000018,0.10256410256410309,0.9183673469387754,0.75,0.8866666666666667,0.7135135135135136,0.3333333333333333,18.2,0.5454545454545455,0.6666666666666666,1.0,0.43017057569296374,1.0,0.6666666666666666,0.5,0.1587301587301586,0.9159565734344924,0.9399967599956727,0.8048244549622446,0.6868600837214359,0.5203002487100334,0.6998215945708011,0.6939669427900175,0.3552641171055877,0.4860160148543577,0.08510227310731035,0.2536043899515669,0.2033898305084746,0.4039841088655949,0.04173305479823909,0.9997496555260037,0.9450146554106365,0.7692307692307693
0.9756097560975612,1.0,0.775305895439377,0.5,0.5384615384615383,0.9795918367346941,0.16666666666666696,0.34,0.3628378378378378,0.3333333333333333,22.1,0.5454545454545455,0.0,0.0,0.6263326226012793,1.0,0.0,0.25,0.6507936507936507,0.7531289649828764,0.391119478069882,0.15607386518420238,0.3126868782052443,0.748874389433642,0.18677335327320277,0.6888733459207803,0.6961675302657658,0.7337157446244134,0.18752452327274738,0.5284081671307759,0.6610169491525424,0.1402629644061784,0.3967951870781031,0.1964060657701217,0.11947043346177896,0.0
0.878048780487805,1.0,0.42714126807563957,0.7999999999999998,0.3589743589743595,0.5306122448979593,0.916666666666667,0.20666666666666672,0.19054054054054054,1.0,21.5,1.0,0.0,0.0,0.2505330490405117,1.0,0.6666666666666666,0.0,0.25396825396825395,0.5045861170875326,0.2053545954710217,0.08194551088753022,0.1978634476222203,0.4679415285053987,0.1792216083583013,0.39117079247224934,0.32556073198349655,0.3587592632503855,0.11754593746408208,0.16569978848103245,1.0,0.49077537204436916,0.7443493409416135,0.13158938071335174,0.06272713048033812,0.0
0.5609756097560976,0.0,0.4082313681868742,0.5800000000000001,0.3076923076923075,0.24489795918367374,0.25,0.5999999999999999,0.35743243243243245,1.0,34.0,0.2272727272727273,0.6666666666666666,0.5,0.30970149253731344,0.6666666666666666,0.6666666666666666,0.0,0.47619047619047605,0.40306287802763785,0.39730871075570307,0.3717116790292427,0.4633371388531492,0.1395909114669991,0.30999655323919584,0.2111389261303726,0.35299834946142417,0.2794558928364197,0.18423715172791805,0.20053408576610154,0.0847457627118644,0.16297262059973852,0.037437005039596835,0.35179772884730764,0.2845355009566602,0.46153846153846156
0.6829268292682928,0.0,0.2569521690767519,0.2200000000000002,0.6923076923076925,0.6530612244897962,0.75,0.3333333333333333,0.25743243243243247,0.6666666666666666,34.7,0.31818181818181823,0.6666666666666666,0.5,0.3203624733475479,0.6666666666666666,0.6666666666666666,0.0,0.5238095238095237,0.4762767523496775,0.2742142507110001,0.2734714775606441,0.2548792200496529,0.3698437262934302,0.30970605079492314,0.33614481460148743,0.2897394875713365,0.3366932475671016,0.1047909324200919,0.18121469247359884,0.11864406779661019,0.2994080808761991,0.10819294456443489,0.3899841475988607,0.20933521397091864,0.46153846153846156
0.7317073170731709,0.0,0.2547274749721913,0.16000000000000014,0.8205128205128212,0.08163265306122458,0.791666666666667,0.9866666666666666,0.541891891891892,0.6666666666666666,20.0,0.5454545454545455,0.6666666666666666,1.0,0.3432835820895522,0.6666666666666666,0.6666666666666666,0.5,0.5873015873015872,0.10273123227212333,0.3787445609952045,0.3568958553772091,0.7648919460352739,0.046670575560237904,0.5695635716822787,0.024144498152779803,0.30042352274077133,0.3739783484474211,0.09502758496619339,0.19446000819893244,0.2033898305084746,0.42451713290261406,0.031481117874206446,0.3635144397715646,0.43069833580267725,0.7692307692307693
0.8292682926829269,1.0,0.5072302558398218,0.48,0.5641025641025639,0.5102040816326534,0.25,0.8933333333333333,0.6878378378378378,1.0,13.9,0.9090909090909091,0.6666666666666666,1.0,0.4251066098081023,1.0,1.0,0.5,0.6349206349206349,0.4769507848434359,0.6200405663267042,0.5494712821569834,0.7879056955946577,0.4569377621425168,0.48708577909416934,0.36863098385212806,0.46278729113678085,0.48192111938195253,0.14848138533729882,0.29864550510732873,0.3389830508474576,0.39289168278529996,0.08087613860456382,0.6562889583686199,0.6518154621483969,0.7692307692307693
0.7804878048780488,0.0,0.29254727474972186,0.14000000000000012,0.8205128205128212,0.24489795918367374,0.9583333333333335,0.49999999999999994,0.2966216216216216,0.3333333333333333,31.6,0.045454545454545525,0.0,0.0,0.3885927505330489,1.0,0.6666666666666666,0.5,0.5238095238095237,0.1729621301583708,0.22404996739829375,0.08940578612655639,0.38450851409552456,0.13783101734093717,0.3232873999847447,0.084006715958938,0.34227482481757043,0.43009665279596804,0.09750865778150904,0.23014916302322314,0.288135593220339,0.13281461967319255,0.1412123830093593,0.04510623424554877,0.06843777470317913,0.0
0.48780487804878053,1.0,0.2369299221357063,0.94,0.4358974358974361,0.5306122448979593,0.04166666666666696,0.5800000000000001,0.5385135135135135,0.0,23.5,0.5909090909090909,0.33333333333333337,0.0,0.09275053304904052,0.3333333333333333,0.6666666666666666,1.0,0.6349206349206349,0.5457020992067988,0.4646889860753167,0.3054591978536325,0.6056845976239952,0.6750526157590668,0.5841240970915951,0.5000559386877863,0.1500295206288651,0.12148742518940964,0.14322799337518943,0.05692997441369377,0.37853107344632764,0.4672300036917716,0.15635187141233076,0.14231188464533545,0.14194280189086725,0.07692307692307693
0.7560975609756098,0.0,0.04560622914349277,0.2999999999999998,0.7435897435897436,0.26530612244897966,1.0,0.4399999999999999,0.2641891891891892,0.3333333333333333,26.7,0.13636363636363635,0.6666666666666666,0.5,0.103411513859275,0.6666666666666666,0.3333333333333333,1.0,0.46031746031746024,0.19786030436259627,0.2097128769166669,0.22199371037067095,0.33789623288963755,0.14983167470054903,0.4988556553285745,0.10090660851415995,0.0740922441058548,0.2016445895986339,0.02968382231683732,0.041159120373333746,0.050847457627118675,0.3917814708088261,0.04873265311188903,0.2447694984820853,0.16993033889736192,0.46153846153846156
0.5365853658536586,1.0,0.2647385984427141,0.2400000000000002,0.6410256410256414,0.4693877551020411,0.916666666666667,0.5333333333333334,0.48581081081081084,0.3333333333333333,20.8,0.8636363636363636,0.0,0.0,0.31956289978678026,0.6666666666666666,0.6666666666666666,0.0,0.4285714285714284,0.3642919201565684,0.3388203905060046,0.135204230202119,0.5608959838523291,0.6320228255862408,0.5097421245622026,0.3510330009072576,0.2930293889008282,0.2756677000613405,0.1403370163261023,0.18214144542448107,0.8983050847457625,0.5854247133510786,0.3861771058315335,0.09500251106584606,0.10349527750241355,0.0
0.7804878048780488,0.0,0.17130144605116793,0.10000000000000009,0.384615384615385,0.04081632653061229,0.625,0.9000000000000001,0.48175675675675683,0.6666666666666666,18.5,0.5454545454545455,0.6666666666666666,1.0,0.2862473347547974,1.0,0.3333333333333333,0.0,0.38095238095238093,0.20527892445002638,0.42141694654625905,0.39095217076426136,0.6974394882244264,0.023850126599865407,0.5993739934613466,0.07099837062582343,0.23004446758672648,0.350519736733036,0.06280017390522165,0.14633619740322878,0.2033898305084746,0.5147197452674065,0.04027007569124198,0.44374368221581995,0.46980215459322405,0.7692307692307693
0.04878048780487804,0.0,0.385984427141268,0.16000000000000014,0.3076923076923075,0.9387755102040818,0.5,0.36000000000000004,0.37837837837837834,0.6666666666666666,32.8,0.40909090909090906,0.33333333333333337,0.5,0.4690831556503198,0.0,0.6666666666666666,0.25,0.38095238095238093,0.8221657178740184,0.43576504386378856,0.28814631121502166,0.3356706459056602,0.7440609572493959,0.3372437130509611,0.7396910804756849,0.4296248595637645,0.1206584989804208,0.4810533259373641,0.30504874365762774,0.2881355932203389,0.2569271282421761,0.18862491000719944,0.5703906757516524,0.30802906260920804,0.3076923076923077
0.4146341463414634,0.0,0.42269187986651824,0.33999999999999986,0.9743589743589745,0.9795918367346941,0.29166666666666696,0.4199999999999999,0.4364864864864865,0.6666666666666666,33.3,0.4545454545454545,0.6666666666666666,0.5,0.4171108742004264,0.3333333333333333,0.6666666666666666,0.5,0.873015873015873,0.5937304996663112,0.3811956373900687,0.35885202983671716,0.38769919652619034,0.7697653900137196,0.360951546555238,0.5746354082947736,0.4197311816349155,0.2783824333957791,0.24120996913824821,0.27596335851230097,0.1694915254237288,0.25572831423895215,0.10932930675280496,0.45124491300028835,0.2746917781694774,0.46153846153846156
0.5853658536585367,0.0,0.1946607341490545,0.33999999999999986,0.8205128205128212,0.5918367346938775,0.20833333333333348,0.4266666666666666,0.3114864864864865,1.0,34.1,0.40909090909090906,0.0,0.0,0.22121535181236668,0.6666666666666666,0.3333333333333333,0.0,0.8095238095238093,0.44776074991300574,0.318655322466271,0.12715748160704818,0.32742977088922065,0.3343628198630306,0.40422320431829045,0.3053893521259669,0.20736787605809903,0.23158540426731217,0.1043624082018157,0.11562432265297978,0.559322033898305,0.4061054579093434,0.29259974991474363,0.11677007708592424,0.09733570337079028,0.0
1.0,0.0,0.23025583982202447,0.45999999999999996,0.6410256410256414,0.6938775510204085,0.20833333333333348,0.35333333333333333,0.2777027027027027,1.0,33.8,0.4545454545454545,0.33333333333333337,0.5,0.2121535181236674,1.0,0.6666666666666666,0.0,0.6984126984126982,0.556631795336359,0.31993358323141274,0.2188135441790754,0.27064494500117786,0.3934656061893582,0.34535078275070913,0.39643547460707,0.21870908854259052,0.3685571710406339,0.050192645008470385,0.11605132522244116,0.3107344632768362,0.39752213855757534,0.2032381098832482,0.4318952108871037,0.23726585297029357,0.3076923076923077
0.7317073170731709,1.0,0.32258064516129026,0.48,0.0,0.9591836734693877,0.3333333333333335,0.6533333333333333,0.6216216216216217,0.3333333333333333,30.0,0.36363636363636365,0.33333333333333337,0.5,0.2790511727078891,0.6666666666666666,0.6666666666666666,0.0,0.25396825396825395,0.9999999999999999,0.7842096409294796,0.49671337875778526,0.5813021041258367,0.7351902157854124,0.575630469609968,0.8714543866475173,0.2977428404162732,0.32603325651950466,0.11526093279162854,0.16771758267326212,0.2655367231638418,0.27562862669245636,0.09645931028220443,0.6631443297349702,0.5208991924952738,0.3076923076923077
0.04878048780487804,0.0,0.3982202447163514,0.56,0.9487179487179489,0.26530612244897966,0.125,0.6133333333333333,0.4331081081081081,0.3333333333333333,27.4,0.2272727272727273,0.6666666666666666,0.5,0.30916844349680167,0.0,0.6666666666666666,0.0,0.9206349206349205,0.2592382893594536,0.3225568500226487,0.31205312204868507,0.5552182560309585,0.3205377723156164,0.37204318875287945,0.1843458661767151,0.3484157542153947,0.07092292644108822,0.4898100535208311,0.1986002718931979,0.0847457627118644,0.16777838453019497,0.035591518875673064,0.2767826306775901,0.23886844674640234,0.46153846153846156
0.9512195121951221,0.0,0.3971078976640712,0.2599999999999998,0.02564102564102555,0.22448979591836737,0.41666666666666696,0.12666666666666665,0.07027027027027027,0.0,32.6,0.36363636363636365,0.33333333333333337,0.0,0.4309701492537313,1.0,0.6666666666666666,0.5,0.23809523809523792,0.4720723912499959,0.14560228343183845,0.11446476596208724,0.0938120809138448,0.12821961487952183,0.09867802240874717,0.2449650539530736,0.41514898970551617,0.5457028465326015,0.09783825709725043,0.28046407217333824,0.2655367231638418,0.22983424849694253,0.3140548756099512,0.12311023136152177,0.04447533014839653,0.07692307692307693
0.5609756097560976,0.0,0.3470522803114572,0.2799999999999998,0.12820512820512864,0.5510204081632653,0.16666666666666696,0.6133333333333333,0.4297297297297297,0.3333333333333333,30.9,0.36363636363636365,0.33333333333333337,0.5,0.3771321961620468,0.6666666666666666,0.6666666666666666,0.5,0.39682539682539675,0.6667911258557847,0.556004589231035,0.3601176076308871,0.47313262329015104,0.3115007572903574,0.4004087797284968,0.4313885774781075,0.3627809269329353,0.3224481506656277,0.16287927957312043,0.23370246345448392,0.2655367231638418,0.2596412970247536,0.10448966899549446,0.4893514015826317,0.3814852385847013,0.3076923076923077
0.7560975609756098,1.0,0.50055617352614,0.3599999999999999,0.9487179487179489,0.8775510204081636,1.0,0.8800000000000001,0.7871621621621623,0.3333333333333333,11.3,0.9090909090909091,0.6666666666666666,1.0,0.47441364605543707,0.6666666666666666,1.0,0.25,0.5873015873015872,0.5018242278448152,0.6300740861432321,0.5574789131085056,0.7758574398690625,0.6844812081900087,0.5580926224715448,0.47097470837131744,0.4870042264619501,0.4843415839122001,0.1625781296132383,0.3344479984813518,0.3389830508474576,0.3973717146433031,0.0827933765298776,0.6757489525098731,0.6610099080569212,0.7692307692307693
0.5121951219512195,0.0,0.26251390433815347,0.1200000000000001,0.5897435897435903,0.5714285714285716,0.666666666666667,0.4799999999999999,0.40540540540540543,0.6666666666666666,34.8,0.40909090909090906,0.0,0.0,0.3680703624733475,0.3333333333333333,0.6666666666666666,0.5,0.49206349206349187,0.4690179408784324,0.36108452547647507,0.14408859877658114,0.4400199630614795,0.5139891529710818,0.4394170071526939,0.3841921444970657,0.31701587173303314,0.29501069314809597,0.1460319510482172,0.21115081758571846,0.559322033898305,0.34396554870260143,0.2672756671269577,0.1223136711328463,0.11029602766883304,0.0
0.5365853658536586,1.0,0.3692992213570634,0.8799999999999999,0.4358974358974361,0.8571428571428572,0.791666666666667,0.20666666666666672,0.2831081081081081,0.6666666666666666,29.0,0.40909090909090906,0.0,0.0,0.19003198294243068,0.6666666666666666,0.6666666666666666,0.0,0.3492063492063491,0.7003925565243653,0.26933240948130016,0.10747547111322905,0.24988349650534258,0.9020306403606861,0.2719864571263761,0.7169711433378663,0.2644715519403841,0.1950960725476218,0.17775212509182498,0.12205401740605087,0.559322033898305,0.2671465263024383,0.4499373383462656,0.18265310845501187,0.0822696426800997,0.0
0.024390243902439046,0.0,0.09232480533926579,0.040000000000000036,0.666666666666667,0.3265306122448983,0.25,0.3066666666666666,0.2364864864864865,0.6666666666666666,26.3,0.045454545454545525,0.0,0.0,0.22894456289978676,0.0,0.3333333333333333,0.0,0.6984126984126982,0.34561814586726847,0.20717293309503954,0.08267110753280804,0.2897338374669949,0.3601123672803972,0.4132118096270451,0.25023357563549536,0.16143988131220144,0.03730582403554439,0.2911287032777662,0.10338481624329593,0.288135593220339,0.2724149116378537,0.21214302855771544,0.09013263789435802,0.06328255560309937,0.0
0.6341463414634148,0.0,0.031145717463848643,0.56,0.17948717948717974,0.795918367346939,0.5833333333333335,0.6599999999999999,0.5155405405405407,0.6666666666666666,25.3,0.5000000000000001,0.33333333333333337,0.5,0.031716417910447714,0.6666666666666666,0.3333333333333333,1.0,0.26984126984126977,0.7887791572714394,0.6634810116157417,0.42444933335008295,0.509741914182166,0.45052522602122314,0.85303448857094,0.5729383044445195,0.02768838314555766,0.11901722508662277,0.04126296622885982,0.012088330810870504,0.33333333333333337,0.7011605415860727,0.11980679129562254,0.5529771295399556,0.44714422766183415,0.3076923076923077
1.0,1.0,0.5350389321468296,0.52,0.6923076923076925,0.9795918367346941,1.0,0.5666666666666667,0.5540540540540542,0.6666666666666666,26.9,0.6818181818181818,0.33333333333333337,0.5,0.429637526652452,1.0,1.0,0.5,0.4285714285714284,0.6581581576566061,0.5171466759467443,0.33685858426595444,0.5074436312770582,0.7493073177955414,0.38336246977009214,0.6158908280846358,0.4776896480987435,0.5680962880684362,0.1241323478704106,0.307480057003472,0.423728813559322,0.2867872581930596,0.17817241287363678,0.48484867389917896,0.3577463454648605,0.3076923076923077
0.024390243902439046,0.0,0.36040044493882095,0.5,0.23076923076923084,0.40816326530612246,0.5833333333333335,0.4666666666666666,0.3628378378378378,0.0,31.0,0.09090909090909094,0.6666666666666666,0.5,0.30170575692963747,0.0,0.6666666666666666,0.0,0.3015873015873014,0.5021596001100023,0.3689635702167555,0.34908976480019716,0.42830219451642715,0.41090792256820774,0.339149172837239,0.36803447260919847,0.32743379736860967,0.058804025265670884,0.49307811453284284,0.18768671577557883,0.03389830508474573,0.12269307629011436,0.03634509239260862,0.40348395582798113,0.2672190213814955,0.46153846153846156
0.6097560975609757,1.0,0.3692992213570634,0.7599999999999998,0.4102564102564106,0.44897959183673475,0.541666666666667,0.4466666666666666,0.35067567567567565,0.0,29.4,0.818181818181818,0.33333333333333337,0.0,0.22361407249466952,0.6666666666666666,0.6666666666666666,0.0,0.4285714285714284,0.4665062636348424,0.3394904025611287,0.2305195901112312,0.4038764234647688,0.4174887232532687,0.3247534140829964,0.3473122218450336,0.28530421736786793,0.24173560569638092,0.1574246686718529,0.1415398575645258,0.4915254237288136,0.4579937850778446,0.2513398928085753,0.12165865895188593,0.10369993780479816,0.07692307692307693
0.39024390243902446,1.0,0.7842046718576194,0.7200000000000002,0.7179487179487181,0.38775510204081653,0.5,0.6133333333333333,0.529054054054054,0.0,22.3,0.9545454545454545,0.0,0.0,0.5229211087420043,0.3333333333333333,0.0,0.25,0.6349206349206349,0.3394481561167103,0.36850135188812905,0.1470482385551459,0.6379069406345427,0.5771889990329762,0.27062167918083757,0.3154772608097494,0.63947401461507,0.3227341302077289,0.40383490997406407,0.43488140505842987,0.9661016949152543,0.2639225605433356,0.3714700007098024,0.08852358623243362,0.11256155397471737,0.0
0.9512195121951221,0.0,0.06785317018909898,0.52,0.12820512820512864,0.20408163265306145,0.41666666666666696,0.6266666666666667,0.36418918918918924,0.6666666666666666,25.8,0.09090909090909094,0.33333333333333337,0.5,0.06823027718550106,1.0,0.3333333333333333,1.0,0.3015873015873014,0.4196580228739668,0.42221112167453556,0.2800333950483739,0.48344180691099126,0.11504609176902947,0.5964883623566531,0.21174775776603366,0.06485255682496549,0.22417480395895162,0.015159106707896816,0.029537949785383377,0.12994350282485873,0.33062428410192335,0.05078260405834199,0.3604533170976596,0.2997487643890925,0.3076923076923077
0.7804878048780488,1.0,0.5650723025583981,0.41999999999999993,0.3333333333333339,0.6734693877551021,0.5,0.38000000000000006,0.3425675675675676,1.0,22.6,0.8636363636363636,0.6666666666666666,0.5,0.4992004264392324,1.0,1.0,0.25,0.39682539682539675,0.6407771150155933,0.37399300532770297,0.3531036962020919,0.346691383002651,0.5572231078930576,0.23557493229075938,0.5204328021097142,0.5303260898251984,0.5160977469785639,0.17552313988876062,0.368001311304759,0.32203389830508466,0.33944989306316486,0.19785632102702816,0.47578318216316096,0.2702915801593809,0.46153846153846156
0.1951219512195122,0.0,0.21468298109009998,0.020000000000000018,0.5384615384615383,0.18367346938775508,0.875,0.8,0.5358108108108108,0.6666666666666666,15.1,0.5454545454545455,0.9999999999999999,1.0,0.36487206823027724,0.0,0.3333333333333333,0.5,0.38095238095238093,0.21840417537394097,0.38514961568829664,0.4661656643925583,0.7168923639133331,0.2689948913244915,0.604895235176166,0.14503573969881517,0.2911057700290446,0.1529285962963577,0.24952054976191818,0.19936285684601596,0.11186440677966103,0.46496684399881183,0.02294668191250583,0.4540123573673738,0.4365677545105335,1.0
0.9268292682926831,0.0,0.05672969966629582,0.45999999999999996,0.12820512820512864,0.18367346938775508,0.9583333333333335,0.21999999999999992,0.12094594594594593,0.6666666666666666,25.4,0.5000000000000001,0.33333333333333337,0.0,0.07329424307036247,1.0,0.3333333333333333,1.0,0.09523809523809512,0.3359607706055252,0.15734796150207297,0.12149532878911914,0.1665993079825871,0.10478176058003186,0.30381277116482375,0.1631554430431002,0.06271053117935288,0.2224174803958952,0.014615427449183052,0.030374246298898788,0.33333333333333337,0.653072690389291,0.28949780403109915,0.08761412224960677,0.04806313727392841,0.07692307692307693
0.6829268292682928,1.0,0.05561735261401557,0.54,0.6410256410256414,0.8571428571428572,0.3333333333333335,0.6533333333333333,0.5972972972972974,0.0,29.1,0.9545454545454545,0.33333333333333337,0.5,0.054371002132196145,0.6666666666666666,0.3333333333333333,1.0,0.6507936507936507,0.6394456892639299,0.5689563422274725,0.3678700858290092,0.5817422748059599,0.6727615390163248,0.909861575195046,0.568805044027622,0.051541142945718044,0.14642152555579502,0.042143988048252826,0.02290574903568196,0.559322033898305,1.0,0.20387990582375032,0.4750887457361802,0.389397662441525,0.3076923076923077
1.0,1.0,0.5494994438264739,0.2400000000000002,0.9743589743589745,0.10204081632653095,0.375,0.6199999999999999,0.3932432432432433,0.6666666666666666,23.5,0.9545454545454545,0.33333333333333337,0.5,0.5794243070362473,1.0,1.0,0.25,0.841269841269841,0.14267431033092226,0.2585539103482518,0.1820737626247599,0.5531667361325046,0.20271531907720286,0.27337468847718116,0.08340664274786175,0.5664095767966444,0.7055239642567017,0.1276404359624005,0.43006829017803005,0.559322033898305,0.3832772967429544,0.21428103933503506,0.21598594486156836,0.199768072694655,0.3076923076923077
0.6097560975609757,1.0,0.975528364849833,0.3799999999999999,0.28205128205128194,0.7142857142857144,0.125,0.4266666666666666,0.3864864864864865,0.0,24.1,0.6363636363636364,0.33333333333333337,0.5,0.863272921108742,0.6666666666666666,0.0,0.75,0.5079365079365079,0.7051507689591178,0.43701777660850505,0.2888961543670767,0.3872774048576204,0.5842600669299334,0.1556702333084679,0.5777555474487666,0.9189274651641511,0.6694615295346407,0.35921817958050073,0.8329973643259176,0.40112994350282494,0.1107225136282595,0.21750680998151734,0.5093587759808343,0.3087943761894041,0.3076923076923077
0.8292682926829269,1.0,0.3437152391546162,0.43999999999999995,0.8717948717948723,0.4693877551020411,0.666666666666667,0.54,0.4216216216216216,0.6666666666666666,20.2,0.5000000000000001,0.33333333333333337,0.5,0.310501066098081,1.0,0.6666666666666666,0.0,0.6666666666666665,0.3256620852678067,0.3220664652646215,0.22009021471673662,0.48408860588336144,0.43049961926418967,0.3960267624596919,0.25972443127524,0.32483020018358566,0.38924716921699626,0.10347303027542297,0.1903872360331716,0.33333333333333337,0.32744241623994275,0.14912883305213448,0.31142752427340015,0.23856886320280757,0.3076923076923077
0.5853658536585367,0.0,0.10233592880978859,0.0,0.3333333333333339,0.22448979591836737,0.541666666666667,0.4333333333333333,0.2533783783783784,0.3333333333333333,27.7,0.0,0.33333333333333337,0.5,0.25453091684434964,0.6666666666666666,0.3333333333333333,0.0,0.38095238095238093,0.3496566846130883,0.2771417982426861,0.19319983920222197,0.3329857505346886,0.1274756982803411,0.42328605370735867,0.17783425627674837,0.17914945438047725,0.25334471725327007,0.07289884155992131,0.11760457357494825,0.0847457627118644,0.23145964051516646,0.0659216827871162,0.32394247211435656,0.21112369750191784,0.3076923076923077
0.5609756097560976,0.0,0.24805339265850934,0.5800000000000001,0.5384615384615383,0.8571428571428572,0.9583333333333335,0.9933333333333334,0.7756756756756757,1.0,19.0,0.5454545454545455,0.9999999999999999,1.0,0.1897654584221748,0.6666666666666666,0.6666666666666666,0.0,0.3492063492063491,0.6469193120195275,0.818185860170101,0.898166908453911,0.7701524199056651,0.4857107926667348,0.7906153445327887,0.4940294270190326,0.2138264521317801,0.20298745005719593,0.12831835917717527,0.10665285352067316,0.11186440677966103,0.43093411489299505,0.005963583214850368,0.7892655850005162,0.8333904447652373,1.0
0.2926829268292683,1.0,0.26807563959955494,0.7400000000000002,0.5641025641025639,0.44897959183673475,0.7083333333333335,0.09333333333333332,0.13310810810810808,1.0,26.2,0.2727272727272728,0.0,0.0,0.16018123667377393,0.3333333333333333,0.6666666666666666,1.0,0.46031746031746024,0.3987337098068564,0.10619847932727619,0.0423778616884203,0.14170648084363602,0.6194370442760624,0.19229929694985887,0.37183852980056825,0.20471991309825244,0.10055703841244051,0.2265775152541864,0.09367283756087319,0.4576271186440678,0.2667495481250589,0.5083243340532757,0.10398447394048993,0.03243913706579591,0.0
0.14634146341463422,0.0,0.33036707452725245,0.5,0.1538461538461542,0.5306122448979593,0.41666666666666696,0.6066666666666667,0.4905405405405406,0.0,32.5,0.2272727272727273,0.33333333333333337,0.0,0.27825159914712155,0.0,0.6666666666666666,0.0,0.3174603174603172,0.6285063551853144,0.5293498418099568,0.3441629837035164,0.5494607109247215,0.4873572241435917,0.4612464662714742,0.4822882988647604,0.3007426156307458,0.0990401034499909,0.34877366835074886,0.16845874623954463,0.19774011299435024,0.20362204418494287,0.07987446110694126,0.1639061386203265,0.1616939544050531,0.07692307692307693
0.853658536585366,0.0,0.18798665183537255,0.18000000000000016,1.0,0.8979591836734695,0.625,0.6599999999999999,0.5385135135135135,0.3333333333333333,29.5,0.2272727272727273,0.33333333333333337,0.5,0.271588486140725,1.0,0.3333333333333333,0.0,0.7619047619047619,0.5238111334393599,0.5042245203692436,0.32912382207469953,0.5100788816633612,0.5090899354735066,0.637721747433333,0.4198758463844536,0.23080960557076613,0.3671106948059483,0.05732083561628719,0.14131899455392757,0.19774011299435024,0.3038178214859969,0.070560798089173,0.41477682245994363,0.3498520031236247,0.3076923076923077
0.4634146341463415,0.0,0.1446051167964404,0.41999999999999993,0.6153846153846159,0.7346938775510203,0.0,0.4199999999999999,0.3905405405405406,1.0,28.1,0.09090909090909094,0.6666666666666666,0.5,0.15485074626865664,0.3333333333333333,0.3333333333333333,1.0,0.7619047619047619,0.5992323514349892,0.38370350575322587,0.3608535292800212,0.3875403842785101,0.6153204040245122,0.533065412912196,0.5152482635075548,0.14790857369790922,0.15066977237686296,0.11445410899708307,0.07582378285401711,0.03389830508474573,0.2561037918324153,0.04439432456022989,0.45411453323952866,0.2762238732821526,0.46153846153846156
0.0,0.0,0.3637374860956618,0.10000000000000009,0.3076923076923075,0.10204081632653095,0.25,0.22666666666666663,0.15000000000000002,0.0,29.8,0.2272727272727273,0.33333333333333337,0.0,0.4781449893390192,0.0,0.6666666666666666,0.25,0.47619047619047605,0.31593836758441085,0.15410855250807337,0.11955632890179191,0.22019462515629812,0.21841950253018805,0.16994082375142322,0.1876095355776357,0.4231330045314884,0.09839354100697958,0.5294364571308636,0.3063175181593735,0.19774011299435024,0.1852423382172569,0.19758419326453885,0.08239254455510092,0.047073635041559474,0.07692307692307693
0.17073170731707316,1.0,0.4060066740823136,0.9199999999999999,0.5128205128205128,0.0,0.375,0.11333333333333334,0.0939189189189189,0.6666666666666666,23.2,0.36363636363636365,0.33333333333333337,0.0,0.20229211087420035,0.0,0.6666666666666666,0.0,0.5555555555555554,0.1849944457494308,0.059826604050648935,0.0631223658626813,0.16046004506218697,0.30748130881643587,0.11417807785477695,0.13519318524641633,0.28693804941446965,0.07894278751305561,0.37358439650390535,0.13367132185748365,0.2655367231638418,0.22490234004626916,0.326223454362457,0.0482441028938464,0.018274493394573904,0.07692307692307693
0.3658536585365854,1.0,0.8186874304783089,0.98,0.23076923076923084,0.10204081632653095,0.3333333333333335,0.5866666666666667,0.4364864864864865,0.6666666666666666,28.4,0.8636363636363636,0.0,0.0,0.43630063965884863,0.3333333333333333,0.0,0.5,0.39682539682539675,0.32860898493329715,0.3482312043197653,0.13895955860890338,0.6123617780838301,0.37929146710302586,0.2136808276807528,0.24554850235161668,0.5992834585305045,0.26504501069314806,0.434471394907957,0.3650559295685065,0.8983050847457625,0.22279469855885795,0.3583643743283147,0.08569687385337721,0.10636988249806964,0.0
0.3170731707317073,0.0,0.25027808676307006,0.2400000000000002,0.2051282051282053,1.0,1.0,0.7066666666666668,0.6858108108108107,0.3333333333333333,16.5,0.5454545454545455,0.6666666666666666,1.0,0.30623667377398717,0.3333333333333333,0.6666666666666666,0.0,0.12698412698412698,0.9162765596050667,0.7813134584007738,0.6781812289980226,0.6362729410170163,0.7827231612741263,0.7055417265360626,0.8323974435191042,0.27914680123424374,0.1785631393093387,0.20738632928924705,0.17171099562555742,0.2033898305084746,0.4287814313346232,0.06515478761699066,1.0,0.7996015740812926,0.7692307692307693
0.26829268292682934,1.0,0.6140155728587318,0.7200000000000002,0.3589743589743595,0.4285714285714288,0.08333333333333348,0.09333333333333332,0.1304054054054054,1.0,26.6,0.4545454545454545,0.0,0.0,0.4051172707889125,0.0,1.0,0.5,0.5714285714285712,0.5103872164190605,0.13502350807437802,0.05388031529366396,0.14131382069434223,0.6033963426062277,0.092250672817162,0.44654732136773606,0.49716887900549134,0.20341849168587012,0.4090505157447812,0.303429899761968,0.5932203389830508,0.1658424491653522,0.6229751619870411,0.13310223063656906,0.0412439623738037,0.0
0.5365853658536586,1.0,0.13014460511679637,0.6400000000000001,0.02564102564102555,0.8163265306122449,0.875,0.26666666666666666,0.3304054054054055,0.6666666666666666,21.4,0.6818181818181818,0.33333333333333337,0.0,0.08768656716417905,0.6666666666666666,0.3333333333333333,1.0,0.06349206349206327,0.8848752500660554,0.38144346508967275,0.25563126439087863,0.30690611238968524,0.8728801306594551,0.48271747458930453,0.8542818237662533,0.10314422319245747,0.13143453969727614,0.09217501461703369,0.04396717043378706,0.423728813559322,0.658930969849114,0.3140548756099512,0.23076375314655184,0.11651482135411284,0.07692307692307693
0.34146341463414637,1.0,0.7263626251390431,0.33999999999999986,0.6153846153846159,0.4693877551020411,0.916666666666667,0.046666666666666634,0.09797297297297297,0.0,26.9,0.6363636363636364,0.33333333333333337,0.0,0.6780383795309166,0.3333333333333333,0.0,0.25,0.41269841269841256,0.37239149424915485,0.07355405866241174,0.07133915262681068,0.09681772117667231,0.6315379244831312,0.05534126718282757,0.3567715047532895,0.7025369495494079,0.3734478356736683,0.4103029473936704,0.5648392422889745,0.40112994350282494,0.18570869634699463,0.5286061325620268,0.09711477278449429,0.022467649309199998,0.07692307692307693
0.6585365853658538,0.0,0.3470522803114572,0.3599999999999999,0.3076923076923075,0.48979591836734704,0.541666666666667,0.5800000000000001,0.39527027027027034,0.6666666666666666,34.1,0.045454545454545525,0.33333333333333337,0.0,0.3440831556503198,0.6666666666666666,0.6666666666666666,0.5,0.3650793650793649,0.5300385734573475,0.4560327817246249,0.3002778887655358,0.44757141390162425,0.2778988926635908,0.3727417005556801,0.33460395562774764,0.34489839776498976,0.34320446293870915,0.13830262506933722,0.21221849190321745,0.10734463276836159,0.10703496837850154,0.04923284969319243,0.13822704444986023,0.13929869812233514,0.07692307692307693
0.8048780487804879,0.0,0.4238042269187985,0.020000000000000018,0.8461538461538467,0.28571428571428603,1.0,0.27999999999999997,0.17027027027027025,0.6666666666666666,31.1,0.5000000000000001,0.33333333333333337,0.0,0.5844882729211087,1.0,0.6666666666666666,0.25,0.5238095238095237,0.18509471504602293,0.13326484979334718,0.10707999840749527,0.21346477838594569,0.16262575759163167,0.16549179272923908,0.09719325634294557,0.5064945066431532,0.5966072050266085,0.13020668441581684,0.4009976967864605,0.33333333333333337,0.27496613229579636,0.25202157740424247,0.048270251799248876,0.040706766762419806,0.07692307692307693
0.024390243902439046,0.0,0.11790878754171297,0.3599999999999999,0.8461538461538467,0.5102040816326534,0.5833333333333335,0.47333333333333333,0.3878378378378378,1.0,30.6,0.2727272727272728,0.33333333333333337,0.5,0.1495202558635394,0.0,0.3333333333333333,1.0,0.6825396825396823,0.3636976507177413,0.3055966621410908,0.21023195153972468,0.43388362357972565,0.47454045811796663,0.5604652878936447,0.29906899841897455,0.13276940710141127,0.013838923059069308,0.31040188360501425,0.0699390473849284,0.22033898305084748,0.4024242933922515,0.11865364820401149,0.33126586834647265,0.22850720875435893,0.3076923076923077
0.7560975609756098,1.0,0.335928809788654,0.7799999999999998,0.8717948717948723,0.14285714285714324,0.04166666666666696,0.1333333333333333,0.09256756756756757,1.0,29.6,0.5000000000000001,0.33333333333333337,0.0,0.19536247334754792,0.6666666666666666,0.6666666666666666,0.0,0.9047619047619047,0.22446198349267088,0.07977909713355019,0.07506524862657574,0.13516729804240463,0.22758561777009367,0.13310563041507983,0.13718488785557392,0.25428018816113096,0.27170957741341867,0.11448923601943066,0.12097074330804705,0.33333333333333337,0.33311841822480104,0.3606431485481161,0.05853671435111496,0.02436913488116193,0.07692307692307693
0.5365853658536586,0.0,0.2513904338153503,0.06000000000000005,0.9487179487179489,0.4693877551020411,0.9583333333333335,0.9533333333333334,0.7277027027027028,0.0,18.1,0.5454545454545455,0.9999999999999999,1.0,0.3843283582089551,0.6666666666666666,0.6666666666666666,0.5,0.603174603174603,0.27217536464288206,0.49764067982579085,0.5783878635097154,0.8503385239880175,0.4494720965309198,0.742495756961871,0.23024352214948446,0.31953822145874045,0.31595351381819986,0.13556061946239295,0.21888476679324687,0.11186440677966103,0.4277102477428758,0.009058591374866212,0.4960808007301919,0.5396515200601643,1.0
0.5121951219512195,0.0,0.2291434927697441,0.2999999999999998,0.0512820512820511,0.9591836734693877,0.541666666666667,0.27999999999999997,0.3141891891891892,0.3333333333333333,27.6,0.09090909090909094,0.33333333333333337,0.0,0.26492537313432835,0.3333333333333333,0.6666666666666666,0.0,0.20634920634920628,0.973835284105922,0.4259761000604393,0.28228698287244275,0.2663022902241111,0.7568291411872576,0.3805192060191316,0.863271175822879,0.247090644258676,0.2324557767867505,0.13378477960280882,0.1445457463837886,0.12994350282485873,0.19366298331960827,0.13238593086466127,0.2539633525630257,0.13011765501866907,0.07692307692307693
0.5853658536585367,1.0,0.40489432703003336,0.94,0.12820512820512864,0.7551020408163267,0.625,0.4266666666666666,0.3939189189189189,0.3333333333333333,22.9,0.5000000000000001,0.33333333333333337,0.5,0.19642857142857145,0.6666666666666666,0.6666666666666666,0.0,0.2222222222222221,0.7854150152870573,0.4739278060279043,0.31098924079673923,0.38706361035447656,0.6090246589816084,0.3389424764353106,0.6466990689774839,0.28263235526376884,0.2153964754057594,0.17600836115745494,0.13004540964588518,0.33333333333333337,0.2864643989184479,0.18532412143870602,0.5512224821354182,0.331343277285221,0.3076923076923077
0.5121951219512195,0.0,0.2591768631813125,0.41999999999999993,0.4615384615384617,0.10204081632653095,0.25,0.9199999999999999,0.5891891891891892,0.6666666666666666,18.5,0.5454545454545455,0.6666666666666666,1.0,0.24866737739872063,0.3333333333333333,0.6666666666666666,0.0,0.5714285714285712,0.27370236369272927,0.48236012319318544,0.43959018379714826,0.8213942699744485,0.21841950253018805,0.6079894335613331,0.1631555866121125,0.25211228840984246,0.2225956995308277,0.14480723390367634,0.14021226124441966,0.2033898305084746,0.4203067276577406,0.03813397055895108,0.49727546415342905,0.5256488316736622,0.7692307692307693
0.5121951219512195,0.0,0.31813125695216893,0.2799999999999998,0.0512820512820511,0.6938775510204085,0.125,0.5533333333333335,0.4871621621621622,0.0,32.4,0.0,0.33333333333333337,0.5,0.35154584221748403,0.3333333333333333,0.6666666666666666,0.5,0.3650793650793649,0.7949518948574613,0.5808469963802468,0.3749874264010651,0.5033770752379745,0.5903708104232035,0.4675749519820845,0.6445578011589186,0.3353543512989513,0.2849889752814204,0.16644390345723115,0.2116252198125103,0.0847457627118644,0.09762816428035628,0.044333295441627826,0.5561966660620425,0.39666184479718986,0.3076923076923077
1.0,1.0,0.9265850945494993,0.7599999999999998,0.4358974358974361,0.8367346938775513,0.7083333333333335,0.5333333333333334,0.4952702702702703,0.3333333333333333,23.0,0.5000000000000001,0.6666666666666666,0.5,0.601545842217484,1.0,0.0,0.25,0.38095238095238093,0.6909132086348712,0.5100998358704735,0.4617289133639228,0.47856972334737613,0.659662188463495,0.21555020666654362,0.6012107247319252,0.7463265496900139,0.7258202224837944,0.21912057928429007,0.5399311586447453,0.1864406779661017,0.08553464447236822,0.08984881209503241,0.501932841407959,0.3534413231601544,0.46153846153846156
0.12195121951219517,1.0,0.7452725250278085,0.8799999999999999,0.9743589743589745,0.0,0.9583333333333335,0.5666666666666667,0.3972972972972973,0.3333333333333333,23.5,0.6363636363636364,0.0,0.0,0.4293710021321961,0.0,0.0,0.5,0.6190476190476188,0.0,0.15873558111750807,0.06334247480981622,0.5930540202598625,0.308247431881264,0.2126468085593088,0.022287639691118744,0.5658811357117943,0.14365705664881712,0.6270795459952587,0.3463085828672444,0.7288135593220338,0.1789168278529977,0.30046662933631973,0.0,0.04848699628947576,0.0
0.34146341463414637,1.0,0.31479421579532807,0.8399999999999999,0.2051282051282053,0.9183673469387754,0.16666666666666696,0.6133333333333333,0.6662162162162162,0.6666666666666666,29.9,0.9090909090909091,0.0,0.0,0.16551172707889128,0.3333333333333333,0.6666666666666666,0.0,0.4444444444444442,0.8629230760061747,0.6683496798523162,0.2667009026089404,0.637811161650025,0.9440918090584973,0.619971790747384,0.8725199220577318,0.22712046908951988,0.11840381969197103,0.2262126516048753,0.10196625647333446,0.9322033898305084,0.5536502686124184,0.3585515975623359,0.22503891670728393,0.20415251715418486,0.0
0.878048780487805,0.0,0.08676307007786421,0.20000000000000018,0.28205128205128194,0.7142857142857144,0.20833333333333348,0.4599999999999999,0.3560810810810811,0.0,26.0,0.36363636363636365,0.6666666666666666,0.5,0.16924307036247338,1.0,0.3333333333333333,0.0,0.47619047619047605,0.7017754852615591,0.46056886752531767,0.422198845906819,0.35371166786405106,0.40443772357533336,0.5617013368653565,0.4945709737167349,0.12854742233577687,0.2904971899401515,0.027325107816240132,0.0747060243852688,0.13559322033898302,0.5051067067002248,0.08368271714733412,0.5075983173536441,0.32318209757937105,0.46153846153846156
0.7804878048780488,0.0,0.2046718576195773,0.5800000000000001,0.10256410256410309,0.22448979591836737,0.25,0.7333333333333334,0.4324324324324324,0.3333333333333333,17.0,0.5454545454545455,0.6666666666666666,1.0,0.1575159914712153,1.0,0.3333333333333333,1.0,0.3492063492063491,0.4597629562525952,0.510217491445033,0.4618228128565924,0.5668640621565469,0.1269875030121288,0.5147036166014275,0.23779296356274765,0.17613406327166814,0.25042689699762927,0.0723529676326402,0.08465312404455252,0.2033898305084746,0.47585848281709475,0.0611861051115911,0.6428418837653943,0.5511765697186437,0.7692307692307693
0.17073170731707316,0.0,0.3815350389321467,0.41999999999999993,0.0512820512820511,0.7551020408163267,0.5833333333333335,0.6199999999999999,0.5540540540540542,1.0,25.6,0.045454545454545525,0.33333333333333337,0.5,0.3488805970149253,0.0,0.6666666666666666,0.5,0.19047619047619024,0.8272551008853325,0.6534457452484439,0.4184425647106392,0.5615911897541601,0.629869108998403,0.47480900406098187,0.6871310996107822,0.3633978089759847,0.1359314643810408,0.35957363237035816,0.22157421888049866,0.10734463276836159,0.09248147116478547,0.043240177149464445,0.5730451632057956,0.44101353006159205,0.3076923076923077
0.09756097560975613,1.0,0.743047830923248,0.6400000000000001,0.2564102564102564,0.20408163265306145,0.0,0.3333333333333333,0.27837837837837837,1.0,28.2,0.36363636363636365,0.6666666666666666,0.5,0.5309168443496801,0.0,0.0,0.25,0.5396825396825395,0.4196580228739668,0.25137522741415813,0.2552439289836168,0.37049453636083574,0.44940560657581186,0.14959676134485783,0.32791014962252224,0.626892126951823,0.1666141680067641,0.6592997725330605,0.4333691761641584,0.13559322033898302,0.09250103231695342,0.11736501079913607,0.3604533170976596,0.19538250557305228,0.46153846153846156
0.9268292682926831,1.0,0.9510567296996661,0.6000000000000001,0.7435897435897436,0.22448979591836737,0.9583333333333335,0.5066666666666666,0.34729729729729736,0.6666666666666666,20.9,0.5454545454545455,0.6666666666666666,0.5,0.7038912579957355,1.0,0.0,0.25,0.47619047619047605,0.17902842260219687,0.230020740631611,0.23820117106409633,0.4556615441778521,0.27850848021401453,0.14245892436304392,0.1239979156082231,0.8178979918336159,0.7715645153268456,0.24320013449812705,0.6507135502758145,0.2033898305084746,0.09216518837608897,0.10295176385889131,0.23494728746755533,0.18233672322104727,0.46153846153846156
0.07317073170731708,0.0,0.16907675194660732,0.10000000000000009,0.07692307692307754,0.8367346938775513,0.125,0.5800000000000001,0.5405405405405406,0.6666666666666666,31.7,0.09090909090909094,0.6666666666666666,0.5,0.28411513859275056,0.0,0.3333333333333333,0.0,0.38095238095238093,0.8746667215696774,0.6464861778998326,0.570577205266447,0.5266829295141416,0.6806727156141914,0.6628175420109435,0.7476165439632101,0.22781223016539986,0.07265538221787496,0.304895260654372,0.14477034114496323,0.03389830508474573,0.23626061727356776,0.020221447977592427,0.5977738094891298,0.4367618240000675,0.46153846153846156
0.12195121951219517,0.0,0.3492769744160178,0.43999999999999995,0.10256410256410309,1.0,1.0,0.49999999999999994,0.5087837837837839,0.6666666666666666,25.6,0.0,0.0,0.0,0.3147654584221748,0.0,0.6666666666666666,0.0,0.06349206349206327,0.9811270901747634,0.6315498027095056,0.25201613392310157,0.45703499501979805,0.7825388988549444,0.46227563282691425,0.8830524494337366,0.329859223443842,0.10266665561431723,0.3806451570850409,0.19404610161557762,0.2542372881355932,0.08431805991255306,0.12653707703383732,0.25586495907257273,0.1929117134609301,0.0
0.7560975609756098,1.0,0.4193548387096774,0.2200000000000002,0.0,0.7755102040816326,0.0,0.35333333333333333,0.33986486486486484,0.6666666666666666,26.7,0.8636363636363636,0.33333333333333337,0.5,0.470682302771855,0.6666666666666666,0.6666666666666666,0.25,0.38095238095238093,0.8746667215696774,0.45207210649773366,0.29790716347801977,0.32439475833802234,0.6227074785970967,0.29167932994269624,0.7179585477841663,0.44662002435588255,0.48149836701536824,0.13885860777304948,0.31372920560663303,0.5141242937853107,0.43744352254990504,0.3100971339768547,0.5977738094891298,0.31799129640528456,0.3076923076923077
0.7073170731707319,1.0,0.5383759733036707,0.20000000000000018,0.666666666666667,0.12244897959183687,0.41666666666666696,0.9066666666666667,0.5790540540540541,0.3333333333333333,14.2,0.9090909090909091,0.9999999999999999,1.0,0.5919509594882728,0.6666666666666666,1.0,0.25,0.6349206349206349,0.21340407978387832,0.43053105158981375,0.5114386340725123,0.7990052722126004,0.21496988926785798,0.39785833209647153,0.12730223133463903,0.5675308627235609,0.5452800941660174,0.18584828715158752,0.43764284986435587,0.22033898305084743,0.37278897573015135,0.0444816027621016,0.4501004811191629,0.4781540736963821,1.0
0.8292682926829269,1.0,0.7208008898776417,0.98,0.6923076923076925,0.20408163265306145,0.7083333333333335,0.2866666666666667,0.19932432432432434,0.0,24.0,0.2272727272727273,0.0,0.0,0.376865671641791,1.0,0.0,0.5,0.5396825396825395,0.21512286264296243,0.1474662360472639,0.058845510731506366,0.2664407516807712,0.2646443202454114,0.11140975948701208,0.1418857346287382,0.5227816534377996,0.4429118519869361,0.20726780827525926,0.2993760300187693,0.423728813559322,0.05444652797259561,0.3009049598612756,0.05610119524465665,0.04504468871886717,0.0
0.9512195121951221,1.0,0.46941045606229137,0.3799999999999999,0.7179487179487181,0.7142857142857144,0.541666666666667,0.4333333333333333,0.3912162162162162,0.6666666666666666,25.2,0.8636363636363636,0.6666666666666666,0.5,0.43869936034115137,1.0,1.0,0.5,0.6190476190476188,0.5197599365870232,0.3560510389882439,0.3387844296218481,0.3924987417232867,0.5827526569789618,0.3054568845682032,0.4453585012626335,0.4531625416757862,0.5525539216498947,0.11599415160842604,0.30108600534418334,0.32203389830508466,0.4002597805983429,0.177581619557392,0.4126638254237831,0.25933055870215327,0.46153846153846156
0.3658536585365854,0.0,0.3136818687430478,0.5,0.4358974358974361,0.6122448979591839,0.875,0.23333333333333334,0.22635135135135137,0.6666666666666666,29.0,0.09090909090909094,0.0,0.0,0.26519189765458423,0.3333333333333333,0.6666666666666666,0.0,0.3174603174603172,0.5331625513040469,0.23205362916751382,0.09259959900980536,0.22636077535956117,0.5407432490252251,0.2523435318592987,0.4385650065655537,0.2859141813319326,0.17723685737495648,0.21543258923886482,0.15808033738463906,0.32203389830508466,0.1451386013375147,0.2732901367890569,0.1390417365237963,0.07088255435355326,0.0
0.2926829268292683,1.0,0.5717463848720801,0.98,0.28205128205128194,0.6530612244897962,0.41666666666666696,0.5800000000000001,0.568918918918919,0.3333333333333333,23.0,1.0,0.33333333333333337,0.5,0.28678038379530907,0.3333333333333333,1.0,0.0,0.39682539682539675,0.653784120435689,0.5244188372824026,0.3412114523467017,0.6055283043881744,0.7593541135859367,0.3748831778297936,0.61685962911183,0.4062902684102718,0.15961803080289794,0.37146155345336795,0.20974110227315368,0.5819209039548022,0.386582666367572,0.2366911377016846,0.48256729187289626,0.36218901997067915,0.3076923076923077
1.0,0.0,0.02335928809788651,0.2999999999999998,0.3076923076923075,0.24489795918367374,0.375,0.4799999999999999,0.28513513513513516,0.6666666666666666,33.0,0.31818181818181823,0.0,0.0,0.08368869936034112,1.0,0.3333333333333333,1.0,0.4285714285714284,0.389845506026137,0.32212162851675613,0.12854069009842878,0.3696186627524176,0.1395308057932947,0.5561734948088031,0.20384212356394132,0.05312274105702802,0.2506921533845057,0.0,0.030804099335176055,0.4915254237288136,0.5693591292722036,0.23720331881646195,0.10166654803735603,0.09839451304298116,0.0
0.7073170731707319,0.0,0.3192436040044494,0.52,0.02564102564102555,0.34693877551020424,0.666666666666667,0.5800000000000001,0.3662162162162162,0.6666666666666666,27.7,0.40909090909090906,0.33333333333333337,0.5,0.2627931769722814,0.6666666666666666,0.6666666666666666,0.0,0.1428571428571428,0.5361734082687185,0.4594231029482375,0.30230721957333573,0.44771206513801254,0.19734412807347046,0.3660959792234192,0.30691368932057733,0.28699822974847466,0.30470498516222083,0.11911423167990463,0.15751105015661973,0.2881355932203389,0.3004822920273994,0.12064553083928468,0.42122465776065754,0.3224821324876582,0.3076923076923077
0.43902439024390244,0.0,0.08008898776418238,0.48,0.9230769230769234,0.8163265306122449,0.125,0.6666666666666667,0.606081081081081,0.0,32.2,0.045454545454545525,0.6666666666666666,0.5,0.08715351812366734,0.3333333333333333,0.3333333333333333,1.0,0.9047619047619047,0.5374487362937143,0.5167790523339276,0.46705951533239326,0.6017251689832013,0.6675591492855677,0.873011040414308,0.4909951018706215,0.08099771838572711,0.10525705001740746,0.0951381497084089,0.03844904490779656,0.01694915254237289,0.2843982559092544,0.0042428605711543055,0.42188983509841005,0.35752175858112495,0.46153846153846156
0.39024390243902446,1.0,0.5784204671857618,0.52,0.384615384615385,0.4693877551020411,0.9583333333333335,0.15333333333333332,0.18310810810810813,1.0,22.1,0.9090909090909091,0.33333333333333337,0.0,0.4632196162046908,0.3333333333333333,1.0,0.5,0.25396825396825395,0.4479673876118221,0.1548803539850011,0.1200183029777959,0.1986885593249872,0.6324014469955181,0.13199801453598226,0.4121069226405842,0.51602452085988,0.29116862016943246,0.3172041825440429,0.3421291086791859,0.536723163841808,0.3487406441846769,0.49274962112620035,0.11682396546275126,0.047309387700695836,0.07692307692307693
0.43902439024390244,1.0,0.18020022246941048,0.8999999999999999,0.5897435897435903,0.16326530612244916,0.5833333333333335,0.39333333333333337,0.3135135135135135,0.6666666666666666,22.5,0.8636363636363636,0.6666666666666666,0.5,0.06556503198294239,0.3333333333333333,0.3333333333333333,1.0,0.5238095238095237,0.23362505459663208,0.2045226024794939,0.2178514150456009,0.42739894985774596,0.4203263162092117,0.4181565613791634,0.1965398461103584,0.11030496283248264,0.09317130589034961,0.13494145690598625,0.03927331292493086,0.32203389830508466,0.6972886279314675,0.1925086360063672,0.2634234454508563,0.16675952091685792,0.46153846153846156
0.6585365853658538,1.0,0.2046718576195773,0.43999999999999995,0.8717948717948723,0.6122448979591839,0.625,0.54,0.4527027027027027,0.3333333333333333,23.4,0.7272727272727274,0.6666666666666666,0.5,0.19776119402985065,0.6666666666666666,0.3333333333333333,0.0,0.6825396825396823,0.40846594844272166,0.3658226354347862,0.3465830226960574,0.4845683151212027,0.520621424065705,0.5345454380871704,0.3449509370108514,0.19910461867717455,0.24081135297335826,0.09301530665787143,0.10494383893456152,0.27118644067796616,0.5821752205823905,0.12345638303134225,0.3546158273474222,0.2653001763179418,0.46153846153846156
0.6097560975609757,1.0,0.47719688542825356,0.8999999999999999,0.5384615384615383,0.8163265306122449,0.8333333333333335,0.9333333333333333,0.8121621621621622,0.0,12.9,0.9090909090909091,0.9999999999999999,1.0,0.2526652452025587,0.6666666666666666,1.0,0.0,0.39682539682539675,0.6277701095954976,0.7603150843937837,0.8404344496845965,0.8221168657013935,0.6472972103341972,0.5922303282714753,0.5493707917938078,0.3471796953494226,0.26116149140403516,0.19334021098036452,0.17391112125849867,0.22033898305084743,0.4135625173532935,0.041574779280815446,0.7742840093915172,0.7803592326592727,1.0
0.878048780487805,0.0,0.2992213570634038,0.48,0.8974358974358978,0.18367346938775508,0.5,0.49333333333333335,0.28175675675675677,0.3333333333333333,29.5,0.2727272727272728,0.0,0.0,0.26066098081023453,1.0,0.6666666666666666,0.0,0.746031746031746,0.18445615794667292,0.226911714189586,0.090547748897369,0.3799050853629088,0.10458226487329458,0.30670853454258445,0.08159868793572461,0.27686372315645,0.36726404615461133,0.08363941651799768,0.15319101409394453,0.4576271186440678,0.24546582126965596,0.21707424696346878,0.04810372455958045,0.06931191712968457,0.0
0.6097560975609757,1.0,0.29254727474972186,0.7000000000000002,0.2564102564102564,0.020408163265306367,0.3333333333333335,0.4533333333333333,0.27297297297297296,0.0,27.5,0.7727272727272728,0.0,0.0,0.18789978678038383,0.6666666666666666,0.6666666666666666,0.0,0.41269841269841256,0.2692645227041106,0.24967657505645552,0.09963192911617696,0.4101477233601257,0.1520816854549385,0.30289691073544434,0.1411403048539152,0.2317035629674422,0.21785424161541145,0.13187649940084978,0.11137905036740947,0.8305084745762712,0.5074087364450319,0.40387548657124395,0.07022062357804337,0.0762656178476428,0.0
0.5365853658536586,1.0,0.5962180200222469,0.8599999999999999,0.7179487179487181,0.7551020408163267,0.41666666666666696,0.5866666666666667,0.6006756756756757,0.0,22.1,0.2272727272727273,0.33333333333333337,0.0,0.3414179104477611,0.6666666666666666,1.0,0.5,0.6666666666666665,0.551252335522591,0.47216970083768217,0.3099368989121347,0.6124030166679921,0.8312208011053333,0.38290530664698474,0.5658575613922412,0.450712124382025,0.2892620898887581,0.2589508717748827,0.2524014239332179,0.19774011299435024,0.0898923771264192,0.08364548227446152,0.14375931281443266,0.14422784338170308,0.07692307692307693
0.1951219512195122,0.0,0.26807563959955494,0.0,0.8717948717948723,0.28571428571428603,0.41666666666666696,0.9533333333333334,0.6689189189189189,0.6666666666666666,15.1,0.5454545454545455,0.9999999999999999,1.0,0.4309701492537313,0.0,0.6666666666666666,0.5,0.7619047619047619,0.2544496405978264,0.48384069207681213,0.5646208591271509,0.8502118189654451,0.33377957464278385,0.6701456636636051,0.1852076203246742,0.3509945318656128,0.17965317727415908,0.27891376123089834,0.25206074334749157,0.11186440677966103,0.4120435610461173,0.009058591374866212,0.48221289808208934,0.527005584913131,1.0
0.26829268292682934,1.0,0.5194660734149054,0.2400000000000002,0.3589743589743595,0.04081632653061229,0.20833333333333348,0.6799999999999999,0.4844594594594595,0.6666666666666666,13.9,0.9090909090909091,0.6666666666666666,1.0,0.5522388059701491,0.0,1.0,0.25,0.5238095238095237,0.2700228092595889,0.3615245740572128,0.3431527918351083,0.7012301543329899,0.33661414641318266,0.34542564545541354,0.19570436026625565,0.5375765101045076,0.2697657454533397,0.3623845693752078,0.4001315899103158,0.3389830508474576,0.3848393379424807,0.11760638096320718,0.49439672687096425,0.4149184059931949,0.7692307692307693
0.0,0.0,0.24471635150166848,0.18000000000000016,0.7692307692307692,0.8571428571428572,0.0,0.48666666666666664,0.46824324324324323,0.6666666666666666,33.2,0.31818181818181823,0.6666666666666666,0.5,0.3251599147121535,0.0,0.6666666666666666,0.0,0.8571428571428572,0.612161703091383,0.4361886039322028,0.40274125206892136,0.4454303895254912,0.6925982933555539,0.5115075898717886,0.5568036452511229,0.28629965844997296,0.05557121305061424,0.4347930377944021,0.1818005467323222,0.11864406779661019,0.3090097959693018,0.0704607046070461,0.46085814080174314,0.30828782192858667,0.46153846153846156
0.0,0.0,0.20133481646273632,0.2200000000000002,0.384615384615385,0.6122448979591839,0.875,0.9333333333333333,0.7581081081081082,1.0,15.3,0.5454545454545455,0.6666666666666666,1.0,0.2689232409381663,0.0,0.3333333333333333,0.0,0.2857142857142856,0.5538552999486078,0.703664750789261,0.6162107335203135,0.8329558016055669,0.5392335359268876,0.8383620881655094,0.45235556589423304,0.23601327634375235,0.039829904341915495,0.40029683822316836,0.1421691046281609,0.2033898305084746,0.47956401455504183,0.036747375999393775,0.7164559972984363,0.7284464007168239,0.7692307692307693
0.8048780487804879,0.0,0.2769744160177976,0.20000000000000018,0.23076923076923084,0.10204081632653095,0.20833333333333348,0.6599999999999999,0.36148648648648646,1.0,31.1,0.4545454545454545,0.6666666666666666,0.5,0.3472814498933902,1.0,0.6666666666666666,0.5,0.4444444444444442,0.3436697280513027,0.395952255152456,0.3706291081995091,0.5096953771994998,0.057797174400028295,0.38974701971008907,0.15226800842102445,0.3134394624991047,0.4084824018965831,0.08899855461126628,0.2011928583009608,0.1694915254237288,0.3561497676830594,0.06030121617116267,0.32081983405657405,0.28370682149691406,0.46153846153846156
0.7560975609756098,0.0,0.3259176863181311,0.2400000000000002,0.7948717948717947,0.04081632653061229,0.5,0.4266666666666666,0.21824324324324323,0.3333333333333333,28.8,0.18181818181818177,0.6666666666666666,0.5,0.3755330490405117,0.6666666666666666,0.6666666666666666,0.5,0.6825396825396823,0.12866408766159376,0.17191667194421517,0.1918290157947034,0.32784954263949784,0.0236797559420161,0.2399196804269374,0.03197894332707274,0.3517634136440698,0.4089963361461562,0.11156491140899631,0.22848046901289304,0.06779661016949151,0.1837942843745554,0.05927525797936169,0.20867858359148694,0.14684005961210336,0.46153846153846156
0.5853658536585367,0.0,0.030033370411568394,0.48,0.02564102564102555,0.20408163265306145,0.875,0.36000000000000004,0.20608108108108109,0.6666666666666666,32.9,0.045454545454545525,0.33333333333333337,0.0,0.04744136460554366,0.6666666666666666,0.3333333333333333,1.0,0.06349206349206327,0.4036160495225155,0.26017586439120793,0.1830446090700119,0.2753342375508623,0.11477189174048519,0.44099148212172296,0.20296460824235946,0.03625675282896301,0.11808882773255522,0.048258699009040076,0.017779662952851258,0.10734463276836159,0.33985024393116425,0.0945524358051356,0.10525772351644752,0.07947270600917739,0.07692307692307693
0.9512195121951221,0.0,0.1268075639599554,0.2599999999999998,0.5897435897435903,0.28571428571428603,0.9583333333333335,0.4666666666666666,0.28445945945945944,1.0,33.7,0.2272727272727273,0.6666666666666666,0.5,0.18736673773987206,1.0,0.3333333333333333,0.0,0.38095238095238093,0.2577799281456853,0.2506692939668012,0.2546805320275996,0.35927812507691503,0.16281173674142702,0.4350712583351059,0.1378667652947193,0.1572433992936414,0.3297758583530894,0.02996314377085542,0.08879631625421144,0.0847457627118644,0.3621988575213172,0.05927525797936169,0.2760219880737713,0.1949512400407546,0.46153846153846156
0.0,0.0,0.3047830923248054,0.20000000000000018,0.5641025641025639,0.8979591836734695,0.875,0.06666666666666665,0.12770270270270273,0.6666666666666666,33.5,0.40909090909090906,0.33333333333333337,0.0,0.37340085287846475,0.0,0.6666666666666666,0.5,0.39682539682539675,0.6667911258557847,0.15588341919736243,0.12061870364882973,0.08145624558287878,0.7188893946290396,0.17296307754624013,0.609262384378946,0.34047046252298296,0.06907442099504305,0.48255700643149485,0.22293973751041551,0.2881355932203389,0.3109413473072792,0.39558435325173985,0.173890300079937,0.04761578163510844,0.07692307692307693
0.3658536585365854,0.0,0.17352614015572854,0.2200000000000002,0.02564102564102555,0.5510204081632653,0.16666666666666696,0.8466666666666667,0.6743243243243244,1.0,18.9,0.5454545454545455,0.6666666666666666,1.0,0.2433368869936034,0.3333333333333333,0.3333333333333333,0.0,0.33333333333333326,0.7120117428303229,0.7590749756180813,0.6604329645502621,0.7578451709408189,0.500808352265814,0.7948158921515943,0.5448351617868452,0.20915017072996023,0.166021485767337,0.15464208370074672,0.12390125382917719,0.2033898305084746,0.5119985249711245,0.04632036216763678,0.8401913182071238,0.7792228305523967,0.7692307692307693
0.9268292682926831,1.0,0.9488320355951054,0.7200000000000002,0.9487179487179489,0.18367346938775508,0.5833333333333335,0.3333333333333333,0.22702702702702704,1.0,22.7,0.31818181818181823,0.33333333333333337,0.5,0.6369936034115138,1.0,0.0,0.25,0.746031746031746,0.16274521656876872,0.147741012679992,0.1157449364434543,0.3073094216326312,0.2543506742706185,0.08798938370600391,0.10806439163746279,0.7771286555968849,0.7133075813591072,0.24263151582387593,0.5807186799407332,0.24293785310734467,0.03075790250400992,0.17545476361891055,0.22645439824446556,0.1320707798729596,0.3076923076923077
0.09756097560975613,1.0,0.6907675194660732,0.7000000000000002,0.7692307692307692,0.7551020408163267,0.7083333333333335,0.6533333333333333,0.6587837837837838,0.0,28.1,0.40909090909090906,0.6666666666666666,0.5,0.466684434968017,0.0,0.0,0.5,0.5873015873015872,0.5135622571263648,0.49380310396990446,0.44872268851342806,0.6757336994881303,0.830567360849296,0.3744887258926282,0.5354498526179148,0.5664788454253343,0.14463933420646896,0.6252860372914942,0.36734444963906276,0.15254237288135591,0.12309204955129907,0.055143696612379126,0.4094312798801394,0.3434854005669895,0.46153846153846156
0.5121951219512195,1.0,0.24360400444938812,0.54,1.0,0.9387755102040818,0.791666666666667,0.5466666666666666,0.6094594594594596,0.6666666666666666,25.3,0.36363636363636365,0.33333333333333337,0.0,0.19829424307036253,0.3333333333333333,0.6666666666666666,0.0,0.6984126984126982,0.5344198322343495,0.43672619940365154,0.28872162618357,0.5738660566190609,0.957263943080163,0.6429253777082449,0.6013993433442559,0.21672040636846834,0.1920456240985428,0.1390918872291524,0.11053567302962108,0.2655367231638418,0.3349759236054899,0.11949589487386462,0.13936961874924508,0.13340135501394593,0.07692307692307693
0.6829268292682928,1.0,0.7652947719688541,0.2799999999999998,0.6410256410256414,1.0,0.541666666666667,0.5999999999999999,0.5864864864864865,0.6666666666666666,20.5,0.8636363636363636,0.33333333333333337,0.0,0.749733475479744,0.6666666666666666,0.0,0.75,0.5714285714285712,0.7115693412364418,0.5715334048097238,0.3694126277142347,0.5357081392552182,0.7610535247326058,0.30672923036667443,0.6623682553715973,0.7594114053320865,0.6438352757837498,0.2629658140661166,0.6461891343830949,0.5141242937853107,0.24329061895551304,0.20340772738180946,0.18556786597374375,0.17457924608475814,0.07692307692307693
0.04878048780487804,0.0,0.12347052280311455,0.16000000000000014,0.7179487179487181,1.0,0.5833333333333335,0.0,0.08040540540540542,1.0,29.6,0.045454545454545525,0.0,0.0,0.21721748400852875,0.0,0.3333333333333333,0.0,0.603174603174603,0.6796932360708795,0.10969039942145142,0.043771291309214956,0.02330653027843771,0.780485689041206,0.20998992949894812,0.6462441601279272,0.17122218591777816,0.04232497223097201,0.2931817159647992,0.1027378052051813,0.288135593220339,0.24423987554270274,0.49341972642188625,0.17725499965371705,0.03350577074337121,0.0
0.26829268292682934,1.0,0.4638487208008898,0.98,0.0512820512820511,0.12244897959183687,0.16666666666666696,0.6333333333333333,0.4743243243243243,0.6666666666666666,29.4,0.7727272727272728,0.0,0.0,0.22148187633262256,0.0,1.0,0.0,0.3492063492063491,0.4196580228739668,0.4260937556349986,0.17003013938601438,0.6567800815123359,0.39320783796701075,0.3661441509682103,0.3083860537631052,0.3219644150694494,0.12060461877683648,0.3349340126872234,0.15245532451989127,0.8305084745762712,0.3661908809178268,0.3112435143119585,0.10944125783745096,0.13015359381302716,0.0
0.6097560975609757,0.0,0.030033370411568394,0.31999999999999984,0.3333333333333339,0.28571428571428603,0.125,0.15333333333333332,0.09256756756756757,1.0,33.9,0.18181818181818177,0.0,0.0,0.0847547974413646,0.6666666666666666,0.3333333333333333,1.0,0.5396825396825395,0.43168950288755537,0.15008701397057644,0.05989131633111331,0.11424267856664705,0.16128823630885814,0.28902264608665645,0.23453101743587396,0.056716610706058934,0.14888343639649199,0.04449435522756377,0.03194413116899973,0.38983050847457623,0.44890582037425397,0.383857510577236,0.11257890857820363,0.045845225363194735,0.0
0.3658536585365854,1.0,0.46496106785317004,0.98,0.6153846153846159,0.34693877551020424,0.04166666666666696,0.7266666666666668,0.6047297297297298,0.6666666666666666,10.5,0.9090909090909091,0.6666666666666666,1.0,0.22228144989339021,0.3333333333333333,1.0,0.0,0.746031746031746,0.3907101010367614,0.4618840506389671,0.4232484776612138,0.7456113838084324,0.5481114085491863,0.4566966093874845,0.34199708151013813,0.3228337537636847,0.15521643263316698,0.2810477380736589,0.1530655481966383,0.3389830508474576,0.4223751850292964,0.10830831646675813,0.5888176717629623,0.5068851131619734,0.7692307692307693
0.878048780487805,1.0,0.1624026696329255,0.52,0.0,0.34693877551020424,0.25,0.52,0.38175675675675674,0.0,27.4,0.818181818181818,0.6666666666666666,0.5,0.14152452025586348,1.0,0.3333333333333333,1.0,0.2857142857142856,0.5816202538261198,0.44371494053248506,0.40874793038461255,0.46712193575959793,0.3547654667237854,0.5050540470070791,0.39677469781473257,0.14840292053513493,0.2672209419917439,0.04737418107131612,0.07179300262114463,0.30508474576271183,0.6963780899951109,0.14287482001439888,0.4449285293486914,0.31288577598831424,0.46153846153846156
0.5121951219512195,1.0,0.7530589543937707,0.7599999999999998,0.0512820512820511,0.8163265306122449,0.375,0.14666666666666667,0.22364864864864864,0.6666666666666666,28.1,0.9545454545454545,0.0,0.0,0.48374200426439223,0.3333333333333333,0.0,0.25,0.26984126984126977,0.87288270688099,0.27429407642349385,0.10945539433578585,0.19273598753239218,0.8743059708078849,0.11838610793749764,0.8452340125670643,0.6027746857334177,0.36516271821482443,0.32606537129572066,0.3940263050175219,0.9661016949152543,0.27706987494814184,0.8236141108711303,0.22763625661531628,0.08378522176402081,0.0
0.6829268292682928,0.0,0.18798665183537255,0.20000000000000018,0.6410256410256414,0.4693877551020411,0.625,0.25333333333333335,0.17770270270270272,0.0,27.7,0.045454545454545525,0.33333333333333337,0.0,0.2641257995735607,0.6666666666666666,0.3333333333333333,0.0,0.5396825396825395,0.3955950628467899,0.19624182517558186,0.14477587083254317,0.19222056960128464,0.26508336193334436,0.27522666358694614,0.24953599853617364,0.22694026242269405,0.29646545864487145,0.08333175810487632,0.13728851781579518,0.10734463276836159,0.19469835776906838,0.12876060824224972,0.10316595635594578,0.05994356515496382,0.07692307692307693
0.3170731707317073,1.0,0.4315906562847608,0.41999999999999993,0.4358974358974361,0.020408163265306367,0.375,0.6599999999999999,0.46554054054054056,0.3333333333333333,24.7,0.4545454545454545,0.6666666666666666,0.5,0.38992537313432835,0.3333333333333333,0.6666666666666666,0.5,0.5079365079365079,0.21573463281314487,0.31905809230121446,0.30926080577938514,0.682464790704647,0.32306085838978293,0.37725787551770057,0.15824530769881873,0.4089237037530431,0.21890697790082725,0.2911016721693129,0.258629489091295,0.1694915254237288,0.2506774735147119,0.06030121617116267,0.25409227503824927,0.23673100218025467,0.46153846153846156
0.6585365853658538,0.0,0.09121245828698554,0.2799999999999998,0.2051282051282053,0.795918367346939,0.7083333333333335,0.49999999999999994,0.39932432432432435,0.6666666666666666,32.1,0.4545454545454545,0.6666666666666666,0.5,0.14925373134328362,0.6666666666666666,0.3333333333333333,1.0,0.23809523809523792,0.7722637737672534,0.5262349582786269,0.4746061596309102,0.3846737732669242,0.4499189090292466,0.6074222803491207,0.5617047361851084,0.12016121940153957,0.20686682471526385,0.05692697479873467,0.06634699649652764,0.1694915254237288,0.563316131207011,0.08984881209503241,0.5443631426942481,0.36329851604440405,0.46153846153846156
0.09756097560975613,0.0,0.11902113459399333,0.18000000000000016,0.9487179487179489,0.38775510204081653,0.666666666666667,0.5133333333333334,0.39189189189189194,0.6666666666666666,29.4,0.13636363636363635,0.33333333333333337,0.5,0.2060234541577825,0.0,0.3333333333333333,0.0,0.714285714285714,0.2616874455963164,0.27527861893410865,0.1920846035292662,0.46905867292828285,0.39878266776266313,0.5637159160781431,0.20857637793057965,0.16335110991369117,0.05546345264344571,0.2533060391177717,0.09663358042603218,0.15254237288135591,0.30930607853684733,0.07973787293866884,0.27806004573743853,0.209985452785949,0.3076923076923077
0.7073170731707319,1.0,0.518353726362625,0.98,0.5641025641025639,0.6734693877551021,0.8333333333333335,0.9866666666666666,0.8087837837837839,0.6666666666666666,10.6,0.9090909090909091,0.6666666666666666,1.0,0.25453091684434964,0.6666666666666666,1.0,0.0,0.41269841269841256,0.5270819515667214,0.71767263279085,0.6273902549178213,0.8680937898962204,0.558676810678203,0.5600404221070728,0.4412628095462821,0.36456201108697817,0.29866625772973693,0.17975075924046924,0.1806186940384057,0.3389830508474576,0.38556291627393724,0.06853997134774674,0.6955095926280275,0.7412828445283404,0.7692307692307693
0.09756097560975613,1.0,0.6262513904338152,0.2599999999999998,0.5128205128205128,0.8571428571428572,0.5,0.5666666666666667,0.6081081081081081,0.0,27.1,0.40909090909090906,0.6666666666666666,0.5,0.6377931769722813,0.0,1.0,0.25,0.5079365079365079,0.680679962151819,0.529411303396475,0.4771411622963257,0.5931610714786693,0.9013969336280505,0.3735258630830876,0.7004139868164678,0.6337850046225787,0.20317810308526335,0.5833116406104126,0.500513129724771,0.15254237288135591,0.1450676982591881,0.06946644268458525,0.49659545093370505,0.36523899382334885,0.46153846153846156
0.26829268292682934,1.0,0.453837597330367,0.96,0.0,0.5102040816326534,0.0,0.7666666666666666,0.6844594594594595,0.6666666666666666,14.6,0.9090909090909091,0.9999999999999999,1.0,0.2209488272921108,0.0,1.0,0.0,0.38095238095238093,0.704038459558786,0.6930248404168384,0.7733050361963132,0.7839189605494445,0.6613373013651467,0.5201060927485357,0.6116543289800926,0.31768797118972636,0.12036423017622969,0.3299929124833862,0.15086492591527215,0.22033898305084743,0.43059492119424725,0.06205467198987717,0.8339533379748715,0.7186962749205266,1.0
0.3658536585365854,0.0,0.20022246941045596,0.06000000000000005,0.5128205128205128,0.12244897959183687,0.0,0.8933333333333333,0.5783783783783785,0.6666666666666666,18.3,0.5454545454545455,0.9999999999999999,1.0,0.33208955223880593,0.3333333333333333,0.3333333333333333,0.0,0.6984126984126982,0.30119421966324933,0.48958975409611083,0.5703561803067786,0.7980876903371148,0.2309730951413631,0.6628513223567014,0.18289747656160804,0.26752563056312095,0.21156683632023077,0.1662212276127692,0.1772966256087724,0.11186440677966103,0.4808077102647901,0.014079569286630997,0.518784000631022,0.5322738696953191,1.0
0.6097560975609757,1.0,0.6218020022246942,0.7000000000000002,0.666666666666667,0.7551020408163267,0.5833333333333335,0.52,0.4675675675675676,1.0,27.7,0.8636363636363636,0.0,0.0,0.4184434968017057,0.6666666666666666,1.0,0.5,0.5714285714285712,0.5577241869643267,0.4313766838107108,0.17213825996324275,0.4673315688125589,0.6094116057324157,0.29176278629149444,0.4829219797788558,0.5085010032119563,0.3720137933321175,0.24147444294022552,0.3152442057586592,0.8983050847457625,0.30853988378448716,0.39367350611951046,0.14544708601002188,0.13176730459576402,0.0
0.6097560975609757,0.0,0.2391546162402669,0.16000000000000014,0.12820512820512864,0.5918367346938775,0.0,0.9066666666666667,0.6378378378378378,0.3333333333333333,16.8,0.5454545454545455,0.9999999999999999,1.0,0.3283582089552239,0.6666666666666666,0.6666666666666666,0.0,0.46031746031746024,0.7000438179732468,0.7956529846022105,0.8756878887375433,0.702209621750303,0.33501643079694543,0.6741942210350385,0.46230818581943983,0.2850945505753314,0.3117757257248959,0.11410385990797807,0.1825970682592143,0.11186440677966103,0.43968486106524474,0.012921804965280226,0.8308280890157029,0.8127419276584885,1.0
0.48780487804878053,0.0,0.006674082313681828,0.5800000000000001,0.8974358974358978,0.8367346938775513,0.20833333333333348,0.08000000000000002,0.1324324324324324,0.0,26.8,0.5454545454545455,0.0,0.0,0.009328358208955223,0.3333333333333333,0.3333333333333333,1.0,0.8571428571428572,0.5502855201643563,0.1365047283838849,0.054471387310928134,0.09294596645852427,0.6799777570299561,0.36574008291511406,0.5054084027937409,0.004102134628080456,0.0721911835408412,0.05649868190257361,0.002014462454943952,0.6610169491525424,0.7904879419919774,0.7052648691330501,0.14350718016562214,0.041696412436639886,0.0
0.9268292682926831,1.0,0.47274749721913223,0.7400000000000002,0.6923076923076925,0.08163265306122458,1.0,0.6733333333333333,0.4216216216216216,1.0,13.2,0.9090909090909091,0.9999999999999999,1.0,0.30037313432835816,1.0,1.0,0.0,0.4285714285714284,0.09597926852609928,0.25223421722841993,0.3335679471777124,0.5989280242337371,0.1899499128115405,0.32501820826699696,0.05369213342487811,0.3749429378475525,0.4201661168122813,0.1209471195341396,0.20454687013562772,0.22033898305084743,0.41673993318093894,0.07648553678619617,0.3582319714404896,0.31476768196408783,1.0
0.853658536585366,1.0,0.7241379310344827,0.6800000000000002,0.4102564102564106,0.20408163265306145,0.5,0.12666666666666665,0.0952702702702703,0.0,23.3,0.6363636363636364,0.33333333333333337,0.0,0.4989339019189765,1.0,0.0,0.25,0.4444444444444442,0.31834029644374784,0.10281339113749019,0.08885279245356156,0.12948106928137004,0.2658441857279612,0.0541839389039281,0.20374205018930674,0.5998740418825664,0.5544853197168387,0.20211475311992694,0.40140573890178,0.40112994350282494,0.18652218482167685,0.4203976725340235,0.08301893581006059,0.03140513600981213,0.07692307692307693
0.7804878048780488,0.0,0.20133481646273632,0.16000000000000014,1.0,0.0,0.0,0.9533333333333334,0.49932432432432433,1.0,19.3,0.5454545454545455,0.9999999999999999,1.0,0.29184434968017053,1.0,0.3333333333333333,0.0,1.0,0.13542440107643983,0.39117610793687396,0.472177752715158,0.738536626618101,0.0,0.583740177932631,0.02962048192098704,0.24786704674497761,0.3548715993302276,0.07139768825989833,0.15479896030207732,0.11186440677966103,0.47956401455504183,0.009058591374866212,0.3890922768790257,0.4420902688435804,1.0
0.7073170731707319,0.0,0.23359288097886532,0.52,0.0512820512820511,0.6734693877551021,0.16666666666666696,0.6933333333333334,0.5114864864864865,0.3333333333333333,15.6,0.5454545454545455,0.9999999999999999,1.0,0.19642857142857145,0.6666666666666666,0.6666666666666666,0.0,0.3492063492063491,0.7806024232816217,0.6852595724959121,0.7655583280510767,0.5356052985437995,0.3809097272376072,0.5622047203877879,0.5342638106968574,0.2113114296816152,0.25620036804323676,0.09303036228234333,0.10822250072657924,0.11186440677966103,0.4452706344928181,0.03505465017344066,0.8938539430256032,0.7115803936376145,1.0
0.878048780487805,0.0,0.27252502780867627,0.06000000000000005,0.28205128205128194,0.0,0.3333333333333335,0.8266666666666667,0.43040540540540545,1.0,17.2,0.5454545454545455,0.6666666666666666,1.0,0.4059168443496802,1.0,0.6666666666666666,0.5,0.4285714285714284,0.24930078374351017,0.41911875834319323,0.3891180145235992,0.6402636077535955,0.0008559626404722742,0.4539220161586675,0.08682001295307912,0.34102168291562673,0.4892405378073244,0.07656327301620615,0.2369920302212829,0.2033898305084746,0.4079888444064588,0.04873265311188903,0.4781846369276689,0.46769615714595836,0.7692307692307693
0.5365853658536586,1.0,0.20244716351501668,0.96,0.9743589743589745,0.36734693877551017,1.0,0.6199999999999999,0.5283783783783784,0.0,24.0,0.4545454545454545,0.33333333333333337,0.5,0.06743070362473347,0.6666666666666666,0.3333333333333333,1.0,0.603174603174603,0.2023151581123681,0.2929569846681503,0.2026662711204627,0.6436147763423254,0.5616680837168668,0.6110875941210032,0.21414662625159636,0.12022515081327378,0.11883486132064525,0.11804716429545896,0.04210494435178523,0.3107344632768362,0.4249835490239091,0.12020856513297119,0.24709303227046864,0.2207854366045225,0.3076923076923077
0.21951219512195125,0.0,0.32814238042269184,0.52,0.28205128205128194,0.020408163265306367,0.666666666666667,0.2933333333333333,0.17972972972972973,0.6666666666666666,34.4,0.2272727272727273,0.33333333333333337,0.0,0.2697228144989339,0.0,0.6666666666666666,0.0,0.3015873015873014,0.21340407978387832,0.14987208244776506,0.11702052222075265,0.2782889328564627,0.16790835684645256,0.20723722513825393,0.11445579782038634,0.29486179339178464,0.12375868300203918,0.296218560884318,0.16298161539632605,0.19774011299435024,0.20490377523899553,0.1666079479599079,0.05565295942454915,0.04577957288707262,0.07692307692307693
0.09756097560975613,1.0,0.2469410456062291,0.6800000000000002,0.02564102564102555,0.40816326530612246,0.625,0.006666666666666654,0.0608108108108108,0.6666666666666666,21.5,0.36363636363636365,0.33333333333333337,0.0,0.1612473347547974,0.0,0.6666666666666666,1.0,0.1587301587301586,0.5850908730608088,0.0951598766611497,0.08427165937195008,0.05915900600857921,0.5920734943686972,0.1350570521673058,0.4955701577233032,0.19652451109147784,0.04014489630133128,0.3365311359854335,0.09170191464436425,0.2655367231638418,0.3321941450490391,0.4579304243895782,0.15258395552279935,0.02906731152582919,0.07692307692307693
0.853658536585366,0.0,0.3114571746384871,0.3999999999999999,0.5384615384615383,0.38775510204081653,0.29166666666666696,0.37333333333333335,0.24324324324324326,0.3333333333333333,25.1,0.40909090909090906,0.6666666666666666,0.5,0.29877398720682297,1.0,0.6666666666666666,0.0,0.603174603174603,0.4118957777039097,0.27135200537202486,0.271187154134136,0.28607040250770577,0.21963012152413763,0.26760679969897666,0.24358449037484214,0.3037083024905084,0.38951657023491765,0.09066549296671046,0.17778791544142603,0.15254237288135591,0.30606439868016855,0.11407691158292242,0.3564047354966886,0.2075866245475086,0.46153846153846156
0.8048780487804879,0.0,0.18131256952169073,0.0,0.5641025641025639,0.44897959183673475,0.666666666666667,0.6199999999999999,0.41283783783783784,0.0,27.4,0.40909090909090906,0.33333333333333337,0.0,0.3384861407249466,1.0,0.3333333333333333,0.5,0.47619047619047605,0.40306287802763785,0.40875578674258584,0.2719794898559986,0.478782121356521,0.25476346994995414,0.5180716747541584,0.2504620250804666,0.2610353637861459,0.40150698784794175,0.06215083367799838,0.17721905242017438,0.2881355932203389,0.41991472870880264,0.11165652202369263,0.10511346371227498,0.12485757872028536,0.07692307692307693
0.7317073170731709,1.0,0.6062291434927696,0.3999999999999999,0.7435897435897436,0.40816326530612246,0.5833333333333335,0.34,0.2682432432432433,0.0,28.2,0.9090909090909091,0.33333333333333337,0.5,0.5431769722814499,0.6666666666666666,1.0,0.25,0.6190476190476188,0.3349564035783038,0.22074901073402503,0.15944503737636317,0.3126868782052443,0.3931202137858165,0.1771231945088076,0.2539736908736964,0.5733822791993181,0.5231850660654187,0.19984296058648038,0.41343466196572654,0.536723163841808,0.33311841822480104,0.3301993266281272,0.3162751946678629,0.17667248171984945,0.3076923076923077
0.21951219512195125,0.0,0.20022246941045596,0.5800000000000001,0.10256410256410309,0.4693877551020411,0.9583333333333335,0.5933333333333333,0.4668918918918919,0.0,27.1,0.0,0.0,0.0,0.15405117270788915,0.0,0.3333333333333333,1.0,0.0793650793650793,0.5677377768873638,0.4858265857959698,0.1938661644482808,0.5382580198193702,0.4496825683312624,0.5529686833701394,0.426102852724455,0.17226817723473353,0.07519189641738097,0.22840551899214928,0.08242551626472033,0.2542372881355932,0.1596578403254851,0.10436575145930775,0.14805849772363694,0.14839944325639084,0.0
0.43902439024390244,1.0,0.48943270300333697,0.8799999999999999,0.2051282051282053,0.06122448979591866,0.0,0.8666666666666667,0.6182432432432432,0.3333333333333333,11.2,0.9090909090909091,0.9999999999999999,1.0,0.26652452025586354,0.3333333333333333,1.0,0.0,0.5079365079365079,0.3503240702532874,0.5116433174757116,0.592357033439463,0.8794839167064088,0.3510226363341571,0.45107750903714555,0.2502684511878522,0.36077993965432587,0.20567317097431986,0.2578894502496139,0.18457152354665957,0.22033898305084743,0.4049806576402315,0.04908407327413804,0.557221244907569,0.5524831580898,1.0
0.7560975609756098,1.0,0.23359288097886532,0.7400000000000002,0.5128205128205128,0.22448979591836737,0.4583333333333335,0.4266666666666666,0.2945945945945946,0.6666666666666666,21.3,0.6818181818181818,0.6666666666666666,0.5,0.13646055437100213,0.6666666666666666,0.6666666666666666,1.0,0.5238095238095237,0.3064205639225457,0.2536591297438423,0.25706668384131953,0.38682189019104085,0.2780796561092236,0.3589464021908864,0.20038740449906106,0.17604103392853332,0.226827367827716,0.08459614000165828,0.07769877771626471,0.2542372881355932,0.52160953800298,0.14777765147209276,0.30139165609525764,0.19677777641283892,0.46153846153846156
0.0,0.0,0.2758620689655171,0.06000000000000005,0.2564102564102564,0.4285714285714288,0.16666666666666696,0.9866666666666666,0.7385135135135135,1.0,18.6,0.5454545454545455,0.9999999999999999,1.0,0.40938166311300633,0.0,0.6666666666666666,0.5,0.47619047619047605,0.5399728230098518,0.7279685460610066,0.8081652228498777,0.8792839248082749,0.42387010573575123,0.7231243957880884,0.397621094609475,0.3444138084088193,0.07914587443425788,0.4595595400506724,0.2399244823018109,0.11186440677966103,0.4049806576402315,0.0064663917795667325,0.7055948985804466,0.7507177406936297,1.0
0.09756097560975613,1.0,0.06340378197997776,0.54,0.10256410256410309,0.38775510204081653,0.9583333333333335,0.36000000000000004,0.3324324324324324,0.3333333333333333,20.7,0.40909090909090906,0.33333333333333337,0.0,0.06050106609808098,0.0,0.3333333333333333,1.0,0.0793650793650793,0.5042750251673366,0.30240413089453066,0.2083210110753267,0.3958633647600521,0.576250539780353,0.5629390701607508,0.4318991142447494,0.05838288758453031,0.005678144531573837,0.21712121439270154,0.026028988253157803,0.2881355932203389,0.5733930392899621,0.18862491000719944,0.13150825205812866,0.092371652715662,0.07692307692307693
0.07317073170731708,1.0,0.45494994438264735,0.7999999999999998,0.8717948717948723,0.34693877551020424,0.20833333333333348,0.8666666666666667,0.7114864864864865,1.0,11.7,0.9090909090909091,0.6666666666666666,1.0,0.2689232409381663,0.0,1.0,0.0,0.841269841269841,0.30886453785674906,0.48154000319988577,0.4389356559382915,0.8789487559045412,0.5477885768174664,0.5384263250502037,0.2847708894969592,0.3483236793720256,0.06769425885707656,0.4997419263644172,0.18128126414595308,0.3389830508474576,0.4297638032482727,0.08475321974242063,0.5247849530162136,0.5248972959160438,0.7692307692307693
0.3658536585365854,0.0,0.26807563959955494,0.2599999999999998,0.666666666666667,0.0,1.0,0.72,0.4358108108108108,0.6666666666666666,16.4,0.5454545454545455,0.9999999999999999,1.0,0.3147654584221748,0.3333333333333333,0.6666666666666666,0.0,0.41269841269841256,0.05011970817089151,0.24104464776935447,0.3224051219213375,0.6479712955076744,0.15425669585084822,0.462255378018911,0.019971893050173495,0.29203356382988854,0.20267660272882504,0.19565155172249304,0.17986226286690793,0.11186440677966103,0.4120435610461173,0.03179775997667021,0.3223532723885209,0.30451386346247095,1.0
0.5609756097560976,1.0,0.30033370411568405,0.54,0.02564102564102555,0.5918367346938775,0.0,0.4799999999999999,0.40337837837837837,0.3333333333333333,25.6,0.5000000000000001,0.33333333333333337,0.5,0.2417377398720682,0.6666666666666666,0.6666666666666666,0.0,0.39682539682539675,0.7448331583763587,0.49682065534721875,0.3246921206532107,0.43295784483768274,0.5076780572321302,0.40985785242228595,0.5703765761617596,0.2665674030226711,0.23612377526152623,0.14656963174582044,0.1424296821878606,0.33333333333333337,0.360576229105921,0.16703450609197168,0.5300560598410439,0.34532886882287905,0.3076923076923077
0.3658536585365854,1.0,0.739710789766407,0.20000000000000018,0.5897435897435903,0.6530612244897962,1.0,0.5999999999999999,0.5858108108108109,0.6666666666666666,27.3,0.818181818181818,0.6666666666666666,0.5,0.7803837953091683,0.3333333333333333,0.0,0.75,0.3650793650793649,0.49030157524733065,0.44657554028881785,0.41103094049149375,0.62454398141304,0.7592203016846248,0.31534454542002727,0.49023632071511797,0.7632353028964399,0.4416187271009134,0.400216427501557,0.669171578127468,0.30508474576271183,0.2391914348761814,0.12260619150467965,0.39729912396154354,0.31463336010013737,0.46153846153846156
0.024390243902439046,1.0,0.6129032258064515,0.7000000000000002,0.7692307692307692,0.4693877551020411,0.0,0.47333333333333333,0.4385135135135136,1.0,25.3,0.36363636363636365,0.6666666666666666,0.5,0.41231343283582084,0.0,1.0,0.5,0.8571428571428572,0.4162204571557987,0.3312326880509693,0.3189772035670703,0.5043010737699319,0.633621796992363,0.2776693085790545,0.38940463544875076,0.5010199913134559,0.09148444105505729,0.6832960247191595,0.3088082035238939,0.13559322033898302,0.133627028049473,0.08075254806061798,0.3586603738172295,0.24416864879720612,0.46153846153846156
0.6585365853658538,0.0,0.2836484983314793,0.14000000000000012,0.8205128205128212,0.26530612244897966,0.375,0.10666666666666669,0.06216216216216214,0.0,34.3,0.36363636363636365,0.0,0.0,0.3797974413646055,0.6666666666666666,0.6666666666666666,0.5,0.746031746031746,0.26044445276933703,0.07697781929531078,0.030717533808744805,0.07797909321261759,0.1503680409005852,0.12394090476121404,0.1357479499402242,0.3334596197142421,0.36819658813972383,0.11813561608923133,0.2227629438554365,0.5254237288135593,0.30327638903243803,0.5456727098195779,0.06792046608012323,0.023513463158462554,0.0
0.7560975609756098,1.0,0.7308120133481646,0.2799999999999998,0.9743589743589745,0.7142857142857144,0.375,0.4666666666666666,0.4175675675675676,0.0,29.5,0.7272727272727274,0.33333333333333337,0.5,0.7190831556503197,0.6666666666666666,0.0,0.25,0.841269841269841,0.4542809869418475,0.3457874776757794,0.2342888047921855,0.4215890471177133,0.5841475006024257,0.2275653656986184,0.3993385007746631,0.7267104882300287,0.6707753775758882,0.2298375956532261,0.6057075760188085,0.4463276836158192,0.21346133083486943,0.22233421326293906,0.37851173862717113,0.2530603922307069,0.3076923076923077
0.6341463414634148,0.0,0.08898776418242482,0.52,0.7435897435897436,0.08163265306122458,0.08333333333333348,0.25333333333333335,0.127027027027027,1.0,28.6,0.5000000000000001,0.0,0.0,0.0847547974413646,0.6666666666666666,0.3333333333333333,1.0,0.8095238095238093,0.21591325184093535,0.132458934727273,0.05285693779069147,0.19240965397828813,0.04634652098104941,0.2861148098515112,0.08256986874011807,0.08352852047782694,0.15530761451615577,0.06007907508589634,0.038402300095056574,0.6271186440677966,0.5990087040618948,0.44839321945153476,0.05630731828601998,0.040460593846786956,0.0
0.4634146341463415,0.0,0.32814238042269184,0.0,0.9230769230769234,0.20408163265306145,0.666666666666667,0.12666666666666665,0.09797297297297297,0.0,32.8,0.40909090909090906,0.0,0.0,0.4949360341151386,0.3333333333333333,0.6666666666666666,0.25,0.6984126984126982,0.16792244105119203,0.06094696486098222,0.02432051818037987,0.13303846362940652,0.2807225177115762,0.1399901041085881,0.11789488047821345,0.41327395592062866,0.34634609327077703,0.18545460291708588,0.3095288127590351,0.559322033898305,0.2942404297065251,0.544464268945441,0.04379195003093486,0.018616716165745097,0.0
0.5609756097560976,1.0,0.29032258064516114,0.3799999999999999,0.6923076923076925,0.4693877551020411,0.75,0.18,0.1635135135135135,1.0,27.4,0.8636363636363636,0.0,0.0,0.2883795309168444,0.6666666666666666,0.6666666666666666,0.0,0.5238095238095237,0.36708348836080695,0.14574474466626436,0.05815855999450965,0.17524209657656553,0.4309067194552749,0.20947876781295283,0.28701123895598885,0.28835341490298005,0.26586150300900213,0.14307470721139903,0.16807249275042702,0.8983050847457625,0.5566415108694688,0.7164081418941031,0.0957305151047505,0.04451884602112257,0.0
0.26829268292682934,1.0,0.3114571746384871,0.3999999999999999,0.7692307692307692,0.6122448979591839,0.41666666666666696,0.17333333333333328,0.2189189189189189,0.3333333333333333,28.9,0.6363636363636364,0.0,0.0,0.29877398720682297,0.0,0.6666666666666666,0.0,0.6984126984126982,0.4566779613773161,0.16954125009362775,0.0676544117435802,0.21788231883007442,0.7317219559649075,0.247158051908964,0.4542846198839771,0.3037083024905084,0.15546096586481872,0.25971948736214623,0.17778791544142603,0.7288135593220338,0.42019854363408826,0.6063809632071538,0.1190955678089975,0.05178767045378025,0.0
0.8292682926829269,1.0,0.114571746384872,0.56,0.2564102564102564,0.24489795918367374,0.7083333333333335,0.23333333333333334,0.17027027027027025,0.3333333333333333,24.5,0.36363636363636365,0.0,0.0,0.09488272921108742,1.0,0.3333333333333333,1.0,0.26984126984126977,0.368261409223686,0.17551308328375004,0.07003743570550922,0.22072014932134887,0.29013087470121524,0.31719399675040383,0.2414871598936848,0.10058096747961148,0.21489083041827617,0.04040009733156964,0.04539655898538404,0.5254237288135593,0.46798512599451614,0.40277813069072116,0.09603770127501268,0.053611812537693225,0.0
0.7804878048780488,0.0,0.3259176863181311,0.3599999999999999,0.5641025641025639,0.30612244897959195,0.04166666666666696,0.4666666666666666,0.28783783783783784,0.3333333333333333,30.3,0.2272727272727273,0.0,0.0,0.32595948827292104,1.0,0.6666666666666666,0.0,0.714285714285714,0.3829206793210248,0.31124485031595583,0.12420037745808804,0.35893300472971745,0.17350553785465017,0.2973283021686596,0.21138285368835813,0.3253331025096111,0.38139723801787156,0.10706145150892761,0.1970065332257943,0.423728813559322,0.20619290445209168,0.21214302855771544,0.09986064488858806,0.09507211802259033,0.0
0.7804878048780488,1.0,0.5194660734149054,0.2599999999999998,0.02564102564102555,0.4693877551020411,0.3333333333333335,0.8,0.6081081081081081,0.0,12.1,0.9090909090909091,0.6666666666666666,1.0,0.5413113006396588,1.0,1.0,0.25,0.26984126984126977,0.6486065745888548,0.6801612594555951,0.5974528810304754,0.707234251351099,0.4305341928465942,0.4269533327227842,0.47144009031704065,0.5318963763117145,0.5488403322336246,0.16246765512795525,0.3913523488593074,0.3389830508474576,0.3848393379424807,0.09524414517426845,0.7905856322377259,0.7069084376011396,0.7692307692307693
0.878048780487805,1.0,0.9555061179087874,0.8799999999999999,1.0,0.24489795918367374,0.9583333333333335,0.5666666666666667,0.3912162162162162,0.6666666666666666,28.5,0.6363636363636364,0.33333333333333337,0.5,0.5631663113006398,1.0,0.0,0.25,0.6349206349206349,0.1331942130266216,0.23126873011890275,0.16574178309132995,0.5071308192740517,0.29113735010010644,0.16160167141157933,0.09954826200699429,0.7344208142111924,0.6212884828992522,0.2575946109370392,0.5083525896456063,0.40112994350282494,0.11576225643452223,0.16911358202454918,0.21104137706182113,0.18309913907278785,0.3076923076923077
0.26829268292682934,1.0,0.5350389321468296,0.8599999999999999,0.666666666666667,0.4693877551020411,0.666666666666667,0.9199999999999999,0.7945945945945947,0.0,11.1,0.9090909090909091,0.9999999999999999,1.0,0.30197228144989335,0.0,1.0,0.0,0.5396825396825395,0.38356358283320147,0.565674446513648,0.6462590226144332,0.9303798968188364,0.6334299967965573,0.539442456685411,0.36553855949197195,0.40141206216230907,0.15690329746845932,0.37007072524784335,0.21498643767082964,0.22033898305084743,0.3748817174083432,0.0430127291944304,0.5832265196910951,0.6019958218807725,1.0
0.04878048780487804,1.0,0.9377085650723025,0.6400000000000001,0.8717948717948723,0.5102040816326534,0.541666666666667,0.49999999999999994,0.46891891891891896,0.0,22.4,0.7727272727272728,0.33333333333333337,0.5,0.6719083155650318,0.0,0.0,0.25,0.714285714285714,0.3608782731892597,0.31880264924662843,0.21813660561616682,0.5295652646648424,0.661399519844351,0.20082026084221083,0.3581296524547947,0.7932367424833818,0.18373978348447423,0.875902133337331,0.6138378942578746,0.4689265536723165,0.15782774251475487,0.21948068154547634,0.32979535566129836,0.23657494811408136,0.3076923076923077
0.0,1.0,0.24471635150166848,0.7000000000000002,0.02564102564102555,0.020408163265306367,0.125,0.25333333333333335,0.1912162162162162,0.6666666666666666,23.7,0.6818181818181818,0.33333333333333337,0.0,0.15458422174840086,0.0,0.6666666666666666,1.0,0.3492063492063491,0.3661847783691291,0.18580185385966985,0.1385268595953857,0.2945324070489429,0.32341318618728976,0.25608147500370965,0.2511515541895372,0.19149312401300267,0.007825063412855021,0.4347930377944021,0.08801317542486997,0.423728813559322,0.5092968116303733,0.32331958897833635,0.09549614343410606,0.05675459613558479,0.07692307692307693
0.7804878048780488,0.0,0.33036707452725245,0.43999999999999995,0.9743589743589745,0.30612244897959195,0.666666666666667,0.49333333333333335,0.3040540540540541,0.6666666666666666,27.3,0.2272727272727273,0.6666666666666666,0.5,0.2995735607675905,1.0,0.6666666666666666,0.0,0.7301587301587298,0.21184154991198367,0.24060974234196497,0.24665212540435444,0.3794868387405944,0.17288460746743062,0.3082964828014611,0.1149351721338997,0.31276054435897005,0.36088131434539694,0.10833515733925007,0.1814247424896308,0.0847457627118644,0.20362204418494287,0.054344039573608324,0.25206174605347864,0.18880570620551257,0.46153846153846156
0.9512195121951221,0.0,0.23248053392658508,0.040000000000000036,0.9230769230769234,0.7551020408163267,0.666666666666667,0.54,0.420945945945946,0.6666666666666666,30.6,0.13636363636363635,0.33333333333333337,0.5,0.3742004264392324,1.0,0.6666666666666666,0.5,0.6984126984126982,0.4677839429283207,0.3971681326295484,0.2650435147873411,0.416519741898727,0.4285404495945915,0.47831825561418934,0.35217532544058866,0.3048464498599349,0.4953828810159319,0.05649868190257361,0.2086866972208054,0.15254237288135591,0.21700603138607563,0.07444534208255708,0.38555452302368054,0.28444961963083204,0.3076923076923077
0.21951219512195125,1.0,0.4060066740823136,0.94,0.5128205128205128,0.9183673469387754,0.4583333333333335,0.4199999999999999,0.4878378378378379,0.6666666666666666,21.3,0.36363636363636365,0.0,0.0,0.1969616204690831,0.0,0.6666666666666666,0.0,0.5238095238095237,0.7189284501027228,0.4382636923346016,0.17488647911403668,0.45282665555213253,0.9423803743545989,0.40853906456039085,0.7506536085479185,0.2835105197315496,0.09320860756975419,0.33749606464476856,0.1305229056663815,0.5254237288135593,0.22490234004626916,0.2797836350083144,0.1874870241620537,0.13387099397903013,0.0
0.6829268292682928,1.0,0.6084538375973303,0.6400000000000001,0.10256410256410309,0.0,0.791666666666667,0.6466666666666667,0.38513513513513514,0.0,23.2,0.7727272727272728,0.33333333333333337,0.5,0.4336353944562899,0.6666666666666666,1.0,0.5,0.1428571428571428,0.23222022897806183,0.32271351770877266,0.22047751827075768,0.5757117228131852,0.1385433554395814,0.24708067632334535,0.11679175512274947,0.5118767070700021,0.41772078449576416,0.21416349828473918,0.32468752312476934,0.4689265536723165,0.28273137812781524,0.17262618990480766,0.26269072559631523,0.2389641574303245,0.3076923076923077
0.2926829268292683,1.0,0.31034482758620685,0.5,0.5128205128205128,0.9795918367346941,0.7083333333333335,0.49999999999999994,0.5756756756756758,1.0,29.1,0.7272727272727274,0.0,0.0,0.2625266524520256,0.3333333333333333,0.6666666666666666,0.0,0.4285714285714284,0.7475957082000958,0.5137966156711237,0.20502743591825578,0.529465596288712,0.9858066704150934,0.5480392403965467,0.7949698943431427,0.28294849447216985,0.14830318805019976,0.24674452423429233,0.15601089267513862,0.7966101694915255,0.4668943690658971,0.36134197264218865,0.19496306563849553,0.15694310262516944,0.0
0.26829268292682934,1.0,0.9021134593993323,0.7400000000000002,0.7179487179487181,0.20408163265306145,0.08333333333333348,0.54,0.4283783783783784,0.3333333333333333,24.1,0.7727272727272728,0.6666666666666666,0.5,0.5946162046908317,0.0,0.0,0.25,0.7936507936507935,0.2851885403691542,0.3006789689562156,0.29459264947427444,0.5679299226768556,0.45009131596017093,0.1898695688181123,0.23904827710373372,0.7320412397672796,0.28887663920157824,0.5512443993885401,0.5276592605295052,0.288135593220339,0.16838714108422673,0.1304579603097401,0.2903175946573072,0.22550291482694623,0.46153846153846156
0.7317073170731709,0.0,0.35038932146829804,0.2799999999999998,0.4871794871794872,0.6938775510204085,0.41666666666666696,0.6399999999999999,0.47905405405405405,1.0,32.5,0.18181818181818177,0.6666666666666666,0.5,0.3800639658848613,0.6666666666666666,0.6666666666666666,0.5,0.5238095238095237,0.5976026012262,0.5347748793518278,0.48142176746941495,0.49436808955138867,0.3933290714231832,0.4377071739436756,0.4226893195809069,0.36594553181377953,0.4014323844891327,0.12355328845779047,0.2362934799011569,0.06779661016949151,0.17069970648307145,0.025769993195064955,0.4532644986728629,0.3685156843500051,0.46153846153846156
0.024390243902439046,1.0,0.6518353726362622,0.3999999999999999,0.9487179487179489,0.8571428571428572,1.0,0.21999999999999992,0.29527027027027025,0.0,21.1,0.40909090909090906,0.0,0.0,0.5810234541577823,0.0,1.0,0.25,0.5873015873015872,0.4900861985632653,0.20895034901690251,0.08338037462002668,0.2627296427621406,0.9025650918219452,0.1808954908231281,0.543514027189385,0.6151054227655867,0.1413319186326033,0.7126247773910586,0.4567781276030777,0.559322033898305,0.13604387930053605,0.4368402335042112,0.12780799388088088,0.06382548087921894,0.0
0.8292682926829269,0.0,0.3136818687430478,0.2599999999999998,0.4871794871794872,0.5714285714285716,0.7083333333333335,0.4466666666666666,0.3216216216216216,0.6666666666666666,27.5,0.40909090909090906,0.33333333333333337,0.0,0.35581023454157784,1.0,0.6666666666666666,0.5,0.41269841269841256,0.5013002086804602,0.355911680162163,0.24034880756328914,0.34315307642238035,0.3231639134340678,0.3321995899444409,0.33440769337845383,0.3355484988376536,0.4258857076543045,0.0952061895497723,0.2135019205951998,0.2881355932203389,0.3044578183406411,0.1572674186065115,0.13073245929255795,0.10871594253735009,0.07692307692307693
0.5365853658536586,0.0,0.1968854282536151,0.3799999999999999,0.6153846153846159,0.7346938775510203,0.125,0.4533333333333333,0.41689189189189196,0.3333333333333333,33.1,0.40909090909090906,0.6666666666666666,0.5,0.21002132196162043,0.6666666666666666,0.3333333333333333,0.0,0.714285714285714,0.5923235375727941,0.4034499972701604,0.37661296560410196,0.4164442133563059,0.6153588997837316,0.506873490514246,0.5102741910423791,0.20236604441282036,0.20752996568245496,0.11605699893558007,0.11016651188391605,0.15254237288135591,0.40385975615888114,0.09295798708984639,0.45051107881697117,0.28828730675020386,0.46153846153846156
0.39024390243902446,1.0,0.9410456062291432,0.2599999999999998,0.02564102564102555,0.3265306122448983,0.666666666666667,0.6066666666666667,0.508108108108108,0.3333333333333333,27.6,0.5909090909090909,0.33333333333333337,0.5,0.9216417910447761,0.3333333333333333,0.0,0.75,0.1428571428571428,0.5209757493041857,0.4681896817326515,0.3075545950380302,0.6314791106809322,0.5346829822616863,0.2180540534157862,0.42776414788761036,0.9341441901639799,0.5335466436777798,0.46986157250181,0.8885754224222826,0.37853107344632764,0.10703496837850154,0.14926125058931455,0.41329796115244044,0.327837769453218,0.3076923076923077
0.6097560975609757,0.0,0.36707452725250267,0.18000000000000016,0.7948717948717947,0.7755102040816326,0.7083333333333335,0.54,0.4243243243243244,1.0,28.9,0.31818181818181823,0.33333333333333337,0.0,0.44136460554371,0.6666666666666666,0.6666666666666666,0.5,0.603174603174603,0.5166860874996805,0.4230095665615664,0.2805113169621728,0.4158625718753506,0.438336297942582,0.3836153159856198,0.3879440367429606,0.40598408622865434,0.3873406389363218,0.1566841420263166,0.2812201994816468,0.24293785310734467,0.22601414906865167,0.11178708756734577,0.13474489284352043,0.12921150469156645,0.07692307692307693
0.17073170731707316,0.0,0.21579532814238034,0.020000000000000018,0.6410256410256414,0.8367346938775513,0.16666666666666696,0.7466666666666668,0.6763513513513515,0.0,19.8,0.5454545454545455,0.9999999999999999,1.0,0.36593816631130066,0.0,0.3333333333333333,0.5,0.714285714285714,0.6364083498363245,0.6337405764518281,0.7141624676180329,0.6710225480144382,0.6802332839382763,0.7389473762142051,0.5697287416707382,0.29225145479826864,0.14256287405295182,0.2646825480113338,0.20024895683999722,0.11186440677966103,0.463777035343766,0.02870170386369092,0.7810422255527422,0.6643697805077617,1.0
0.6829268292682928,0.0,0.13348164627363734,0.2999999999999998,0.12820512820512864,0.5510204081632653,0.541666666666667,0.1333333333333333,0.10810810810810811,0.0,34.1,0.18181818181818177,0.0,0.0,0.1807036247334755,0.6666666666666666,0.3333333333333333,0.0,0.25396825396825395,0.6461329407768092,0.19884547383142176,0.07934808521530382,0.09875921809203542,0.31191387797722636,0.23492375835938378,0.4189110651543961,0.1569217811487208,0.23679106085976226,0.06637208808156074,0.08658148190868337,0.38983050847457623,0.3253794078262162,0.40431965442764584,0.16850291883985302,0.06073886953364218,0.0
0.6097560975609757,0.0,0.02447163515016687,0.2999999999999998,0.0512820512820511,0.5714285714285716,0.375,0.5533333333333335,0.3939189189189189,0.0,34.6,0.36363636363636365,0.33333333333333337,0.5,0.0847547974413646,0.6666666666666666,0.3333333333333333,1.0,0.26984126984126977,0.7046756076618884,0.5324138438436031,0.3459969909588568,0.4267398253770869,0.32407104134804854,0.7019596314097674,0.46025620536649975,0.05417121620946924,0.14888343639649199,0.04264303861372297,0.03133102349474744,0.2655367231638418,0.6042195678678481,0.11789372639662511,0.509110944426521,0.3670732916725642,0.3076923076923077
0.21951219512195125,1.0,0.5483870967741934,0.2799999999999998,0.8205128205128212,0.8571428571428572,0.5833333333333335,0.8800000000000001,0.8912162162162163,0.3333333333333333,12.1,0.9090909090909091,0.6666666666666666,1.0,0.556503198294243,0.0,1.0,0.25,0.6666666666666665,0.5625318480353302,0.6746429952602708,0.5930488210418395,0.8921908093452469,0.9016476307970054,0.592581469808011,0.6029825315934143,0.5537120880772074,0.24416850411976326,0.41297492866387825,0.4107584232157001,0.3389830508474576,0.36659511654150756,0.0827933765298776,0.72324418399718,0.7018516496961337,0.7692307692307693
0.6097560975609757,1.0,0.778642936596218,0.52,0.0,0.04081632653061229,0.0,0.39333333333333337,0.23986486486486486,1.0,22.0,0.8636363636363636,0.33333333333333337,0.0,0.6180703624733475,0.6666666666666666,0.0,0.25,0.38095238095238093,0.4021576883087472,0.2786242584821357,0.19408718940794906,0.35817487150800487,0.16367508949185194,0.1220592226259221,0.21885572752297372,0.6929547028343562,0.505499925396641,0.2936815714505362,0.5214110213905079,0.5141242937853107,0.2379989449621948,0.28787568554148696,0.10487740221453812,0.08510790896453382,0.07692307692307693
0.8048780487804879,0.0,0.2914349276974416,0.16000000000000014,0.10256410256410309,0.18367346938775508,0.625,0.23999999999999994,0.1324324324324324,0.3333333333333333,31.3,0.36363636363636365,0.33333333333333337,0.0,0.3784648187633262,1.0,0.6666666666666666,0.5,0.20634920634920628,0.3904907985986009,0.1868999725555584,0.13918415604407242,0.18183543493832433,0.10352331382532376,0.18215828520517846,0.192066805093909,0.3365560999878796,0.4332134153417662,0.0930569310314114,0.2234782702339197,0.2655367231638418,0.29751295821232193,0.23347341515004377,0.10183483179926286,0.05709002488292745,0.07692307692307693
0.9756097560975612,1.0,0.2068965517241379,0.31999999999999984,0.3076923076923075,0.8367346938775513,0.41666666666666696,0.47333333333333333,0.4466216216216216,0.3333333333333333,26.8,0.6363636363636364,0.0,0.0,0.23853944562899781,1.0,0.3333333333333333,0.0,0.41269841269841256,0.7591176375430712,0.4985984782091829,0.19896271096773283,0.42686597940697146,0.6590748112122666,0.5264168374989838,0.6512865065910305,0.22241989759942382,0.38395033074155743,0.047252178597147323,0.12661622048821058,0.7288135593220338,0.5263861474376322,0.3460602490643723,0.19796783230868537,0.15230071539518508,0.0
0.14634146341463422,1.0,0.12235817575083419,0.33999999999999986,0.4615384615384617,0.26530612244897966,0.916666666666667,0.3133333333333333,0.275,0.6666666666666666,21.3,0.5909090909090909,0.33333333333333337,0.0,0.1591151385927505,0.0,0.3333333333333333,1.0,0.3174603174603172,0.28799276989507383,0.18820916831209533,0.13996779603183454,0.3518048423706821,0.49293047956035374,0.42873535867398355,0.25375356029576684,0.14003316941179134,0.054576501599827576,0.22472002758496618,0.07491857812492483,0.37853107344632764,0.6104221185572873,0.25942172048916495,0.07510470256129037,0.05748992873146919,0.07692307692307693
0.07317073170731708,1.0,0.6840934371523915,0.8999999999999999,0.28205128205128194,0.22448979591836737,0.791666666666667,0.3133333333333333,0.26756756756756755,1.0,27.9,0.7272727272727274,0.33333333333333337,0.0,0.3829957356076759,0.0,0.0,0.5,0.25396825396825395,0.33472992866040086,0.20649654663586375,0.15091399781585707,0.3515195035311378,0.46382570127281797,0.1570106370826317,0.2762251767408909,0.5121935539567289,0.10494620268903662,0.655922522225387,0.29824082062111007,0.4463276836158192,0.2322988823355656,0.29724467403432486,0.0872931349615502,0.06307594819028478,0.07692307692307693
0.2439024390243903,1.0,0.8253615127919911,0.7400000000000002,0.6153846153846159,0.9387755102040818,0.20833333333333348,0.36666666666666664,0.4432432432432432,0.6666666666666666,20.2,0.7727272727272728,0.33333333333333337,0.5,0.5421108742004264,0.0,0.0,0.25,0.6825396825396823,0.6994598836550946,0.38929902682363304,0.26033333607903386,0.40253251557959724,0.9584305395652413,0.21536778954637237,0.7414913496066349,0.6682076054862923,0.2516619970490227,0.5357544424003203,0.4609640779930724,0.4689265536723165,0.19316953866270056,0.2791136709063275,0.506390560853595,0.2796422626245858,0.3076923076923077
0.6829268292682928,1.0,0.16017797552836477,0.43999999999999995,0.8717948717948723,0.8367346938775513,0.9583333333333335,0.2733333333333334,0.28513513513513516,0.0,24.8,0.6363636363636364,0.0,0.0,0.16178038379530918,0.6666666666666666,0.3333333333333333,1.0,0.5555555555555554,0.5071596957000651,0.24855149362473045,0.09918297216685076,0.2552382738270169,0.659098119833347,0.4057778524745482,0.4653411890719474,0.15887243259512318,0.22325469586697394,0.07467886523583776,0.08112346579778995,0.7288135593220338,0.5856930538172709,0.4910007199424046,0.13226053595201542,0.07592195312659311,0.0
0.853658536585366,0.0,0.13793103448275856,0.14000000000000012,0.28205128205128194,0.5918367346938775,0.875,0.56,0.40202702702702703,0.3333333333333333,28.3,0.31818181818181823,0.33333333333333337,0.5,0.23827292110874204,1.0,0.3333333333333333,0.0,0.2222222222222221,0.5832861510587705,0.47183118368925425,0.309734274077211,0.4314059613972643,0.3342956160854138,0.5529483488544815,0.3895006527012413,0.18911063614723833,0.3396525141331918,0.04380273128503452,0.11551661690062828,0.24293785310734467,0.4099177580580853,0.10718903681735316,0.44579741724613065,0.3300624186542969,0.3076923076923077
0.5853658536585367,1.0,0.5027808676307007,0.6200000000000001,0.7435897435897436,0.6326530612244898,0.625,0.6933333333333334,0.5729729729729729,1.0,13.7,0.9090909090909091,0.9999999999999999,1.0,0.36487206823027724,0.6666666666666666,1.0,0.5,0.603174603174603,0.45846924872425243,0.48514736571107486,0.5659244096792743,0.6158899593921873,0.5325672702978652,0.41281477647440407,0.383673862756242,0.42604971254333235,0.325411561862763,0.20936732338018632,0.2539064443897747,0.22033898305084743,0.3958713596861627,0.07317232803193925,0.6418297383651518,0.5282029852541892,1.0
0.48780487804878053,1.0,0.48498331479421564,0.48,0.10256410256410309,0.6326530612244898,0.04166666666666696,0.7733333333333332,0.7270270270270272,0.0,11.6,0.9090909090909091,0.9999999999999999,1.0,0.40751599147121526,0.3333333333333333,1.0,0.5,0.4285714285714284,0.7348189152653116,0.7186656863725517,0.7988845979369451,0.7904614303786088,0.746409827373431,0.5281435234355503,0.6736297890199778,0.4429024175559968,0.3074901772244235,0.23666101974423942,0.28138481445207403,0.22033898305084743,0.4080752038351543,0.06111703834777556,0.858034744303737,0.7421928519443006,1.0
0.853658536585366,1.0,0.8387096774193548,0.8399999999999999,0.8461538461538467,0.8367346938775513,0.0,0.5733333333333335,0.5277027027027028,1.0,28.3,0.31818181818181823,0.6666666666666666,0.5,0.505863539445629,1.0,0.0,0.25,0.9047619047619047,0.5778341237519137,0.4779255614428596,0.43605101363775406,0.5130388859743126,0.6600105837938801,0.2538335265269149,0.5178711909683746,0.6515071694644096,0.5601966212967722,0.23305619192257204,0.43051268329777437,0.11864406779661019,0.054138493977721386,0.0547791470799983,0.44295378412723874,0.3337855671688946,0.46153846153846156
0.21951219512195125,1.0,0.3470522803114572,0.94,0.5384615384615383,0.6326530612244898,0.9583333333333335,0.15999999999999998,0.21081081081081082,0.3333333333333333,25.9,0.9545454545454545,0.33333333333333337,0.0,0.1607142857142857,0.0,0.6666666666666666,1.0,0.3492063492063491,0.4998678896312235,0.17436965386497283,0.1316839340670933,0.20549386970480993,0.747329125157179,0.22464145321883772,0.4931669333349142,0.23696780293916642,0.07798952237271845,0.3062430975118561,0.10305289667929743,0.559322033898305,0.5430530502249353,0.5013523242464927,0.13035892944246835,0.053262543283785456,0.07692307692307693
0.878048780487805,0.0,0.4238042269187985,0.20000000000000018,0.9743589743589745,0.5102040816326534,0.9583333333333335,0.4000000000000001,0.28040540540540543,1.0,32.9,0.40909090909090906,0.6666666666666666,0.5,0.48480810234541577,1.0,0.6666666666666666,0.25,0.6190476190476188,0.28875552032612395,0.2321173629702611,0.23987446002346746,0.3071054491419458,0.2895818881200012,0.24610564978731986,0.1932318462772638,0.4561631426251821,0.5554883204297154,0.1166614195263581,0.32513025973158355,0.15254237288135591,0.235216468496224,0.10652529615812552,0.2921780369788829,0.1836175818519714,0.46153846153846156
0.1951219512195122,0.0,0.15795328142380416,0.2999999999999998,0.3076923076923075,0.0,0.3333333333333335,0.38000000000000006,0.22905405405405405,0.0,34.9,0.18181818181818177,0.6666666666666666,0.5,0.20229211087420035,0.0,0.3333333333333333,0.0,0.4444444444444442,0.24235200162108372,0.20202490628511371,0.21585803388730873,0.35315223891415826,0.15425669585084822,0.34852775151621906,0.1268192443618114,0.1799882345024303,0.08719474792353984,0.21829026257612677,0.1005809802508898,0.06779661016949151,0.30235819766321437,0.06927595325084272,0.2679751900017933,0.16523364013755742,0.46153846153846156
0.5609756097560976,0.0,0.418242491657397,0.52,0.0512820512820511,0.8367346938775513,0.875,0.5133333333333334,0.41689189189189196,0.6666666666666666,31.8,0.31818181818181823,0.6666666666666666,0.5,0.33928571428571425,0.6666666666666666,0.6666666666666666,0.5,0.0793650793650793,0.8850515354875,0.594625669303453,0.5291879598778071,0.3952692469989464,0.4735550723968547,0.34893917600352575,0.6486134827698244,0.37448037528029887,0.2983181087219615,0.1877320762623394,0.22168319080312593,0.11864406779661019,0.19828411334224025,0.06529367414386379,0.6031902535251142,0.40507944667571044,0.46153846153846156
0.8292682926829269,0.0,0.04560622914349277,0.2400000000000002,0.4871794871794872,0.020408163265306367,0.4583333333333335,0.6066666666666667,0.3141891891891892,0.3333333333333333,34.8,0.045454545454545525,0.33333333333333337,0.0,0.11940298507462688,1.0,0.3333333333333333,1.0,0.5079365079365079,0.19126382600584613,0.28065950050578675,0.19530541596157439,0.46843313075667237,0.012279421496564025,0.5636692726625021,0.06080212795792278,0.08265479118412572,0.2347187453372901,0.021416981591186643,0.047705753871039286,0.10734463276836159,0.3213858077079951,0.04518106636575457,0.04987907428418112,0.08572958919371884,0.07692307692307693
0.8292682926829269,1.0,0.5061179087875416,0.6000000000000001,0.7692307692307692,0.3265306122448983,0.666666666666667,0.8,0.5682432432432434,0.6666666666666666,10.1,0.9090909090909091,0.9999999999999999,1.0,0.37499999999999994,1.0,1.0,0.5,0.603174603174603,0.27217536464288206,0.4220232522893519,0.502951169272835,0.7071391338551621,0.3414611200446871,0.40782156463793423,0.1984683899726945,0.4334571026051244,0.4414032062865763,0.14817520605116363,0.26175301143027496,0.22033898305084743,0.3936339882588473,0.05747681361961633,0.4960808007301919,0.47035775676084146,1.0
0.853658536585366,0.0,0.08676307007786421,0.52,0.10256410256410309,0.5918367346938775,1.0,0.37333333333333335,0.2756756756756757,0.3333333333333333,28.4,0.0,0.6666666666666666,0.5,0.08288912579957353,1.0,0.3333333333333333,1.0,0.06349206349206327,0.660287623145737,0.3775608311292097,0.35595113487169244,0.2863048597181288,0.3358495449433194,0.46554183714616654,0.43797865408387643,0.08156262956699928,0.2115875594754555,0.029984224635309573,0.03741767778157169,0.0,0.2453202010310532,0.03620087751470448,0.4859593467277641,0.2724712194712638,0.46153846153846156
0.4146341463414634,1.0,0.6952169076751946,0.8799999999999999,0.5897435897435903,0.7755102040816326,0.5833333333333335,0.22666666666666663,0.2885135135135135,0.0,21.1,0.40909090909090906,0.0,0.0,0.39738805970149255,0.3333333333333333,0.0,0.5,0.5238095238095237,0.5976026012262,0.24954810555041074,0.09958066413580408,0.2687823277073268,0.844770710590411,0.1660973315028909,0.608523512102771,0.5257526408309853,0.2676478389893731,0.3526592292914647,0.3115348310310214,0.559322033898305,0.12166816058876215,0.4305255579553636,0.1558468486250526,0.07622637585527381,0.0
0.9268292682926831,1.0,0.8676307007786428,0.7999999999999998,1.0,0.12244897959183687,0.75,0.10666666666666669,0.07364864864864867,0.3333333333333333,22.6,0.7727272727272728,0.0,0.0,0.5429104477611939,1.0,0.0,0.25,0.714285714285714,0.09636939960807733,0.0332956802302829,0.013286440074838195,0.1126540293493884,0.21647517505505665,0.025870637618267092,0.060034117765371264,0.6861258186177975,0.6313765148626469,0.22187693421371069,0.4705590903972823,0.8305084745762712,0.179162705307675,0.7958199707659751,0.025131863887457223,0.010170419967695792,0.0
0.7560975609756098,1.0,0.4705228031145716,0.6800000000000002,0.8205128205128212,0.5306122448979593,0.875,0.5266666666666666,0.425,0.6666666666666666,28.4,0.8636363636363636,0.6666666666666666,0.5,0.31956289978678026,0.6666666666666666,1.0,0.0,0.5555555555555554,0.35204309387198196,0.32878724749363986,0.31702552700141273,0.47264779529331913,0.46860470996978476,0.3284195314569692,0.2893264662824185,0.3855064590845053,0.3663480826936785,0.15380515578193554,0.2170771071920784,0.32203389830508466,0.399479659969306,0.1481518687807301,0.3251871600115147,0.24267469178524181,0.46153846153846156
0.5609756097560976,1.0,0.46273637374860943,0.7400000000000002,0.17948717948717974,0.16326530612244916,0.375,0.9133333333333333,0.595945945945946,0.3333333333333333,10.2,0.9090909090909091,0.9999999999999999,1.0,0.2934434968017057,0.6666666666666666,1.0,0.0,0.3492063492063491,0.3795530894953384,0.5589121923658413,0.6395129309379565,0.8049552171864522,0.24072208239199067,0.45192954019506265,0.23186687264579892,0.3666168116369889,0.26909017059301377,0.20326507419310125,0.19844451561163773,0.22033898305084743,0.42400301513255245,0.04374323850883373,0.5800888689503422,0.59579907526357,1.0
0.5365853658536586,1.0,0.2246941045606229,0.7599999999999998,0.5897435897435903,0.4285714285714288,0.4583333333333335,0.4799999999999999,0.43445945945945946,0.0,25.2,0.6818181818181818,0.33333333333333337,0.5,0.1255330490405117,0.6666666666666666,0.6666666666666666,1.0,0.5714285714285712,0.40387903269221137,0.3290279066234206,0.2242570964026705,0.5102988727513085,0.6044481918960529,0.4979797956348729,0.37044032648830055,0.1656776640707044,0.15497604403256027,0.12600782573497443,0.07136061795960078,0.423728813559322,0.5317542427883836,0.20713097050596613,0.3522234135153578,0.24282171412579784,0.3076923076923077
0.7560975609756098,0.0,0.10233592880978859,0.08000000000000007,0.4871794871794872,0.6734693877551021,0.541666666666667,0.52,0.3905405405405406,0.3333333333333333,30.7,0.2727272727272728,0.33333333333333337,0.5,0.22468017057569295,0.6666666666666666,0.3333333333333333,0.0,0.47619047619047605,0.5773118989140921,0.44149040754718005,0.2915733189061056,0.4003429350163371,0.38083160693726725,0.5826551337058536,0.4046073222041244,0.16441088938044457,0.29404913874566885,0.04625499510929808,0.10297599696275747,0.22033898305084748,0.42075529556069147,0.1070464362850972,0.4426814054760039,0.3115267747883948,0.3076923076923077
0.878048780487805,0.0,0.07341490545050056,0.0,0.384615384615385,0.9183673469387754,0.3333333333333335,0.5866666666666667,0.4878378378378379,0.6666666666666666,30.6,0.2272727272727273,0.0,0.0,0.22361407249466952,1.0,0.3333333333333333,0.0,0.49206349206349187,0.7775174284063425,0.5981243064985954,0.23867789156534164,0.45282665555213253,0.520635620947369,0.7406023284264492,0.598888080847872,0.14916306502065468,0.3361544455312587,0.023787036065344394,0.09772519468673638,0.423728813559322,0.42441122022895383,0.1722644797111884,0.20276625422906697,0.18270164020991453,0.0
0.26829268292682934,0.0,0.3192436040044494,0.43999999999999995,0.28205128205128194,0.9795918367346941,0.5,0.38666666666666666,0.4081081081081081,0.0,29.8,0.09090909090909094,0.6666666666666666,0.5,0.2905117270788912,0.0,0.6666666666666666,0.0,0.3650793650793649,0.8611802252074899,0.4747869723685134,0.4335461436145301,0.3587953674483946,0.7697443599230347,0.400954430089784,0.7826979228610169,0.30270249783845715,0.1517349425554137,0.2635625652984641,0.17409138115871836,0.03389830508474573,0.1423226035323039,0.05078260405834199,0.5907396099969338,0.331868155133979,0.46153846153846156
0.2926829268292683,0.0,0.2291434927697441,0.10000000000000009,0.3076923076923075,0.0,0.08333333333333348,0.5333333333333334,0.32229729729729734,0.6666666666666666,32.9,0.045454545454545525,0.33333333333333337,0.5,0.34381663113006394,0.3333333333333333,0.6666666666666666,0.5,0.5396825396825395,0.2752802627109049,0.29214288399902094,0.20217897818874625,0.48610985267201856,0.15425669585084822,0.38816780255224964,0.14512156712766372,0.28808264054122135,0.18622656211144079,0.2080026385619837,0.18983744645319217,0.10734463276836159,0.16804871976559407,0.05692344612431004,0.28514969931959705,0.22028809006324368,0.3076923076923077
0.5365853658536586,1.0,0.1345939933259177,0.2200000000000002,0.9743589743589745,0.16326530612244916,0.8333333333333335,0.24666666666666665,0.20878378378378376,0.3333333333333333,21.3,0.818181818181818,0.0,0.0,0.2073560767590618,0.6666666666666666,0.3333333333333333,0.0,0.6666666666666665,0.11135134752576159,0.09270289735804413,0.03699253122305305,0.2873960277621731,0.41975796486880634,0.3447278848142529,0.11670017167876806,0.17154182287065123,0.20587211326447719,0.0937671469049368,0.09962059657119765,0.8644067796610169,0.7413952486848298,0.6022194086542042,0.02903895760566541,0.02831680842177208,0.0
0.5853658536585367,0.0,0.07341490545050056,0.54,0.6153846153846159,0.38775510204081653,0.541666666666667,0.0733333333333333,0.05337837837837839,1.0,28.1,0.5000000000000001,0.0,0.0,0.06796375266524518,0.6666666666666666,0.3333333333333333,1.0,0.5555555555555554,0.36397514016644983,0.08625097650057773,0.03441793117741831,0.05234447528869601,0.22157505039966385,0.20763794575447014,0.2164549049180941,0.06717941640586023,0.13149256453190533,0.06304278453956878,0.030005221267518506,0.6271186440677966,0.6242684354272338,0.6882885434738992,0.09491989903727363,0.026346019891099935,0.0
0.8292682926829269,1.0,0.2836484983314793,0.48,0.7948717948717947,0.36734693877551017,0.8333333333333335,0.6533333333333333,0.47837837837837843,0.6666666666666666,26.2,0.5909090909090909,0.6666666666666666,0.5,0.24813432835820887,1.0,0.6666666666666666,0.0,0.5555555555555554,0.26851876981070644,0.3475105277905839,0.33196835081214177,0.5816181574508217,0.3675546748118972,0.48719669247455105,0.20383076192582933,0.2629443116499012,0.3388152986621131,0.08693934882412159,0.14365418740219393,0.22033898305084743,0.4217667990609356,0.0799330648142743,0.2816230836109826,0.2541130298805009,0.46153846153846156
0.9756097560975612,0.0,0.046718576195773076,0.14000000000000012,0.5897435897435903,0.7142857142857144,0.375,0.38666666666666666,0.3040540540540541,0.3333333333333333,31.9,0.36363636363636365,0.33333333333333337,0.0,0.1495202558635394,1.0,0.3333333333333333,1.0,0.603174603174603,0.5749029262751087,0.350069277763995,0.2368517444839584,0.29627696234172163,0.4037787218260589,0.5490392452448555,0.41232942415004553,0.09875478383812153,0.3036605381388949,0.007723376966449841,0.06046150123148622,0.2655367231638418,0.5659390671906316,0.16684887431227724,0.14992707384716208,0.1069313360779332,0.07692307692307693
0.7073170731707319,1.0,0.5461624026696328,0.6800000000000002,0.2051282051282053,0.795918367346939,0.625,0.6266666666666667,0.5608108108108107,1.0,24.0,0.9545454545454545,0.33333333333333337,0.5,0.373134328358209,0.6666666666666666,1.0,0.5,0.26984126984126977,0.7747618990031809,0.628480762758557,0.40349937651653284,0.5584603179107775,0.6336954457603601,0.38217168057875595,0.6507623410616119,0.44944065044533066,0.3853512160347486,0.18821954800591129,0.26739658191264115,0.559322033898305,0.3853818650723877,0.21214302855771544,0.5456660986877165,0.4257620407000748,0.3076923076923077
0.39024390243902446,1.0,0.28809788654060065,0.2400000000000002,1.0,0.8979591836734695,0.25,0.20666666666666672,0.2891891891891892,1.0,28.8,0.31818181818181823,0.0,0.0,0.34088486140724944,0.3333333333333333,0.6666666666666666,0.5,0.9047619047619047,0.5475450831582641,0.21939101199160183,0.08754665811372617,0.24994441996319994,0.9305474433292815,0.31946390698655586,0.6019839051593296,0.31545510743915683,0.22648750808203055,0.19498461573736436,0.1993622337095926,0.4915254237288136,0.2764137680032165,0.4046431841008275,0.14279251046642977,0.06701466117106011,0.0
0.4634146341463415,0.0,0.17352614015572854,0.14000000000000012,0.5641025641025639,0.06122448979591866,0.125,0.3133333333333333,0.19864864864864867,0.0,29.2,0.40909090909090906,0.0,0.0,0.2729211087420042,0.3333333333333333,0.3333333333333333,0.0,0.6825396825396823,0.2405848319740449,0.16965932661836447,0.06770152946754049,0.29576756362312007,0.19394502987930595,0.3057459210267519,0.1370601471653442,0.22437145656055213,0.21860441983454626,0.12564206561478047,0.13954293390237826,0.559322033898305,0.4282454114078168,0.3602829299429241,0.06274133983555169,0.05182373783058688,0.0
0.5853658536585367,1.0,0.26362625139043383,0.96,0.3076923076923075,0.16326530612244916,0.791666666666667,0.5800000000000001,0.38175675675675674,1.0,24.0,0.6818181818181818,0.0,0.0,0.10474413646055436,0.6666666666666666,0.6666666666666666,1.0,0.26984126984126977,0.2841578596141352,0.3201506221798375,0.12775417192545635,0.5186266603845386,0.24043156029609292,0.41733332999172174,0.17577995068959007,0.16828026196683532,0.155514846068403,0.1278653134041947,0.06530315793753433,0.7627118644067796,0.4892523889484369,0.3081038188477769,0.07410460871829538,0.0977924540951895,0.0
0.5121951219512195,1.0,0.5139043381535038,0.6400000000000001,0.7948717948717947,0.8163265306122449,0.916666666666667,0.9733333333333334,0.9608108108108109,0.6666666666666666,10.2,0.9090909090909091,0.9999999999999999,1.0,0.365138592750533,0.3333333333333333,1.0,0.5,0.5238095238095237,0.5248070919002866,0.7072421324191225,0.7874883474328126,0.9810879256292697,0.8731420196663096,0.6639653683766594,0.5608520332594382,0.4310807509546736,0.2932326464298148,0.2382939759369605,0.2560672911768147,0.22033898305084743,0.3884740179601205,0.037437005039596835,0.6937298327540714,0.7317246163870342,1.0
0.2926829268292683,0.0,0.21357063403781973,0.2599999999999998,0.3589743589743595,0.4285714285714288,1.0,0.9000000000000001,0.6763513513513515,0.6666666666666666,17.8,0.5454545454545455,0.6666666666666666,1.0,0.2654584221748401,0.3333333333333333,0.3333333333333333,0.0,0.2222222222222221,0.4244706148794023,0.584990550466952,0.5214982879353981,0.803846980832184,0.4233936579220252,0.7418120327963489,0.3220156094408159,0.24002790979621846,0.14967091629503143,0.20057268788510257,0.14229788769115115,0.2033898305084746,0.46616067227769376,0.04027007569124198,0.6152305572467714,0.6196965765720156,0.7692307692307693
0.43902439024390244,1.0,0.5050055617352613,0.7599999999999998,0.8974358974358978,0.34693877551020424,0.41666666666666696,0.9866666666666666,0.8033783783783786,1.0,13.5,0.9090909090909091,0.9999999999999999,1.0,0.31556503198294245,0.3333333333333333,1.0,0.0,0.7777777777777777,0.2806275871613887,0.520830024270299,0.601521783075692,0.9937201647973941,0.5483070641441681,0.5658230260076703,0.26521933496981415,0.3975691366159755,0.2331272070160314,0.2640810758136815,0.2198022808005663,0.22033898305084743,0.39437803215270917,0.03611347455839896,0.5026934840117779,0.5609016074719567,1.0
0.853658536585366,0.0,0.31256952169076735,0.10000000000000009,0.10256410256410309,0.22448979591836737,0.625,0.6066666666666667,0.3567567567567567,0.3333333333333333,26.1,0.31818181818181823,0.6666666666666666,0.5,0.42723880597014924,1.0,0.6666666666666666,0.5,0.20634920634920628,0.4196580228739668,0.41056321979314614,0.38228994256549675,0.46801737950881805,0.12695337385963956,0.36234115390628063,0.21588455754861052,0.37179154384097346,0.4953953149090668,0.09096589528518274,0.2596146584900787,0.11864406779661019,0.259673310099779,0.04951774070840291,0.3604533170976596,0.29263288310618063,0.46153846153846156
0.26829268292682934,0.0,0.22246941045606228,0.2400000000000002,0.5384615384615383,0.8367346938775513,0.791666666666667,0.23333333333333334,0.25743243243243247,0.6666666666666666,28.1,0.18181818181818177,0.0,0.0,0.2809168443496802,0.0,0.6666666666666666,0.0,0.41269841269841256,0.6430997945548961,0.26974840597706395,0.10764147200205551,0.22579586408317526,0.679636854072267,0.3313387303111827,0.5744630623912585,0.25244951726004294,0.14740794774449179,0.2157985966613713,0.15237368216685881,0.38983050847457623,0.24975822050290078,0.316452801422945,0.16771191445142797,0.08239671198872309,0.0
0.9756097560975612,0.0,0.38709677419354827,0.3799999999999999,0.384615384615385,0.8571428571428572,0.125,0.52,0.4256756756756757,0.6666666666666666,32.8,0.36363636363636365,0.6666666666666666,0.5,0.3696695095948827,1.0,0.6666666666666666,0.5,0.5714285714285712,0.7470720691453915,0.5291426799299135,0.47692677715287884,0.400468877626698,0.4850961677911947,0.3727939190127538,0.5613925755788745,0.3774117629106454,0.5022215222400901,0.09172208043168194,0.23638905950601907,0.13559322033898302,0.2355087454359264,0.07121805255579551,0.5312238164304245,0.3650748876420536,0.46153846153846156
0.43902439024390244,1.0,0.5595105672969964,0.2999999999999998,0.23076923076923084,0.7755102040816326,0.875,0.5866666666666667,0.6054054054054054,0.0,23.7,0.8636363636363636,0.6666666666666666,0.5,0.5557036247334755,0.3333333333333333,1.0,0.25,0.19047619047619024,0.7388605538467229,0.576605249673768,0.5148060806744212,0.6119695640993819,0.8442393415909963,0.4038758006371527,0.7219992004375839,0.5584877645337543,0.36756245958984723,0.28575176528791807,0.41278093787470743,0.32203389830508466,0.3426682174826655,0.13238593086466133,0.5269409074233082,0.39407049690442375,0.46153846153846156
0.26829268292682934,1.0,0.5127919911012234,0.2999999999999998,0.5897435897435903,0.16326530612244916,0.875,0.7733333333333332,0.5851351351351353,0.3333333333333333,11.2,0.9090909090909091,0.6666666666666666,1.0,0.5146588486140724,0.0,1.0,0.25,0.41269841269841256,0.19191929404532737,0.35513168673260564,0.338050705693235,0.7905033026475545,0.42173056465869885,0.4154353601113738,0.16972591478239507,0.5144518081312179,0.25281834911056217,0.3590905025726496,0.36847824944528695,0.3389830508474576,0.3892060197197714,0.09979442608446747,0.4332916378651309,0.40906013713239425,0.7692307692307693
0.1951219512195122,1.0,0.37486095661846497,0.31999999999999984,0.4358974358974361,0.10204081632653095,0.916666666666667,0.2866666666666667,0.22702702702702704,1.0,26.7,0.31818181818181823,0.0,0.0,0.384594882729211,0.0,0.6666666666666666,0.5,0.3015873015873014,0.1859035540385331,0.1365047283838849,0.054471387310928134,0.3256357936320968,0.3777916352498387,0.22590236009150744,0.15424353302939647,0.37978591219626723,0.16090286642683066,0.3377001841688588,0.2440393649035466,0.4915254237288136,0.22157106152025194,0.3403547071073024,0.04848118630282888,0.041696412436639886,0.0
0.14634146341463422,0.0,0.30812013348164624,0.1200000000000001,0.4358974358974361,0.36734693877551017,0.666666666666667,0.6133333333333333,0.4574324324324324,0.3333333333333333,27.0,0.2727272727272728,0.33333333333333337,0.5,0.4131130063965885,0.0,0.6666666666666666,0.5,0.39682539682539675,0.3936440120337755,0.39954493422966986,0.2664661872696893,0.5556466008881646,0.3856042804974822,0.450136121583494,0.2891129518135131,0.3624833999783259,0.14937250285979548,0.3355058992848897,0.24933041591656946,0.22033898305084748,0.23970812179115444,0.08726513146553914,0.346885097678189,0.2859016440547776,0.3076923076923077
0.6585365853658538,1.0,0.4260289210233592,0.9199999999999999,0.1538461538461542,0.9591836734693877,0.5,0.5266666666666666,0.5155405405405407,0.0,29.0,0.31818181818181823,0.33333333333333337,0.0,0.2148187633262259,0.6666666666666666,0.6666666666666666,0.0,0.2857142857142856,0.9147997003562628,0.6216254418650525,0.3993960149265888,0.47260986064765886,0.7352036586529338,0.41686713411585213,0.8062397726174344,0.3028256575917695,0.2527478903827981,0.16342293450069711,0.14363468192284923,0.24293785310734467,0.19434995590534895,0.11497126741488593,0.23856765370688526,0.18988024160028794,0.07692307692307693
0.3170731707317073,0.0,0.09121245828698554,0.2999999999999998,0.07692307692307754,0.9387755102040818,0.41666666666666696,0.4000000000000001,0.4121621621621622,0.0,26.1,0.4545454545454545,0.0,0.0,0.14339019189765456,0.3333333333333333,0.3333333333333333,1.0,0.26984126984126977,0.9429689982222821,0.5224056951396907,0.20846283707743085,0.37049453636083574,0.744554517300775,0.6226480653564376,0.8328187015530277,0.11707972535594968,0.10005968268704718,0.13394280762145921,0.06376113627183327,0.5932203389830508,0.563316131207011,0.32331958897833624,0.24591383374591397,0.15957281173833418,0.0
0.7317073170731709,0.0,0.1868743047830922,0.020000000000000018,0.6410256410256414,0.12244897959183687,0.08333333333333348,0.5800000000000001,0.3202702702702703,0.3333333333333333,32.1,0.2727272727272728,0.6666666666666666,0.5,0.3355543710021322,0.6666666666666666,0.3333333333333333,0.5,0.746031746031746,0.26044445276933703,0.3070457760051595,0.29967392126321435,0.44757141390162425,0.0699551980239781,0.41938835019667603,0.112432241626161,0.262463650798445,0.36820902203285866,0.07479423714075824,0.17666199694395007,0.1016949152542373,0.332106274007683,0.047001203407377026,0.27741173358300414,0.22939249456180633,0.46153846153846156
0.43902439024390244,1.0,0.8053392658509455,0.2599999999999998,0.10256410256410309,0.30612244897959195,0.3333333333333335,0.3466666666666666,0.3067567567567568,0.0,25.0,0.8636363636363636,0.6666666666666666,0.5,0.7990405117270787,0.3333333333333333,0.0,0.75,0.3174603174603172,0.5059214644808278,0.29463363031328027,0.2897679377365391,0.3829124777424072,0.5191040279490555,0.1511463700404162,0.4114319784366302,0.8046607250189236,0.5037881927750791,0.3834909974064135,0.7089283919075766,0.32203389830508466,0.2277545654164104,0.21214302855771539,0.4054460447009046,0.22180972505455815,0.46153846153846156
0.3658536585365854,0.0,0.21134593993325912,0.33999999999999986,0.384615384615385,0.08163265306122458,0.20833333333333348,0.26666666666666666,0.1722972972972973,0.0,33.7,0.18181818181818177,0.33333333333333337,0.0,0.2356076759061833,0.3333333333333333,0.3333333333333333,0.0,0.5396825396825395,0.28731174272449334,0.16450129254879575,0.12577706910635042,0.2548792200496529,0.20558694119432008,0.2563137765550572,0.16718994477033572,0.22290665451493918,0.1620550738573252,0.17104587090944523,0.12573234171062656,0.1751412429378531,0.2580893682588591,0.1645841666000053,0.07492709968917227,0.05024817690699642,0.07692307692307693
0.09756097560975613,1.0,0.6496106785317017,0.7599999999999998,0.8717948717948723,0.30612244897959195,0.875,0.013333333333333364,0.05608108108108106,0.0,21.3,0.31818181818181823,0.0,0.0,0.41364605543710015,0.0,1.0,0.5,0.5873015873015872,0.20837349580607134,0.020689951129080897,0.00825620002134219,0.06518446032426783,0.5194911338717061,0.04252741430208741,0.20696839726389143,0.5171956899131391,0.12649413949170246,0.5985092669949422,0.3164973256629517,0.4915254237288136,0.10526253715148312,0.6825053995680346,0.054341049707161304,0.006319903682354244,0.0
0.8292682926829269,1.0,0.2947719688542825,0.20000000000000018,0.6410256410256414,0.0,0.8333333333333335,0.56,0.33310810810810815,0.3333333333333333,26.8,0.2727272727272728,0.6666666666666666,0.5,0.3640724946695096,1.0,0.6666666666666666,0.5,0.46031746031746024,0.08486901380019984,0.202420277477884,0.21617357485981492,0.5015252281801763,0.13893423455428922,0.35335231126541017,0.03581468335214971,0.33073930251438677,0.4325668528987549,0.09000114168547367,0.21504730076826356,0.1016949152542373,0.2483966201771349,0.05014882391498236,0.18583623239490582,0.16547517844197357,0.46153846153846156
0.26829268292682934,1.0,0.739710789766407,0.6200000000000001,0.4358974358974361,0.7346938775510203,0.41666666666666696,0.5266666666666666,0.5432432432432432,0.0,25.7,0.4545454545454545,0.6666666666666666,0.5,0.5381130063965884,0.0,0.0,0.25,0.49206349206349187,0.6417776538940622,0.4795546386290679,0.4373511604593322,0.5550343681652236,0.8167749787724046,0.2924957098612338,0.6321164807059636,0.6296334652093595,0.2633954475372602,0.4710887738596257,0.4390135827029883,0.1694915254237288,0.1225924210641017,0.08416070900374482,0.4763050367562175,0.33478079532035077,0.46153846153846156
0.5853658536585367,1.0,0.5383759733036707,0.8599999999999999,0.7179487179487181,0.7755102040816326,0.625,0.7866666666666666,0.6831081081081081,1.0,12.4,0.9090909090909091,0.6666666666666666,1.0,0.3041044776119403,0.6666666666666666,1.0,0.0,0.5873015873015872,0.5487763449710142,0.6028956484199902,0.535788130301843,0.6961199525537239,0.6217285730860391,0.4651469466191626,0.4813317043952317,0.4041011564652027,0.2857225749763756,0.22149785509754327,0.2169598263164489,0.3389830508474576,0.37278897573015135,0.0974922006239501,0.7124824245967327,0.6361043235667296,0.7692307692307693
0.48780487804878053,1.0,0.5383759733036707,0.5800000000000001,0.5641025641025639,0.36734693877551017,0.75,0.8266666666666667,0.6878378378378378,1.0,12.5,0.9090909090909091,0.9999999999999999,1.0,0.4069829424307036,0.3333333333333333,1.0,0.5,0.4444444444444442,0.3436697280513027,0.48535501082101473,0.5661315584964006,0.8413337230773914,0.562833648728484,0.46820552000655774,0.3138745929361834,0.4660755160417598,0.3071751852650077,0.2567721644335416,0.2910618911973381,0.22033898305084743,0.37278897573015135,0.05400395554562533,0.55201515179624,0.5283932656110752,1.0
0.853658536585366,0.0,0.14794215795328136,0.48,0.3333333333333339,0.7346938775510203,0.16666666666666696,0.5800000000000001,0.4452702702702703,0.6666666666666666,32.2,0.13636363636363635,0.33333333333333337,0.5,0.14072494669509594,1.0,0.3333333333333333,1.0,0.5238095238095237,0.6946632803274181,0.5470100704037074,0.3547337950202981,0.44757141390162425,0.4165280224233323,0.5881506192230432,0.4953760848500786,0.14164658280711828,0.25925496112336077,0.046506352151285055,0.06969491830635613,0.15254237288135591,0.28242385533511616,0.06708601997971549,0.5038887795320646,0.3759903495631478,0.3076923076923077
0.5365853658536586,0.0,0.20133481646273632,0.1200000000000001,0.3589743589743595,0.3265306122448983,0.541666666666667,0.0733333333333333,0.07567567567567568,1.0,34.4,0.31818181818181823,0.0,0.0,0.30783582089552236,0.6666666666666666,0.3333333333333333,0.0,0.39682539682539675,0.4066510174538712,0.09675195334003892,0.038608282554527855,0.08740703392242494,0.3604191566565962,0.1669048314156208,0.28879718159912954,0.2560228460381284,0.2683731494222384,0.11764913122348318,0.1637557334381872,0.4915254237288136,0.3459818827673228,0.5679991502319159,0.10604920298258333,0.029553623513843504,0.0
0.3658536585365854,0.0,0.38042269187986644,0.52,0.8205128205128212,0.5102040816326534,0.666666666666667,0.4333333333333333,0.3587837837837838,0.6666666666666666,25.9,0.0,0.6666666666666666,0.5,0.3099680170575692,0.3333333333333333,0.6666666666666666,0.0,0.6349206349206349,0.36236526090449783,0.28303718292507757,0.2805129531716504,0.3995977021908921,0.4756286666969334,0.3251544998474646,0.29852995176961433,0.3410602297962313,0.20021469188812813,0.24438044901892103,0.19620612662904274,0.0,0.07201249172345034,0.026043133940589103,0.33057092909049196,0.21472527810795144,0.46153846153846156
0.9268292682926831,1.0,0.4961067853170188,0.2599999999999998,0.6153846153846159,0.4285714285714288,0.08333333333333348,0.34,0.2716216216216216,0.3333333333333333,20.2,0.6363636363636364,0.6666666666666666,0.5,0.5202558635394456,1.0,1.0,0.25,0.7301587301587298,0.430595731977229,0.25971406626106186,0.26189905552657006,0.3126868782052443,0.40582572005895323,0.2128874653349614,0.31984234770585934,0.5096082388687129,0.6116480710887116,0.12691761561377618,0.36902767330305697,0.23728813559322032,0.290306871339013,0.1697638446350035,0.3661581366263007,0.2004768296733187,0.46153846153846156
1.0,1.0,0.42269187986651824,0.8399999999999999,0.5128205128205128,0.14285714285714324,0.125,0.14666666666666667,0.10135135135135137,0.0,28.1,0.5454545454545455,0.33333333333333337,0.0,0.2356076759061833,1.0,0.6666666666666666,0.0,0.6507936507936507,0.29839586210709057,0.1074426235884858,0.09162369332391121,0.14700193671992734,0.22911330364341165,0.11533353891223734,0.18069987101829926,0.3145207025000598,0.39007609542598515,0.0968772019249509,0.15585738568783486,0.35593220338983056,0.2955289391459607,0.36501079913606915,0.07781769131647981,0.03281917043797467,0.07692307692307693
0.9268292682926831,1.0,0.5450500556173525,0.3599999999999999,0.4102564102564106,0.6530612244897962,0.625,0.8466666666666667,0.6952702702702702,1.0,10.5,0.9090909090909091,0.9999999999999999,1.0,0.5119936034115138,1.0,1.0,0.25,0.39682539682539675,0.5887490933352105,0.6710669713296246,0.7513996486369786,0.7477655685341691,0.5457585671146172,0.46908823508690073,0.47926423425964587,0.5281943217364313,0.6044529915946881,0.1394272264473005,0.373808887551378,0.22033898305084743,0.3686458174863627,0.05150232049232671,0.7437555156977083,0.6985746781847251,1.0
0.3170731707317073,0.0,0.030033370411568394,0.52,0.5641025641025639,0.020408163265306367,0.625,0.6399999999999999,0.39189189189189194,0.6666666666666666,34.9,0.31818181818181823,0.33333333333333337,0.0,0.03891257995735603,0.3333333333333333,0.3333333333333333,1.0,0.49206349206349187,0.14817847384940575,0.2700915141979291,0.18897977931051615,0.5783154561763916,0.16656189165236546,0.6897499934886472,0.07754458417613475,0.0314324113408978,0.04969412622888311,0.10569529928769465,0.014635417649452559,0.24293785310734467,0.5579613968173438,0.09068644371463987,0.038642984712776746,0.08250151701677574,0.07692307692307693
0.7317073170731709,1.0,0.4883203559510567,0.6400000000000001,0.4102564102564106,0.5918367346938775,0.8333333333333335,0.9333333333333333,0.741891891891892,0.3333333333333333,13.1,0.9090909090909091,0.9999999999999999,1.0,0.34674840085287834,0.6666666666666666,1.0,0.5,0.3174603174603172,0.5331625513040469,0.6878052617435741,0.7680979328439724,0.8217046466625324,0.5068144336046949,0.535993567847572,0.4253875060562798,0.4092183157705259,0.3765645982194665,0.16468337256195376,0.23867592826599937,0.22033898305084743,0.4057515279080969,0.041574779280815446,0.7002668124169042,0.7139131943412106,1.0
0.09756097560975613,0.0,0.43047830923248054,0.040000000000000036,0.3333333333333339,0.9387755102040818,1.0,0.6333333333333333,0.6087837837837837,0.6666666666666666,31.5,0.36363636363636365,0.33333333333333337,0.5,0.5794243070362473,0.0,0.6666666666666666,0.25,0.20634920634920628,0.7988319384537254,0.6478745136796347,0.4151078152534991,0.5731695788099573,0.7454395215308356,0.48192385179620106,0.7224217358441269,0.507436681617844,0.18320927071072135,0.45594105757816544,0.3988544612255289,0.2655367231638418,0.21185659618707312,0.1003914169625051,0.5582203940905512,0.43760997954691966,0.3076923076923077
0.8292682926829269,0.0,0.28809788654060065,0.040000000000000036,0.7179487179487181,0.38775510204081653,0.125,0.5133333333333334,0.3317567567567568,0.0,27.0,0.36363636363636365,0.6666666666666666,0.5,0.4317697228144988,1.0,0.6666666666666666,0.5,0.7777777777777777,0.3768794272700967,0.3342910326587151,0.3214180314509267,0.395031599894504,0.21892472148041908,0.3563895668805088,0.22306112403636075,0.36175381833125775,0.4873091397403802,0.08816406596866248,0.25717390747911223,0.13559322033898302,0.29996800732602824,0.0725157735412663,0.3381411340523077,0.2460370382610395,0.46153846153846156
0.5365853658536586,1.0,0.41045606229143494,0.8399999999999999,0.4871794871794872,0.34693877551020424,0.75,0.4199999999999999,0.3702702702702703,1.0,22.4,1.0,0.6666666666666666,0.5,0.22761194029850745,0.6666666666666666,0.6666666666666666,0.0,0.39682539682539675,0.35462299577348844,0.27220503393177786,0.2718679459223136,0.4527755096479913,0.5471829102057439,0.3184501986525215,0.31650805587311287,0.3046093358246378,0.21847179164110808,0.19247934875492856,0.14936800773835118,0.3728813559322034,0.5050644787246609,0.20673178004166753,0.32653276854898283,0.20810775273213333,0.46153846153846156
0.6829268292682928,1.0,0.4927697441601778,1.0,0.7435897435897436,0.8571428571428572,0.666666666666667,0.8866666666666667,0.7864864864864864,0.3333333333333333,13.3,0.9090909090909091,0.9999999999999999,1.0,0.23320895522388058,0.6666666666666666,1.0,0.0,0.5873015873015872,0.5839904328156634,0.6949424827997501,0.7752180952199845,0.7815712165783746,0.6717665464448683,0.563173679455034,0.5271983870804924,0.34090295852336505,0.27434970738904824,0.17816746394953875,0.16351270655817976,0.22033898305084743,0.40267902007888334,0.046745112849988404,0.7400325286618776,0.7204535504812456,1.0
0.2439024390243903,0.0,0.2491657397107897,0.20000000000000018,0.4615384615384617,0.18367346938775508,0.5,0.4000000000000001,0.275,0.6666666666666666,34.1,0.09090909090909094,0.33333333333333337,0.5,0.32116204690831557,0.0,0.6666666666666666,0.0,0.47619047619047605,0.29104565031491736,0.23313354199646502,0.1668579959644736,0.37094265774188684,0.2709163443587388,0.3304968943978901,0.1889983738210354,0.28640846247522633,0.1554568212337738,0.24120996913824821,0.1802692980908363,0.12994350282485873,0.18110214253831255,0.09540764011606344,0.2933725081574315,0.1842383811501013,0.3076923076923077
0.4146341463414634,1.0,0.26362625139043383,0.48,0.9743589743589745,0.4693877551020411,0.875,0.35333333333333333,0.3425675675675676,0.3333333333333333,29.8,0.5454545454545455,0.6666666666666666,0.5,0.23240938166311292,0.3333333333333333,0.6666666666666666,0.0,0.6507936507936507,0.2756592069633014,0.20319387999927718,0.2167909776863165,0.38949425617421185,0.6326745165278682,0.38216419459846784,0.2866768004231148,0.24504792542719556,0.17785440740065317,0.17615999280392186,0.13183192141640745,0.2033898305084746,0.4161492003437296,0.14684029161162254,0.28534734661035316,0.16594778404583693,0.46153846153846156
0.26829268292682934,0.0,0.16573971078976635,0.040000000000000036,0.3076923076923075,0.06122448979591866,0.916666666666667,0.6533333333333333,0.41013513513513516,0.6666666666666666,27.0,0.2272727272727273,0.33333333333333337,0.0,0.30490405117270786,0.0,0.3333333333333333,0.0,0.2222222222222221,0.19346619861850312,0.30270364837148067,0.20850029203525933,0.589975644967837,0.19240755387640185,0.531248105639904,0.10978685927227994,0.23655760769434753,0.15822543477179662,0.18779902883962724,0.15546721560995672,0.19774011299435024,0.3236938622358917,0.07166994208030926,0.05045342391130195,0.09246314261787086,0.07692307692307693
0.1951219512195122,1.0,0.40489432703003336,0.5800000000000001,0.4358974358974361,0.7346938775510203,0.9583333333333335,0.4466666666666666,0.4736486486486487,0.6666666666666666,21.3,0.5454545454545455,0.33333333333333337,0.5,0.3070362473347547,0.0,0.6666666666666666,0.0,0.2857142857142856,0.6093852077036318,0.40692325045521194,0.2708825960518132,0.4786986144469427,0.816723964813606,0.39859952714322994,0.6063446363746849,0.3500989349337231,0.12954458794078155,0.3542338656201601,0.1983079798793248,0.35593220338983056,0.3067814718421822,0.18862491000719944,0.45940999430601126,0.2904091702052707,0.3076923076923077
0.21951219512195125,1.0,0.7385984427141268,0.7200000000000002,0.5641025641025639,0.06122448979591866,0.0,0.56,0.4081081081081081,0.0,20.6,0.7272727272727274,0.0,0.0,0.4914712153518123,0.0,0.0,0.25,0.7301587301587298,0.25559238632503267,0.2947018927456898,0.11759901016666319,0.5871557592041499,0.3515333850440423,0.22026888814832918,0.19103345924105525,0.6013399586674052,0.2168636747956697,0.5138099735644074,0.39780679224434534,0.7966101694915255,0.2104663253879375,0.3307866713946466,0.06665511137264268,0.09001894521357373,0.0
0.39024390243902446,0.0,0.31590656284760843,0.0,0.8205128205128212,0.24489795918367374,0.4583333333333335,0.5800000000000001,0.40608108108108104,0.0,33.7,0.2727272727272728,0.6666666666666666,0.5,0.48187633262260116,0.3333333333333333,0.6666666666666666,0.25,0.714285714285714,0.23964503946455118,0.2955513031246184,0.2905003213209455,0.5264000386592489,0.3078727585575889,0.4014969356918355,0.16870236666601574,0.4005874065760884,0.3010328420564001,0.20669147079547529,0.29743196032696934,0.1016949152542373,0.23478061691947497,0.047001203407377026,0.266563310198803,0.22237034540048256,0.46153846153846156
0.902439024390244,1.0,0.2614015572858731,0.7200000000000002,0.9743589743589745,0.48979591836734704,0.125,0.5733333333333335,0.45,0.6666666666666666,22.9,0.6363636363636364,0.6666666666666666,0.5,0.1607142857142857,1.0,0.6666666666666666,1.0,0.9365079365079363,0.3632345303964484,0.3601960854508625,0.34209254112773124,0.5126050293266646,0.4429893259078779,0.4804267397891278,0.2884391920484644,0.20232751960525297,0.29094066546196057,0.070210826008916,0.09317493226109178,0.23728813559322032,0.4671103732923124,0.10198831152331343,0.3310243170464628,0.2618628309380033,0.46153846153846156
0.14634146341463422,0.0,0.21579532814238034,0.0,1.0,0.24489795918367374,0.41666666666666696,0.49999999999999994,0.3527027027027027,1.0,25.0,0.2272727272727273,0.33333333333333337,0.5,0.37526652452025583,0.0,0.3333333333333333,0.5,0.841269841269841,0.20499564565310735,0.24020218004591892,0.17108904193824098,0.4572060235942228,0.308247431881264,0.427473090291884,0.1476233234769529,0.29678836648439566,0.13524760025862492,0.28044465766157445,0.20581167788720395,0.19774011299435024,0.2808549713772145,0.10207823374130072,0.2484911036146889,0.18855672016977953,0.3076923076923077
0.2926829268292683,1.0,0.8164627363737484,0.8199999999999998,0.4358974358974361,0.34693877551020424,0.16666666666666696,0.5133333333333334,0.4418918918918919,0.3333333333333333,22.2,1.0,0.33333333333333337,0.0,0.49999999999999994,0.3333333333333333,0.0,0.25,0.5873015873015872,0.4313960521555166,0.36221969206591637,0.2441245686336858,0.5422296959909503,0.548327477031046,0.21697481057223605,0.37047123131478893,0.638836093362466,0.259089175881563,0.488217921232928,0.4208379475668501,0.5819209039548022,0.2646781902101042,0.26269772433953315,0.11250238051135597,0.11064277297837666,0.07692307692307693
0.9512195121951221,0.0,0.24360400444938812,0.040000000000000036,0.2051282051282053,0.4693877551020411,0.04166666666666696,0.27999999999999997,0.19527027027027027,0.3333333333333333,28.4,0.5000000000000001,0.33333333333333337,0.0,0.38566098081023453,1.0,0.6666666666666666,0.5,0.49206349206349187,0.5924177358895965,0.28442739343656215,0.19756074833293213,0.21324153620331793,0.26584418572796076,0.2604152346105576,0.3671199581251717,0.3162279235541996,0.5055413717070907,0.05929189644275447,0.2180566157229587,0.33333333333333337,0.4102048915234222,0.25202157740424247,0.1544947043713346,0.08688052088318302,0.07692307692307693
1.0,0.0,0.3414905450500556,0.3599999999999999,0.8205128205128212,0.020408163265306367,0.666666666666667,0.4466666666666666,0.2256756756756757,0.0,34.9,0.18181818181818177,0.33333333333333337,0.5,0.33928571428571425,1.0,0.6666666666666666,0.5,0.6349206349206349,0.08736000345104644,0.16054932583903864,0.12341155644057283,0.34326282962638355,0.011672681007870667,0.2390201701564479,0.008236531094928667,0.33974963585567963,0.48519952253850357,0.07717793802377705,0.20816334578814838,0.1751412429378531,0.17536708078102578,0.10500493293869827,0.187135466656087,0.13989557414082313,0.3076923076923077
0.1951219512195122,1.0,0.7953281423804226,0.7999999999999998,0.7948717948717947,0.9591836734693877,0.29166666666666696,0.3466666666666666,0.4283783783783784,1.0,25.2,0.31818181818181823,0.0,0.0,0.4949360341151386,0.0,0.0,0.25,0.7619047619047619,0.6423301902896347,0.35075906684989333,0.1399682868821113,0.3833022211018948,0.9720179574502783,0.2156010593366588,0.6989671753264477,0.6269421554076221,0.20551567499461199,0.5691717244870775,0.4120958361350597,0.4915254237288136,0.06448898873285805,0.30206524654498235,0.16751121184540974,0.10714203742550138,0.0
0.6341463414634148,0.0,0.35706340378197987,0.31999999999999984,0.4102564102564106,0.6530612244897962,0.20833333333333348,0.5999999999999999,0.4425675675675676,0.6666666666666666,27.0,0.4545454545454545,0.0,0.0,0.36886993603411505,0.6666666666666666,0.6666666666666666,0.5,0.5555555555555554,0.6145481123502764,0.5167420278524227,0.2062027848575736,0.4632910402421798,0.3705770155126229,0.4042287944401009,0.42406535522669425,0.36311136760322427,0.3497073890482269,0.14728450267331572,0.23021861839086355,0.5932203389830508,0.29643977175478986,0.23398128149748026,0.16026601363807175,0.15784280128441272,0.0
0.024390243902439046,1.0,0.18798665183537255,0.7400000000000002,0.4615384615384617,0.36734693877551017,0.8333333333333335,0.0733333333333333,0.10810810810810811,0.0,23.3,1.0,0.33333333333333337,0.0,0.10527718550106607,0.0,0.3333333333333333,1.0,0.3492063492063491,0.3661847783691291,0.08679468786786018,0.07926454228432583,0.12250806079482052,0.5623742203030431,0.20530719984878543,0.3295586494335517,0.13811090341374366,0.0007667567433147227,0.36319363841443253,0.057848262824541724,0.5819209039548022,0.7675755422829421,0.6481920790599047,0.09549614343410606,0.026512100683209507,0.07692307692307693
0.09756097560975613,1.0,0.5139043381535038,0.7999999999999998,0.666666666666667,0.16326530612244916,0.3333333333333335,0.94,0.7040540540540541,0.6666666666666666,11.7,0.9090909090909091,0.9999999999999999,1.0,0.30810234541577813,0.0,1.0,0.0,0.6666666666666665,0.24670549767863215,0.47144170697009524,0.5522515088488397,0.9494743625754307,0.4216577121689351,0.49369092815562116,0.20544591331951073,0.3965811278357073,0.09038611382814704,0.5102182946657706,0.21601623491950556,0.22033898305084743,0.3884740179601205,0.04086709712437665,0.4761541881629121,0.515643490656187,1.0
0.6829268292682928,1.0,0.21579532814238034,0.3599999999999999,0.12820512820512864,0.5510204081632653,0.5,0.4399999999999999,0.3655405405405406,0.6666666666666666,20.2,0.4545454545454545,0.6666666666666666,0.5,0.2326759061833688,0.6666666666666666,0.3333333333333333,0.0,0.26984126984126977,0.6486065745888548,0.42062791171007474,0.3903224515937614,0.3984152420006112,0.4817082609729968,0.43982802021364625,0.4934477956489806,0.22338761670526996,0.27396840133291334,0.09198465097391482,0.12484490326407965,0.1694915254237288,0.41151358849617936,0.10408132866612053,0.4798668210175647,0.29878155722442473,0.46153846153846156
0.878048780487805,0.0,0.3959955506117907,0.43999999999999995,0.8717948717948723,0.6938775510204085,0.41666666666666696,0.3133333333333333,0.24932432432432433,0.0,26.4,0.18181818181818177,0.33333333333333337,0.0,0.35261194029850745,1.0,0.6666666666666666,0.5,0.7619047619047619,0.46993883487105326,0.25940126925780205,0.18258096280639402,0.23911349509812796,0.39238670002159437,0.23434602783065367,0.34036981142360295,0.37210301882999586,0.44447852252192505,0.10929043671199194,0.22666594566346454,0.1751412429378531,0.14832980258512177,0.14595285985368595,0.12255382809731263,0.07923610000632103,0.07692307692307693
0.902439024390244,0.0,0.403781979977753,0.45999999999999996,0.9230769230769234,0.7755102040816326,0.625,0.38666666666666666,0.3141891891891892,1.0,32.0,0.5000000000000001,0.33333333333333337,0.0,0.35101279317697215,1.0,0.6666666666666666,0.5,0.714285714285714,0.4821115069139682,0.3096443752482841,0.21265477473781996,0.29658854302267457,0.43942472553680334,0.27979430698273583,0.3655841322741345,0.37470764590582817,0.4537003265969262,0.10726408652738799,0.22698868962040059,0.33333333333333337,0.2871567238149312,0.20081948999635585,0.12572829985051798,0.09458324068254298,0.07692307692307693
0.43902439024390244,1.0,0.6206896551724137,0.7200000000000002,0.8461538461538467,0.18367346938775508,0.625,0.5800000000000001,0.4520270270270271,0.3333333333333333,21.2,0.7727272727272728,0.33333333333333337,0.0,0.4096481876332622,0.3333333333333333,1.0,0.5,0.6666666666666665,0.17902842260219687,0.26205247080543176,0.1841678817510712,0.6057582614126612,0.43526168860708125,0.2829077851277944,0.16484203730603014,0.5027494725588081,0.2857971783351846,0.3100760085753264,0.3081704249390646,0.4689265536723165,0.2767088106669683,0.19205821198537693,0.04668824302239882,0.08004592977918973,0.07692307692307693
0.17073170731707316,1.0,0.8965517241379308,0.6600000000000001,0.4871794871794872,0.0,0.04166666666666696,0.36000000000000004,0.2587837837837838,0.0,22.3,0.4545454545454545,0.33333333333333337,0.5,0.6313965884861406,0.0,0.0,0.25,0.6666666666666665,0.23542598516589297,0.18961708098054164,0.1408105246007002,0.39554452156159203,0.3072603117785049,0.11071908569129223,0.16595133135442086,0.7518025192797831,0.24576418707206682,0.6544365320900108,0.5627431225849929,0.3107344632768362,0.07999172416447667,0.20038396928245744,0.26436276316211105,0.15765351002094688,0.3076923076923077
0.0,0.0,0.2814238042269187,0.10000000000000009,0.6153846153846159,0.8367346938775513,0.375,0.6133333333333333,0.5675675675675675,1.0,28.5,0.31818181818181823,0.33333333333333337,0.5,0.3960554371002131,0.0,0.6666666666666666,0.5,0.6190476190476188,0.6352621447174728,0.5379446747680203,0.3493075579663375,0.5554072317032555,0.6802109703209305,0.5671016232845278,0.568864558203481,0.34054021994239936,0.07541570649380794,0.46398212973929204,0.23259531270265427,0.24293785310734467,0.2811751150026218,0.09587740023051679,0.4729067196462331,0.3704521608161044,0.3076923076923077
0.5121951219512195,1.0,0.503893214682981,0.7799999999999998,0.07692307692307754,0.40816326530612246,0.4583333333333335,0.18,0.19594594594594594,0.6666666666666666,27.6,0.9545454545454545,0.0,0.0,0.30810234541577813,0.3333333333333333,1.0,0.0,0.25396825396825395,0.575359528932171,0.21043627815456906,0.08397332566672452,0.22432374359598323,0.5908970945518108,0.159530359762437,0.4881485969425415,0.3924958411932792,0.25864155572870906,0.23461982450333796,0.21450020836031858,0.9661016949152543,0.41332105822889187,0.7640552392172262,0.1500461497766024,0.06427936928960076,0.0
0.39024390243902446,1.0,0.3114571746384871,0.3599999999999999,0.23076923076923084,0.16326530612244916,0.29166666666666696,0.11333333333333334,0.11418918918918919,0.0,25.8,0.8636363636363636,0.0,0.0,0.31369936034115137,0.3333333333333333,0.6666666666666666,0.0,0.41269841269841256,0.37239149424915485,0.11047374766145843,0.04408388169261001,0.16094177554681693,0.4223997685406269,0.15911483225752082,0.28768126194670757,0.3119463215454048,0.2121139276181634,0.20481837398617753,0.18689387158095833,0.8983050847457625,0.5343326885880064,0.8373037619676992,0.09711477278449429,0.03374505044952903,0.0
0.14634146341463422,0.0,0.14015572858731917,0.14000000000000012,0.23076923076923084,0.9387755102040818,0.41666666666666696,0.5266666666666666,0.518918918918919,0.3333333333333333,31.9,0.40909090909090906,0.0,0.0,0.2404051172707889,0.0,0.3333333333333333,0.0,0.3650793650793649,0.8611802252074899,0.5937238053408653,0.23692189815937842,0.4805380301991905,0.7451513806187227,0.6774694229413178,0.7702346061794578,0.19131443742307042,0.08491520084882043,0.23533424283765353,0.11696526449908601,0.559322033898305,0.4664597598017226,0.24769367287826272,0.2245844042870881,0.1813574735032154,0.0
0.5853658536585367,1.0,0.2591768631813125,0.54,0.5897435897435903,0.28571428571428603,0.375,0.5466666666666666,0.3871621621621622,0.3333333333333333,25.7,0.818181818181818,0.33333333333333337,0.5,0.21002132196162043,0.6666666666666666,0.6666666666666666,0.0,0.603174603174603,0.3303922034183102,0.32808855969750217,0.22369483532761303,0.490423857011988,0.3175802037618951,0.4255408026737885,0.22723326817615525,0.23040389564609254,0.2242742751040302,0.12634899693952506,0.11896779618273046,0.4915254237288136,0.5674369998258267,0.21214302855771533,0.3138946286864919,0.24224785273201466,0.3076923076923077
0.07317073170731708,0.0,0.403781979977753,0.2999999999999998,0.5128205128205128,0.6938775510204085,0.5,0.4266666666666666,0.38851351351351354,0.6666666666666666,31.8,0.09090909090909094,0.33333333333333337,0.5,0.4187100213219616,0.0,0.6666666666666666,0.5,0.5079365079365079,0.5827967349226245,0.38075248785942084,0.25521766895600584,0.3937677493845154,0.5910140465803901,0.335479698518084,0.4935020255464237,0.41170124319196655,0.1166091944495101,0.46486664767701597,0.273219029411252,0.12994350282485873,0.10406341657561666,0.08877605581027205,0.4455421507451881,0.2744210513482198,0.3076923076923077
0.853658536585366,1.0,0.23359288097886532,0.2599999999999998,0.2564102564102564,0.08163265306122458,1.0,0.026666666666666672,0.01891891891891892,0.0,20.0,0.8636363636363636,0.33333333333333337,0.0,0.2835820895522388,1.0,0.6666666666666666,0.0,0.1587301587301586,0.20910712263616815,0.026910451574883865,0.043419878137304045,0.04322860067353601,0.1875262993142095,0.10059938093127331,0.11737097440359678,0.2591320276045056,0.3769956398481407,0.06963733067365076,0.15575368480974217,0.5141242937853107,0.6233947426831964,0.6764081095734562,0.05453236987428037,0.008220003079798435,0.07692307692307693
0.12195121951219517,0.0,0.3092324805339265,0.2200000000000002,0.666666666666667,0.8163265306122449,0.666666666666667,0.56,0.5195945945945946,0.3333333333333333,34.3,0.13636363636363635,0.0,0.0,0.36886993603411505,0.0,0.6666666666666666,0.5,0.5396825396825395,0.5880987430642058,0.4744325484427646,0.18931944266765346,0.5092329159342551,0.6675591492855677,0.5017235145026422,0.5285317645559036,0.3402421261252656,0.12201793796316251,0.35572482562220975,0.22092169069933293,0.35593220338983056,0.1703154687526738,0.15282120713924974,0.1533683682079875,0.14491904747506926,0.0
0.7317073170731709,1.0,0.8331479421579533,0.7200000000000002,0.384615384615385,0.4285714285714288,0.25,0.5733333333333335,0.4364864864864865,0.0,21.1,0.9545454545454545,0.33333333333333337,0.0,0.556769722814499,0.6666666666666666,0.0,0.25,0.5238095238095237,0.4884093372373298,0.42886706560675814,0.2840174163802099,0.512758773098355,0.4052464984494424,0.21003005884075693,0.35701058648517486,0.6803983673393935,0.5333311228634425,0.26750858282236184,0.4762853352281331,0.559322033898305,0.24455712056400894,0.2301274721551687,0.1273706906417516,0.1310007225371834,0.07692307692307693
0.43902439024390244,1.0,0.5339265850945494,0.41999999999999993,0.6410256410256414,0.8163265306122449,0.9583333333333335,0.9133333333333333,0.9074324324324325,0.3333333333333333,12.0,0.9090909090909091,0.9999999999999999,1.0,0.4736140724946694,0.3333333333333333,1.0,0.25,0.41269841269841256,0.5786454373392435,0.7090927050657194,0.789334497023622,0.9240028632006232,0.8734291172406685,0.6134798115613619,0.6048628311628677,0.501998866408362,0.321606790563504,0.2755798090040928,0.3410513950159021,0.22033898305084743,0.37558246878846424,0.04374323850883373,0.7358508164377039,0.7334204310572661,1.0
0.9268292682926831,0.0,0.30812013348164624,0.16000000000000014,0.7435897435897436,0.44897959183673475,0.08333333333333348,0.6333333333333333,0.4216216216216216,0.6666666666666666,32.7,0.18181818181818177,0.0,0.0,0.39445628997867804,1.0,0.6666666666666666,0.5,0.8095238095238093,0.4056066593544474,0.4178750414121204,0.16675051112014783,0.4893666221455729,0.2551471780776726,0.41989761549650667,0.25209956325742294,0.35297999873656516,0.5020971833087418,0.07886933763955788,0.23715842472550525,0.38983050847457623,0.19385215808736353,0.1467788783793848,0.10577684821321437,0.12764312474727965,0.0
0.6341463414634148,1.0,0.943270300333704,0.7000000000000002,0.384615384615385,0.12244897959183687,0.791666666666667,0.5666666666666667,0.36418918918918924,0.6666666666666666,24.4,0.9090909090909091,0.6666666666666666,0.5,0.6433901918976546,0.6666666666666666,0.0,0.25,0.3174603174603172,0.23351059624863535,0.2858977039022383,0.2827959004058262,0.5072142358081868,0.21509254218385188,0.15160676282322483,0.13895290810804894,0.7787525580452824,0.5375420680051062,0.3379785289744362,0.5859852792434682,0.3389830508474576,0.19353983782175174,0.14420179718955817,0.2633637470064469,0.21647281409237434,0.46153846153846156
0.21951219512195125,0.0,0.1446051167964404,0.16000000000000014,0.1538461538461542,0.44897959183673475,0.5,0.5066666666666666,0.39999999999999997,0.0,34.5,0.13636363636363635,0.6666666666666666,0.5,0.2374733475479744,0.0,0.3333333333333333,0.0,0.2857142857142856,0.5677377768873638,0.42758707638902294,0.39587647685098865,0.4633124663571374,0.43738781103904656,0.5432683520610913,0.4211742963774708,0.1920257909994466,0.11021817337820589,0.1989215877346846,0.11620918420471246,0.050847457627118675,0.2853910441224763,0.037437005039596835,0.43768779687003156,0.30303301728889803,0.46153846153846156
0.6097560975609757,1.0,0.23581757508342605,0.7599999999999998,0.384615384615385,0.8775510204081636,0.75,0.35333333333333333,0.3567567567567567,1.0,24.7,0.6363636363636364,0.33333333333333337,0.0,0.13326226012793174,0.6666666666666666,0.6666666666666666,1.0,0.33333333333333326,0.7389982400570635,0.39570398047716815,0.2641671231789477,0.32403562091063653,0.685001465664417,0.4154815406619384,0.6484334631504738,0.17487970663202468,0.1813193189542267,0.11299306993967355,0.07633385081391442,0.40112994350282494,0.4937516592710577,0.2507310094804066,0.1927209597415389,0.12087080475626916,0.07692307692307693
0.43902439024390244,0.0,0.09677419354838712,0.3599999999999999,0.8717948717948723,0.48979591836734704,0.25,0.48666666666666664,0.3939189189189189,1.0,33.7,0.045454545454545525,0.33333333333333337,0.0,0.13139658848614072,0.3333333333333333,0.3333333333333333,1.0,0.8253968253968251,0.3778093967397459,0.3199121573249419,0.21880071936124296,0.44596564561952445,0.46307280604734613,0.5937218711876681,0.30473319592215514,0.11320411184603274,0.1300253651419951,0.1017720342413385,0.05918821350115569,0.10734463276836159,0.2681915489377592,0.06548939499474189,0.09852769004352885,0.09771961318294353,0.07692307692307693
0.9268292682926831,0.0,0.11790878754171297,0.3999999999999999,0.384615384615385,0.5306122448979593,0.3333333333333335,0.5266666666666666,0.36824324324324326,0.6666666666666666,33.1,0.36363636363636365,0.0,0.0,0.1383262260127932,1.0,0.3333333333333333,1.0,0.49206349206349187,0.543057817885131,0.4281844046906328,0.17086440026319377,0.4061293941279811,0.3014829809445274,0.5383281937775353,0.35166537227107536,0.12663935174585617,0.2790497189940151,0.03025244099108841,0.064870218756126,0.5254237288135593,0.463777035343766,0.23347341515004377,0.14162229107593927,0.13079219854354493,0.0
0.04878048780487804,0.0,0.36262513904338145,0.45999999999999996,1.0,0.8163265306122449,0.75,0.5133333333333334,0.48175675675675683,0.3333333333333333,34.8,0.4545454545454545,0.33333333333333337,0.5,0.31823027718550106,0.0,0.6666666666666666,0.0,0.714285714285714,0.4710903038480855,0.3825549061088893,0.25629653512854206,0.4687675552253411,0.6675591492855677,0.43155199060098265,0.441816942698354,0.3377079880696756,0.07374127555165044,0.46433593691438163,0.1984558738061184,0.3107344632768362,0.29273302747893837,0.14714413398109255,0.3872790333544758,0.27552217620452235,0.3076923076923077
0.2926829268292683,0.0,0.33815350389321464,0.1200000000000001,0.28205128205128194,0.10204081632653095,0.5,0.35333333333333333,0.23040540540540538,1.0,34.3,0.40909090909090906,0.6666666666666666,0.5,0.4426972281449893,0.3333333333333333,0.6666666666666666,0.5,0.3650793650793649,0.2916165841972451,0.20982391993819272,0.22208233246464992,0.3302604062845441,0.21904244240086124,0.24434376717523748,0.1737152549732206,0.3924254307740066,0.23235630564167176,0.2600122933001514,0.27574176561816444,0.15254237288135591,0.28738790223316235,0.12012553558822091,0.2936702921568702,0.16999817677636528,0.46153846153846156
0.6585365853658538,1.0,0.13904338153503892,0.7599999999999998,0.8717948717948723,0.6734693877551021,0.875,0.38666666666666666,0.34797297297297297,0.6666666666666666,29.0,0.6363636363636364,0.6666666666666666,0.5,0.06743070362473347,0.6666666666666666,0.3333333333333333,1.0,0.5873015873015872,0.4196580228739668,0.2824362990978631,0.2800333950483739,0.35273662829996777,0.5582447379059514,0.49282974063590673,0.3657227832190197,0.09482193634853803,0.14960874682935726,0.07214068332758646,0.03624268427752601,0.23728813559322032,0.6156396794694663,0.15269445111057783,0.3604533170976596,0.2143581889941505,0.46153846153846156
0.4634146341463415,1.0,0.403781979977753,0.54,0.5128205128205128,0.16326530612244916,0.29166666666666696,0.5733333333333335,0.4418918918918919,0.3333333333333333,27.3,0.2727272727272728,0.6666666666666666,0.5,0.3206289978678038,0.3333333333333333,0.6666666666666666,0.0,0.5873015873015872,0.2905397007769196,0.32031565480969854,0.3102644512249069,0.5990154350071579,0.42034362943281645,0.37547193425710684,0.23364549492215653,0.3574648675097467,0.24605431124521293,0.21471541253260218,0.20694721069067107,0.1016949152542373,0.1854382197930903,0.04803498073095332,0.29310861827175005,0.23749926633695323,0.46153846153846156
0.6585365853658538,0.0,0.013348164627363712,0.16000000000000014,0.8974358974358978,0.9795918367346941,0.875,0.6466666666666667,0.5459459459459459,0.3333333333333333,28.7,0.5000000000000001,0.0,0.0,0.11140724946695091,0.6666666666666666,0.3333333333333333,1.0,0.603174603174603,0.5865462940301943,0.5328192222014386,0.21261829214898043,0.49918539439768805,0.5540739129819732,0.9325826511734946,0.4811183803346865,0.06282445417645355,0.18038263233806928,0.03216047254246433,0.04042555225188538,0.6271186440677966,0.7377795722146056,0.23086153107751384,0.15296351004789038,0.16275370315819515,0.0
0.17073170731707316,0.0,0.17018909899888757,0.52,0.4102564102564106,0.6530612244897962,0.7083333333333335,0.7066666666666668,0.5966216216216216,1.0,15.5,0.5454545454545455,0.6666666666666666,1.0,0.14738805970149255,0.0,0.3333333333333333,1.0,0.3650793650793649,0.5830212377373704,0.5716034779147405,0.5108142270594953,0.636714014708954,0.5655567386671299,0.7193949088363557,0.48331678410883044,0.15528353872303102,0.05759793763159207,0.2385715784897231,0.0755364309544635,0.2033898305084746,0.5160877366640905,0.06515478761699066,0.7392742689169656,0.6074290257318765,0.7692307692307693
0.9756097560975612,0.0,0.10789766407119017,0.33999999999999986,0.7948717948717947,0.10204081632653095,0.916666666666667,0.5866666666666667,0.31959459459459455,0.6666666666666666,31.9,0.36363636363636365,0.6666666666666666,0.5,0.14658848614072495,1.0,0.3333333333333333,1.0,0.5238095238095237,0.10016662083245709,0.2210645807816351,0.23105336808639065,0.4523501803091532,0.05754753795735068,0.494093939247323,0.025343141174582473,0.12656622808252982,0.30101626353222033,0.02282118314484123,0.06733056114290159,0.13559322033898302,0.4765537129936286,0.05927525797936169,0.19381505926945392,0.17686526828502683,0.46153846153846156
0.9268292682926831,1.0,0.09232480533926579,0.7400000000000002,0.12820512820512864,0.7346938775510203,0.04166666666666696,0.12000000000000005,0.15000000000000002,0.3333333333333333,29.8,0.818181818181818,0.33333333333333337,0.0,0.03971215351812368,1.0,0.3333333333333333,1.0,0.4444444444444442,0.7869347811835102,0.2278750744955656,0.16371045642542673,0.12370030346581096,0.5958477771145405,0.31085046803268696,0.641468552226262,0.058550141846135995,0.1931729637427676,0.023713326237200696,0.020650740984666863,0.4915254237288136,0.8187464709203837,0.49989412611696926,0.20522217518674107,0.06960618289702303,0.07692307692307693
0.0,1.0,0.48053392658509453,0.9199999999999999,0.5897435897435903,0.6122448979591839,0.7083333333333335,0.8866666666666667,0.8155405405405407,0.3333333333333333,13.6,0.9090909090909091,0.6666666666666666,1.0,0.24893390191897652,0.0,1.0,0.0,0.47619047619047605,0.49018738847086507,0.625697959283463,0.553986379129318,0.8984711475152372,0.7320725723948489,0.5920231248141394,0.4800252106632739,0.34607525762997493,0.034234652431240575,0.6223108405918775,0.17193929867650376,0.3389830508474576,0.41119950528195104,0.08182951921223351,0.6666447514538625,0.6569997438835562,0.7692307692307693
0.04878048780487804,1.0,0.8954393770856506,0.45999999999999996,0.666666666666667,0.6734693877551021,0.7083333333333335,0.34,0.3695945945945946,0.0,29.3,0.8636363636363636,0.33333333333333337,0.5,0.7446695095948825,0.0,0.0,0.75,0.5238095238095237,0.5005419221249819,0.2882113092743503,0.19982567147067648,0.3769176094892347,0.774285401979915,0.16347044381998543,0.5038379332159972,0.8167035584350016,0.20636946898987046,0.8456516198671724,0.678644651374924,0.5141242937853107,0.19619252469963097,0.3180909883644951,0.4026402178136611,0.21788623097475385,0.3076923076923077
0.2926829268292683,1.0,0.907675194660734,1.0,0.4871794871794872,0.8163265306122449,0.41666666666666696,0.49333333333333335,0.5324324324324325,0.0,28.0,0.818181818181818,0.6666666666666666,0.5,0.48187633262260116,0.3333333333333333,0.0,0.25,0.5238095238095237,0.6703981105521136,0.4699773075410735,0.4297076082208777,0.522962234746208,0.8724661770679756,0.23755775346734442,0.679256902782231,0.6635449748083767,0.2506341285498765,0.5317362037689458,0.42165701933450095,0.30508474576271183,0.17946560368522843,0.15050279848579856,0.49123270931726415,0.3289298573812015,0.46153846153846156
0.6585365853658538,0.0,0.36707452725250267,0.5,0.6153846153846159,0.5714285714285716,0.0,0.4266666666666666,0.3081081081081081,1.0,26.6,0.2272727272727273,0.6666666666666666,0.5,0.3070362473347547,0.6666666666666666,0.6666666666666666,0.0,0.7619047619047619,0.5130366737256985,0.3486728754681519,0.3328960064513912,0.3275293850289772,0.32310618711226935,0.2926074947710126,0.34162463411373517,0.3333651710881351,0.3172797957525821,0.14467115422094956,0.19210857729426795,0.0847457627118644,0.1834874539625346,0.0673209301150645,0.40915714949143156,0.2548231258417536,0.46153846153846156
0.5853658536585367,0.0,0.1946607341490545,0.33999999999999986,0.02564102564102555,0.26530612244897966,0.541666666666667,0.8400000000000001,0.5067567567567568,0.0,16.2,0.5454545454545455,0.9999999999999999,1.0,0.22121535181236668,0.6666666666666666,0.3333333333333333,0.0,0.19047619047619024,0.4884093372373298,0.5952656639123205,0.6757795140107455,0.6499706581205745,0.14988195903180213,0.5983578862358403,0.2619554318415734,0.20736787605809903,0.23158540426731217,0.1043624082018157,0.11562432265297978,0.11186440677966103,0.4870910772853416,0.018973754826886596,0.6652536747707701,0.6291124123410115,1.0
0.7804878048780488,0.0,0.030033370411568394,0.06000000000000005,0.2051282051282053,0.7142857142857144,0.625,0.6066666666666667,0.4594594594594595,0.6666666666666666,28.4,0.40909090909090906,0.6666666666666666,0.5,0.15778251599147114,1.0,0.3333333333333333,1.0,0.26984126984126977,0.7186928659301469,0.5806452045466375,0.5180303198521276,0.4678351736421864,0.40362703670388567,0.7802076339857106,0.5051325862767264,0.09452723041029976,0.2506341285498765,0.022360013792483105,0.0616094669891423,0.15254237288135591,0.6306651144460698,0.06252776373634793,0.5164219752787602,0.3965385670819028,0.46153846153846156
0.902439024390244,1.0,1.0,0.45999999999999996,0.6923076923076925,0.7142857142857144,0.41666666666666696,0.12666666666666665,0.1527027027027027,1.0,21.7,0.7272727272727274,0.33333333333333337,0.0,0.8283582089552237,1.0,0.0,0.75,0.6507936507936507,0.5371307411168781,0.16371024409425255,0.1253035744451111,0.12919418264039945,0.5820087403797811,0.048305742359917456,0.45741026116919686,0.9107026891538758,0.8619672076791722,0.26242461494848945,0.8008389047652139,0.4463276836158192,0.12865126127373674,0.4558452715087141,0.14007658790464184,0.05000654511146447,0.07692307692307693
0.12195121951219517,1.0,0.7630700778642934,0.8399999999999999,0.9487179487179489,0.28571428571428603,0.0,0.25999999999999995,0.23851351351351352,1.0,25.8,0.9090909090909091,0.0,0.0,0.45682302771855005,0.0,0.0,0.5,0.9682539682539679,0.2821553941472411,0.15930133635174692,0.06356823601862024,0.30060766605332967,0.5060707369690265,0.12432643669251874,0.25370841874168654,0.5902369027436187,0.15347568759429037,0.6381552488676279,0.372731371811438,0.9322033898305084,0.2584769761800443,0.6278059552988571,0.07358239222884974,0.04865981054920362,0.0
0.7560975609756098,1.0,0.5406006674082312,1.0,0.0512820512820511,0.14285714285714324,0.25,0.8866666666666667,0.5722972972972973,0.0,14.9,0.9090909090909091,0.6666666666666666,1.0,0.26199360341151373,0.6666666666666666,1.0,0.0,0.3174603174603172,0.42419820401117003,0.576985365070167,0.5151094461801473,0.7815206411994107,0.2271849132787318,0.39235467537229735,0.25334981626971625,0.3780976145562216,0.32248130771398725,0.1742754280549753,0.18855356746695534,0.3389830508474576,0.3714016879811023,0.08182951921223351,0.6150174338002297,0.612360841409844,0.7692307692307693
0.48780487804878053,0.0,0.10789766407119017,0.020000000000000018,0.4871794871794872,0.5102040816326534,0.625,0.49999999999999994,0.4074324324324325,0.3333333333333333,32.6,0.4545454545454545,0.33333333333333337,0.0,0.2526652452025587,0.3333333333333333,0.3333333333333333,0.0,0.4444444444444442,0.4703168860890762,0.37398472090246726,0.25116671417033437,0.4570066868419621,0.47455742679411284,0.5951262053236204,0.370662498442244,0.18112003218354245,0.21598501301414147,0.09462606037604245,0.11765489451171712,0.3107344632768362,0.539017470392957,0.15099592032637393,0.1226524188511462,0.11423649094335597,0.07692307692307693
0.3658536585365854,0.0,0.18242491657397097,0.08000000000000007,0.12820512820512864,0.7142857142857144,0.541666666666667,0.37333333333333335,0.35067567567567565,0.6666666666666666,29.2,0.0,0.33333333333333337,0.0,0.3054371002132196,0.3333333333333333,0.3333333333333333,0.0,0.25396825396825395,0.7593703997282305,0.41992721934485144,0.2786663289050969,0.34774442573186115,0.6046069616001772,0.45395386954188727,0.6258712246365419,0.24529325828306225,0.19788955387191431,0.15850179833808753,0.15888959122377302,0.0847457627118644,0.1710461335857438,0.07946534088593667,0.1980337493410541,0.12826997817931526,0.07692307692307693
0.48780487804878053,1.0,0.07675194660734141,0.48,0.9743589743589745,0.9591836734693877,0.5833333333333335,0.35333333333333333,0.43445945945945946,0.6666666666666666,20.0,0.5000000000000001,0.6666666666666666,0.5,0.08448827292110872,0.3333333333333333,0.3333333333333333,1.0,0.7619047619047619,0.5669089722940052,0.32420358905314367,0.3133673645748173,0.3895329866515994,0.9715538061740907,0.6701058342463745,0.634598382865625,0.0780149873486094,0.11660504981846517,0.08289455930728278,0.03700179572802134,0.1864406779661017,0.6187286831935926,0.13793537293715535,0.4372555143339921,0.2398744647884724,0.46153846153846156
0.2439024390243903,0.0,0.34816462736373743,0.33999999999999986,0.8205128205128212,0.40816326530612246,0.541666666666667,0.6399999999999999,0.48581081081081084,0.6666666666666666,28.1,0.0,0.6666666666666666,0.5,0.3531449893390191,0.0,0.6666666666666666,0.5,0.6825396825396823,0.3189293529927607,0.37065335443210656,0.35043836116833793,0.5786021057209647,0.41090792256820774,0.4446579979847876,0.24921670996648276,0.3503246378610292,0.16938278154478692,0.2918170311465966,0.2182484853712201,0.0,0.08477541974005806,0.0006410446068424447,0.30791590934552293,0.2682513363848858,0.46153846153846156
0.878048780487805,1.0,0.3515016685205783,0.7200000000000002,0.0,0.5510204081632653,0.8333333333333335,0.4266666666666666,0.3560810810810811,1.0,25.3,0.31818181818181823,0.33333333333333337,0.5,0.22334754797441364,1.0,0.6666666666666666,0.0,0.06349206349206327,0.6923715698486393,0.43114117978360067,0.2853786236685871,0.3874042594947842,0.482950372173081,0.33876171461136856,0.523499929379537,0.2776655325750299,0.33593063545483176,0.09749686420900601,0.13897799116700169,0.24293785310734467,0.23516095220600167,0.14241387004829092,0.5026934840117779,0.30520427337265815,0.3076923076923077
0.853658536585366,1.0,0.4705228031145716,0.2200000000000002,0.9230769230769234,0.06122448979591866,0.41666666666666696,0.9133333333333333,0.5648648648648649,0.6666666666666666,11.6,0.9090909090909091,0.9999999999999999,1.0,0.5178571428571428,1.0,1.0,0.25,0.7936507936507935,0.1259483637187182,0.367611581605523,0.44866954798499287,0.8052269249293076,0.17758862555242616,0.4255697184058748,0.06775171616360476,0.49604813868526,0.5700815663389645,0.13362302450824676,0.3610814131890592,0.22033898305084743,0.41834022341248145,0.04374323850883373,0.3816786015203979,0.42049637490850267,1.0
0.8292682926829269,0.0,0.34037819799777513,0.3799999999999999,0.12820512820512864,0.30612244897959195,0.625,0.5733333333333335,0.35337837837837843,0.3333333333333333,26.1,0.31818181818181823,0.33333333333333337,0.0,0.33049040511727074,1.0,0.6666666666666666,0.0,0.2222222222222221,0.4677839429283207,0.41755196092197977,0.2772445801160887,0.4420047505236784,0.17312810958006564,0.3429154120156576,0.2590038367810242,0.3344180776655654,0.4054112302922794,0.10255449241701729,0.20238173948634203,0.24293785310734467,0.24191648264941065,0.10423636697299511,0.12199186080046143,0.12754443734262616,0.07692307692307693
0.43902439024390244,1.0,0.7764182424916573,0.2400000000000002,0.8461538461538467,0.4285714285714288,0.75,0.22666666666666663,0.23513513513513512,0.3333333333333333,24.4,0.9090909090909091,0.33333333333333337,0.0,0.7867803837953091,0.3333333333333333,0.0,0.75,0.6190476190476188,0.30030574113916886,0.14881156871456425,0.11638573482188014,0.26840867195840834,0.6033963426062277,0.12001762109130963,0.2957215260709887,0.7842594140261229,0.4969246837646513,0.37199226421600223,0.6871359879668247,0.536723163841808,0.2530096923190742,0.41596672266218715,0.07831576248918509,0.045455630862955294,0.07692307692307693
0.4634146341463415,0.0,0.37263626251390425,0.3799999999999999,0.3589743589743595,0.22448979591836737,0.666666666666667,0.026666666666666672,0.03445945945945944,0.0,27.5,0.045454545454545525,0.0,0.0,0.3574093816631129,0.3333333333333333,0.6666666666666666,0.5,0.3492063492063491,0.3260798449905008,0.05239023694042311,0.02090600759021021,0.04703641858947322,0.2968407106938258,0.07704162684182382,0.21807738347723776,0.36410419366812063,0.2672167973606989,0.20266684386738953,0.22559462263364927,0.288135593220339,0.09611968578533989,0.4499373383462656,0.08503730763159736,0.016002998232983255,0.0
0.4146341463414634,1.0,0.5072302558398218,0.7000000000000002,0.6410256410256414,0.30612244897959195,0.20833333333333348,0.8533333333333333,0.6885135135135136,0.6666666666666666,14.5,0.9090909090909091,0.9999999999999999,1.0,0.3382196162046908,0.3333333333333333,1.0,0.5,0.6984126984126982,0.34561814586726847,0.5010584574870175,0.5817974723366666,0.8667839867484686,0.5204893452115749,0.487537010548518,0.30166538213359,0.4121829750187639,0.2354440557701553,0.27578198453271535,0.23586233999588935,0.22033898305084743,0.39289168278529996,0.05068718098057774,0.5535395165285896,0.5427834789746965,1.0
0.9756097560975612,0.0,0.38487208008898766,0.3599999999999999,0.3333333333333339,0.795918367346939,0.41666666666666696,0.35333333333333333,0.29324324324324325,1.0,26.0,0.2272727272727273,0.6666666666666666,0.5,0.37606609808102337,1.0,0.6666666666666666,0.5,0.4285714285714284,0.7220421223305274,0.3886589795294716,0.36480843303421073,0.27051273766405814,0.45077607429129274,0.2726032505106412,0.5288221124936217,0.3799099787482989,0.5079908486546527,0.09117306929792225,0.24027086648448231,0.0847457627118644,0.17436644696926487,0.0845058608903521,0.5181688587567289,0.2792512479502624,0.46153846153846156
0.3170731707317073,0.0,0.25806451612903225,0.6000000000000001,0.1538461538461542,0.7551020408163267,0.666666666666667,0.06,0.10810810810810811,0.0,25.5,0.5000000000000001,0.0,0.0,0.19163113006396587,0.3333333333333333,0.6666666666666666,0.0,0.2222222222222221,0.7709772392707511,0.17579975737374348,0.07015183126947916,0.0755650192740287,0.6284089621591908,0.17397684410068393,0.6454968107914523,0.2191313068602403,0.12331520748023012,0.21098146671354434,0.10891617965490391,0.6271186440677966,0.3967938202384743,0.7147929860526413,0.20106065946742718,0.05369937932920867,0.0
0.34146341463414637,0.0,0.2513904338153503,0.2599999999999998,0.7692307692307692,0.8367346938775513,0.3333333333333335,0.78,0.7033783783783785,0.3333333333333333,15.0,0.5454545454545455,0.9999999999999999,1.0,0.2995735607675905,0.3333333333333333,0.6666666666666666,0.0,0.7301587301587298,0.5837236594229008,0.6220344081170069,0.7024842782094628,0.6997468502035519,0.679853818828914,0.7202830596819851,0.5302888570280717,0.2761134656563162,0.18511580099139574,0.19785279522660149,0.1680074588674354,0.11186440677966103,0.4277102477428758,0.02504020037678427,0.7398238157522932,0.6536425647829973,1.0
0.7317073170731709,1.0,0.5239154616240266,0.52,0.5897435897435903,0.7346938775510203,0.7083333333333335,0.8733333333333333,0.7398648648648649,0.6666666666666666,11.6,0.9090909090909091,0.9999999999999999,1.0,0.42110874200426435,0.6666666666666666,1.0,0.5,0.47619047619047605,0.5648655402793453,0.6718879150200069,0.7522186301889129,0.77070140051493,0.59666102035812,0.510966854124147,0.4829664811100363,0.46786019354460584,0.43206949717336157,0.17529758781464094,0.2988784355767019,0.22033898305084743,0.38196163950371664,0.04829580484389977,0.7250699721437387,0.6993269687560488,1.0
0.0,1.0,0.4705228031145716,0.6800000000000002,0.7692307692307692,0.5714285714285716,0.666666666666667,0.8200000000000001,0.7466216216216217,0.3333333333333333,13.3,0.9090909090909091,0.9999999999999999,1.0,0.31956289978678026,0.0,1.0,0.0,0.603174603174603,0.4118957777039097,0.529390605921836,0.6100619040712876,0.8345181707449072,0.7031639437434674,0.551818028981989,0.4102179239452232,0.3855064590845053,0.05400454251562525,0.6143501791523619,0.2170771071920784,0.22033898305084743,0.41834022341248145,0.0548571143210277,0.6053925039564116,0.5687462927249731,1.0
0.04878048780487804,0.0,0.27030033370411555,0.56,0.7179487179487181,0.34693877551020424,0.4583333333333335,0.8066666666666666,0.5864864864864865,0.0,18.7,0.5454545454545455,0.6666666666666666,1.0,0.21242004264392317,0.0,0.6666666666666666,0.0,0.6507936507936507,0.32113251725088,0.459080858338461,0.42101128375129354,0.7228258835135277,0.371884929032235,0.5944360578905596,0.23847585373825092,0.23664712490317885,0.040832905054792035,0.3982624469664033,0.12180161935469982,0.2033898305084746,0.41000989679061206,0.05122958584365887,0.5343829329630012,0.5043163436324869,0.7692307692307693
0.3658536585365854,0.0,0.1523915461624027,0.31999999999999984,0.7948717948717947,0.18367346938775508,0.916666666666667,0.49999999999999994,0.33986486486486484,0.3333333333333333,29.5,0.4545454545454545,0.33333333333333337,0.0,0.1910980810234541,0.3333333333333333,0.3333333333333333,0.0,0.5238095238095237,0.14869696038306623,0.21181477634641416,0.15409730897805932,0.4569819629036973,0.2692364454202252,0.47074985599548685,0.10346420278093632,0.17135410478322954,0.1392140121686367,0.1454752614370623,0.0942569294260622,0.3107344632768362,0.48085754730233476,0.15099592032637393,0.03877819913814856,0.0647004420966078,0.07692307692307693
0.5365853658536586,1.0,0.25583982202447153,1.0,0.4102564102564106,0.8367346938775513,0.875,0.6133333333333333,0.6445945945945946,0.6666666666666666,26.8,0.6363636363636364,0.6666666666666666,0.5,0.09141791044776115,0.6666666666666666,0.6666666666666666,1.0,0.3015873015873014,0.6946632803274181,0.5719698601495417,0.5111066322948593,0.6372714929422296,0.8862549128968387,0.6616779723877254,0.7051936060268631,0.15665966236061035,0.13375553308244498,0.13715275175029606,0.0581344611958903,0.23728813559322032,0.47273648337478114,0.09372433303927237,0.5038887795320646,0.3912386665979588,0.46153846153846156
0.2439024390243903,1.0,0.9833147942157952,0.7200000000000002,0.3333333333333339,0.7755102040816326,0.875,0.37333333333333335,0.4175675675675676,0.6666666666666666,23.6,0.818181818181818,0.6666666666666666,0.5,0.6607142857142856,0.0,0.0,0.25,0.25396825396825395,0.6885969878835921,0.3896655134765359,0.36561173561751686,0.4085451467923642,0.8443095224022397,0.16806514086966023,0.6815747103958842,0.8059617222890217,0.3033040998690296,0.6164982941439773,0.6134646980842985,0.30508474576271183,0.15715667311411965,0.19195294565114035,0.5007247619783645,0.27986615492213296,0.46153846153846156
0.26829268292682934,1.0,0.5339265850945494,0.7799999999999998,1.0,0.34693877551020424,0.16666666666666696,0.8333333333333333,0.6864864864864866,0.0,13.3,0.9090909090909091,0.9999999999999999,1.0,0.3283582089552239,0.0,1.0,0.0,0.9365079365079363,0.2835778351340694,0.4465110549098479,0.5273804435684364,0.8477241814263383,0.5487662957763895,0.46995129014131115,0.2674157598287294,0.41720989835796785,0.1688025331984947,0.3695217141140836,0.23318465115933146,0.22033898305084743,0.37558246878846424,0.05316054715622749,0.5050016408785385,0.49279771609015743,1.0
0.21951219512195125,0.0,0.26362625139043383,0.040000000000000036,0.8974358974358978,0.0,0.41666666666666696,0.4599999999999999,0.2777027027027027,0.6666666666666666,25.4,0.2727272727272728,0.6666666666666666,0.5,0.40644989339019183,0.0,0.6666666666666666,0.5,0.7777777777777777,0.09881855584494015,0.1711341255645869,0.1912044749829944,0.42252142870086795,0.15425669585084822,0.3239532118785993,0.04703988871578835,0.3367145762038758,0.18116596760556375,0.262017200625659,0.23537337546225745,0.1016949152542373,0.26994282313431195,0.06826747977808835,0.19311194425752054,0.14636199006854855,0.46153846153846156
0.7560975609756098,1.0,0.486095661846496,0.7400000000000002,0.5897435897435903,0.7755102040816326,0.125,0.5266666666666666,0.4770270270270271,0.3333333333333333,23.9,0.36363636363636365,0.6666666666666666,0.5,0.30970149253731344,0.6666666666666666,1.0,0.0,0.6984126984126982,0.6232676846423876,0.4699227197656113,0.42966404237675127,0.47293848752264334,0.6217996282429374,0.35663676033298586,0.5353347952670218,0.38604443946163725,0.3588338666091945,0.1583541051759444,0.21282811327755513,0.13559322033898302,0.1847576658832665,0.06994045127552585,0.466650726784671,0.32889650887486593,0.46153846153846156
0.3658536585365854,1.0,0.6963292547274749,0.5,0.666666666666667,0.40816326530612246,0.125,0.5999999999999999,0.5236486486486487,0.3333333333333333,27.9,0.31818181818181823,0.33333333333333337,0.5,0.5644989339019189,0.3333333333333333,0.0,0.25,0.746031746031746,0.4015655717257135,0.3964631280419906,0.2646215230541664,0.6248482322454378,0.5905637812703597,0.2968393852742487,0.3640455048268974,0.6259796079180499,0.3308327392695502,0.3814003186445205,0.4527716605238874,0.24293785310734467,0.09105613808861265,0.09858411327093834,0.35101677351644883,0.2840189215531821,0.3076923076923077
0.17073170731707316,0.0,0.4193548387096774,0.10000000000000009,0.6153846153846159,0.0,0.08333333333333348,0.03333333333333338,0.018243243243243223,1.0,33.0,0.09090909090909094,0.0,0.0,0.533582089552239,0.0,0.6666666666666666,0.25,0.7301587301587298,0.20090384080872137,0.02812377468752858,0.011222622408664472,0.05255241650508308,0.15425669585084822,0.055055181341549145,0.10378135556563362,0.47893894006465654,0.2077371972347022,0.38122663148584024,0.36059105348407744,0.32203389830508466,0.09783201272562905,0.4734079455461744,0.052393062551039926,0.00859062189661676,0.0
0.902439024390244,1.0,0.5283648498331478,0.7599999999999998,0.7948717948717947,0.28571428571428603,0.9583333333333335,0.4599999999999999,0.3283783783783784,1.0,27.2,0.5000000000000001,0.6666666666666666,0.5,0.3315565031982943,1.0,1.0,0.0,0.5079365079365079,0.2034992294094955,0.22138352525346205,0.23130791381621624,0.41536018149651854,0.31601167067271363,0.23929989025823062,0.14880005868571677,0.4168934259947479,0.4370596329514747,0.13968568948105098,0.2345649660311121,0.1864406779661017,0.21945288753799416,0.10680557320120275,0.24771061251468457,0.17706011633753208,0.46153846153846156
0.26829268292682934,1.0,0.5228031145717463,0.7200000000000002,0.4358974358974361,0.06122448979591866,0.916666666666667,0.6799999999999999,0.48986486486486486,1.0,11.0,0.9090909090909091,0.6666666666666666,1.0,0.34195095948827287,0.0,1.0,0.5,0.3015873015873014,0.15840302829318798,0.29308580938941914,0.28853264055629063,0.7008911516728743,0.3501221057140962,0.3474104536700253,0.12973554853878788,0.42090076711016156,0.1749324425139674,0.3640316027764868,0.24101100959092442,0.3389830508474576,0.38267858333889093,0.11760638096320718,0.40706984238884125,0.3522029749888425,0.7692307692307693
0.5609756097560976,1.0,0.4760845383759732,0.31999999999999984,0.4358974358974361,0.38775510204081653,1.0,0.98,0.7108108108108109,0.3333333333333333,11.2,0.9090909090909091,0.9999999999999999,1.0,0.472547974413646,0.6666666666666666,1.0,0.25,0.26984126984126977,0.368261409223686,0.5871476740435297,0.6676809269587732,0.8616516894669757,0.3796407680442657,0.5231036405444256,0.2709239390814872,0.47462238456919936,0.3832830451433213,0.20792497357232992,0.32771383961001566,0.22033898305084743,0.41435399321615696,0.0367718805845786,0.5712547066705533,0.6216733062148051,1.0
0.6585365853658538,0.0,0.28253615127919907,0.3599999999999999,0.9230769230769234,0.18367346938775508,0.666666666666667,0.17333333333333328,0.09324324324324323,0.3333333333333333,35.0,0.5000000000000001,0.33333333333333337,0.0,0.2891791044776119,0.6666666666666666,0.6666666666666666,0.0,0.6984126984126982,0.1568164595001873,0.07761242447589314,0.07376835217205155,0.12985335473639714,0.10360184847242193,0.15146479103536514,0.0664838504510098,0.28517275961699196,0.3047837331520748,0.11778180891414179,0.16724271127857449,0.33333333333333337,0.37531276063386065,0.324782438457555,0.04089565703947093,0.02370730816044355,0.07692307692307693
0.17073170731707316,0.0,0.08008898776418238,0.41999999999999993,0.6410256410256414,0.44897959183673475,0.25,0.25999999999999995,0.2222972972972973,0.0,26.0,0.4545454545454545,0.0,0.0,0.10181236673773986,0.0,0.3333333333333333,1.0,0.6825396825396823,0.4196580228739668,0.2086662538490638,0.08326700815936466,0.24917987347093273,0.43686141740479467,0.4081967544906689,0.3235520770883889,0.08923075376303424,0.03987963991445484,0.18698649236166287,0.044524965711220416,0.5932203389830508,0.5803732419761986,0.42169210732804296,0.10944125783745096,0.06373870183918343,0.0
0.6585365853658538,0.0,0.20244716351501668,0.3999999999999999,0.2051282051282053,0.8163265306122449,0.125,0.3,0.25743243243243247,1.0,26.8,0.2272727272727273,0.33333333333333337,0.0,0.20842217484008524,0.6666666666666666,0.3333333333333333,0.0,0.46031746031746024,0.8004805206953766,0.3778984514735977,0.25350933998587905,0.22886577387963686,0.4622381679116798,0.3449571747156653,0.5863728175956342,0.20397981299064671,0.24827168885425815,0.0923076923076923,0.11012085887259823,0.19774011299435024,0.291630939799397,0.16386899574349845,0.20875472476214224,0.1154319698545393,0.07692307692307693
0.853658536585366,0.0,0.37263626251390425,0.10000000000000009,0.8717948717948723,0.6734693877551021,0.916666666666667,0.4466666666666666,0.33986486486486484,0.3333333333333333,26.3,0.2727272727272728,0.6666666666666666,0.5,0.4869402985074626,1.0,0.6666666666666666,0.25,0.5714285714285712,0.415713275328528,0.3155182499331206,0.30643570034992607,0.34366876035399263,0.38239111959961236,0.31457477577373166,0.3021107215454791,0.43206195421679516,0.5446003746746464,0.10718762048268597,0.314723155271062,0.1016949152542373,0.20171318043658412,0.07103431725461969,0.3583958412020842,0.2345684583755353,0.46153846153846156
0.6097560975609757,0.0,0.16907675194660732,0.45999999999999996,0.17948717948717974,0.9183673469387754,0.5,0.78,0.6331081081081082,0.0,16.6,0.5454545454545455,0.9999999999999999,1.0,0.1631130063965885,0.6666666666666666,0.3333333333333333,1.0,0.3015873015873014,0.8734166976721615,0.8171859278525054,0.8971693660756852,0.6034769162000374,0.5200231147654089,0.7586813375080036,0.6645601223440198,0.16370959716452593,0.20127986206667886,0.09077727057358397,0.08293472919850986,0.11186440677966103,0.5174606845513406,0.02504020037678427,0.9664681458830204,0.8324741338619416,1.0
0.17073170731707316,0.0,0.271412680756396,0.41999999999999993,0.4871794871794872,0.9591836734693877,0.4583333333333335,0.4133333333333334,0.42702702702702705,0.3333333333333333,27.1,0.13636363636363635,0.33333333333333337,0.0,0.25852878464818757,0.0,0.6666666666666666,0.0,0.5079365079365079,0.754092382573715,0.449060522621467,0.2961045319462885,0.38191760653529394,0.7569287728746477,0.45179723722023074,0.6933861132326322,0.2632408404664568,0.10080571627513721,0.2965251937693957,0.14770248911602166,0.15254237288135591,0.1920720352727757,0.10295176385889131,0.19665731232616757,0.1371689682981578,0.07692307692307693
0.6585365853658538,0.0,0.37263626251390425,0.48,0.5384615384615383,0.6530612244897962,0.0,0.4533333333333333,0.34054054054054056,0.0,30.0,0.36363636363636365,0.6666666666666666,0.5,0.31876332622601283,0.6666666666666666,0.6666666666666666,0.0,0.714285714285714,0.5813023345069116,0.3982039956594582,0.37242619509507335,0.34843635101199166,0.36958272504592116,0.3151002915899526,0.4025872708085903,0.3424838059730373,0.3254861652215719,0.14644019009639747,0.20048347714907472,0.13559322033898302,0.24395057829708303,0.08518504960281144,0.4447627110476534,0.2850824441876711,0.46153846153846156
0.6585365853658538,1.0,0.5517241379310344,0.6200000000000001,0.4615384615384617,0.6734693877551021,0.8333333333333335,0.8,0.664864864864865,1.0,12.4,0.9090909090909091,0.9999999999999999,1.0,0.40058635394456293,0.6666666666666666,1.0,0.5,0.3492063492063491,0.5667094452622706,0.6240002366752717,0.7044454082386548,0.7071391338551621,0.5573500931069368,0.445818245282621,0.46854196793366715,0.4681045722489905,0.3827442431074785,0.2034031452858192,0.28873786022379605,0.22033898305084743,0.3645581479690526,0.05747681361961633,0.7265125701854641,0.6554439968501989,1.0
0.878048780487805,1.0,0.5172413793103448,0.52,0.7435897435897436,0.7755102040816326,0.75,0.6533333333333333,0.5777027027027026,1.0,29.0,0.8636363636363636,0.33333333333333337,0.5,0.4157782515991471,1.0,1.0,0.5,0.5555555555555554,0.5310237882890009,0.5042277531038226,0.3291257570795095,0.5819681212591384,0.6224717716190042,0.4080983650790105,0.4687570490569775,0.4619625208121234,0.49752151063512323,0.14142792178262847,0.2936586847705579,0.5141242937853107,0.3683433771983756,0.18735366035582018,0.4185387522983691,0.34985397805058727,0.3076923076923077
0.9756097560975612,0.0,0.06785317018909898,0.33999999999999986,0.6923076923076925,0.18367346938775508,0.8333333333333335,0.52,0.2972972972972973,1.0,25.3,0.13636363636363635,0.6666666666666666,0.5,0.11220682302771856,1.0,0.3333333333333333,1.0,0.49206349206349187,0.18519841235275503,0.23903044251422412,0.24539170529121335,0.4005186688912591,0.10412950313261393,0.5135400795641941,0.0818789610027863,0.08927315978611328,0.2700061340539465,0.012938982737166857,0.04742988549510173,0.050847457627118675,0.3642950947607799,0.0353896688264939,0.23816539079140409,0.18784088780312863,0.46153846153846156
0.853658536585366,1.0,0.3170189098998887,0.94,0.8717948717948723,0.38775510204081653,0.791666666666667,0.5333333333333334,0.39932432432432435,0.3333333333333333,23.2,0.2727272727272728,0.33333333333333337,0.5,0.1420575692963752,1.0,0.6666666666666666,1.0,0.6190476190476188,0.26565507870003413,0.28709545985041895,0.199157762012104,0.4782080864493118,0.3793200792799172,0.39511295152100795,0.20545208763891237,0.2132573623090841,0.26035328835027105,0.0921675045590719,0.08974810259004648,0.22033898305084748,0.23408490872382762,0.103959683225342,0.28012945813439294,0.21720454150731527,0.3076923076923077
0.6341463414634148,1.0,0.6073414905450498,0.6800000000000002,0.2564102564102564,0.0,0.7083333333333335,0.5066666666666666,0.3006756756756757,0.3333333333333333,26.0,0.7272727272727274,0.6666666666666666,0.5,0.4163113006396589,0.6666666666666666,1.0,0.5,0.26984126984126977,0.2000543100045845,0.24070740789172063,0.24673007109972572,0.45527910165570307,0.13796137986879353,0.19641926621036038,0.09893953698231678,0.5011521287518805,0.3821681393922312,0.2287003583047239,0.3109385413853003,0.27118644067796616,0.2668775379179762,0.13206943444524438,0.24591383374591397,0.1888653715825538,0.46153846153846156
0.39024390243902446,0.0,0.15795328142380416,0.040000000000000036,0.7692307692307692,0.24489795918367374,0.41666666666666696,0.4199999999999999,0.2993243243243244,0.0,31.0,0.31818181818181823,0.33333333333333337,0.0,0.296908315565032,0.3333333333333333,0.3333333333333333,0.0,0.6984126984126982,0.2567702934592303,0.22760156101009166,0.16354674056907798,0.3880120085291967,0.30870168184005586,0.4226429341581673,0.17940979049227068,0.22859057610836242,0.20323612791989254,0.14019653406540494,0.1496496842402524,0.24293785310734467,0.38827467578350805,0.14450242210711645,0.06696229396264647,0.06952263611272971,0.07692307692307693
0.1951219512195122,1.0,0.08565072302558396,0.54,0.9743589743589745,0.0,0.791666666666667,0.4333333333333333,0.3081081081081081,0.6666666666666666,24.8,0.5454545454545455,0.33333333333333337,0.5,0.07755863539445629,0.0,0.3333333333333333,1.0,0.6825396825396823,0.027935417780387772,0.1278984380901274,0.10386784714559266,0.46587717231756154,0.308247431881264,0.5056146480592162,0.03936753755037736,0.0779307294097078,0.03676287736865666,0.17848695537854947,0.03509781902673398,0.35593220338983056,0.6368380716032255,0.19353303909600278,0.15614117583935028,0.11994864778714587,0.3076923076923077
0.7804878048780488,1.0,0.13570634037819795,0.6800000000000002,0.8974358974358978,0.08163265306122458,0.08333333333333348,0.5866666666666667,0.36756756756756753,0.6666666666666666,28.2,0.7272727272727274,0.6666666666666666,0.5,0.08262260127931764,1.0,0.3333333333333333,1.0,0.9047619047619047,0.1840765960344718,0.2677746044219884,0.2683320736541704,0.5243374975813613,0.1895927343119339,0.5177470428599686,0.10370002522614513,0.10250364144320545,0.19219483081616073,0.05261052726264186,0.04236267899505389,0.27118644067796616,0.680039574023433,0.11244665644139777,0.23758028109615897,0.2054011356310447,0.46153846153846156
0.4634146341463415,1.0,0.5428253615127918,0.8999999999999999,0.7435897435897436,0.30612244897959195,0.666666666666667,0.72,0.5878378378378379,1.0,10.3,0.9090909090909091,0.9999999999999999,1.0,0.2939765458422175,0.3333333333333333,1.0,0.0,0.5873015873015872,0.26706364221382006,0.37931275133088205,0.460342750731283,0.7391789339309407,0.5197410376951894,0.40122984832080094,0.24739998187058693,0.39952280103668636,0.23071917637891876,0.2685036655023012,0.21061934384549147,0.22033898305084743,0.37002064927596867,0.06895043333242203,0.492081592075574,0.4312190100428903,1.0
0.2926829268292683,1.0,0.6785317018909898,0.3599999999999999,0.5641025641025639,0.28571428571428603,0.4583333333333335,0.6399999999999999,0.5222972972972972,0.6666666666666666,28.2,0.6363636363636364,0.6666666666666666,0.5,0.6255330490405115,0.3333333333333333,0.0,0.25,0.5555555555555554,0.328179001283046,0.37610083240853964,0.3547859275308386,0.6629840306107684,0.5058337187513409,0.3025035213813277,0.285059288618386,0.651764607559875,0.3176528125466271,0.4224097866662669,0.5032067902216409,0.23728813559322032,0.20390868874121484,0.08859236466562127,0.3127402810399341,0.2715792839385572,0.46153846153846156
0.6585365853658538,1.0,0.872080088987764,0.8999999999999999,0.4615384615384617,0.9795918367346941,0.375,0.37333333333333335,0.3905405405405406,1.0,24.9,0.40909090909090906,0.33333333333333337,0.5,0.5015991471215351,0.6666666666666666,0.0,0.25,0.5238095238095237,0.779591374540984,0.42857342102151297,0.2838416507332171,0.3409025208764258,0.7474600028862546,0.17841602456907735,0.708586156093405,0.6621255007558408,0.45343092557900494,0.3052996117116172,0.43306571322588094,0.2881355932203389,0.0728605781797266,0.18330005297689395,0.5481850252838663,0.30363559029992665,0.3076923076923077
0.6829268292682928,0.0,0.08787541713014457,0.43999999999999995,0.28205128205128194,0.5510204081632653,0.29166666666666696,0.6066666666666667,0.4256756756756757,0.0,26.3,0.2272727272727273,0.33333333333333337,0.0,0.10314498933901922,0.6666666666666666,0.3333333333333333,1.0,0.4444444444444442,0.5969640441268499,0.5114095281872804,0.33342452302830705,0.46841363078765386,0.31261596339985753,0.6433578766525123,0.38907265813437647,0.09349513021178957,0.1813110296921368,0.05218134377633753,0.04596887771342653,0.19774011299435024,0.406330887608372,0.07987446110694126,0.15568032138538418,0.15621394851141038,0.07692307692307693
0.2926829268292683,0.0,0.12791991101223577,0.48,0.3589743589743595,0.6122448979591839,0.5833333333333335,0.38666666666666666,0.3425675675675676,0.6666666666666666,33.9,0.2272727272727273,0.33333333333333337,0.5,0.125,0.3333333333333333,0.3333333333333333,1.0,0.38095238095238093,0.5859112012435533,0.35486507079668433,0.23972234284534283,0.35893300472971745,0.5392335359268876,0.4985155156417001,0.47462737104855074,0.12375019658441277,0.08414429947446081,0.15970795916225655,0.06010555988394228,0.19774011299435024,0.3610260840172007,0.13287825862819863,0.4471665739330044,0.25860603260789317,0.3076923076923077
0.8292682926829269,0.0,0.4438264738598443,0.020000000000000018,0.7692307692307692,0.44897959183673475,0.16666666666666696,0.16666666666666669,0.11891891891891893,0.6666666666666666,31.5,0.5000000000000001,0.33333333333333337,0.0,0.6055437100213219,1.0,0.6666666666666666,0.25,0.7936507936507935,0.39134865813611164,0.14574474466626441,0.11455003840468775,0.12460844110747515,0.2534951701815604,0.12256813407962584,0.24309834534872427,0.5271168324891848,0.6278287106881744,0.1310291660275919,0.4232117981224134,0.33333333333333337,0.26332480397402014,0.330360771138309,0.10205855021215074,0.044518846021122584,0.07692307692307693
0.12195121951219517,1.0,0.904338153503893,0.7000000000000002,0.9230769230769234,0.9591836734693877,0.125,0.14666666666666667,0.24189189189189192,1.0,21.6,0.9545454545454545,0.0,0.0,0.6162046908315564,0.0,0.0,0.25,0.9047619047619047,0.6081231643455628,0.19739846997778965,0.07877066706807351,0.19222541091095802,0.970550180826895,0.10149045953498266,0.6692474846805061,0.7460231309893434,0.2104809429864553,0.7260686404170595,0.5494615587332523,0.9661016949152543,0.2188971506296226,0.8236141108711303,0.15859047223805128,0.06029687114873073,0.0
0.4146341463414634,0.0,0.43270300333704115,0.2799999999999998,0.9230769230769234,0.8979591836734695,0.8333333333333335,0.52,0.5047297297297297,0.0,25.3,0.5000000000000001,0.6666666666666666,0.5,0.45362473347547966,0.3333333333333333,0.6666666666666666,0.5,0.6349206349206349,0.5342435468129049,0.41925292437132555,0.38922509080980383,0.4748303096172689,0.719691429712531,0.405035429887643,0.5088875647603435,0.4440057855412721,0.2982559392562874,0.2453040235928562,0.30423364897760435,0.1864406779661017,0.2697266328849538,0.09271508279337655,0.4202180931119951,0.297941556444226,0.46153846153846156
0.09756097560975613,1.0,0.539488320355951,0.2400000000000002,0.3589743589743595,0.8571428571428572,0.791666666666667,0.9199999999999999,0.9270270270270271,0.6666666666666666,10.7,0.9090909090909091,0.9999999999999999,1.0,0.5703624733475479,0.0,1.0,0.25,0.3015873015873014,0.7359140689454359,0.8328828622926635,0.912828783254985,0.9300155733235969,0.9010025523104002,0.6220549705494325,0.7458278068567639,0.5567985545659321,0.18010908668910292,0.526863314039303,0.4199878287428427,0.22033898305084743,0.37209454807723785,0.0430127291944304,0.8588915490572169,0.8468583795981133,1.0
0.5853658536585367,1.0,0.37263626251390425,0.2599999999999998,0.7179487179487181,0.3265306122448983,0.75,0.013333333333333364,0.031756756756756765,0.6666666666666666,26.1,0.7727272727272728,0.33333333333333337,0.0,0.4088486140724947,0.6666666666666666,0.6666666666666666,0.5,0.5396825396825395,0.2752802627109049,0.034724252420315904,0.048096953179990624,0.0321497136266391,0.34180951537507265,0.07493956357693966,0.20050685056653744,0.39179951238427635,0.3541338550042275,0.16501506678860023,0.2600648106144701,0.4689265536723165,0.43401886866932504,0.6589872810175186,0.07178944894841968,0.010606788260108448,0.07692307692307693
0.024390243902439046,1.0,0.9777530589543937,0.8599999999999999,0.6410256410256414,0.9795918367346941,0.8333333333333335,0.5133333333333334,0.5878378378378379,0.6666666666666666,21.8,0.6818181818181818,0.6666666666666666,0.5,0.5868869936034116,0.0,0.0,0.25,0.46031746031746024,0.6874892301329804,0.4934152523059854,0.44841314878605526,0.5418529516077674,0.9848366500306494,0.24525147397779978,0.7430898241312014,0.7581652396795261,0.14306437440939007,0.9581483354729567,0.5365512805855953,0.2542372881355932,0.12230753293418575,0.12307046932308406,0.5001469848598628,0.34324845605767523,0.46153846153846156
0.21951219512195125,1.0,0.539488320355951,0.96,0.02564102564102555,0.6734693877551021,0.125,0.8666666666666667,0.818918918918919,0.0,11.1,0.9090909090909091,0.6666666666666666,1.0,0.2731876332622601,0.0,1.0,0.0,0.3492063492063491,0.7939707344078314,0.8337703214836266,0.7200464176978117,0.8794286248286893,0.7744971604178006,0.5522237163261626,0.7327034739099167,0.3849651268047124,0.12521344849881466,0.4082574996626838,0.19596427349071133,0.3389830508474576,0.37209454807723785,0.08475321974242063,0.9043127788281118,0.8476716231733034,0.7692307692307693
0.7073170731707319,0.0,0.03781979977753053,0.2400000000000002,0.4871794871794872,0.24489795918367374,0.5833333333333335,0.006666666666666654,0.0,0.0,25.3,0.36363636363636365,0.33333333333333337,0.0,0.11247334754797439,0.6666666666666666,0.3333333333333333,1.0,0.46031746031746024,0.3108515949249926,0.03874193451853428,0.05050180083899016,0.0,0.13915956486747416,0.160674926174936,0.16024087723858527,0.07517955167134943,0.19483910542283528,0.033410089373631754,0.04388160410624843,0.2655367231638418,0.580827888652185,0.4579304243895782,0.08106598157325351,0.01183401995962513,0.07692307692307693
0.09756097560975613,0.0,0.031145717463848643,0.1200000000000001,0.3589743589743595,0.26530612244897966,0.666666666666667,0.6466666666666667,0.4560810810810811,0.6666666666666666,32.2,0.5000000000000001,0.33333333333333337,0.5,0.14045842217484006,0.0,0.3333333333333333,1.0,0.3492063492063491,0.3528164672429196,0.3942238018761972,0.26328113868429975,0.5847740511781783,0.3218656602376955,0.7736177526055742,0.2424046006627572,0.0863513381959381,0.033032709428206714,0.19613401605216058,0.05449772632558819,0.33333333333333337,0.7011605415860727,0.1227101831853452,0.32559053108929736,0.2826508829732071,0.3076923076923077
0.7804878048780488,1.0,0.27252502780867627,0.5800000000000001,0.07692307692307754,0.20408163265306145,0.4583333333333335,0.4466666666666666,0.3040540540540541,1.0,28.1,0.40909090909090906,0.6666666666666666,0.5,0.20815565031982936,1.0,0.6666666666666666,0.0,0.25396825396825395,0.4338127052428945,0.3240604190563575,0.3132531023300061,0.4042897826671814,0.26613030749687683,0.3419382621113804,0.2726761645357855,0.23508882533492004,0.28980089192460085,0.09177698154505794,0.11976032478343582,0.15254237288135591,0.33579236201700224,0.09455243580513563,0.36783602472295995,0.2397870000492619,0.46153846153846156
0.0,0.0,0.11902113459399333,0.06000000000000005,0.5384615384615383,0.5510204081632653,0.08333333333333348,0.5266666666666666,0.4358108108108108,1.0,33.0,0.2727272727272728,0.33333333333333337,0.5,0.24893390191897652,0.0,0.3333333333333333,0.0,0.6825396825396823,0.5203866927551729,0.4163871707338408,0.27654737638301746,0.480211112043897,0.5004374202603101,0.6132356756835867,0.4142132499567633,0.18498391022876837,0.034234652431240575,0.3348425108315968,0.11771666356423519,0.22033898305084748,0.40115367447609607,0.1054910955960733,0.4129907248497964,0.29619082374763656,0.3076923076923077
0.4146341463414634,1.0,0.21357063403781973,0.31999999999999984,0.9487179487179489,0.8367346938775513,0.375,0.5333333333333334,0.5729729729729729,0.6666666666666666,21.3,0.7727272727272728,0.33333333333333337,0.0,0.24413646055437094,0.3333333333333333,0.3333333333333333,0.0,0.8253968253968251,0.5242795882095189,0.4227175521911176,0.28033652710623097,0.5611520921410782,0.8866998120980822,0.64198622010524,0.5656441539701873,0.22867285182181496,0.18423713920986756,0.1556897205308821,0.1306964169709504,0.4689265536723165,0.5972607036436818,0.2074394048476122,0.13672517732225625,0.12912230667057617,0.07692307692307693
0.7560975609756098,0.0,0.43270300333704115,0.45999999999999996,0.5641025641025639,0.6326530612244898,0.5833333333333335,0.5866666666666667,0.4290540540540541,0.0,34.0,0.36363636363636365,0.0,0.0,0.3742004264392324,0.6666666666666666,0.6666666666666666,0.5,0.5079365079365079,0.5216197179043779,0.4556741618253066,0.18183402179714606,0.4528034536022407,0.35883376062555516,0.35020594700891594,0.3606456572160081,0.40070740546636774,0.40798090154014494,0.1427577072536284,0.24795454630227426,0.5254237288135593,0.21070669480992302,0.21214302855771544,0.1360315183523036,0.13918915493356068,0.0
0.2439024390243903,0.0,0.43047830923248054,0.2599999999999998,0.6410256410256414,0.6938775510204085,0.375,0.4000000000000001,0.36756756756756753,0.6666666666666666,31.7,0.13636363636363635,0.33333333333333337,0.5,0.46108742004264386,0.0,0.6666666666666666,0.5,0.6349206349206349,0.5457020992067988,0.34612998478260343,0.23449381788030454,0.37049453636083574,0.5905637812703592,0.30671073540824867,0.46685919403934556,0.44698918605266114,0.21638289759445611,0.3338948130411783,0.3092283454779005,0.15254237288135591,0.11324005416843805,0.10652529615812552,0.4261945707134286,0.2532696350570573,0.3076923076923077
0.48780487804878053,1.0,0.3192436040044494,0.8399999999999999,0.2564102564102564,0.6122448979591839,0.9583333333333335,0.54,0.5256756756756757,0.0,29.0,0.6818181818181818,0.6666666666666666,0.5,0.16844349680170573,0.3333333333333333,0.6666666666666666,0.0,0.17460317460317443,0.6032311199885129,0.46874268846874556,0.42872227365457455,0.5678113428652544,0.7322117483823067,0.49878298574700114,0.5664916904167192,0.23072460242603698,0.1662162834264494,0.17423267477119703,0.10406221941567731,0.2542372881355932,0.4360477393089113,0.11645480575294435,0.45620018506289384,0.3281756097203123,0.46153846153846156
0.6097560975609757,0.0,0.14571746384872075,0.18000000000000016,0.6923076923076925,0.3265306122448983,0.916666666666667,0.21333333333333332,0.13445945945945947,0.6666666666666666,29.5,0.4545454545454545,0.0,0.0,0.2313432835820895,0.6666666666666666,0.3333333333333333,0.0,0.46031746031746024,0.2606332435639276,0.12888656647015634,0.05143140581641852,0.16136683185678458,0.1855556259383313,0.25616829477542546,0.14605765949850885,0.18946407597449444,0.24690396060942654,0.08300174079545251,0.11329905333970083,0.5932203389830508,0.48902293763454974,0.4656798187852289,0.06796970022054696,0.039369386663066545,0.0
0.5853658536585367,1.0,0.2758620689655171,0.2999999999999998,0.02564102564102555,0.9387755102040818,0.7083333333333335,0.4000000000000001,0.40608108108108104,0.0,24.4,0.5909090909090909,0.33333333333333337,0.5,0.3059701492537313,0.6666666666666666,0.6666666666666666,0.0,0.12698412698412698,0.9777139043553057,0.5378227435398152,0.34923457408619474,0.36422623607890414,0.7235557805693551,0.4298573750136275,0.8480086435609289,0.2911266006612123,0.28694109650358923,0.1320351836820361,0.17603801888181037,0.37853107344632764,0.4289347374453749,0.21770185657874636,0.6515204921972633,0.37037767116522796,0.3076923076923077
0.5121951219512195,0.0,0.114571746384872,0.2200000000000002,0.17948717948717974,0.16326530612244916,0.0,0.4466666666666666,0.3013513513513513,0.3333333333333333,32.8,0.4545454545454545,0.0,0.0,0.18896588486140725,0.3333333333333333,0.3333333333333333,0.0,0.49206349206349187,0.4196580228739668,0.3173800047420312,0.12664857377268954,0.411140546001486,0.25735590658346275,0.4661667606369992,0.261188697058733,0.15220038682872084,0.1863882027221937,0.09173615764023989,0.0877838387756788,0.5932203389830508,0.5297037888721828,0.2983761299096072,0.10944125783745096,0.0969461478261053,0.0
0.6341463414634148,1.0,0.6929922135706339,0.2599999999999998,0.7179487179487181,0.18367346938775508,0.08333333333333348,0.56,0.3736486486486487,1.0,20.9,0.5000000000000001,0.6666666666666666,0.5,0.6977611940298507,0.6666666666666666,0.0,0.25,0.7936507936507935,0.2745725285924585,0.30496128582437343,0.29801031483246704,0.501794101008807,0.25385269427848,0.21420896038601572,0.1741139444920487,0.6974653973168686,0.574744276264527,0.25656267334302807,0.5743489795858375,0.1864406779661017,0.15272523071861613,0.08437295165640481,0.28478056393833207,0.22811904765154617,0.46153846153846156
0.2926829268292683,1.0,0.2547274749721913,0.8399999999999999,0.2564102564102564,0.14285714285714324,0.8333333333333335,0.4199999999999999,0.3283783783783784,0.3333333333333333,25.2,0.9545454545454545,0.0,0.0,0.12633262260127925,0.3333333333333333,0.6666666666666666,1.0,0.2222222222222221,0.28009285471634016,0.2382325114579904,0.09506524466455998,0.45288182869282023,0.4063654229802902,0.3755153944557325,0.222683422151761,0.1784646690465389,0.08476599413120245,0.2202089861025741,0.07500886015597485,0.9661016949152543,0.6466160095697016,0.4908223271341834,0.07304450924472072,0.07276994116741237,0.0
0.7804878048780488,0.0,0.18353726362625133,0.20000000000000018,0.9230769230769234,0.40816326530612246,0.4583333333333335,0.9199999999999999,0.5952702702702704,1.0,19.2,0.5454545454545455,0.9999999999999999,1.0,0.2598614072494669,1.0,0.3333333333333333,0.0,0.7777777777777777,0.3020168849633237,0.503832715598938,0.5845650996911186,0.712385543166762,0.230705997426232,0.7004336011884155,0.1832960609174566,0.2226153024188735,0.3300038130605613,0.06630286493860842,0.13427550632681728,0.11186440677966103,0.49999144143373087,0.011788673927362436,0.5194276212957918,0.5453257339971386,1.0
0.8048780487804879,0.0,0.38487208008898766,0.10000000000000009,0.4358974358974361,0.24489795918367374,0.0,0.13999999999999996,0.08040540540540542,0.0,33.3,0.2727272727272728,0.0,0.0,0.4992004264392324,1.0,0.6666666666666666,0.25,0.6507936507936507,0.3893424826822477,0.13009641701134544,0.051914189366832376,0.10422895940174809,0.13979747181043356,0.10950666961174692,0.20365493128056827,0.4443392600340921,0.5289668263731162,0.11928028636157996,0.3265113055361284,0.4576271186440678,0.19517374417265979,0.44898041959460133,0.10153536620720818,0.039738944756396825,0.0
0.9756097560975612,1.0,0.13348164627363734,0.5800000000000001,0.3333333333333339,1.0,0.08333333333333348,0.4133333333333334,0.4283783783783784,0.3333333333333333,29.6,0.6818181818181818,0.33333333333333337,0.0,0.10421108742004265,1.0,0.3333333333333333,1.0,0.5555555555555554,0.8531890382396351,0.4938312786972934,0.32290278161077407,0.3756253935935805,0.7615118304946007,0.5870092491540884,0.7723325567267014,0.11427988668071531,0.2627944760357433,0.029134811183077633,0.05151054961149343,0.423728813559322,0.6537345633090301,0.2339812814974802,0.22250040849597474,0.15084453787394575,0.07692307692307693
0.8292682926829269,0.0,0.1345939933259177,0.33999999999999986,0.23076923076923084,0.08163265306122458,0.08333333333333348,0.6666666666666667,0.36081081081081084,1.0,32.0,0.0,0.0,0.0,0.16950959488272915,1.0,0.3333333333333333,0.0,0.49206349206349187,0.34561814586726847,0.40070730281658606,0.15989982873455125,0.5150136817498142,0.04646318062955723,0.5115362880917071,0.1496484138235965,0.15142827361347422,0.2752366584326663,0.045911324482003454,0.08142834201492516,0.2542372881355932,0.20511811462111543,0.08984881209503241,0.09013263789435802,0.12239910779959765,0.0
0.0,0.0,0.35817575083426023,0.08000000000000007,0.8717948717948723,0.10204081632653095,0.16666666666666696,0.3133333333333333,0.20472972972972975,0.6666666666666666,27.1,0.09090909090909094,0.0,0.0,0.4829424307036247,0.0,0.6666666666666666,0.25,0.8571428571428572,0.1893411197567012,0.1496086180004479,0.05970041530896283,0.29511335012594453,0.21775803029638063,0.21520570338851264,0.11413700156161471,0.4227851233749178,0.09973640146554158,0.5250138674422439,0.30842265142422665,0.32203389830508466,0.12370269560698036,0.22790259253486528,0.04937765794304391,0.045699095658277795,0.0
0.48780487804878053,1.0,0.5094549499443826,0.6000000000000001,0.2051282051282053,0.5918367346938775,0.75,0.8133333333333332,0.7479729729729729,0.0,10.1,0.9090909090909091,0.6666666666666666,1.0,0.3773987206823028,0.3333333333333333,1.0,0.5,0.2222222222222221,0.6265994791076891,0.6745046764254293,0.5929384304507699,0.828688122144416,0.7182925313110924,0.52576231011481,0.5784798074469408,0.4363404092743379,0.2896931315174323,0.24587862772683627,0.26408877303218464,0.3389830508474576,0.3914122627855693,0.09304837008388168,0.773368154580703,0.7017248980607818,0.7692307692307693
0.12195121951219517,1.0,0.46051167964404893,0.7000000000000002,0.8717948717948723,0.6122448979591839,1.0,0.7333333333333334,0.6871621621621622,0.0,12.4,0.9090909090909091,0.6666666666666666,1.0,0.3054371002132196,0.0,1.0,0.0,0.5396825396825395,0.3715321028196128,0.45327219335824054,0.41637545840453777,0.7520250801877391,0.7317219559649075,0.5173670683143785,0.3892111986299444,0.372907662551637,0.09933022762313701,0.4498683000373493,0.20604825608129734,0.3389830508474576,0.42563884440093225,0.1070464362850972,0.573813567468837,0.49899344031062376,0.7692307692307693
0.6585365853658538,0.0,0.12124582869855394,0.2999999999999998,0.2564102564102564,0.3265306122448983,0.0,0.6333333333333333,0.3945945945945946,0.6666666666666666,30.1,0.36363636363636365,0.0,0.0,0.17004264392324087,0.6666666666666666,0.3333333333333333,0.0,0.5396825396825395,0.4918469029554978,0.4683173999550351,0.18687922960190398,0.4886601905318241,0.18434683967288357,0.5641080628823332,0.27673242118472735,0.14538855447186594,0.22141447968301858,0.06647976852615324,0.07984095856871129,0.5254237288135593,0.45961854890500886,0.19738338174325365,0.12826716228196666,0.14305112863830485,0.0
0.39024390243902446,1.0,0.13348164627363734,0.56,0.28205128205128194,0.20408163265306145,0.125,0.5866666666666667,0.46216216216216216,0.6666666666666666,22.4,0.5454545454545455,0.6666666666666666,0.5,0.10900852878464817,0.3333333333333333,0.3333333333333333,1.0,0.5079365079365079,0.39926568386788475,0.3875635491290468,0.3639341832654277,0.6123973520273105,0.44996354402519745,0.6241490688581711,0.31459286941074055,0.11710328659533042,0.10388932177257584,0.12989450161426724,0.05363631891704493,0.2033898305084746,0.5641831572682635,0.08586095721037972,0.34981721289171863,0.2785820327763632,0.46153846153846156
0.09756097560975613,1.0,0.34482758620689646,0.8599999999999999,0.0512820512820511,0.38775510204081653,0.125,0.6133333333333333,0.529054054054054,1.0,21.2,0.6363636363636364,0.6666666666666666,0.5,0.17963752665245197,0.0,0.6666666666666666,0.0,0.3650793650793649,0.5962669038073761,0.5156080596959512,0.4661249602546809,0.6379069406345427,0.5771889990329762,0.4818146330626653,0.4974282276835455,0.24813368689737425,0.04643644622755683,0.400216427501557,0.11325878927392627,0.23728813559322032,0.39222764050453607,0.09372433303927237,0.45256783425736935,0.35680638128143133,0.46153846153846156
0.7317073170731709,1.0,0.4516129032258063,0.54,0.9743589743589745,0.9591836734693877,0.666666666666667,0.6733333333333333,0.6385135135135136,0.0,12.9,0.9090909090909091,0.6666666666666666,1.0,0.3574093816631129,0.6666666666666666,1.0,0.5,0.7301587301587298,0.5618482412163764,0.5359987692203809,0.482398539187804,0.5986097862083491,0.735546229210696,0.48907993100532315,0.5361867628272263,0.3994927274338784,0.3845222898257597,0.15373746308261993,0.23974448803090376,0.3389830508474576,0.43226334406842326,0.11900504913249325,0.7227093571663699,0.5748018346598265,0.7692307692307693
0.09756097560975613,0.0,0.20355951056729693,0.43999999999999995,0.3333333333333339,0.16326530612244916,0.541666666666667,0.3333333333333333,0.2277027027027027,1.0,32.6,0.045454545454545525,0.33333333333333337,0.5,0.1969616204690831,0.0,0.3333333333333333,0.0,0.38095238095238093,0.3102809318413442,0.20725438695434995,0.1513676152179445,0.3126868782052443,0.25691718653779194,0.31502727824327365,0.19618888729252443,0.1980988140251233,0.0523632686218273,0.30830697269987856,0.10436192785064949,0.10734463276836159,0.18421689984771675,0.10207823374130072,0.30340512181124873,0.16842840980444693,0.3076923076923077
0.902439024390244,0.0,0.25583982202447153,0.3999999999999999,0.6923076923076925,0.020408163265306367,0.7083333333333335,0.5466666666666666,0.2810810810810811,0.6666666666666666,34.9,0.4545454545454545,0.33333333333333337,0.0,0.2526652452025587,1.0,0.6666666666666666,0.0,0.5396825396825395,0.10683954252066585,0.20905451724511015,0.15244511189632742,0.42161370514305285,0.012320790166247653,0.33182921173965557,0.0182131970751081,0.2528264200926199,0.3695850395397801,0.06876343301991324,0.14194695159830878,0.3107344632768362,0.37418255503361797,0.1380253216106348,0.027862338577883172,0.06385729986056532,0.07692307692307693
0.04878048780487804,1.0,0.7897664071190209,0.8799999999999999,0.2564102564102564,0.7346938775510203,0.0,0.3466666666666666,0.3864864864864865,0.0,27.6,0.818181818181818,0.6666666666666666,0.5,0.4576226012793176,0.0,0.0,0.5,0.5396825396825395,0.7324765032272679,0.38784981112443695,0.3641626455056432,0.3830936413434646,0.8160142706220794,0.19548863087899465,0.7038680626616247,0.6015509089391802,0.11709411628176858,0.7700253361917754,0.3783724667410177,0.30508474576271183,0.2196926133096346,0.20315080675898867,0.5236111556167953,0.2787569146045026,0.46153846153846156
0.5365853658536586,0.0,0.14015572858731917,0.31999999999999984,0.9743589743589745,0.0,0.875,0.5133333333333334,0.3101351351351352,0.6666666666666666,32.9,0.09090909090909094,0.33333333333333337,0.5,0.18043710021321963,0.6666666666666666,0.3333333333333333,0.0,0.6507936507936507,0.01418767280972455,0.14848542746188537,0.11619051777662018,0.4687675552253411,0.15425669585084822,0.4505634826351574,0.0,0.15989035537551255,0.1891278038429019,0.09575731226481564,0.08737740785781956,0.12994350282485873,0.25988997653911405,0.07010840707546544,0.14897071598866496,0.13252555424066445,0.3076923076923077
0.878048780487805,1.0,0.8498331479421579,1.0,0.6153846153846159,0.06122448979591866,0.625,0.4199999999999999,0.26013513513513514,1.0,26.2,0.7272727272727274,0.33333333333333337,0.0,0.447228144989339,1.0,0.0,0.5,0.5238095238095237,0.16082954527071835,0.18386959998392116,0.13737027823924808,0.3813040984549707,0.17696919379043785,0.11931043507024149,0.08727594167814301,0.6185653907686431,0.5239310996535089,0.22958487624244783,0.3800676481683281,0.4463276836158192,0.1716135914973372,0.24190489539597898,0.04194221669184864,0.05616437442319886,0.07692307692307693
0.878048780487805,0.0,0.3959955506117907,0.2200000000000002,0.5128205128205128,0.7142857142857144,0.08333333333333348,0.6066666666666667,0.4594594594594595,1.0,34.9,0.4545454545454545,0.6666666666666666,0.5,0.44909381663113007,1.0,0.6666666666666666,0.5,0.6666666666666665,0.6189294105990263,0.5239027650530717,0.4727448643926108,0.4678351736421864,0.40362703670388567,0.3932415739297083,0.44070200480902694,0.42405501564029713,0.5254977701884977,0.10929043671199194,0.29299120995641975,0.1694915254237288,0.2715222130115741,0.06903277525032041,0.4643879978850898,0.36187374355826407,0.46153846153846156
0.21951219512195125,1.0,0.24026696329254726,0.6000000000000001,0.23076923076923084,0.48979591836734704,0.916666666666667,0.6533333333333333,0.5871621621621621,1.0,26.4,0.7272727272727274,0.0,0.0,0.17830490405117277,0.0,0.6666666666666666,0.0,0.17460317460317443,0.5288095941312646,0.502905864605398,0.2006815474905691,0.6755905099597903,0.6467495903625382,0.6258951227195837,0.4765431832228683,0.20375367129110056,0.08537525489480932,0.24963394949752388,0.09965378490434235,0.7966101694915255,0.5393723781054535,0.29064269453038355,0.13790654290819632,0.1536164394864083,0.0
0.21951219512195125,1.0,0.7563959955506117,0.6000000000000001,0.3589743589743595,0.04081632653061229,0.8333333333333335,0.5866666666666667,0.420945945945946,0.0,28.6,0.4545454545454545,0.6666666666666666,0.5,0.5599680170575692,0.0,0.0,0.25,0.2857142857142856,0.17902842260219687,0.26496444627577903,0.266089320386948,0.6121495007817506,0.3365162626501328,0.22218617574976135,0.1391126105451181,0.649705102796151,0.2456232696165387,0.523244831566796,0.46238072938137786,0.1694915254237288,0.11753169997850829,0.07256810759487069,0.23494728746755533,0.20368436706978274,0.46153846153846156
0.43902439024390244,0.0,0.21468298109009998,0.5,0.4615384615384617,0.16326530612244916,0.3333333333333335,0.3266666666666666,0.22364864864864864,0.6666666666666666,34.5,0.36363636363636365,0.33333333333333337,0.0,0.18763326226012783,0.3333333333333333,0.3333333333333333,0.0,0.5396825396825395,0.2993432227380819,0.1994449981929639,0.1466931810984892,0.3072674102531576,0.2579541611911955,0.30396874999205653,0.19001937859535878,0.19793213782564056,0.16150798255939258,0.14865148494070723,0.10112244731243578,0.2655367231638418,0.36026368235474515,0.1905253640314835,0.07806475042992492,0.060921998831364184,0.07692307692307693
0.39024390243902446,1.0,0.3971078976640712,0.8799999999999999,0.5384615384615383,0.4285714285714288,0.916666666666667,0.4533333333333333,0.41351351351351356,0.6666666666666666,29.3,0.40909090909090906,0.6666666666666666,0.5,0.2076226012793177,0.3333333333333333,0.6666666666666666,0.0,0.3650793650793649,0.3710905806172793,0.29814493741496617,0.29257026951460996,0.48487990249849533,0.6044838478041825,0.35788158312289525,0.3468995145951555,0.2867651602075002,0.15602878031797612,0.24087548756515936,0.13571588152336297,0.15254237288135591,0.2503391939576205,0.09295798708984639,0.33512182487873954,0.2239548362289031,0.46153846153846156
0.48780487804878053,0.0,0.18131256952169073,0.20000000000000018,0.5128205128205128,0.44897959183673475,0.125,0.47333333333333333,0.37567567567567567,1.0,28.8,0.18181818181818177,0.6666666666666666,0.5,0.2577292110874199,0.3333333333333333,0.3333333333333333,0.0,0.6507936507936507,0.46892077568551016,0.3569553564099014,0.33950615443109566,0.4340015410951473,0.4363609367881114,0.48033814567647587,0.3557757859322717,0.22045282241696307,0.21897743662859126,0.12227888432383295,0.13277706574803602,0.06779661016949151,0.28206176499891744,0.05043166794590316,0.38614746489594887,0.2598830200364014,0.46153846153846156
0.3170731707317073,0.0,0.20244716351501668,0.45999999999999996,0.7948717948717947,0.22448979591836737,0.8333333333333335,0.4466666666666666,0.31283783783783786,1.0,25.8,0.13636363636363635,0.33333333333333337,0.5,0.19003198294243068,0.3333333333333333,0.3333333333333333,0.0,0.5555555555555554,0.1849944457494308,0.20662867321691986,0.15099308428695576,0.4106510011864756,0.29464711046547243,0.399377858983091,0.1318214277618276,0.19370931973437944,0.12254430610587044,0.18530191368284932,0.10066597269721755,0.15254237288135591,0.23828989610959248,0.09455243580513563,0.23805900721045037,0.16804615171900117,0.3076923076923077
0.1951219512195122,1.0,0.1746384872080089,0.3599999999999999,0.5641025641025639,0.18367346938775508,0.16666666666666696,0.4199999999999999,0.33716216216216216,1.0,21.7,0.6363636363636364,0.33333333333333337,0.0,0.19749466950959488,0.0,0.3333333333333333,0.0,0.6666666666666665,0.30310306024232825,0.24872108310524776,0.17618816714990365,0.4533969918552886,0.43589167030175635,0.4471594914324563,0.24658269395726534,0.18528677857637488,0.08525506059450588,0.22747564116018298,0.10061596130691577,0.40112994350282494,0.5663804090023578,0.2202599013317873,0.07904526628641009,0.07597375552939836,0.07692307692307693
0.0,1.0,0.9555061179087874,0.33999999999999986,0.3076923076923075,0.6734693877551021,0.41666666666666696,0.6399999999999999,0.6256756756756756,1.0,20.6,0.31818181818181823,0.33333333333333337,0.5,0.874733475479744,0.0,0.0,0.75,0.41269841269841256,0.6559906659980267,0.5691618838031353,0.36799311601531465,0.6633111054496157,0.7747901412702176,0.2680593214100652,0.6252475016071353,0.9159361736900139,0.2094033389147698,1.0,0.8396340872541755,0.24293785310734467,0.029459074547205394,0.09068644371463987,0.4837181676272265,0.3895232309315426,0.3076923076923077
0.2926829268292683,0.0,0.25250278086763067,0.33999999999999986,0.10256410256410309,0.8571428571428572,0.8333333333333335,0.3466666666666666,0.35337837837837843,0.3333333333333333,26.1,0.5000000000000001,0.6666666666666666,0.5,0.27078891257995735,0.3333333333333333,0.6666666666666666,0.0,0.12698412698412698,0.8701985510423874,0.4445156146388982,0.409386938716069,0.32410567487795383,0.6927210342578576,0.39985417492661507,0.7504291469135926,0.2612356413751452,0.15215769492199804,0.2191475645773054,0.1516593542500176,0.1864406779661017,0.4018861114453086,0.14020525416790186,0.5954433300221104,0.3133749200372215,0.46153846153846156
0.07317073170731708,1.0,0.518353726362625,0.7200000000000002,0.07692307692307754,0.18367346938775508,0.3333333333333335,0.5800000000000001,0.4520270270270271,0.3333333333333333,21.8,0.5000000000000001,0.33333333333333337,0.5,0.3387526652452026,0.0,1.0,0.5,0.3015873015873014,0.4334082857466395,0.4026315532739144,0.26831373229722316,0.6057582614126612,0.43526168860708125,0.32454137134603456,0.3320336897093236,0.4171803714079503,0.09049801886636052,0.542956945607501,0.23805493846091713,0.33333333333333337,0.22424629569241658,0.13849870112580775,0.36762509021937995,0.2877873068040074,0.3076923076923077
0.0,1.0,0.27252502780867627,0.6400000000000001,0.6923076923076925,0.5918367346938775,0.08333333333333348,0.4666666666666666,0.4594594594594595,0.3333333333333333,23.4,0.40909090909090906,0.33333333333333337,0.5,0.19056503198294233,0.0,0.6666666666666666,0.0,0.7777777777777777,0.4945205651807397,0.36526582358774307,0.24594787920933298,0.4973610076150531,0.7167506344063947,0.47967229115349824,0.4776002936701413,0.22481342769554047,0.017896516852069833,0.4569059862375005,0.11025781028693316,0.2881355932203389,0.33579236201700224,0.15099592032637388,0.39949963742702554,0.2649600114504124,0.3076923076923077
0.9512195121951221,1.0,0.40711902113459386,0.7200000000000002,0.3333333333333339,0.4285714285714288,0.20833333333333348,0.4266666666666666,0.33310810810810815,1.0,25.4,0.5909090909090909,0.6666666666666666,0.5,0.26172707889125796,1.0,0.6666666666666666,0.0,0.5079365079365079,0.5093843145007285,0.34699331460997024,0.33155556922109986,0.3873038553989864,0.40640526946790345,0.29239059896782643,0.3710092960400673,0.32417047885267003,0.39568792586083984,0.10035215018341319,0.1698805841593783,0.22033898305084743,0.32561322350778465,0.13168630720068714,0.4072521756038002,0.25379705644350925,0.46153846153846156
0.7560975609756098,1.0,0.46051167964404893,0.6600000000000001,0.17948717948717974,0.10204081632653095,0.9583333333333335,0.9866666666666666,0.6229729729729729,1.0,13.6,0.9090909090909091,0.9999999999999999,1.0,0.31956289978678026,0.6666666666666666,1.0,0.0,0.12698412698412698,0.2558251035399959,0.5010203301486168,0.5817594361264607,0.8676403964989219,0.20221677357075896,0.47228826995119216,0.14813398137582184,0.38122671130215513,0.3663480826936785,0.1508808311715013,0.21546031915286123,0.22033898305084743,0.42563884440093225,0.03611347455839896,0.48328900567180433,0.5427485401140604,1.0
0.8048780487804879,1.0,0.23025583982202447,0.41999999999999993,0.2051282051282053,1.0,0.41666666666666696,0.4266666666666666,0.4398648648648649,0.6666666666666666,22.1,0.4545454545454545,0.0,0.0,0.22494669509594883,1.0,0.6666666666666666,0.0,0.3492063492063491,0.9142855345437163,0.5331897423777732,0.21276614598723625,0.38725533665446876,0.7621148643919633,0.4980707003477283,0.8200001653548299,0.2258084380942088,0.31146073376548017,0.07588687694618192,0.12286932509010468,0.5932203389830508,0.39752213855757534,0.3086910941861494,0.23843356606839156,0.1628668813775246,0.0
0.6585365853658538,0.0,0.19132369299221352,0.10000000000000009,0.8717948717948723,0.020408163265306367,0.3333333333333335,0.78,0.40945945945945944,0.0,18.4,0.5454545454545455,0.9999999999999999,1.0,0.30623667377398717,0.6666666666666666,0.3333333333333333,0.0,0.7936507936507935,0.1259483637187182,0.3136543890667339,0.3948413185934591,0.6031584167060672,0.011331162409444318,0.5048289571906907,0.02761647202206008,0.2501346043786671,0.31672027056151464,0.08876962055679653,0.1609762943292013,0.11186440677966103,0.49091382505309034,0.02504020037678427,0.3816786015203979,0.37105146452356386,1.0
0.7317073170731709,0.0,0.36707452725250267,0.18000000000000016,0.9230769230769234,0.5918367346938775,0.5833333333333335,0.4599999999999999,0.3344594594594595,0.6666666666666666,32.0,0.2727272727272728,0.33333333333333337,0.5,0.44136460554371,0.6666666666666666,0.6666666666666666,0.5,0.7301587301587298,0.38684489556418,0.30939413261880594,0.21250498802324908,0.35381178937633617,0.3354222676513374,0.3132429891161852,0.26792631323840027,0.40598408622865434,0.44718911122531874,0.12852870185748766,0.2812201994816468,0.22033898305084748,0.20475080151559313,0.12222081057044855,0.34333885851173634,0.23082714150876843,0.3076923076923077
0.17073170731707316,1.0,0.9321468298109008,0.98,0.5128205128205128,0.020408163265306367,0.916666666666667,0.4199999999999999,0.3033783783783784,0.3333333333333333,25.6,0.5000000000000001,0.33333333333333337,0.0,0.5047974413646055,0.0,0.0,0.25,0.3492063492063491,0.11218686697114966,0.16169716802179462,0.12409861567488248,0.45314515504610275,0.3223291806038098,0.12563188891871352,0.09420887323852817,0.6879560053425035,0.19654669341335235,0.6748158253751705,0.4475724366864591,0.33333333333333337,0.08421269721238847,0.1877924102354998,0.02925685001821768,0.04939163564146074,0.07692307692307693
0.9268292682926831,1.0,0.5962180200222469,0.31999999999999984,0.4358974358974361,0.6326530612244898,0.08333333333333348,0.5800000000000001,0.4871621621621622,0.6666666666666666,29.0,0.31818181818181823,0.0,0.0,0.5770255863539444,1.0,1.0,0.25,0.6190476190476188,0.6006114822783378,0.49503380423698207,0.19754024935137865,0.5186505873953646,0.5326767527625755,0.31357764319936354,0.4821346398669471,0.5871755605722396,0.6610852301928081,0.15250545595507586,0.43969526448829754,0.4915254237288136,0.12305956454892672,0.20098479712863848,0.15663152497837024,0.15121185848959096,0.0
0.6097560975609757,1.0,0.40934371523915447,0.8399999999999999,0.8205128205128212,0.8367346938775513,0.0,0.49333333333333335,0.4628378378378379,1.0,21.1,0.4545454545454545,0.33333333333333337,0.0,0.2268123667377398,0.6666666666666666,0.6666666666666666,0.0,0.8888888888888888,0.5857263385544841,0.4276249352250404,0.28327391944152214,0.4441005607204396,0.6592800774559753,0.3879088656904514,0.5234010204433663,0.3037083024905084,0.24387423531557217,0.1707541482915067,0.148753318893613,0.3107344632768362,0.26350187379110246,0.15296840768867526,0.15274967651262783,0.13062130431988522,0.07692307692307693
0.8048780487804879,0.0,0.16351501668520574,0.06000000000000005,0.17948717948717974,0.30612244897959195,0.791666666666667,0.4066666666666667,0.25067567567567567,0.3333333333333333,26.8,0.2272727272727273,0.6666666666666666,0.5,0.29450959488272915,1.0,0.3333333333333333,0.0,0.19047619047619024,0.42947963921159005,0.2984818782201853,0.2928391779007038,0.3118304684547911,0.17275408156020733,0.3669418984621707,0.23732119733312057,0.23021225013800273,0.36662991760473473,0.05715590885320439,0.14937586534464734,0.0847457627118644,0.32576140651133834,0.07166994208030926,0.36557601218460267,0.2241606785165291,0.46153846153846156
0.04878048780487804,1.0,0.5817575083426028,0.8799999999999999,0.4102564102564106,0.22448979591836737,0.875,0.4266666666666666,0.35000000000000003,0.3333333333333333,24.3,0.2727272727272728,0.33333333333333337,0.5,0.3251599147121535,0.0,1.0,0.0,0.3015873015873014,0.2821553941472411,0.2425006355045281,0.17246481908880307,0.4591917828438423,0.4626884332217105,0.23457851496495147,0.24078975242755857,0.4347947191011513,0.07589648369502147,0.6211609672728362,0.23838308517829637,0.22033898305084748,0.11138097742832573,0.1316863072006872,0.28873558588045717,0.18996088173845277,0.3076923076923077
0.26829268292682934,0.0,0.3537263626251389,0.10000000000000009,0.7692307692307692,0.0,0.75,0.4666666666666666,0.28175675675675677,0.0,26.3,0.40909090909090906,0.6666666666666666,0.5,0.4682835820895522,0.0,0.6666666666666666,0.5,0.5714285714285712,0.07252023887534786,0.16099260079354116,0.18311064658206963,0.42830219451642715,0.15425669585084822,0.27833906960455196,0.032422649012081195,0.413087936135518,0.23190454085777285,0.28058191044501435,0.2969862081577466,0.15254237288135591,0.27706987494814184,0.08984881209503241,0.17939543828701732,0.14016637758543044,0.46153846153846156
0.0,0.0,0.2992213570634038,0.14000000000000012,0.8461538461538467,0.14285714285714324,0.541666666666667,0.38000000000000006,0.25405405405405407,0.0,30.7,0.31818181818181823,0.33333333333333337,0.5,0.3949893390191897,0.0,0.6666666666666666,0.5,0.6984126984126982,0.16792244105119203,0.1698996470745936,0.12900834025385396,0.3527425783445518,0.24300525088395375,0.28303675708096876,0.10821834363788102,0.348886228645067,0.07511729305857193,0.4781344167428751,0.23566224317451706,0.24293785310734467,0.2686679792871941,0.1578535399411038,0.22915470148462752,0.14560782829155625,0.3076923076923077
0.09756097560975613,0.0,0.09677419354838712,0.52,0.12820512820512864,0.9591836734693877,0.666666666666667,0.5800000000000001,0.5682432432432434,0.3333333333333333,29.0,0.31818181818181823,0.6666666666666666,0.5,0.09061833688699361,0.0,0.3333333333333333,1.0,0.20634920634920628,0.9300844476928728,0.6771119239576675,0.5950192432083268,0.5266098287450975,0.7574807469675622,0.7983493131383761,0.8297841835842825,0.09040913866572314,0.01598169730930557,0.23883210922774362,0.04169618708978004,0.11864406779661019,0.45943069120141,0.05369614226482321,0.6266782284342446,0.4554715603429156,0.46153846153846156
0.7073170731707319,1.0,0.2914349276974416,0.41999999999999993,0.5384615384615383,1.0,0.875,0.6133333333333333,0.597972972972973,0.3333333333333333,22.8,0.6363636363636364,0.33333333333333337,0.0,0.27505330490405117,0.6666666666666666,0.6666666666666666,0.0,0.38095238095238093,0.74341421233053,0.5998945703742752,0.3863886554205219,0.5473380823161065,0.7615441055482628,0.5841659771561987,0.687270870205853,0.28145119837727994,0.31366567748139057,0.1106454429144627,0.1603866522602579,0.40112994350282494,0.4381979465543129,0.15616328158536052,0.19387258686133935,0.1832423808388724,0.07692307692307693
0.7073170731707319,0.0,0.0,0.52,0.3333333333333339,0.24489795918367374,0.541666666666667,0.2,0.1162162162162162,0.6666666666666666,26.7,0.31818181818181823,0.33333333333333337,0.0,0.015724946695095943,0.6666666666666666,0.3333333333333333,1.0,0.38095238095238093,0.3627819355370031,0.15536827857361546,0.12031035801749598,0.15065026064790482,0.13821599418101327,0.34968580124499954,0.18851359066060341,0.0048928840447262645,0.1241275551650392,0.021892536652630676,0.003636547915541452,0.24293785310734467,0.6119439071566734,0.2427165826733862,0.09460872706298412,0.04745842799494577,0.07692307692307693
0.39024390243902446,1.0,0.8053392658509455,0.7000000000000002,0.0512820512820511,0.28571428571428603,0.666666666666667,0.4533333333333333,0.3831081081081081,0.3333333333333333,23.4,0.9545454545454545,0.6666666666666666,0.5,0.546908315565032,0.3333333333333333,0.0,0.25,0.1587301587301586,0.4798154229419095,0.3498970641609099,0.33387301665776814,0.4852470518040246,0.5066083799882406,0.1899779680085995,0.3888711619944642,0.6627968736185267,0.33541670120525874,0.4127321198182285,0.46115802119642646,0.35593220338983056,0.2553742161525905,0.18623323693426563,0.3918298245051858,0.2555710014243482,0.46153846153846156
0.5365853658536586,0.0,0.3337041156840934,0.10000000000000009,0.28205128205128194,0.8775510204081636,1.0,0.23333333333333334,0.26351351351351354,1.0,31.1,0.0,0.33333333333333337,0.0,0.4482942430703624,0.6666666666666666,0.6666666666666666,0.5,0.17460317460317443,0.7818427820459092,0.3173199640106838,0.2172491207352013,0.22615271507662899,0.7068116898423402,0.2734006115728136,0.6908837351340258,0.39299779934357737,0.3557419718496659,0.16501506678860023,0.278548719016614,0.0847457627118644,0.09084001105277714,0.1222208105704485,0.20389424920856042,0.09692780792589159,0.07692307692307693
0.34146341463414637,1.0,0.48943270300333697,0.48,0.8974358974358978,0.14285714285714324,0.541666666666667,0.6333333333333333,0.47972972972972977,0.6666666666666666,25.8,0.2727272727272728,0.33333333333333337,0.0,0.4109808102345415,0.3333333333333333,1.0,0.5,0.7301587301587298,0.15715300439567226,0.2725532308348661,0.1904532790416381,0.656801756674749,0.40736790564796843,0.3568131095024974,0.14341652797601817,0.4468793922721538,0.24055438584857175,0.3043266419801208,0.2847783642529263,0.22033898305084748,0.1462765957446814,0.08352324917454883,0.04098342349375769,0.08325346717565377,0.07692307692307693
0.878048780487805,0.0,0.042269187986651746,0.2999999999999998,0.28205128205128194,0.18367346938775508,0.4583333333333335,0.5266666666666666,0.3013513513513513,1.0,26.6,0.09090909090909094,0.6666666666666666,0.5,0.10047974413646055,1.0,0.3333333333333333,1.0,0.38095238095238093,0.3496566846130883,0.32754544638397104,0.3160344605378733,0.4058961254638723,0.10451808602190238,0.5515212186916393,0.17043844087495347,0.07094681864853075,0.23275419022198646,0.015531535313254255,0.03958225827799294,0.03389830508474573,0.36068201690469215,0.027279678090868995,0.32394247211435656,0.24191605650797265,0.46153846153846156
0.48780487804878053,1.0,0.9265850945494993,0.2400000000000002,0.02564102564102555,0.9183673469387754,0.625,0.56,0.616891891891892,1.0,21.2,0.36363636363636365,0.6666666666666666,0.5,0.9237739872068229,0.3333333333333333,0.0,0.75,0.1587301587301586,0.9610746234854494,0.6760383168398124,0.5941624103377173,0.5866601429184108,0.9433634526236254,0.2719376701588737,0.95466139043762,0.9284247474868074,0.6125598899185993,0.40299694561200977,0.8860438840082153,0.13559322033898302,0.047767628137251356,0.06383847501155131,0.6428418837653943,0.45481567734587947,0.46153846153846156
0.3170731707317073,0.0,0.1991101223581757,0.1200000000000001,0.02564102564102555,0.08163265306122458,0.0,0.8666666666666667,0.5493243243243244,1.0,15.1,0.5454545454545455,0.9999999999999999,1.0,0.3057036247334754,0.3333333333333333,0.3333333333333333,0.0,0.39682539682539675,0.4196580228739668,0.561985944251208,0.6425793362454458,0.7751481434499754,0.20558694119432008,0.6354988438122997,0.24320324553953904,0.25380491783104075,0.17830617218455214,0.18376114050100756,0.16213477299701476,0.11186440677966103,0.4820557019873525,0.016472282217422626,0.6114653763578684,0.5986157782713893,1.0
0.024390243902439046,1.0,0.471635150166852,0.9199999999999999,0.3589743589743595,1.0,0.5,0.9333333333333333,0.9885135135135137,0.3333333333333333,10.1,0.9090909090909091,0.9999999999999999,1.0,0.2433368869936034,0.0,1.0,0.0,0.41269841269841256,0.836462866201854,0.9202629262278721,0.9999999999999999,0.9427561463863054,0.9998549480880436,0.7188303684494144,0.8780315457423757,0.3390140984400639,0.04155821548765731,0.5768745507382687,0.16718908066987173,0.22033898305084743,0.41753910724681254,0.041574779280815446,0.937556935486086,0.9269311044271651,1.0
0.2439024390243903,1.0,0.4983314794215794,0.5800000000000001,0.5641025641025639,0.36734693877551017,0.20833333333333348,0.5666666666666667,0.4878378378378379,0.0,28.8,0.36363636363636365,0.6666666666666666,0.5,0.3771321961620468,0.0,1.0,0.5,0.6507936507936507,0.40071081025414235,0.3769493927102391,0.3554631532562444,0.5933472475113765,0.5629975384007173,0.35788459163250463,0.3540473216195786,0.43128254170934865,0.1798272517780467,0.3685805521704956,0.2618801091300917,0.13559322033898302,0.1792247545710006,0.06267231954776951,0.35057095255985615,0.2720976823960453,0.46153846153846156
0.9268292682926831,1.0,0.7741935483870965,0.31999999999999984,0.7179487179487181,0.9387755102040818,0.666666666666667,0.5266666666666666,0.5114864864864865,0.0,20.5,0.7272727272727274,0.33333333333333337,0.5,0.7316098081023454,1.0,0.0,0.25,0.5714285714285712,0.6405638854185426,0.47892303739211983,0.31397921615036956,0.47287677429905184,0.7232663922939864,0.2645759735362639,0.5912091286621719,0.7539210065026697,0.7957028465326017,0.19799494989516425,0.6306680235756529,0.4463276836158192,0.19726206779708907,0.2002928137841996,0.4756719672498866,0.3343949404714665,0.3076923076923077
0.902439024390244,1.0,0.5161290322580645,0.54,0.4102564102564106,0.7551020408163267,0.4583333333333335,0.3333333333333333,0.3202702702702703,1.0,27.3,0.5909090909090909,0.33333333333333337,0.5,0.4067164179104477,1.0,1.0,0.5,0.46031746031746024,0.6623800544524477,0.34928512728670646,0.23638237871695383,0.30679565189639424,0.6085293671405747,0.23836950829859593,0.5579019936329142,0.45618146872689336,0.5013428604585619,0.13650142490524486,0.2866886128133831,0.37853107344632764,0.2612561788093707,0.24883129349652028,0.4870507035071563,0.25519715983520974,0.3076923076923077
0.8048780487804879,0.0,0.26585094549499433,0.6000000000000001,0.7948717948717947,0.20408163265306145,0.916666666666667,0.38000000000000006,0.21824324324324323,0.3333333333333333,33.7,0.5454545454545455,0.6666666666666666,0.5,0.197228144989339,1.0,0.6666666666666666,0.0,0.5238095238095237,0.16082954527071835,0.16683821403970478,0.18777595989350596,0.291342512117026,0.11587894232301865,0.26940508768277066,0.07175935958203572,0.22585902242173883,0.2894776107030952,0.08587672659576999,0.11296011348272583,0.2033898305084746,0.4140899555943002,0.1378521493981416,0.22545523480645496,0.14373755206037847,0.46153846153846156
0.902439024390244,0.0,0.34260289210233585,0.2400000000000002,0.1538461538461542,0.8571428571428572,0.75,0.026666666666666672,0.06148648648648647,0.6666666666666666,26.0,0.13636363636363635,0.33333333333333337,0.0,0.3907249466950959,1.0,0.6666666666666666,0.5,0.19047619047619024,0.8419875253917669,0.16476871886750116,0.12593714139200454,0.015798164714799667,0.4869527304844623,0.1059583573055796,0.6264112543913785,0.3677817840285904,0.4876655780102455,0.09134276364835707,0.2417516493999824,0.15254237288135591,0.15285381765727982,0.31405487560995116,0.21957920220672617,0.050329864319682914,0.07692307692307693
0.8048780487804879,1.0,0.8375973303670743,0.33999999999999986,0.7435897435897436,0.38775510204081653,0.20833333333333348,0.5866666666666667,0.43716216216216214,1.0,24.4,0.4545454545454545,0.33333333333333337,0.5,0.773454157782516,1.0,0.0,0.75,0.7619047619047619,0.3621942377344397,0.366927050058389,0.24694223279215433,0.5247869189200042,0.381151258600978,0.20925830689033004,0.2675515260396378,0.8061288059283426,0.7464729189807524,0.24633868659227776,0.692074716961192,0.3107344632768362,0.09478259556685811,0.12795498099282498,0.33048172793226166,0.26597488009109305,0.3076923076923077
0.4146341463414634,0.0,0.17018909899888757,0.1200000000000001,0.6923076923076925,0.38775510204081653,0.25,0.8066666666666666,0.597972972972973,0.6666666666666666,19.8,0.5454545454545455,0.9999999999999999,1.0,0.277185501066098,0.3333333333333333,0.3333333333333333,0.0,0.714285714285714,0.3718994762551422,0.4940991267974614,0.5748547751513069,0.7227469569204465,0.397399963267294,0.7207918496136523,0.27910574676470473,0.22497185113890394,0.20222483794492613,0.13794881789424762,0.14127822001031567,0.11186440677966103,0.5160877366640905,0.02226516615512865,0.574100985857303,0.5364061367503603,1.0
0.7073170731707319,1.0,0.3770856507230256,0.6000000000000001,0.3333333333333339,0.40816326530612246,0.0,0.5733333333333335,0.4317567567567568,0.6666666666666666,28.3,1.0,0.33333333333333337,0.0,0.27958422174840075,0.6666666666666666,0.6666666666666666,0.0,0.5873015873015872,0.5135622571263648,0.4426659737589267,0.2922769727998698,0.5125362106860032,0.3920365088389901,0.3833654361227953,0.3682327595552511,0.3219692447288618,0.3169772376863011,0.136729312312024,0.17651824926214127,0.5819209039548022,0.5353829080544308,0.23911969395389548,0.13393023922869085,0.1352157044817653,0.07692307692307693
0.34146341463414637,1.0,0.6373748609566183,0.9199999999999999,0.7435897435897436,0.34693877551020424,0.0,0.5733333333333335,0.4878378378378379,0.3333333333333333,24.9,0.8636363636363636,0.33333333333333337,0.5,0.34674840085287834,0.3333333333333333,1.0,0.5,0.841269841269841,0.3607989839585699,0.35885994309661934,0.2421135373360072,0.5996154004373768,0.5486692427914963,0.2979057165383464,0.32130153193589134,0.4705281883521575,0.20859099122996066,0.3704996401960931,0.2628091640824771,0.5141242937853107,0.3006216193113479,0.21214302855771539,0.32975400049749026,0.26104656115253605,0.3076923076923077
0.6341463414634148,0.0,0.2269187986651835,0.2999999999999998,0.4102564102564106,1.0,0.16666666666666696,0.5133333333333334,0.44797297297297295,0.3333333333333333,32.6,0.2727272727272728,0.6666666666666666,0.5,0.26305970149253727,0.6666666666666666,0.6666666666666666,0.0,0.5714285714285712,0.8180775249632909,0.5603151386534677,0.5018051398684827,0.3954647082268604,0.5665153592393628,0.5087598303417911,0.6493334675151161,0.24499369395379345,0.2773089739551385,0.10494825774498352,0.14313149106372677,0.1016949152542373,0.29790116182253745,0.05807157474646123,0.5682583825507833,0.3841186191082069,0.46153846153846156
0.8048780487804879,1.0,0.10344827586206884,0.2200000000000002,0.7948717948717947,0.18367346938775508,0.20833333333333348,0.5733333333333335,0.38175675675675674,0.0,28.3,0.6363636363636364,0.0,0.0,0.17857142857142855,1.0,0.3333333333333333,0.0,0.7936507936507935,0.24272449326237122,0.2940842009792525,0.11735252399840565,0.5125490141540332,0.2523880472427795,0.5710670003796909,0.15485183115067253,0.14145514458320407,0.27468127787264374,0.04029803756952459,0.08133220715146758,0.7288135593220338,0.6712936625327114,0.29756913564561893,0.06329933517932437,0.08983026654319348,0.0
0.902439024390244,1.0,0.5761957730812013,0.56,0.12820512820512864,0.6734693877551021,0.625,0.6266666666666667,0.5324324324324325,0.0,23.5,0.8636363636363636,0.33333333333333337,0.0,0.4437633262260127,1.0,1.0,0.5,0.2222222222222221,0.7276639112218325,0.6011228945726763,0.3871238884481244,0.5590306240709019,0.5588388379677971,0.3500539628564453,0.5821051661732994,0.5039199341280433,0.5330285647971618,0.15213326918647518,0.32642106571539714,0.5141242937853107,0.33311841822480104,0.1951577207156761,0.18976511680071778,0.1836175818519714,0.07692307692307693
0.7804878048780488,0.0,0.3737486095661845,0.10000000000000009,0.5897435897435903,0.5102040816326534,1.0,0.25999999999999995,0.18783783783783786,0.3333333333333333,33.9,0.2727272727272728,0.33333333333333337,0.0,0.48800639658848605,1.0,0.6666666666666666,0.25,0.3650793650793649,0.3975819127572907,0.20074069370041203,0.14746874029697452,0.19786890890310416,0.28979161333080206,0.19591887379624823,0.25910701629944827,0.43317807292745847,0.5073940217841808,0.12075378918489423,0.3157643421472658,0.22033898305084748,0.20111060886384594,0.1949668745601476,0.10368410051496912,0.06131777892565458,0.07692307692307693
0.5609756097560976,1.0,0.07897664071190214,0.56,0.12820512820512864,0.5918367346938775,0.625,0.5066666666666666,0.42297297297297304,1.0,24.7,0.40909090909090906,0.33333333333333337,0.0,0.06796375266524518,0.6666666666666666,0.3333333333333333,1.0,0.2222222222222221,0.6699128071566075,0.47951879893097127,0.31433581871548144,0.4554601547237519,0.5066429039627787,0.6528563358676581,0.5187235967147161,0.06948013149708188,0.12532949816807304,0.06929296704028014,0.03053686875156343,0.2881355932203389,0.5491628577412554,0.13934885209183268,0.17470439324510523,0.14647268155517165,0.07692307692307693
0.34146341463414637,1.0,0.28031145717463846,0.2400000000000002,0.666666666666667,0.16326530612244916,0.541666666666667,0.05333333333333329,0.07094594594594594,0.0,25.3,0.8636363636363636,0.0,0.0,0.3336886993603411,0.3333333333333333,0.6666666666666666,0.0,0.5873015873015872,0.220111525087621,0.04161829515986987,0.01660752929010941,0.10313411739122552,0.4197579648688068,0.13271406312712952,0.1875743832060816,0.30797986792638055,0.2020922097514879,0.21078887006581415,0.19352394986672217,0.8983050847457625,0.5676626597524643,0.9817531838832205,0.05740217238106626,0.012712626298303477,0.0
0.7073170731707319,1.0,0.5250278086763069,0.2799999999999998,0.4358974358974361,0.9183673469387754,0.0,1.0,0.8993243243243245,0.6666666666666666,15.0,0.9090909090909091,0.6666666666666666,1.0,0.5357142857142858,0.6666666666666666,1.0,0.25,0.6507936507936507,0.764497292554771,0.91784310409208,0.7871438898219081,0.879552277573407,0.7111898578275189,0.6147925601510692,0.6798492573241173,0.5315598539112976,0.5041777880933038,0.18178326854417537,0.38817989346124226,0.3389830508474576,0.3812463400351348,0.06691864650827935,0.8812539282399035,0.9247136449371126,0.7692307692307693
1.0,1.0,0.6307007786429366,0.41999999999999993,0.5897435897435903,0.6122448979591839,0.5,0.046666666666666634,0.08108108108108109,1.0,28.4,0.6363636363636364,0.33333333333333337,0.0,0.5530383795309168,1.0,1.0,0.25,0.5555555555555554,0.5071596957000651,0.10454107036391638,0.08988692239256685,0.060645488646865864,0.5189715969755173,0.05997024283463519,0.41223308889223614,0.5900155963106747,0.6813151743231818,0.14733969986357437,0.4275120152068984,0.40112994350282494,0.22372729472995626,0.5286061325620268,0.13226053595201542,0.031932868832229046,0.07692307692307693
0.39024390243902446,0.0,0.07675194660734141,0.2200000000000002,0.9230769230769234,0.8367346938775513,0.791666666666667,0.3466666666666666,0.35000000000000003,0.6666666666666666,28.6,0.09090909090909094,0.33333333333333337,0.5,0.1537846481876332,0.3333333333333333,0.3333333333333333,1.0,0.6507936507936507,0.5030257584011942,0.2934421906393334,0.20295669888836637,0.3241765990808898,0.6801400917717126,0.5671596389045673,0.47023369000699516,0.11566656319396351,0.12756345430129806,0.10601251729572088,0.06642667885125753,0.12994350282485873,0.3208604669385867,0.11023118150547957,0.4039357210639951,0.22108185634808297,0.3076923076923077
0.09756097560975613,0.0,0.35706340378197987,0.2400000000000002,0.5897435897435903,0.06122448979591866,0.375,0.5866666666666667,0.368918918918919,0.3333333333333333,25.1,0.2727272727272728,0.33333333333333337,0.0,0.4037846481876332,0.0,0.6666666666666666,0.5,0.603174603174603,0.2023151581123681,0.2779274338534543,0.19367009391954282,0.5326379677728603,0.1933123173078377,0.3458353136959286,0.11507053139851209,0.38166437169517464,0.12312040982111772,0.40817708894107246,0.25343502103210214,0.22033898305084748,0.21032468873823998,0.09250738201813423,0.052761115423855476,0.08489505855665783,0.07692307692307693
0.6829268292682928,0.0,0.25027808676307006,0.08000000000000007,0.9487179487179489,0.10204081632653095,0.9583333333333335,0.74,0.4074324324324325,0.6666666666666666,18.1,0.5454545454545455,0.6666666666666666,1.0,0.3739339019189765,0.6666666666666666,0.6666666666666666,0.5,0.603174603174603,0.06259474505134033,0.256322454557329,0.2591922511995762,0.5725901092727833,0.058610275956179736,0.45092300738717656,0.006003547790836672,0.3138185986033356,0.37501450620865723,0.10271423813152265,0.21225288232842138,0.2033898305084746,0.4287814313346232,0.06022474723761233,0.332113245890862,0.3185140319658036,0.7692307692307693
0.07317073170731708,1.0,0.7864293659621802,0.3799999999999999,0.8461538461538467,0.26530612244897966,0.375,0.37333333333333335,0.31891891891891894,1.0,27.0,0.5454545454545455,0.33333333333333337,0.0,0.704690831556503,0.0,0.0,0.25,0.7619047619047619,0.2544496405978264,0.20403027300074966,0.14943777042084075,0.4083085683874256,0.49080877616889507,0.1614218073168377,0.23039846534800895,0.7449054058388279,0.21000016578524178,0.7256730796001892,0.6073103254629907,0.35593220338983056,0.13681181299240477,0.21791162367387973,0.06635709841219131,0.06232260606148956,0.07692307692307693
0.21951219512195125,1.0,0.6963292547274749,0.6600000000000001,1.0,0.06122448979591866,0.3333333333333335,0.6066666666666667,0.4398648648648649,0.3333333333333333,26.5,0.9090909090909091,0.33333333333333337,0.5,0.48827292110874193,0.0,0.0,0.25,0.873015873015873,0.12271085658114422,0.2416686425130003,0.17196681642232356,0.6313339695019188,0.3508406141875493,0.25015760019590055,0.10754626179262339,0.5816401584737295,0.21552081433710768,0.49140218580873424,0.38658139331188257,0.536723163841808,0.2877317406992663,0.20997469138639124,0.20557353585199895,0.18945260450395907,0.3076923076923077
0.39024390243902446,0.0,0.27030033370411555,0.2400000000000002,0.3589743589743595,0.5102040816326534,0.5,0.8400000000000001,0.6574324324324325,1.0,19.8,0.5454545454545455,0.9999999999999999,1.0,0.32462686567164173,0.3333333333333333,0.6666666666666666,0.0,0.41269841269841256,0.5270819515667214,0.6227214326327384,0.7031696606671177,0.7520250801877391,0.4750707292475478,0.6575102151485042,0.40897481605344127,0.29836884569566835,0.21789154329481591,0.18749222850017327,0.18618597667198505,0.11186440677966103,0.41000989679061206,0.018973754826886596,0.6955095926280275,0.6542721354484498,1.0
0.21951219512195125,1.0,0.45272525027808674,0.2200000000000002,0.2564102564102564,0.9387755102040818,0.08333333333333348,0.8333333333333333,0.875,0.6666666666666666,14.3,0.9090909090909091,0.6666666666666666,1.0,0.5013326226012793,0.0,1.0,0.25,0.5079365079365079,0.8519756098029095,0.8477543844768199,0.7312069294324746,0.8475818355967406,0.9579416800857805,0.6558592033965939,0.8702869343971147,0.47885575109243306,0.22100416120956912,0.3622625669010389,0.34424408567409376,0.3389830508474576,0.4314280989120822,0.08984881209503241,0.9496934901067935,0.8604862398904115,0.7692307692307693
0.39024390243902446,1.0,0.8375973303670743,0.6200000000000001,0.5384615384615383,0.9591836734693877,0.7083333333333335,0.5733333333333335,0.6391891891891892,1.0,24.5,0.31818181818181823,0.0,0.0,0.6095415778251598,0.3333333333333333,0.0,0.25,0.4444444444444442,0.7236112021646236,0.557898961134931,0.22262621047735753,0.5993020934916495,0.9713889103259707,0.30942307996215623,0.7678491275089432,0.713743184620676,0.36853230325436426,0.4263120716856372,0.5274024517884759,0.4915254237288136,0.054395144446997695,0.20315080675898872,0.1887082239196221,0.17041450107160727,0.0
0.4634146341463415,1.0,0.5317018909899888,0.3799999999999999,0.5897435897435903,0.7755102040816326,0.791666666666667,0.8733333333333333,0.8581081081081081,0.3333333333333333,10.3,0.9090909090909091,0.9999999999999999,1.0,0.49093816631130055,0.3333333333333333,1.0,0.25,0.4444444444444442,0.5842993283230725,0.6860769691191676,0.7663737710137332,0.885641262203068,0.8448044716041863,0.5830110079713664,0.5978272779999543,0.5104874553358925,0.3440458230408329,0.2642006052647253,0.354099119014674,0.22033898305084743,0.3769887602825134,0.04829580484389977,0.7402741962413965,0.7123294337726581,1.0
0.5609756097560976,1.0,0.3815350389321467,0.2200000000000002,0.0,0.3265306122448983,0.04166666666666696,0.37333333333333335,0.2777027027027027,0.6666666666666666,24.8,0.9090909090909091,0.6666666666666666,0.5,0.435501066098081,0.6666666666666666,0.6666666666666666,0.5,0.3650793650793649,0.5830212377373704,0.344522821970223,0.3295838988911165,0.3415907072830401,0.3431132589070185,0.2621872852274872,0.3929195325024219,0.4100862007211251,0.35966279281818325,0.17491735296946093,0.2803317384664504,0.3389830508474576,0.48941637097760826,0.20925873099963327,0.44565924547039104,0.25228779473150625,0.46153846153846156
0.09756097560975613,0.0,0.4282536151279198,0.3999999999999999,0.4358974358974361,0.36734693877551017,0.666666666666667,0.5733333333333335,0.4290540540540541,0.6666666666666666,31.9,0.2727272727272728,0.6666666666666666,0.5,0.39552238805970147,0.0,0.6666666666666666,0.5,0.39682539682539675,0.3936440120337755,0.37687874678480404,0.35540677159662176,0.5204593307065003,0.38448794334730296,0.35254580392157503,0.28873559863376425,0.41056025552607456,0.12029377144846565,0.45449366458916257,0.261921826418373,0.1016949152542373,0.17346523919230303,0.04803498073095332,0.346885097678189,0.2720545237204626,0.46153846153846156
0.8048780487804879,0.0,0.41490545050055605,0.16000000000000014,0.28205128205128194,0.9795918367346941,0.75,0.3133333333333333,0.29054054054054057,0.0,31.1,0.2272727272727273,0.0,0.0,0.49680170575692967,1.0,0.6666666666666666,0.25,0.26984126984126977,0.8588654486127315,0.4115809976274424,0.16423891096675988,0.23905093269752675,0.5537859250706556,0.25727587598258356,0.6716333269314105,0.4580929507281527,0.5270644407234868,0.1277092220034199,0.3319639371662966,0.423728813559322,0.15983094827607833,0.28463702285260484,0.2239807411891967,0.12572056097496723,0.0
0.12195121951219517,0.0,0.27252502780867627,0.3999999999999999,0.6923076923076925,0.10204081632653095,0.916666666666667,0.006666666666666654,0.010810810810810811,0.0,30.4,0.09090909090909094,0.0,0.0,0.26652452025586354,0.0,0.6666666666666666,0.0,0.46031746031746024,0.12253277732099865,0.0,0.0,0.029660583875468882,0.21967759677880272,0.08204013774494946,0.07593304996848455,0.26809098481198645,0.08541255657421379,0.332881188447948,0.15242217858810794,0.32203389830508466,0.16733390310827242,0.5178785697144227,0.03195492650060397,0.0,0.0
0.024390243902439046,1.0,0.3559510567296996,0.8799999999999999,1.0,0.5714285714285716,0.5,0.4466666666666666,0.4385135135135136,1.0,24.7,0.7727272727272728,0.33333333333333337,0.5,0.18150319829424305,0.0,0.6666666666666666,0.0,0.8095238095238093,0.36345256879588916,0.2908533960778452,0.201407134639969,0.478298006975317,0.7026567529392236,0.40172281529705317,0.3735282348015641,0.2537706199721683,0.023288681841542508,0.48972625708462564,0.11562682865133739,0.4689265536723165,0.4480980012894903,0.24088739567501266,0.33113804010376663,0.2195003221839919,0.3076923076923077
0.2926829268292683,0.0,0.421579532814238,0.54,0.1538461538461542,0.20408163265306145,0.5,0.6066666666666667,0.4141891891891892,0.0,27.9,0.5000000000000001,0.6666666666666666,0.5,0.3344882729211088,0.3333333333333333,0.6666666666666666,0.0,0.2857142857142856,0.4011480536222922,0.400035308477275,0.37388774373104783,0.5492536023496645,0.28167219847648806,0.34519231214729756,0.25849704095326403,0.3731031409698887,0.18187469951424923,0.2998156004977287,0.21901731593476814,0.1864406779661017,0.2762928219733175,0.07553778676429294,0.35079900712611317,0.28620122117739494,0.46153846153846156
0.2439024390243903,0.0,0.3292547274749721,0.16000000000000014,0.5641025641025639,0.30612244897959195,0.0,0.6599999999999999,0.47500000000000003,0.0,27.8,0.2272727272727273,0.33333333333333337,0.5,0.41471215351812357,0.0,0.6666666666666666,0.5,0.7301587301587298,0.38684489556418,0.4219022757913169,0.2798485304221807,0.5961585056052554,0.34717573875248786,0.44930162800301926,0.27187047080945853,0.3737836038182334,0.1961902551434871,0.2821505136843277,0.2549262910517407,0.19774011299435024,0.20426198892816624,0.070560798089173,0.34333885851173634,0.29956008571871223,0.3076923076923077
0.5365853658536586,1.0,0.32146829810901,0.98,0.5128205128205128,0.5918367346938775,0.04166666666666696,0.4399999999999999,0.43783783783783786,0.0,25.0,0.40909090909090906,0.6666666666666666,0.5,0.1353944562899786,0.6666666666666666,0.6666666666666666,1.0,0.6825396825396823,0.5539629160489082,0.37634186465325026,0.35497829245345336,0.472530872568356,0.7184468925140095,0.42414062848195794,0.5233799201806209,0.2106890622073333,0.16111009797907788,0.16063670299686666,0.08671665868735909,0.15254237288135591,0.2989082374871216,0.09617437501551603,0.43050319410050863,0.2717265342207265,0.46153846153846156
0.3658536585365854,1.0,0.06562847608453837,0.7799999999999998,0.8461538461538467,0.48979591836734704,0.0,0.6333333333333333,0.570945945945946,0.0,21.6,0.6363636363636364,0.33333333333333337,0.5,0.014125799573560749,0.3333333333333333,0.3333333333333333,1.0,0.9047619047619047,0.40619622705456704,0.4182198825683251,0.27764437526372393,0.6563212905745932,0.646319047764131,0.8570650963330958,0.38644803540200184,0.03185367367893216,0.04839685671181554,0.10784304372298913,0.00865370944021765,0.40112994350282494,0.738928711394293,0.15099592032637393,0.35343200075471676,0.2973104554180247,0.3076923076923077
0.7317073170731709,0.0,0.3136818687430478,0.3799999999999999,0.2564102564102564,0.795918367346939,0.9583333333333335,0.16666666666666669,0.1581081081081081,0.3333333333333333,28.4,0.4545454545454545,0.33333333333333337,0.0,0.30810234541577813,0.6666666666666666,0.6666666666666666,0.0,0.17460317460317443,0.73718986653156,0.25037454855836866,0.17717787525198017,0.12508466683238167,0.4519721188429855,0.1951416746493742,0.5394154297142597,0.30985025752551987,0.3477179661466536,0.11260737897845673,0.18383090390109247,0.3107344632768362,0.327217706483944,0.3140548756099512,0.19224935986143732,0.07647881918762695,0.07692307692307693
0.2439024390243903,0.0,0.4404894327030032,0.18000000000000016,0.5384615384615383,0.20408163265306145,0.16666666666666696,0.6599999999999999,0.4493243243243243,0.3333333333333333,28.2,0.0,0.33333333333333337,0.5,0.5109275053304903,0.0,0.6666666666666666,0.25,0.6507936507936507,0.32113251725088,0.3824064805995514,0.2562076926741266,0.5954997288741376,0.28172106348228865,0.3607250994133237,0.21035778342571815,0.477794742895863,0.23808418574578488,0.33901238110943815,0.3485759997330617,0.0847457627118644,0.050725095496826494,0.02952247041713174,0.30906502150108156,0.27543150079237017,0.3076923076923077
0.3658536585365854,0.0,0.15127919911012233,0.040000000000000036,0.8717948717948723,0.12244897959183687,0.9583333333333335,0.3466666666666666,0.22972972972972971,0.0,30.9,0.36363636363636365,0.0,0.0,0.28997867803837946,0.3333333333333333,0.3333333333333333,0.0,0.5555555555555554,0.0895380753936873,0.12331248248681664,0.04920710127286996,0.32461544258655683,0.23225853926494766,0.3543698531330517,0.05968643031505677,0.22176169189180361,0.1899567300518908,0.1449927971073947,0.14469526709540992,0.5254237288135593,0.42428693091601943,0.32004969014243567,0.023350344950685192,0.037666740113914195,0.0
0.17073170731707316,0.0,0.1968854282536151,0.16000000000000014,0.7179487179487181,0.5102040816326534,0.08333333333333348,0.5733333333333335,0.46148648648648655,1.0,25.7,0.31818181818181823,0.33333333333333337,0.5,0.2875799573560767,0.0,0.3333333333333333,0.0,0.7936507936507935,0.4444287170195902,0.4047392688524515,0.2695753390523045,0.5207944475653733,0.4750707292475478,0.5510550715279071,0.3534631804788249,0.2434873404119947,0.11209983587261063,0.25385604845359283,0.15164435751259975,0.24293785310734467,0.35005648505408804,0.10423636697299511,0.3733730554419351,0.28907494246472476,0.3076923076923077
0.07317073170731708,1.0,0.38042269187986644,0.8599999999999999,0.6923076923076925,0.4285714285714288,0.25,0.5466666666666666,0.4871621621621622,0.3333333333333333,28.3,0.4545454545454545,0.33333333333333337,0.5,0.20255863539445634,0.0,0.6666666666666666,0.0,0.714285714285714,0.3939418823869074,0.3619265607922303,0.24394911023750854,0.574256281774516,0.6053406700813591,0.42406054261736686,0.3636040592761027,0.2768173594615725,0.04602198312306244,0.44894532479798516,0.1306433305690388,0.3107344632768362,0.28120715093818227,0.1380253216106348,0.34704045896925156,0.26292000477219,0.3076923076923077
0.9512195121951221,0.0,0.271412680756396,0.1200000000000001,0.4358974358974361,0.48979591836734704,0.9583333333333335,0.6799999999999999,0.4608108108108108,0.0,17.8,0.5454545454545455,0.9999999999999999,1.0,0.376865671641791,1.0,0.6666666666666666,0.5,0.2857142857142856,0.4427954844385601,0.4674587405214712,0.5482780620928545,0.5254511755834627,0.27751682447168524,0.48178591151545297,0.2820827082468688,0.325887584561383,0.49774532071155025,0.06627493279320666,0.21841567069629308,0.11186440677966103,0.4089978014584861,0.03674737599939372,0.6295672075545183,0.5119936080390203,1.0
0.07317073170731708,0.0,0.16573971078976635,0.56,0.3333333333333339,0.36734693877551017,0.875,0.03333333333333338,0.05202702702702705,0.3333333333333333,31.7,0.2272727272727273,0.0,0.0,0.13352878464818757,0.0,0.3333333333333333,1.0,0.25396825396825395,0.4055033405050392,0.07351633349000189,0.029336248807085318,0.05297131257867427,0.3875759928666296,0.15836160981312042,0.2973698895239291,0.14528841920449798,0.02347933486960993,0.3026207859573675,0.06845220956181605,0.423728813559322,0.3236938622358917,0.5734668499247332,0.10574990402480086,0.022456125866996433,0.0
0.5853658536585367,1.0,0.114571746384872,0.2799999999999998,0.4358974358974361,0.6122448979591839,0.5,0.08666666666666667,0.11148648648648646,0.6666666666666666,27.0,0.40909090909090906,0.33333333333333337,0.0,0.17004264392324087,0.6666666666666666,0.3333333333333333,0.0,0.46031746031746024,0.5619433517303177,0.14387690976098783,0.11343201605012074,0.09533008354022071,0.5209013054470764,0.25038662325486893,0.4506645483802421,0.14231345356744962,0.19816309952088063,0.07706871183776269,0.07894734257965877,0.2881355932203389,0.4988444574333487,0.3722902167826574,0.1465473883367862,0.043948301575548944,0.07692307692307693
0.04878048780487804,0.0,0.0723025583982202,0.3599999999999999,0.6923076923076925,0.5102040816326534,0.916666666666667,0.2733333333333334,0.2412162162162162,0.3333333333333333,27.9,0.40909090909090906,0.0,0.0,0.1108742004264392,0.0,0.3333333333333333,1.0,0.46031746031746024,0.3736245341263239,0.19953362353336573,0.07962268719712731,0.2608593226174728,0.4757758150352327,0.4392406890798443,0.3061428588330735,0.09054955944506798,0.009250816492315878,0.25656267334302807,0.047385707612796216,0.559322033898305,0.5593685655456413,0.39020878329733627,0.09743633326413667,0.06094907011885351,0.0
0.7560975609756098,1.0,0.19799777530589535,0.98,0.5897435897435903,0.8367346938775513,0.7083333333333335,0.2866666666666667,0.295945945945946,0.3333333333333333,24.7,0.7272727272727274,0.33333333333333337,0.0,0.060767590618336864,0.6666666666666666,0.3333333333333333,1.0,0.47619047619047605,0.6270973334530788,0.30201682381226763,0.20808918224782752,0.2667279947026624,0.6592800774559753,0.38618948908909884,0.553937388911452,0.11419246714721676,0.16915068220627,0.0741985413867809,0.038760670028590016,0.4463276836158192,0.5907283837417081,0.3140548756099512,0.16353868440215114,0.09225334680763328,0.07692307692307693
0.04878048780487804,1.0,0.4783092324805338,0.6000000000000001,0.17948717948717974,0.8163265306122449,0.9583333333333335,0.1933333333333333,0.2648648648648649,1.0,29.6,0.6363636363636364,0.0,0.0,0.35447761194029853,0.0,1.0,0.5,0.12698412698412698,0.7934018701045883,0.28894177621246886,0.11530047045780575,0.23681432687603066,0.8722303807183986,0.21443868672019212,0.7793985367356102,0.40942954702834355,0.08501467199389912,0.5471268158853425,0.2423540475793866,0.7288135593220338,0.30056395795949675,0.5797996919740092,0.20690870637997882,0.08825947360042305,0.0
0.6341463414634148,1.0,0.47274749721913223,0.5800000000000001,0.17948717948717974,0.7142857142857144,0.8333333333333335,0.6733333333333333,0.5783783783783785,0.3333333333333333,13.8,0.9090909090909091,0.9999999999999999,1.0,0.3579424307036247,0.6666666666666666,1.0,0.5,0.17460317460317443,0.7223055613601105,0.6337346182113126,0.7141565236183148,0.5991145005503682,0.5842749763772852,0.43363755006337384,0.5899599684295305,0.409053696996975,0.34223047464314726,0.18491672038738888,0.24381518926992468,0.22033898305084743,0.41673993318093894,0.07648553678619617,0.8482447930827045,0.6643643205374691,1.0
0.6829268292682928,0.0,0.2947719688542825,0.45999999999999996,0.07692307692307754,0.44897959183673475,0.25,0.4066666666666667,0.27432432432432435,1.0,34.7,0.2272727272727273,0.33333333333333337,0.0,0.2638592750533048,0.6666666666666666,0.6666666666666666,0.0,0.33333333333333326,0.6175590025367309,0.38269534239468195,0.2563805955058618,0.3118726858368557,0.253680144038654,0.3028198167266821,0.3770117986132338,0.27670855217764034,0.29627480561680397,0.11655886672198436,0.15437780073610682,0.19774011299435024,0.2250549003068603,0.1267574269734097,0.1610512139470266,0.11689721684361512,0.07692307692307693
0.7560975609756098,0.0,0.335928809788654,0.33999999999999986,0.666666666666667,0.9387755102040818,0.0,0.2866666666666667,0.2648648648648649,0.6666666666666666,32.5,0.13636363636363635,0.33333333333333337,0.0,0.34248400852878463,0.6666666666666666,0.6666666666666666,0.5,0.7936507936507935,0.6885969878835921,0.3250881751047154,0.2218989073055176,0.21866237397627036,0.5323343094022273,0.273411615963837,0.5429047826360982,0.3389295336593464,0.3838135579170742,0.11448923601943066,0.20920020655017935,0.15254237288135591,0.15622675197143268,0.14310597087716853,0.1795769802778034,0.09930066736824525,0.07692307692307693
0.43902439024390244,1.0,0.911012235817575,0.8599999999999999,0.8974358974358978,0.24489795918367374,0.16666666666666696,0.6599999999999999,0.5263513513513514,0.0,21.8,0.8636363636363636,0.33333333333333337,0.5,0.5439765458422174,0.3333333333333333,0.0,0.25,0.873015873015873,0.2558251035399959,0.3431540855008503,0.2327125459314075,0.682305540957662,0.47808508929288607,0.23385313221959586,0.227662049341866,0.7043833536216543,0.3609973640146554,0.42550559944830063,0.48051314415981994,0.5141242937853107,0.19116249327618942,0.18546811557088855,0.27500240330695036,0.25145161270294625,0.3076923076923077
0.48780487804878053,0.0,0.3370411568409343,0.040000000000000036,0.10256410256410309,0.48979591836734704,0.666666666666667,0.4599999999999999,0.37432432432432433,1.0,25.6,0.2272727272727273,0.6666666666666666,0.5,0.4826759061833688,0.3333333333333333,0.6666666666666666,0.25,0.19047619047619024,0.6062687332888089,0.4147231847507853,0.38560996034202666,0.422682005529078,0.46266951451120497,0.36187643196579206,0.4570146067684511,0.41183230258602177,0.3519040435020474,0.18093638966763115,0.3031172300537737,0.0847457627118644,0.19982060855521064,0.060559861093465464,0.45778452374957734,0.2951742692786491,0.46153846153846156
0.09756097560975613,0.0,0.0033370411568408587,0.1200000000000001,0.8205128205128212,0.020408163265306367,0.29166666666666696,0.6333333333333333,0.3878378378378378,0.3333333333333333,30.8,0.2727272727272728,0.6666666666666666,0.5,0.1130063965884861,0.0,0.3333333333333333,1.0,0.7777777777777777,0.14159715144881047,0.26345453306893235,0.26488427689768906,0.572582465284928,0.16664675507168636,0.7315670119119796,0.0738782609067914,0.058627235607344896,0.023640975480362758,0.17804160368962546,0.039766046296544746,0.1016949152542373,0.567071912301837,0.039244308731163594,0.21542412730287247,0.2027619380145905,0.46153846153846156
0.4146341463414634,1.0,0.6829810901001112,0.52,0.8461538461538467,0.020408163265306367,0.5833333333333335,0.22666666666666663,0.17297297297297298,0.3333333333333333,23.6,0.6363636363636364,0.0,0.0,0.5442430703624734,0.3333333333333333,0.0,0.25,0.6825396825396823,0.09508786436785854,0.07927521977130436,0.031634297591345985,0.2687339480373566,0.3223021419157861,0.10394399420298527,0.08366129461632626,0.6084213936687732,0.34757704869112555,0.3476553849580549,0.4318595761542545,0.7288135593220338,0.2021505499410571,0.5397168226541877,0.024797656459008527,0.024215221690297183,0.0
0.6585365853658538,1.0,0.436040044493882,0.8999999999999999,0.7435897435897436,0.30612244897959195,0.791666666666667,0.6466666666666667,0.45878378378378376,1.0,22.8,0.5909090909090909,0.33333333333333337,0.5,0.2268123667377398,0.6666666666666666,0.6666666666666666,0.0,0.5396825396825395,0.2512173026837279,0.3339782649230111,0.22722021226822348,0.5756046715943784,0.3288493670871473,0.3699251272352547,0.18178846545789173,0.31435435788452826,0.2611407682488105,0.1666071990765033,0.15219941944113977,0.37853107344632764,0.3069866948010077,0.13934885209183268,0.2725990963565867,0.24584596367103534,0.3076923076923077
1.0,0.0,0.3982202447163514,0.54,0.17948717948717974,0.16326530612244916,0.125,0.6399999999999999,0.3635135135135135,0.6666666666666666,33.1,0.13636363636363635,0.33333333333333337,0.0,0.31636460554371,1.0,0.6666666666666666,0.0,0.4444444444444442,0.40699330707018955,0.4225176454082564,0.28021686971497156,0.4942390546001485,0.09273071684326206,0.319557469930962,0.1972369008410721,0.3525779070534524,0.46416966461645587,0.09094043746158341,0.203255916487378,0.15254237288135591,0.1268225963673115,0.05718117893034312,0.1061384675840272,0.12906124361608898,0.07692307692307693
0.5121951219512195,1.0,0.35261401557285865,0.7599999999999998,0.9743589743589745,0.5510204081632653,0.04166666666666696,0.03333333333333338,0.09594594594594597,0.0,23.7,0.31818181818181823,0.0,0.0,0.21242004264392317,0.3333333333333333,0.6666666666666666,0.0,0.9682539682539679,0.4000147901987202,0.07229864066626712,0.028850335841192613,0.08460224058454358,0.6908910789871454,0.13073439134517717,0.3970834568040464,0.27150115352588755,0.20061257646844277,0.17909931395081985,0.132791297762523,0.4915254237288136,0.23449576329483782,0.6401727861771058,0.10431856275050794,0.022084172288532884,0.0
0.48780487804878053,0.0,0.1968854282536151,0.1200000000000001,0.6410256410256414,0.24489795918367374,0.16666666666666696,0.76,0.5263513513513514,0.3333333333333333,16.6,0.5454545454545455,0.9999999999999999,1.0,0.30357142857142855,0.3333333333333333,0.3333333333333333,0.0,0.714285714285714,0.31679346092572924,0.4318139720805664,0.512718488253541,0.682305540957662,0.3076214532795143,0.6153191893659595,0.2157830075217509,0.2515869896239533,0.24606674513834775,0.1281446348582128,0.1605193271990613,0.11186440677966103,0.48456466281607236,0.027210310979999652,0.5309882275874198,0.47932970729982916,1.0
0.12195121951219517,0.0,0.082313681868743,0.20000000000000018,0.9230769230769234,0.6938775510204085,0.0,0.17333333333333328,0.19054054054054054,0.6666666666666666,33.5,0.045454545454545525,0.33333333333333337,0.0,0.16524520255863534,0.0,0.3333333333333333,0.0,0.9523809523809521,0.48558394075664346,0.17840298366408408,0.13409814790687594,0.17379834887038187,0.5898883833053139,0.3677150681519815,0.4237257343305118,0.12422246233195644,0.049188481241399906,0.2145096139995007,0.0722565663501182,0.10734463276836159,0.2821780966138622,0.16386899574349845,0.12663386463609538,0.05449455469311761,0.07692307692307693
0.0,0.0,0.19132369299221352,0.5,0.8461538461538467,0.8163265306122449,1.0,0.5266666666666666,0.49256756756756753,0.0,33.5,0.40909090909090906,0.33333333333333337,0.5,0.16950959488272915,0.0,0.3333333333333333,0.0,0.5238095238095237,0.5005419221249819,0.40606066948605446,0.270366284463772,0.48032908685645936,0.6675591492855677,0.587887099438003,0.46364350366615276,0.17717232980730213,0.012002851506158957,0.3923361767836529,0.08890149374327377,0.2881355932203389,0.40950345592511883,0.1339316110525111,0.4026402178136611,0.28988220630774414,0.3076923076923077
0.09756097560975613,0.0,0.053392658509454904,0.43999999999999995,0.1538461538461542,0.24489795918367374,0.16666666666666696,0.6533333333333333,0.4554054054054055,0.0,28.6,0.13636363636363635,0.6666666666666666,0.5,0.0751599147121535,0.0,0.3333333333333333,1.0,0.41269841269841256,0.4626275943510686,0.4633947747551622,0.42445416832742733,0.5903388120737666,0.3085942578633143,0.7333534030094974,0.30526706119747465,0.062315185998199685,0.010693148095956534,0.21060794594218873,0.030771823515820418,0.050847457627118675,0.3818820806852721,0.017959644309536324,0.3828651081030354,0.32490848749653073,0.46153846153846156
0.9756097560975612,1.0,0.5583982202447162,0.43999999999999995,1.0,0.6122448979591839,0.20833333333333348,0.26666666666666666,0.24662162162162166,0.3333333333333333,28.3,0.2727272727272728,0.0,0.0,0.484275053304904,1.0,1.0,0.25,0.9206349206349205,0.4096317895293098,0.20890891847159276,0.08336384201118016,0.24948383862179768,0.5192717738488706,0.17705975456055723,0.34528910021654574,0.5189504980294838,0.6055886205010028,0.1339959377311779,0.3546172987899587,0.4576271186440678,0.11960311707917462,0.3344372450203984,0.1068265488868238,0.06381282560254711,0.0
0.26829268292682934,1.0,0.49944382647385976,0.43999999999999995,0.6923076923076925,0.40816326530612246,0.04166666666666696,0.8600000000000001,0.7263513513513513,1.0,14.3,0.9090909090909091,0.6666666666666666,1.0,0.4365671641791044,0.0,1.0,0.5,0.7936507936507935,0.4019646699128073,0.5453277316340739,0.4898438713878182,0.8725953386265439,0.5901336395496044,0.5179326841341485,0.36418349283885215,0.4656428514707657,0.21760141912166975,0.35250236896753345,0.30560609955274615,0.3389830508474576,0.3981245429256851,0.08574956461583634,0.5976227995604304,0.5833506432398486,0.7692307692307693
0.6097560975609757,1.0,0.6195773081201335,0.54,0.9743589743589745,0.6326530612244898,0.0,0.38666666666666666,0.34054054054054056,0.3333333333333333,24.2,0.8636363636363636,0.33333333333333337,0.0,0.4858742004264392,0.6666666666666666,1.0,0.25,0.9841269841269837,0.44242028235913433,0.29235275610499195,0.2023046004829933,0.35250142421969144,0.5321043351847388,0.21672175393137033,0.3723973400610781,0.5470789332139689,0.41710323447006753,0.24073391629468915,0.36881706096740635,0.5141242937853107,0.3096899765345029,0.29140779848723214,0.11537735383346948,0.08930138347486896,0.07692307692307693
0.8048780487804879,1.0,0.21134593993325912,0.2999999999999998,0.9743589743589745,0.6734693877551021,0.125,0.4799999999999999,0.41959459459459464,0.3333333333333333,20.7,0.36363636363636365,0.33333333333333337,0.5,0.2492004264392324,1.0,0.3333333333333333,0.0,0.9365079365079363,0.45284831256662483,0.3531270139642262,0.23868200122483518,0.43283612848941466,0.558166823143742,0.4959222676086515,0.3889824892328562,0.2303150418196146,0.33069596644506705,0.0705797693198383,0.13307105223970175,0.2655367231638418,0.36332491886043994,0.1369621577814758,0.3777644935983637,0.25754422712492575,0.3076923076923077
0.3170731707317073,0.0,0.22803114571746375,0.54,0.6923076923076925,0.14285714285714324,0.25,0.8133333333333332,0.5331081081081082,0.3333333333333333,15.0,0.5454545454545455,0.6666666666666666,1.0,0.18630063965884852,0.3333333333333333,0.6666666666666666,0.0,0.714285714285714,0.23964503946455118,0.4060285404347427,0.37867086975260766,0.7287199455612329,0.2437861935429504,0.588181762470366,0.1506015918305012,0.20303691709084415,0.12074553623236461,0.197114508076969,0.10219878262413401,0.2033898305084746,0.4509487347539044,0.050387596899224826,0.4706303660095833,0.45570063586420595,0.7692307692307693
0.6097560975609757,0.0,0.15350389321468294,0.43999999999999995,0.3333333333333339,0.8163265306122449,0.875,0.35333333333333333,0.2966216216216216,0.6666666666666666,30.2,0.36363636363636365,0.6666666666666666,0.5,0.15644989339019189,0.6666666666666666,0.3333333333333333,1.0,0.25396825396825395,0.7169063526214473,0.3865251477732201,0.36310544768817565,0.2707763260424406,0.46323487170475675,0.4237238247257222,0.5310829779344588,0.1528376046828155,0.19682438369336364,0.08559358405482963,0.07771702739790282,0.13559322033898302,0.4218108475405,0.11122061691375369,0.5154901772289651,0.27794765751742634,0.46153846153846156
0.6341463414634148,1.0,0.518353726362625,0.94,0.9487179487179489,0.9591836734693877,0.0,0.7733333333333332,0.7222972972972974,1.0,11.7,0.9090909090909091,0.9999999999999999,1.0,0.26625799573560766,0.6666666666666666,1.0,0.0,0.9682539682539679,0.6062687332888089,0.6325864923894251,0.7130111419332601,0.6844558893376105,0.7355871852829399,0.5029497431347,0.5702137921832944,0.37220513097741226,0.27949733914686914,0.19975249852466764,0.18841619354039557,0.22033898305084743,0.38556291627393724,0.06111703834777556,0.7574621863357447,0.6633122091190874,1.0
0.1951219512195122,0.0,0.36484983314794206,0.33999999999999986,0.07692307692307754,0.020408163265306367,0.0,0.5800000000000001,0.3554054054054054,0.6666666666666666,35.0,0.18181818181818177,0.0,0.0,0.36727078891257997,0.0,0.6666666666666666,0.5,0.4285714285714284,0.3642919201565684,0.3644354667672901,0.14542577165747098,0.5267185381532191,0.16737026217947237,0.33085060696650054,0.1988902161253337,0.36586341631786934,0.1538984399608747,0.33218895701842494,0.2306342295705558,0.38983050847457623,0.16333400641911336,0.16081516398396156,0.09500251106584606,0.11131959829357987,0.0
0.6097560975609757,0.0,0.29254727474972186,0.54,0.4358974358974361,0.7551020408163267,0.29166666666666696,0.6533333333333333,0.5020270270270271,0.3333333333333333,32.7,0.09090909090909094,0.6666666666666666,0.5,0.2356076759061833,0.6666666666666666,0.6666666666666666,0.0,0.5396825396825395,0.660287623145737,0.5813991140535236,0.5186320059216606,0.5048881365314781,0.4282492216707321,0.5003933637500961,0.4781052505321079,0.25972565838385897,0.24975546676834826,0.13187649940084978,0.1378393726206498,0.03389830508474573,0.15622675197143268,0.011762302259062524,0.4859593467277641,0.39699914192222086,0.46153846153846156
0.5121951219512195,0.0,0.17797552836484976,0.20000000000000018,0.6153846153846159,0.6326530612244898,0.791666666666667,0.25999999999999995,0.24932432432432433,1.0,32.6,0.2272727272727273,0.0,0.0,0.25453091684434964,0.3333333333333333,0.3333333333333333,0.0,0.46031746031746024,0.4866158246887201,0.23270482236949636,0.09285945372355334,0.2491367374514154,0.552210283345181,0.3545139778065303,0.4104608858850198,0.21720910241409785,0.22615179296739008,0.11500578338651586,0.13053948633699888,0.423728813559322,0.3125863498203926,0.318635183342636,0.12690296630772635,0.07108146629343448,0.0
0.7073170731707319,1.0,0.06562847608453837,0.8599999999999999,0.1538461538461542,0.795918367346939,0.625,0.5266666666666666,0.4810810810810811,0.0,29.6,0.2272727272727273,0.33333333333333337,0.5,0.0,0.6666666666666666,0.3333333333333333,1.0,0.23809523809523792,0.8008534292450878,0.5623319215348137,0.363904933234673,0.4726577561200884,0.6337368946018844,0.7451439664536027,0.6697999312643859,0.023146130221943395,0.11263449327740843,0.041878878139073775,0.0035262897936743226,0.19774011299435024,0.43457099151717404,0.0960109237772606,0.5592747501750527,0.38535070259441795,0.3076923076923077
0.39024390243902446,1.0,0.5339265850945494,0.2799999999999998,0.9487179487179489,0.5510204081632653,0.8333333333333335,0.9333333333333333,0.8331081081081082,1.0,14.4,0.9090909090909091,0.6666666666666666,1.0,0.5437100213219614,0.3333333333333333,1.0,0.25,0.6507936507936507,0.33250084482277464,0.5340126365833043,0.48081343072444266,0.9426723772886281,0.6891718841670293,0.5651980459460543,0.3459371800310042,0.5399988002602156,0.33372569173892136,0.29847321445106534,0.39675913151976927,0.3389830508474576,0.37558246878846424,0.07536660225076731,0.5432770610470243,0.572981796484522,0.7692307692307693
0.6097560975609757,1.0,0.6006674082313681,0.5800000000000001,0.6923076923076925,0.7346938775510203,0.5,0.54,0.47905405405405405,0.3333333333333333,23.2,0.8636363636363636,0.0,0.0,0.45362473347547966,0.6666666666666666,1.0,0.5,0.6190476190476188,0.5428603782131131,0.4368408864375606,0.1743187170152174,0.4846276050270033,0.5970290411800336,0.30684857515652453,0.4673658245919567,0.5201979205588434,0.39553871914322175,0.23443943980763038,0.3389728804231736,0.8983050847457625,0.3196633606321245,0.3825147423320638,0.14157080142275769,0.13343638704487717,0.0
0.853658536585366,0.0,0.052280311457174655,0.5800000000000001,0.10256410256410309,0.8163265306122449,0.916666666666667,0.56,0.44729729729729734,1.0,26.7,0.2727272727272728,0.33333333333333337,0.5,0.04344349680170573,1.0,0.3333333333333333,1.0,0.09523809523809512,0.8381442842161756,0.6095904128099298,0.3921922564554949,0.4319151731511516,0.4626212294440937,0.7248686040744645,0.6116850770718061,0.04372746650665976,0.17907707355891173,0.020671752762668874,0.018409577616070094,0.22033898305084748,0.48745342904988676,0.09806260275297383,0.578724672976102,0.4142216372011523,0.3076923076923077
0.0,1.0,0.25806451612903225,0.2599999999999998,0.0512820512820511,0.0,0.9583333333333335,0.10666666666666669,0.08986486486486484,0.0,27.5,0.31818181818181823,0.33333333333333337,0.0,0.3057036247334754,0.0,0.6666666666666666,0.0,0.04761904761904745,0.2195839732097985,0.06609942482891226,0.06687706272399335,0.15467927924662783,0.3098028938613693,0.15747548116886995,0.15697078837511935,0.2824815049257452,0.05012516785755736,0.44540725304708934,0.1727363838402762,0.24293785310734467,0.298551771417378,0.3140548756099512,0.05726459383392446,0.020190574437393437,0.07692307692307693
0.17073170731707316,1.0,0.618464961067853,0.7999999999999998,0.7692307692307692,0.8163265306122449,0.916666666666667,0.6466666666666667,0.6695945945945947,0.0,23.8,0.40909090909090906,0.6666666666666666,0.5,0.3773987206823028,0.0,1.0,0.5,0.5079365079365079,0.5338551213080273,0.5015747921206123,0.45492517893744383,0.6696491673160212,0.8735785013444004,0.41382580368374516,0.5683985541270462,0.48216981001657677,0.14701835242626704,0.4952233032997016,0.2829474886924347,0.15254237288135591,0.1479002614051129,0.05615550755939526,0.4200155006509295,0.3482332436387629,0.46153846153846156
0.8292682926829269,1.0,0.08676307007786421,0.7200000000000002,0.4871794871794872,0.18367346938775508,0.7083333333333335,0.34,0.2310810810810811,1.0,24.7,0.5909090909090909,0.33333333333333337,0.5,0.03997867803837951,1.0,0.3333333333333333,1.0,0.41269841269841256,0.2563736512609801,0.18873308842704334,0.14028139676756574,0.3126868782052443,0.2533596447813138,0.4122096776380442,0.16320210540890656,0.056301988293462946,0.17049354266483197,0.0327456151781894,0.020237360470339513,0.37853107344632764,0.6674732727434577,0.24544095878270328,0.27528851127723175,0.15711346545929733,0.3076923076923077
0.34146341463414637,1.0,0.503893214682981,0.2799999999999998,0.4615384615384617,0.06122448979591866,0.791666666666667,0.8466666666666667,0.604054054054054,0.0,13.2,0.9090909090909091,0.6666666666666666,1.0,0.5167910447761195,0.3333333333333333,1.0,0.25,0.3650793650793649,0.1724055895671941,0.373802868901422,0.3529519506172981,0.8597447163605971,0.35000763148273273,0.43303269440858744,0.1384788942608497,0.511517356332617,0.29320777864354514,0.3107946793997271,0.36815451321690285,0.3389830508474576,0.395123820580906,0.08777602876515643,0.418024890322478,0.42616990296119117,0.7692307692307693
0.5121951219512195,1.0,0.2191323692992213,0.6600000000000001,0.2564102564102564,0.6938775510204085,0.375,0.5666666666666667,0.5675675675675675,0.6666666666666666,29.1,0.36363636363636365,0.6666666666666666,0.5,0.14685501066098072,0.3333333333333333,0.3333333333333333,1.0,0.39682539682539675,0.6928051366959761,0.5360142711372994,0.4824109110804194,0.5927161832966157,0.7873297217536686,0.6305206942084093,0.6595483226965824,0.17608653188596823,0.16084898622324634,0.13011062816918628,0.0811315319884266,0.13559322033898302,0.35622989220765333,0.06267231954776951,0.5029196210021024,0.36927284773429864,0.46153846153846156
0.3170731707317073,1.0,0.335928809788654,0.96,1.0,0.18367346938775508,0.4583333333333335,0.13999999999999996,0.1358108108108108,1.0,24.2,0.4545454545454545,0.0,0.0,0.14898720682302768,0.3333333333333333,0.6666666666666666,1.0,0.8253968253968251,0.16856626606864167,0.0668657092060628,0.026682357359375748,0.18631664874883525,0.4362115646389335,0.16831968169006206,0.15820968064730223,0.22507266605740783,0.10275783749730602,0.2469328409565174,0.09546701346162939,0.5932203389830508,0.31100695994313043,0.5523276447743336,0.04395985107391831,0.02042464185624187,0.0
0.6097560975609757,0.0,0.3637374860956618,0.6000000000000001,0.0512820512820511,0.9387755102040818,0.0,0.1933333333333333,0.19391891891891894,0.0,32.8,0.2727272727272728,0.33333333333333337,0.0,0.2697228144989339,0.6666666666666666,0.6666666666666666,0.0,0.41269841269841256,0.952480709190029,0.33963581726540026,0.23060663040028406,0.1455322040204018,0.53111166166368,0.20447523657117556,0.724928917917049,0.31043601805200716,0.2725675160397221,0.1555733520580121,0.1684126083709563,0.22033898305084748,0.20659342998305183,0.23149337926383617,0.24839436207078086,0.10374435583745859,0.07692307692307693
0.6585365853658538,0.0,0.11568409343715236,0.5800000000000001,0.5641025641025639,0.20408163265306145,0.375,0.15999999999999998,0.08783783783783783,0.0,27.7,0.4545454545454545,0.0,0.0,0.09088486140724944,0.6666666666666666,0.3333333333333333,1.0,0.5873015873015872,0.2905397007769196,0.11188450000532452,0.04464683389384378,0.11969823482427,0.1161058378252946,0.22285036935081853,0.14212686375672523,0.09881634253297711,0.166021485767337,0.06471073265070536,0.043825663225405626,0.5932203389830508,0.5281730680666854,0.5261416924483879,0.07576890842449618,0.034175975533753004,0.0
0.5365853658536586,1.0,0.4638487208008898,0.48,0.1538461538461542,0.26530612244897966,0.3333333333333335,0.2733333333333334,0.24527027027027026,1.0,27.0,0.5454545454545455,0.0,0.0,0.39099147121535177,0.6666666666666666,1.0,0.5,0.3492063492063491,0.4597629562525952,0.23115317553674603,0.09224027842759708,0.3135561662978096,0.4926978739396741,0.2058746915450595,0.3701411220456174,0.42401178765425196,0.3200981448631442,0.21158493620976565,0.26545333108769226,0.6610169491525424,0.2711955093527526,0.4506839452843773,0.11990009363995968,0.07060750391088305,0.0
0.3170731707317073,1.0,0.10344827586206884,0.2400000000000002,0.5641025641025639,0.7551020408163267,0.08333333333333348,0.040000000000000036,0.12229729729729727,0.6666666666666666,20.0,0.7727272727272728,0.0,0.0,0.17244136460554366,0.3333333333333333,0.3333333333333333,0.0,0.6984126984126982,0.6232676846423876,0.12653361237772848,0.05049247369874841,0.09102948833476016,0.8325492236038698,0.27021186048065443,0.6240413709814536,0.13818514185046327,0.11406439098791427,0.1395923092882121,0.07848398614089078,0.8305084745762712,0.7657495066325061,0.9546436285097193,0.16253996268095666,0.038650658854558394,0.0
0.5609756097560976,0.0,0.24360400444938812,0.2799999999999998,0.1538461538461542,0.22448979591836737,0.75,0.9533333333333334,0.5641891891891893,1.0,19.4,0.5454545454545455,0.6666666666666666,1.0,0.2849147121535181,0.6666666666666666,0.6666666666666666,0.0,0.19047619047619024,0.38528236569228547,0.5856977445097505,0.5220626909574082,0.7389631971235746,0.12766071380759847,0.6011175806649414,0.19735347634989536,0.2646781756267622,0.26365241466204675,0.12676505938409904,0.1582398880942594,0.2033898305084746,0.43528121416273136,0.034721367368330744,0.5845712271514175,0.620344630045995,0.7692307692307693
0.024390243902439046,0.0,0.10122358175750834,0.3599999999999999,0.8461538461538467,0.8979591836734695,0.3333333333333335,0.6133333333333333,0.5817567567567568,0.0,25.3,0.5000000000000001,0.6666666666666666,0.5,0.1353944562899786,0.0,0.3333333333333333,1.0,0.7777777777777777,0.5907724052894477,0.5124607910666339,0.4636131631834915,0.5551970538823594,0.7181664334270188,0.8066909044978348,0.551220740099752,0.11732312137348089,0.009665279596810322,0.29783241817420036,0.06147094343807449,0.1864406779661017,0.5801723085165462,0.07434672831807261,0.4497020492790672,0.35488366677372785,0.46153846153846156
0.6097560975609757,1.0,0.2947719688542825,0.6600000000000001,0.4615384615384617,0.3265306122448983,0.375,0.4066666666666667,0.3,1.0,27.1,0.40909090909090906,0.33333333333333337,0.5,0.20095948827292104,0.6666666666666666,0.6666666666666666,0.0,0.5238095238095237,0.39134865813611164,0.2814085430495053,0.19575376731534422,0.36964442374090056,0.34154272615811054,0.3248914810079656,0.2727879344896163,0.24037009041269963,0.2265869792271092,0.1326170260463861,0.11877470131050236,0.2881355932203389,0.3184217797879605,0.17082741488789,0.34568790184705916,0.21373031711624657,0.3076923076923077
0.3170731707317073,1.0,0.39488320355951045,0.8599999999999999,0.2051282051282053,0.30612244897959195,0.75,0.06666666666666665,0.09662162162162163,0.0,20.5,0.8636363636363636,0.0,0.0,0.2118869936034115,0.3333333333333333,0.6666666666666666,0.0,0.2222222222222221,0.4244706148794023,0.09723465918377219,0.03880090340570671,0.11656904535146023,0.5221234541457305,0.11918033878092509,0.3564875841052552,0.2884701014407781,0.1330799582221191,0.27415316716905413,0.13793137089708582,0.8983050847457625,0.4572354515992668,0.9459083273338131,0.11069631813375203,0.029701069702588533,0.0
0.14634146341463422,1.0,0.5361512791991101,0.5800000000000001,0.4358974358974361,0.6938775510204085,0.625,0.8400000000000001,0.8027027027027027,0.3333333333333333,11.3,0.9090909090909091,0.6666666666666666,1.0,0.4053837953091684,0.0,1.0,0.5,0.41269841269841256,0.6044271802255045,0.6776329700735738,0.5954350838187205,0.8539767682076,0.7885935346125041,0.5439624295542134,0.590754229124336,0.4641425730232923,0.14648783965251416,0.47150053220994553,0.2894383448044049,0.3389830508474576,0.37418255503361797,0.0888065318410891,0.756021428342542,0.7045915816633262,0.7692307692307693
0.04878048780487804,1.0,0.38709677419354827,0.5,0.6153846153846159,0.020408163265306367,0.9583333333333335,0.5533333333333335,0.3932432432432433,1.0,25.0,0.818181818181818,0.33333333333333337,0.5,0.3224946695095949,0.0,0.6666666666666666,0.0,0.39682539682539675,0.08147588195147926,0.19806771249752936,0.14586878479249277,0.5802264531402128,0.3221413328764895,0.3480075580551627,0.07523354699087625,0.35115929224671083,0.07506755748603258,0.48184939208131566,0.20536555900691378,0.4915254237288136,0.44302537262487185,0.20984426509037168,0.18406646464454007,0.16281612997197834,0.3076923076923077
0.5365853658536586,0.0,0.35817575083426023,0.20000000000000018,0.3333333333333339,0.20408163265306145,0.7083333333333335,0.24666666666666665,0.17770270270270272,1.0,29.2,0.18181818181818177,0.33333333333333337,0.0,0.4232409381663112,0.6666666666666666,0.6666666666666666,0.5,0.3174603174603172,0.31523385671829307,0.16425404934848326,0.12562907774791549,0.23798159689648002,0.2840573162596278,0.19380658289419345,0.20753137941576655,0.3923699825688294,0.34015815912067504,0.1737717943720672,0.26686094971183466,0.1751412429378531,0.16670060063117206,0.17348681071031558,0.08220881744601324,0.05017265458205986,0.07692307692307693
0.4146341463414634,1.0,0.2536151279199109,0.2599999999999998,0.6153846153846159,0.8163265306122449,0.541666666666667,0.6066666666666667,0.6337837837837839,0.0,21.9,1.0,0.6666666666666666,0.5,0.30170575692963747,0.3333333333333333,0.6666666666666666,0.0,0.5555555555555554,0.6145481123502764,0.5214108149701698,0.4707560691364712,0.6313515937879418,0.8732441749526716,0.6542914626587714,0.6340608584841307,0.2782361454127925,0.21557054990964702,0.17206593834931394,0.16961323500916173,0.3728813559322034,0.6727476006849908,0.14709291341799047,0.4621028286989012,0.36035137316628785,0.46153846153846156
0.902439024390244,1.0,0.49721913236929915,0.5800000000000001,0.4615384615384617,0.04081632653061229,0.08333333333333348,0.4599999999999999,0.2810810810810811,0.0,23.3,0.40909090909090906,0.33333333333333337,0.5,0.37606609808102337,1.0,1.0,0.5,0.6349206349206349,0.2592382893594536,0.2481396991137722,0.17584017049494183,0.41598252966359617,0.16504036083897256,0.21889180926823065,0.13932708039693925,0.4303160702001151,0.4751280690992888,0.13158028874263528,0.2609737166711322,0.2881355932203389,0.19804795169662323,0.15305128530893997,0.2767826306775901,0.19340587188335456,0.3076923076923077
0.8292682926829269,1.0,0.8509454949944382,0.3799999999999999,0.9743589743589745,0.5714285714285716,0.04166666666666696,0.020000000000000018,0.0574324324324324,0.0,27.3,0.40909090909090906,0.0,0.0,0.7587953091684434,1.0,0.0,0.75,0.9682539682539679,0.40983640653634357,0.06679163943663069,0.026652800265298975,0.03770990968135007,0.4932300141567947,0.019649886672036446,0.3364747432724828,0.8042776378439379,0.7517531789320113,0.24309078475307883,0.6806926752947667,0.559322033898305,0.07799204721860223,0.7370851841286659,0.10687991029397945,0.020402016679137075,0.0
0.34146341463414637,1.0,0.4160177975528365,0.8399999999999999,0.3589743589743595,0.34693877551020424,0.0,0.5933333333333333,0.5027027027027027,0.0,26.7,0.818181818181818,0.33333333333333337,0.5,0.2313432835820895,0.3333333333333333,0.6666666666666666,0.0,0.603174603174603,0.470112616479338,0.4310879501244653,0.2853467622076672,0.6181813636406325,0.5475423885903994,0.4135000728528286,0.39721076631134083,0.30911450249528427,0.15116298347121138,0.27148891354211957,0.1523456781192626,0.4915254237288136,0.42002159147136786,0.1967462746865143,0.3867690975039719,0.3051717545603438,0.3076923076923077
0.5853658536585367,0.0,0.3659621802002224,0.2400000000000002,0.384615384615385,0.38775510204081653,0.7083333333333335,0.4466666666666666,0.2898648648648649,1.0,25.7,0.2272727272727273,0.6666666666666666,0.5,0.41204690831556506,0.6666666666666666,0.6666666666666666,0.5,0.3492063492063491,0.4196580228739668,0.3173800047420312,0.3079215443712256,0.3434621782305233,0.22006470270145329,0.2788526759698671,0.24823307520168653,0.39020750256691905,0.3562227490508795,0.1627405920915958,0.26083223834530955,0.0847457627118644,0.18407081054835142,0.06319494440444769,0.3604533170976596,0.235705832842886,0.46153846153846156
0.878048780487805,0.0,0.2046718576195773,0.18000000000000016,0.666666666666667,0.9387755102040818,0.9583333333333335,0.38666666666666666,0.34054054054054056,0.0,32.5,0.18181818181818177,0.0,0.0,0.28731343283582095,1.0,0.3333333333333333,0.0,0.4285714285714284,0.6453813647218217,0.38077345303454857,0.15194534638855062,0.29666788859586357,0.5321043351847388,0.42475402586606,0.5128884075606066,0.24713020935876806,0.389645053797311,0.05857807494915272,0.15285387232639638,0.38983050847457623,0.2632250072865049,0.22912833639975466,0.16830691775245565,0.11631016105172823,0.0
0.6585365853658538,0.0,0.27030033370411555,0.08000000000000007,1.0,0.26530612244897966,0.3333333333333335,0.78,0.4702702702702703,1.0,15.3,0.5454545454545455,0.6666666666666666,1.0,0.39418976545842216,0.6666666666666666,0.6666666666666666,0.5,0.873015873015873,0.22510643116487616,0.38045215429125656,0.3582586649575075,0.6030291011220492,0.1496461947720933,0.49111458123945045,0.11595573231898537,0.33403919082899003,0.3782680415789386,0.11388992998815643,0.22906369027912654,0.2033898305084746,0.41000989679061206,0.054698378620728336,0.4592559361681673,0.43226312806714734,0.7692307692307693
0.21951219512195125,1.0,0.5483870967741934,0.7400000000000002,0.23076923076923084,0.6734693877551021,0.5,0.7466666666666668,0.7162162162162162,0.6666666666666666,12.7,0.9090909090909091,0.9999999999999999,1.0,0.35234541577825157,0.0,1.0,0.5,0.33333333333333326,0.6850252456035822,0.6655107544306593,0.745856711658343,0.7645689641796711,0.773705027002006,0.4805547975180701,0.6474078451925189,0.4378514469940329,0.1584492448482236,0.41297492866387825,0.25264271669574445,0.22033898305084743,0.36659511654150756,0.0649370272600414,0.8190781543441157,0.6934831114496486,1.0
0.9268292682926831,1.0,0.5583982202447162,0.2200000000000002,0.07692307692307754,0.9795918367346941,0.04166666666666696,0.5866666666666667,0.570945945945946,1.0,22.6,0.36363636363636365,0.33333333333333337,0.5,0.5991471215351811,1.0,1.0,0.25,0.41269841269841256,0.9653715806331596,0.7026967589433492,0.4479225439852736,0.5246482914424128,0.7493899751954505,0.38260518689180023,0.8526762047224228,0.5809355524248432,0.6803494752897097,0.14283893849280715,0.4489023847520568,0.2655367231638418,0.15402050890563332,0.11023118150547957,0.6450830628659321,0.47110172706778186,0.3076923076923077
0.39024390243902446,0.0,0.21134593993325912,0.2400000000000002,0.4615384615384617,0.6122448979591839,0.25,0.4199999999999999,0.36756756756756753,0.0,30.9,0.40909090909090906,0.6666666666666666,0.5,0.27078891257995735,0.3333333333333333,0.3333333333333333,0.0,0.5714285714285712,0.5695584296006432,0.3701774616306239,0.3500585568726927,0.38745144941980914,0.5380979110299084,0.4455128309662287,0.4628098090137576,0.24177060367036252,0.1894262172781379,0.16267369577697804,0.1448594701659159,0.15254237288135591,0.3896338065108351,0.10121243397873307,0.43863740112952787,0.26796060619903544,0.46153846153846156
0.9268292682926831,1.0,0.20800889877641826,0.7200000000000002,0.6923076923076925,0.795918367346939,0.625,0.39333333333333337,0.37500000000000006,0.0,22.6,0.818181818181818,0.33333333333333337,0.5,0.12393390191897646,1.0,0.3333333333333333,1.0,0.5714285714285712,0.5695584296006432,0.35222823578061424,0.23814402321712336,0.3584967205172225,0.6345947715420532,0.45558490385097655,0.5015555816311537,0.15768277117871854,0.26651635471410334,0.053281497298258165,0.06873574572244429,0.4915254237288136,0.6308508990737413,0.2766560326550022,0.43863740112952787,0.2569951497958599,0.3076923076923077
0.5121951219512195,1.0,0.9733036707452725,0.6400000000000001,0.5128205128205128,0.8367346938775513,0.8333333333333335,0.5066666666666666,0.5493243243243244,0.6666666666666666,29.8,0.6818181818181818,0.33333333333333337,0.5,0.6974946695095949,0.3333333333333333,0.0,0.25,0.38095238095238093,0.651537455863127,0.4701792994224391,0.30874551241940074,0.5360183277256036,0.887545915043304,0.22909499136111955,0.6703854316805167,0.8236540436091525,0.49479848803859466,0.4068967028354162,0.6496578653835282,0.423728813559322,0.12344976675389616,0.19758419326453885,0.481395491104851,0.32905325730872026,0.3076923076923077
0.6097560975609757,0.0,0.31813125695216893,0.040000000000000036,0.3333333333333339,0.34693877551020424,0.75,0.6133333333333333,0.3864864864864865,1.0,28.1,0.5000000000000001,0.6666666666666666,0.5,0.46295309168443494,0.6666666666666666,0.6666666666666666,0.5,0.3015873015873014,0.40590776000129425,0.4065696534338127,0.379102725500028,0.47302928768790664,0.19582696496704033,0.38368010560679777,0.23196341171385054,0.392483797305772,0.40177638886586314,0.14039255582451748,0.28498917831663867,0.1864406779661017,0.3465271159582929,0.07434672831807261,0.3532815439759395,0.29019315238061083,0.46153846153846156
0.5853658536585367,0.0,0.18576195773081194,0.06000000000000005,0.8205128205128212,0.5918367346938775,1.0,0.38000000000000006,0.27972972972972976,0.6666666666666666,27.4,0.18181818181818177,0.33333333333333337,0.0,0.31716417910447753,0.6666666666666666,0.3333333333333333,0.0,0.5079365079365079,0.374794877060586,0.25918985085153096,0.18245441494945533,0.2909605100393846,0.3341524155125486,0.3794467837539061,0.26002005218687557,0.2528264200926199,0.2942522256668711,0.10132977527247651,0.16605705284928676,0.1751412429378531,0.2783662358130441,0.12356544186745434,0.09774154321091583,0.07917152063849292,0.07692307692307693
0.39024390243902446,0.0,0.27252502780867627,0.56,0.23076923076923084,0.48979591836734704,0.5833333333333335,0.5533333333333335,0.4425675675675676,1.0,27.8,0.13636363636363635,0.6666666666666666,0.5,0.21428571428571425,0.3333333333333333,0.6666666666666666,0.0,0.3015873015873014,0.5571606516006925,0.45327219335824054,0.41637545840453777,0.5037733037751159,0.46301005130030326,0.46470120104022444,0.42438762130322,0.23859092715208696,0.1595517167061788,0.18842877690482218,0.12309642582684088,0.050847457627118675,0.19139939723809077,0.030540714637565844,0.4321710483148621,0.3187244478101907,0.46153846153846156
0.2926829268292683,0.0,0.24026696329254726,0.040000000000000036,0.4615384615384617,0.36734693877551017,0.875,0.8533333333333333,0.625,0.0,19.5,0.5454545454545455,0.6666666666666666,1.0,0.38219616204690826,0.3333333333333333,0.6666666666666666,0.5,0.33333333333333326,0.36118727888269553,0.5122374287391057,0.4634349004083114,0.7634190533894207,0.38495442773162103,0.6610091340761712,0.2681503901521612,0.31281348144592014,0.20413136822560052,0.21330974618832726,0.21521877397338723,0.2033898305084746,0.43857858775653735,0.0455343347813074,0.5657201879880172,0.5530275855663793,0.7692307692307693
0.4634146341463415,1.0,0.39043381535038924,0.6400000000000001,0.7435897435897436,0.14285714285714324,0.41666666666666696,0.48666666666666664,0.37567567567567567,1.0,26.4,0.7727272727272728,0.6666666666666666,0.5,0.2758528784648188,0.3333333333333333,0.6666666666666666,0.0,0.6825396825396823,0.20700860868030968,0.23516748797455045,0.24230872794110553,0.5166068061871731,0.40673473188987685,0.33280968476827755,0.17551088861913777,0.32557073767465605,0.22029128466983872,0.20955174024751105,0.17624179658679656,0.288135593220339,0.41962103397919515,0.14503034879160892,0.24954101184314886,0.18548094983442692,0.46153846153846156
0.5853658536585367,1.0,0.43715239154616226,0.8599999999999999,0.5384615384615383,0.5510204081632653,0.0,0.4799999999999999,0.39527027027027034,0.0,27.3,0.818181818181818,0.0,0.0,0.23907249466950958,0.6666666666666666,0.6666666666666666,0.0,0.714285714285714,0.5261963191774987,0.3892235522241886,0.15531730742773303,0.43302118701892434,0.48243367427632466,0.3235357150763052,0.4112211631047928,0.32253196261076356,0.24324839602778559,0.1870016555263096,0.15992768259377665,0.8644067796610169,0.40416507106426924,0.402601234524189,0.13722503538915348,0.11889130842378759,0.0
0.07317073170731708,0.0,0.36262513904338145,0.3599999999999999,0.0512820512820511,0.14285714285714324,0.8333333333333335,0.4599999999999999,0.30608108108108106,0.0,34.2,0.13636363636363635,0.33333333333333337,0.5,0.35714285714285704,0.0,0.6666666666666666,0.5,0.09523809523809512,0.3516540054058579,0.29250160561493327,0.2023936967297283,0.42284005358833976,0.24483948175109305,0.2932240670750324,0.2168185671106761,0.3593149311110583,0.09650358925048494,0.43681479308062815,0.22356349166541833,0.15254237288135591,0.14306952059721487,0.09139033583195698,0.32498422176741276,0.2205072385810145,0.3076923076923077
0.21951219512195125,1.0,0.4082313681868742,0.3999999999999999,0.9230769230769234,0.6122448979591839,0.25,0.3066666666666666,0.3304054054054055,0.3333333333333333,29.1,0.2727272727272728,0.33333333333333337,0.0,0.3789978678038379,0.0,0.6666666666666666,0.5,0.8571428571428572,0.42653315431030303,0.2385070691451946,0.17007440628970144,0.3450591667723756,0.7317219559649075,0.28985292221325276,0.43124620366360517,0.39224277786283457,0.16963974866957338,0.3386754218950672,0.24667043992455928,0.22033898305084748,0.18321022648465754,0.17392608591312703,0.11123420111788102,0.07285380691110382,0.07692307692307693
0.04878048780487804,0.0,0.046718576195773076,0.2200000000000002,0.4358974358974361,0.04081632653061229,0.791666666666667,0.38666666666666666,0.24054054054054053,0.3333333333333333,32.4,0.4545454545454545,0.0,0.0,0.12606609808102343,0.0,0.3333333333333333,1.0,0.3492063492063491,0.16566011147598736,0.17178123122466415,0.06854826268341518,0.3591225380351457,0.18039709857206043,0.4668947028405312,0.0908771334511746,0.08665440913106814,0.013975695883552464,0.23825315203214248,0.050595075830239034,0.5932203389830508,0.6361754640853505,0.33104018345199054,0.04320196442156257,0.05247188980790638,0.0
0.9756097560975612,0.0,0.18353726362625133,0.3999999999999999,0.2564102564102564,0.04081632653061229,0.29166666666666696,0.15999999999999998,0.0695945945945946,1.0,27.0,0.5454545454545455,0.0,0.0,0.1926972281449893,1.0,0.3333333333333333,0.0,0.4285714285714284,0.2876311625478629,0.11101629176378769,0.04430038063943129,0.11936290666851246,0.02246282267166344,0.16856508934828374,0.11247956826327371,0.18667997297536465,0.34260349143719226,0.04148756169267058,0.09943483059086963,0.6610169491525424,0.49999144143373087,0.5757204288521784,0.07501040015131619,0.033910774691638564,0.0
0.4146341463414634,1.0,0.6774193548387095,0.2599999999999998,0.02564102564102555,0.8775510204081636,0.375,0.4000000000000001,0.46148648648648655,0.0,28.4,0.7272727272727274,0.0,0.0,0.6839019189765456,0.3333333333333333,0.0,0.25,0.25396825396825395,0.929226588155362,0.5163078976575242,0.20602954782564326,0.43397656586912314,0.9148776041222955,0.26845854937980174,0.9127525543677126,0.6826066390215343,0.42358958205540537,0.3453809102610506,0.5568055123874862,0.7966101694915255,0.235117980726652,0.42337849335689504,0.24232999509285558,0.1577101928988132,0.0
0.853658536585366,0.0,0.17575083426028915,0.10000000000000009,0.28205128205128194,0.4285714285714288,0.16666666666666696,0.4133333333333334,0.2756756756756757,0.6666666666666666,27.0,0.13636363636363635,0.6666666666666666,0.5,0.2907782515991471,1.0,0.3333333333333333,0.0,0.49206349206349187,0.5307178383840147,0.3481424122749314,0.33247265018536004,0.31760667889933725,0.24362631943992885,0.38317154191368064,0.32173105287442155,0.23450894242937992,0.3829266068734561,0.05401641011309212,0.14958134257293956,0.050847457627118675,0.2589380420540337,0.053815694744420425,0.4183791769269386,0.2544990577695506,0.46153846153846156
0.5121951219512195,1.0,0.20355951056729693,0.8599999999999999,0.12820512820512864,0.3265306122448983,0.3333333333333335,0.5666666666666667,0.4777027027027027,0.0,27.4,1.0,0.6666666666666666,0.5,0.08875266524520253,0.3333333333333333,0.3333333333333333,1.0,0.33333333333333326,0.5096130136297686,0.4362539192698556,0.4027933794508332,0.5932240427838497,0.5344807354321217,0.5601628292232229,0.419811376760922,0.13429536140821197,0.1256113330791293,0.12439528149466232,0.051848611730980765,0.3728813559322034,0.7433371708398169,0.1577900434631896,0.4073714590154557,0.30832772406662173,0.46153846153846156
0.8048780487804879,1.0,0.09566184649610676,0.54,1.0,0.7142857142857144,1.0,0.6466666666666667,0.5574324324324325,0.6666666666666666,26.9,0.9090909090909091,0.0,0.0,0.08502132196162043,1.0,0.3333333333333333,1.0,0.6190476190476188,0.3927075076435287,0.4178781021746587,0.16675173249895028,0.5759914372881316,0.5837546670921441,0.7875000832751654,0.35542761049347565,0.08672725823103772,0.20048823753709444,0.03811275795867723,0.039246594945877664,0.9322033898305084,0.8760775604747223,0.34317254619630433,0.10241292017816517,0.12764405968058695,0.0
0.17073170731707316,1.0,0.4638487208008898,0.8999999999999999,0.7179487179487181,0.3265306122448983,1.0,0.96,0.7756756756756757,1.0,13.8,0.9090909090909091,0.6666666666666666,1.0,0.24440298507462682,0.0,1.0,0.0,0.4444444444444442,0.24235200162108372,0.4775897429000885,0.43578300091576205,0.9681237081752585,0.5339417580564265,0.5770001359320015,0.23442945163632117,0.33653363995540275,0.0953140801405859,0.4067007480922897,0.1668128103731366,0.3389830508474576,0.4231881038568711,0.07188290916108155,0.47274818571406885,0.5212773843281634,0.7692307692307693
0.9512195121951221,1.0,0.5072302558398218,0.3799999999999999,0.7435897435897436,0.26530612244897966,0.0,0.8400000000000001,0.5783783783783785,1.0,12.7,0.9090909090909091,0.9999999999999999,1.0,0.470415778251599,1.0,1.0,0.25,0.841269841269841,0.31925142707711307,0.47517136619998934,0.5559722538159664,0.7421151959324945,0.3044559933047575,0.41398628348968497,0.21630025290986515,0.4879669535408506,0.5806669540277525,0.12549108104504098,0.33285607703026154,0.22033898305084743,0.39289168278529996,0.05232672295307285,0.5329112427044936,0.5190612493962455,1.0
0.43902439024390244,0.0,0.22246941045606228,0.43999999999999995,0.02564102564102555,0.16326530612244916,0.04166666666666696,0.7533333333333332,0.5,0.6666666666666666,18.2,0.5454545454545455,0.9999999999999999,1.0,0.2121535181236674,0.3333333333333333,0.6666666666666666,0.0,0.38095238095238093,0.4677839429283207,0.5276246337011092,0.6083001527027739,0.6766944756537339,0.25660227705715744,0.5624474483897883,0.28945425451736434,0.21519749310999536,0.17523500058024838,0.1517472977227411,0.11494464441214164,0.11186440677966103,0.4567214700193427,0.027951432597048687,0.6491171852468997,0.5671280035945043,1.0
1.0,1.0,0.9610678531701891,0.3799999999999999,0.2051282051282053,0.5918367346938775,0.75,0.49333333333333335,0.41351351351351356,0.6666666666666666,29.5,0.6363636363636364,0.33333333333333337,0.0,0.851279317697228,1.0,0.0,0.75,0.2222222222222221,0.6265994791076891,0.44806946385121993,0.2955113179225566,0.44459697064082204,0.5081870165659166,0.17061545535531442,0.489791658804879,0.9056198959216263,0.9549478605414545,0.22748602011903513,0.8147031187265963,0.40112994350282494,0.11434792987782469,0.192418154934702,0.16340885057839588,0.13686624182324067,0.07692307692307693
0.9756097560975612,0.0,0.3937708565072302,0.56,0.02564102564102555,0.40816326530612246,0.541666666666667,0.36666666666666664,0.2425675675675676,0.0,26.0,0.4545454545454545,0.6666666666666666,0.5,0.3059701492537313,1.0,0.6666666666666666,0.0,0.19047619047619024,0.5915363087823738,0.3435877839751574,0.3288376563633644,0.28130557806363754,0.23247421256471013,0.23013400230099518,0.35293098595208233,0.3445281497175787,0.44476864669507116,0.09336911383296102,0.19578864034235477,0.1694915254237288,0.2728837560092142,0.12479001679865613,0.4501004811191628,0.2517165657294376,0.46153846153846156
0.878048780487805,0.0,0.2691879866518353,0.3799999999999999,0.7179487179487181,0.22448979591836737,0.791666666666667,0.7933333333333332,0.46824324324324323,1.0,16.5,0.5454545454545455,0.6666666666666666,1.0,0.27078891257995735,1.0,0.6666666666666666,0.0,0.5238095238095237,0.2093598848213276,0.37591315873422326,0.3546361474386355,0.6136397244809186,0.12692106223598154,0.49024439927461,0.10105949669922076,0.26890389062544384,0.3757688290588372,0.07567875507848222,0.15433816776278148,0.2033898305084746,0.41102514506769805,0.05294345683114586,0.4469364635654628,0.4281037154291786,0.7692307692307693
0.12195121951219517,0.0,0.28031145717463846,0.2400000000000002,0.8205128205128212,0.7346938775510203,0.375,0.5800000000000001,0.5175675675675675,0.0,31.1,0.4545454545454545,0.33333333333333337,0.5,0.3336886993603411,0.0,0.6666666666666666,0.0,0.746031746031746,0.5101202786152338,0.4450252452843245,0.2936891523765747,0.5268716629099355,0.6169782505894452,0.5242999167678452,0.45151774742889966,0.30797986792638055,0.10943483811071142,0.33772680845460956,0.19352394986672217,0.3107344632768362,0.353398559409523,0.12957211598254625,0.4076360350037139,0.3136862611875777,0.3076923076923077
0.6097560975609757,0.0,0.33481646273637367,0.31999999999999984,0.23076923076923084,0.6326530612244898,0.3333333333333335,0.3266666666666666,0.25,0.6666666666666666,34.6,0.5000000000000001,0.0,0.0,0.34968017057569295,0.6666666666666666,0.6666666666666666,0.5,0.39682539682539675,0.6667911258557847,0.3461849512865482,0.13814301369629733,0.24990240179784706,0.3590591898980342,0.2618350280034521,0.452153514648242,0.3422681868619204,0.32603325651950466,0.1459465056660399,0.213571339004748,0.6271186440677966,0.33393852937362134,0.3881725825570318,0.173890300079937,0.10574483887186792,0.0
0.8048780487804879,1.0,0.6963292547274749,0.54,0.8461538461538467,0.20408163265306145,0.375,0.47333333333333333,0.3216216216216216,0.3333333333333333,21.0,0.8636363636363636,0.0,0.0,0.5445095948827292,1.0,0.0,0.25,0.7619047619047619,0.22212626145684222,0.2364966263790998,0.09437255020936428,0.427412845929418,0.26667417532208826,0.1842760486740384,0.14661791846802447,0.6145189875108313,0.5649007775327839,0.20669147079547529,0.43511773533478737,0.8983050847457625,0.2726028481907532,0.42186244935115935,0.05792758895942307,0.07223970180465211,0.0
0.12195121951219517,1.0,0.7474972191323692,0.8599999999999999,0.17948717948717974,0.38775510204081653,0.20833333333333348,0.4333333333333333,0.38918918918918916,0.3333333333333333,20.2,0.7272727272727274,0.6666666666666666,0.5,0.43869936034115137,0.0,0.0,0.5,0.41269841269841256,0.5399728230098518,0.3654276000027623,0.3462677496901467,0.4657316134660906,0.5760574075863352,0.20772299786864734,0.45710271614725545,0.572617732779868,0.1469934846399974,0.6284640088543048,0.35451115781434056,0.27118644067796616,0.20709135656341024,0.15365449024947575,0.42320633191271184,0.2650588431348973,0.46153846153846156
0.878048780487805,0.0,0.18353726362625133,0.5,0.9230769230769234,0.6938775510204085,0.666666666666667,0.8400000000000001,0.6195945945945946,0.3333333333333333,15.3,0.5454545454545455,0.9999999999999999,1.0,0.16337953091684432,1.0,0.3333333333333333,1.0,0.6984126984126982,0.43446599827530663,0.5569683865176865,0.63757377098237,0.650523841452207,0.393408975292024,0.7250444834843599,0.3179648046087307,0.17025239380118917,0.28557336825875757,0.05297612801023445,0.08489640926391911,0.11186440677966103,0.49999144143373087,0.018973754826886596,0.6230505483237241,0.5940178242116617,1.0
0.7804878048780488,0.0,0.24026696329254726,0.5,0.8205128205128212,0.9387755102040818,1.0,0.4799999999999999,0.4108108108108108,0.6666666666666666,25.5,0.31818181818181823,0.6666666666666666,0.5,0.2076226012793177,1.0,0.6666666666666666,0.0,0.5079365079365079,0.5827967349226245,0.4170781479640927,0.38748942803246905,0.3691015807426288,0.5308187416082857,0.46223874836120366,0.46904455395832517,0.22066907041715433,0.2893864288201064,0.08254261427521999,0.11506028263301765,0.11864406779661019,0.3125863498203926,0.07180540310873494,0.4455421507451881,0.29661295229831774,0.46153846153846156
0.5121951219512195,1.0,0.4638487208008898,0.5,0.12820512820512864,0.9183673469387754,0.20833333333333348,0.5466666666666666,0.6047297297297298,0.0,29.1,0.5909090909090909,0.6666666666666666,0.5,0.38272921108742003,0.3333333333333333,1.0,0.5,0.38095238095238093,0.9009172234175068,0.6318733555395443,0.5589148882768908,0.5740475629571908,0.9436536507542423,0.4573890054480571,0.904241334340236,0.4193700900212519,0.30390092673950164,0.2199232187688479,0.2596157041121766,0.22033898305084743,0.2901945836657668,0.10096646813709449,0.6114653763578684,0.4278346274815054,0.46153846153846156
0.48780487804878053,0.0,0.40711902113459386,0.16000000000000014,1.0,0.20408163265306145,0.125,0.15999999999999998,0.12027027027027026,1.0,32.2,0.36363636363636365,0.0,0.0,0.48933901918976536,0.3333333333333333,0.6666666666666666,0.25,0.9523809523809521,0.2185839733318029,0.0904054783546836,0.036075760047218,0.16238696700070676,0.2825823092095281,0.13355241443704957,0.1488774969049554,0.4504284646454326,0.3558414429947446,0.20733226707234026,0.3246270184887197,0.5254237288135593,0.2242930948280654,0.47656295604459753,0.05700380710158548,0.027615044230611625,0.0
0.12195121951219517,1.0,0.8542825361512791,0.5800000000000001,0.4615384615384617,0.14285714285714324,0.791666666666667,0.3333333333333333,0.2668918918918919,0.6666666666666666,26.8,0.8636363636363636,0.6666666666666666,0.5,0.6431236673773988,0.0,0.0,0.25,0.3650793650793649,0.22538825384721684,0.17301013830389328,0.19270169808629398,0.37003935795016174,0.4057748980338607,0.12183555118371918,0.18713553712961473,0.7405534246641129,0.22010892090386114,0.6949182260885208,0.5641667251562109,0.32203389830508466,0.21006663840385695,0.21825773938084952,0.25912734822197914,0.14750807492349258,0.46153846153846156
0.12195121951219517,0.0,0.22358175750834253,0.18000000000000016,0.7948717948717947,0.06122448979591866,0.08333333333333348,0.8666666666666667,0.5432432432432432,0.3333333333333333,17.6,0.5454545454545455,0.6666666666666666,1.0,0.30517057569296374,0.0,0.6666666666666666,0.0,0.841269841269841,0.19460875643274322,0.39858012649070973,0.3727263805674925,0.7751481434499754,0.19275437985845212,0.6024621332060067,0.11052997452883856,0.2656268936518371,0.0992349011091033,0.30242300554893237,0.16630207117116347,0.2033898305084746,0.45555923879285665,0.04398848092152628,0.4353957664451321,0.4488751109870937,0.7692307692307693
0.07317073170731708,1.0,0.5973303670745271,0.45999999999999996,0.666666666666667,0.5306122448979593,0.916666666666667,0.3333333333333333,0.3378378378378379,0.0,27.8,0.9545454545454545,0.0,0.0,0.5061300639658848,0.0,1.0,0.25,0.4444444444444442,0.3943285912664122,0.24115776962346575,0.09623255126560276,0.37049453636083574,0.6752586860870884,0.22202510293985062,0.3875334857097414,0.5487060368109778,0.14515741308708696,0.5967861801032722,0.3806557370528044,0.9661016949152543,0.35459272669472763,0.566796256299496,0.10283567733060339,0.07366348362850783,0.0
0.7073170731707319,0.0,0.017797552836484987,0.16000000000000014,0.0,0.8775510204081636,0.75,0.35333333333333333,0.30608108108108106,1.0,26.6,0.2727272727272728,0.6666666666666666,0.5,0.11567164179104478,0.6666666666666666,0.3333333333333333,1.0,0.09523809523809512,0.9479969278185051,0.48253965696238377,0.4397334675294141,0.27083838947911065,0.49811950446245645,0.5929516203067416,0.7040730899886314,0.06720416050943628,0.19717667733218386,0.027312561462513554,0.042681076231244286,0.1016949152542373,0.5417953057580714,0.09341077956481929,0.6360209038941932,0.3366043886424347,0.46153846153846156
0.2439024390243903,0.0,0.16796440489432696,0.5800000000000001,0.8205128205128212,0.795918367346939,0.7083333333333335,0.9933333333333334,0.8641891891891893,1.0,17.0,0.5454545454545455,0.9999999999999999,1.0,0.13006396588486135,0.0,0.3333333333333333,1.0,0.6190476190476188,0.5197599365870232,0.7161109819457521,0.7963359995121015,0.8849463369278914,0.654662102716856,1.0000000000000002,0.4729393022264465,0.14424050346695816,0.07224920837547044,0.1997008059179176,0.06709419195476402,0.11186440677966103,0.5188386159154966,0.005963583214850368,0.6897811388470535,0.7398517899746233,1.0
0.7073170731707319,1.0,0.968854282536151,0.52,1.0,0.7551020408163267,0.9583333333333335,0.13999999999999996,0.16824324324324325,0.6666666666666666,24.9,0.6818181818181818,0.0,0.0,0.7651918976545842,0.6666666666666666,0.0,0.75,0.6349206349206349,0.4196580228739668,0.13877884256072753,0.055378858836512966,0.1411049119599858,0.609722253123909,0.05876062267314021,0.3836069798090354,0.8610383757101089,0.671898572589068,0.31694513724062934,0.721331357099329,0.7627118644067796,0.12459919008624185,0.6815116762489988,0.10944125783745096,0.04239105799044795,0.0
0.7317073170731709,0.0,0.3236929922135705,0.20000000000000018,0.7948717948717947,0.9387755102040818,0.125,0.56,0.47162162162162163,0.6666666666666666,26.1,0.2272727272727273,0.6666666666666666,0.5,0.39099147121535177,0.6666666666666666,0.6666666666666666,0.5,0.8253968253968251,0.6393633100786263,0.5021427382084177,0.45537844984881587,0.4317845835619447,0.5315723052786081,0.4505464794876863,0.5084956409100585,0.35885154253922014,0.4095890183855833,0.11559262701827501,0.2381235881252084,0.0847457627118644,0.20748949606294823,0.043303998366697835,0.4750457789338419,0.3485802105841469,0.46153846153846156
0.5609756097560976,0.0,0.29810901001112333,0.48,0.10256410256410309,0.5918367346938775,0.29166666666666696,0.56,0.40202702702702703,1.0,29.2,0.36363636363636365,0.33333333333333337,0.0,0.259594882729211,0.6666666666666666,0.6666666666666666,0.0,0.33333333333333326,0.6985184942169526,0.5341180668527438,0.34701708080512983,0.4314059613972643,0.3342956160854138,0.4102548425408495,0.4610378784972568,0.2758694794774108,0.2475090767419884,0.14579298184928235,0.15243672024365487,0.2655367231638418,0.2926690140029423,0.11631547088173246,0.1821643778100348,0.16315044518254201,0.07692307692307693
0.1951219512195122,1.0,0.9510567296996661,0.52,0.4102564102564106,0.8775510204081636,0.666666666666667,0.4333333333333333,0.4918918918918919,1.0,23.2,0.7272727272727274,0.6666666666666666,0.5,0.7515991471215351,0.0,0.0,0.75,0.38095238095238093,0.7302889614066154,0.4537134017628385,0.4167275815020484,0.46589490472803874,0.9152833768127584,0.20832217753707305,0.7477476639054208,0.8453112484234887,0.3092889470979293,0.6549019246049363,0.701526945555697,0.27118644067796616,0.14163847511308772,0.15365449024947575,0.5224701917110671,0.31899398876787666,0.46153846153846156
0.04878048780487804,0.0,0.34816462736373743,0.16000000000000014,0.17948717948717974,0.9591836734693877,0.16666666666666696,0.38000000000000006,0.39864864864864863,0.3333333333333333,25.4,0.0,0.33333333333333337,0.5,0.43283582089552236,0.0,0.6666666666666666,0.5,0.4285714285714284,0.9009172234175068,0.4862745820221771,0.31837960036729496,0.35284070063667305,0.7563077043186732,0.37477471311101845,0.8066104058986632,0.3923973557334104,0.10938510253817202,0.4539870770430115,0.2712403857364823,0.0847457627118644,0.08477541974005806,0.0778479777692551,0.6114653763578684,0.33888611144510755,0.3076923076923077
0.7317073170731709,1.0,0.9922135706340376,0.2200000000000002,0.8461538461538467,0.9591836734693877,0.5,0.37333333333333335,0.3871621621621622,1.0,21.4,0.6363636363636364,0.6666666666666666,0.5,1.0,0.6666666666666666,0.0,0.75,0.714285714285714,0.6143659437045593,0.3579253731230508,0.3402803130511757,0.3410714768205647,0.7353538129467565,0.15289649959623042,0.5763159695805729,0.9999999999999999,0.8641721513950829,0.31494085723280807,1.0,0.23728813559322032,0.10662999802384568,0.15734137495415462,0.46200781435560667,0.26047561807195313,0.46153846153846156
0.9512195121951221,1.0,0.6262513904338152,0.7200000000000002,0.2051282051282053,0.5306122448979593,1.0,0.4000000000000001,0.3324324324324324,0.6666666666666666,27.6,0.31818181818181823,0.33333333333333337,0.5,0.41364605543710015,1.0,1.0,0.5,0.12698412698412698,0.5630118272911916,0.3538106765838236,0.23909121838291075,0.3641594505355654,0.4692377468221529,0.2098792556393036,0.4307777724267477,0.5073999671865721,0.5303469885110828,0.15537847662497623,0.31225937723066965,0.24293785310734467,0.11283043197936746,0.15099592032637388,0.43522286666453036,0.2579618870681635,0.3076923076923077
0.878048780487805,0.0,0.30589543937708563,0.08000000000000007,0.5641025641025639,0.40816326530612246,0.0,0.14666666666666667,0.10202702702702704,0.0,25.2,0.0,0.33333333333333337,0.0,0.43017057569296374,1.0,0.6666666666666666,0.5,0.7301587301587298,0.4415334410804913,0.149014877547403,0.11650742856437987,0.10953425097273745,0.23267790401448574,0.15080069118075845,0.26539321203974636,0.36998691034126463,0.509607254762181,0.08540845239344556,0.2601158002486752,0.0847457627118644,0.10315925209542251,0.1611871050315975,0.11514607736609206,0.04551773309960617,0.07692307692307693
0.853658536585366,0.0,0.271412680756396,0.10000000000000009,0.8717948717948723,0.38775510204081653,0.5,0.8466666666666667,0.5432432432432432,0.3333333333333333,19.7,0.5454545454545455,0.6666666666666666,1.0,0.3861940298507462,1.0,0.6666666666666666,0.5,0.7301587301587298,0.2993432227380819,0.464434765994572,0.4252841727715598,0.6553740028110523,0.21950700772814313,0.5549582767957948,0.17833181185957386,0.3304951515464293,0.4615668363202307,0.07985100950170838,0.22421968147628696,0.2033898305084746,0.4089978014584861,0.04632036216763678,0.5173358541352902,0.5092225196548095,0.7692307692307693
0.5609756097560976,0.0,0.2769744160177976,0.14000000000000012,0.1538461538461542,0.06122448979591866,0.125,0.36000000000000004,0.18445945945945946,0.3333333333333333,25.9,0.40909090909090906,0.6666666666666666,0.5,0.37340085287846475,0.6666666666666666,0.6666666666666666,0.5,0.4285714285714284,0.35151512722178413,0.23831858223737945,0.24482357820418355,0.2760283632773083,0.035802283519759115,0.23381700317744702,0.14925509166497958,0.32684821588674584,0.32006913244582963,0.13841480783217047,0.21736596099394812,0.15254237288135591,0.33223259709179154,0.11807055435565154,0.32491178658293984,0.18740600148011274,0.46153846153846156
0.7317073170731709,0.0,0.1368186874304782,0.31999999999999984,0.3589743589743595,0.20408163265306145,0.875,0.15999999999999998,0.08783783783783783,1.0,33.0,0.13636363636363635,0.33333333333333337,0.0,0.17750533049040512,0.6666666666666666,0.3333333333333333,0.0,0.26984126984126977,0.2841578596141352,0.1099794993976807,0.09314218077557404,0.11969823482427,0.1161058378252946,0.21079494776845986,0.13866756293169608,0.15676387826431692,0.2502362439695618,0.05986799694166674,0.08551820901595822,0.15254237288135591,0.2924468639858566,0.20387990582375032,0.07410460871829538,0.03359407854037571,0.07692307692307693
0.12195121951219517,0.0,0.18576195773081194,0.10000000000000009,0.4871794871794872,0.24489795918367374,0.9583333333333335,0.5866666666666667,0.4108108108108108,0.0,34.0,0.18181818181818177,0.6666666666666666,0.5,0.30063965884861404,0.0,0.3333333333333333,0.0,0.3174603174603172,0.2607516830718546,0.3104571951332809,0.30239653365632096,0.5325311539181752,0.3086193901808547,0.5116042797591219,0.1818208214353662,0.24455401082535022,0.09761435037053004,0.27888713694514755,0.1568462357091504,0.06779661016949151,0.2783662358130441,0.03268955874834363,0.2775719767758926,0.2314765826464384,0.46153846153846156
0.024390243902439046,0.0,0.07563959955506117,0.2599999999999998,0.6153846153846159,0.16326530612244916,0.541666666666667,0.5666666666666667,0.37905405405405407,0.3333333333333333,34.4,0.045454545454545525,0.6666666666666666,0.5,0.14099147121535177,0.0,0.3333333333333333,1.0,0.5555555555555554,0.2327226309273025,0.28546860413310093,0.2824534410639933,0.5150136817498142,0.25691718653779194,0.6040935662179665,0.15020619207914332,0.10842176489468575,0.011318987383743095,0.2785592378469523,0.06068500800152832,0.01694915254237289,0.2888955016614583,0.01511345759005947,0.26295276515361166,0.21621067048515652,0.46153846153846156
0.4634146341463415,0.0,0.3370411568409343,0.54,0.0512820512820511,0.06122448979591866,0.08333333333333348,0.34,0.2148648648648649,0.6666666666666666,33.7,0.09090909090909094,0.0,0.0,0.2697228144989339,0.3333333333333333,0.6666666666666666,0.0,0.38095238095238093,0.3890324373848325,0.24278048769258753,0.09688008710913046,0.31832664973261915,0.19237321467025792,0.23220932886237705,0.2211687763406353,0.29882134203421407,0.21676420365059107,0.1888970511071466,0.16436237632207945,0.32203389830508466,0.13358059270713205,0.21517011312362339,0.10145451049735346,0.07415915526332631,0.0
0.6585365853658538,1.0,0.453837597330367,0.52,0.5897435897435903,0.22448979591836737,0.16666666666666696,0.8,0.539864864864865,1.0,11.4,0.9090909090909091,0.6666666666666666,1.0,0.3667377398720681,0.6666666666666666,1.0,0.5,0.6825396825396823,0.3189293529927607,0.45408483767554675,0.41702402001669703,0.7071910491296618,0.2780531699145159,0.41780611411808216,0.20789091386407849,0.4059346298535391,0.3590576766856214,0.1722681138779365,0.24663999068932047,0.3389830508474576,0.43059492119424725,0.09524414517426845,0.5326592647296633,0.49973812556116104,0.7692307692307693
0.2439024390243903,0.0,0.17797552836484976,0.0,0.8461538461538467,0.16326530612244916,0.25,0.96,0.6344594594594595,0.6666666666666666,16.7,0.5454545454545455,0.9999999999999999,1.0,0.33502132196162043,0.0,0.3333333333333333,0.0,0.8095238095238093,0.21591325184093535,0.45689976377385566,0.5377443223675727,0.8564401627312759,0.25744636432483836,0.7476654978168921,0.14038519208125205,0.2575753957830895,0.16149140403521284,0.20481837398617753,0.17456901819452036,0.11186440677966103,0.506614396242056,0.008529461972939079,0.4520635577035753,0.5023176476252688,1.0
0.07317073170731708,1.0,0.6807563959955505,0.6800000000000002,0.5384615384615383,0.24489795918367374,0.0,0.5333333333333334,0.4331081081081081,1.0,24.3,0.818181818181818,0.0,0.0,0.4682835820895522,0.0,0.0,0.5,0.714285714285714,0.3608782731892597,0.33703028196177975,0.13448989820061608,0.5614349829959709,0.47803208955582477,0.25130931834108233,0.29831495999869667,0.5632059027197404,0.1327981233110629,0.6536480475283827,0.36671442214490335,0.8644067796610169,0.26438062400134577,0.3720662347012239,0.09411227711927034,0.10294847516779812,0.0
0.34146341463414637,0.0,0.1846496106785317,0.14000000000000012,0.2564102564102564,0.9591836734693877,0.916666666666667,0.7666666666666666,0.7263513513513513,0.3333333333333333,15.7,0.5454545454545455,0.6666666666666666,1.0,0.2835820895522388,0.3333333333333333,0.3333333333333333,0.0,0.19047619047619024,0.856719949898202,0.7946468415248782,0.6888224409899703,0.6886097330374136,0.7577759441316698,0.831394512251434,0.773181780078458,0.23539046293971277,0.17715810938510257,0.16800031482841854,0.14728275322274365,0.2033898305084746,0.4986808920723662,0.056495843968846146,0.9534052734113159,0.8118199253831225,0.7692307692307693
0.12195121951219517,0.0,0.010011123470522743,0.5,0.17948717948717974,0.5102040816326534,0.4583333333333335,0.21333333333333332,0.1966216216216216,1.0,25.2,0.2727272727272728,0.33333333333333337,0.0,0.027718550106609785,0.0,0.3333333333333333,1.0,0.3174603174603172,0.6012652683620953,0.24155875664619475,0.17190104248524135,0.2082344200206585,0.4735057827431739,0.45197467631997273,0.45815160524031645,0.01603667709353135,0.0,0.16951457108050022,0.008699642479200687,0.22033898305084748,0.5552061214548859,0.21959999297617172,0.1568020237356036,0.07378596817889227,0.07692307692307693
0.7073170731707319,1.0,0.9766407119021132,0.2999999999999998,0.9743589743589745,0.7551020408163267,0.41666666666666696,0.18,0.19932432432432434,0.0,28.7,0.9090909090909091,0.0,0.0,0.9227078891257994,0.6666666666666666,0.0,0.75,0.8253968253968251,0.4719688055417429,0.17832262539718358,0.0711585665149623,0.1749794632358737,0.6075627586243666,0.07174452610273198,0.4204913797173208,0.9516659466992571,0.7870239891244879,0.3193163980949531,0.9021786146049623,0.9322033898305084,0.1833210740912272,0.7402316905556645,0.12308321757985363,0.05447000864640519,0.0
0.902439024390244,0.0,0.10344827586206884,0.52,0.8717948717948723,0.8367346938775513,0.9583333333333335,0.52,0.4216216216216216,0.6666666666666666,30.5,0.2272727272727273,0.0,0.0,0.09594882729211085,1.0,0.3333333333333333,1.0,0.5555555555555554,0.5071596957000651,0.4052687189379691,0.16172003428476062,0.40029599988204123,0.47306564153881836,0.617292139062095,0.3948346832909559,0.09630681139820568,0.23554767154627893,0.02910486512123618,0.04464302756011046,0.423728813559322,0.3879261302333248,0.19303455723542118,0.13226053595201542,0.12379242721163627,0.0
0.024390243902439046,0.0,0.27030033370411555,0.2599999999999998,0.9487179487179489,0.24489795918367374,0.29166666666666696,0.9133333333333333,0.6290540540540541,0.0,18.0,0.5454545454545455,0.9999999999999999,1.0,0.31663113006396587,0.0,0.6666666666666666,0.0,0.8571428571428572,0.230591908374719,0.4465469166767242,0.5274162196220628,0.8154383294372058,0.3079729385906571,0.6322805522453265,0.16319641494111686,0.29415624358636494,0.06321391269749169,0.42520300120644766,0.18140058189668218,0.11186440677966103,0.41000989679061206,0.012352209684187848,0.46354755572238826,0.49283057884238757,1.0
0.34146341463414637,1.0,0.10344827586206884,0.2400000000000002,0.17948717948717974,0.7755102040816326,1.0,0.4533333333333333,0.4878378378378379,0.6666666666666666,29.3,0.4545454545454545,0.33333333333333337,0.5,0.17244136460554366,0.3333333333333333,0.3333333333333333,0.0,0.11111111111111094,0.7611968103564789,0.48383228001478895,0.3169177215721454,0.48464636765542124,0.8437349913542636,0.6940728778904948,0.7397396096533779,0.13818514185046327,0.12185215272136474,0.13167979701062915,0.07848398614089078,0.3107344632768362,0.5453525370663171,0.1655054036355058,0.5385909075403883,0.3373940718212711,0.3076923076923077
0.2439024390243903,0.0,0.25583982202447153,0.2400000000000002,0.9230769230769234,0.5510204081632653,0.20833333333333348,0.12000000000000005,0.13310810810810808,0.6666666666666666,31.7,0.18181818181818177,0.0,0.0,0.3115671641791045,0.0,0.6666666666666666,0.0,0.873015873015873,0.39917890795722055,0.12151351282164691,0.048489233294579194,0.12785967185743508,0.5014907084684523,0.1975599206951812,0.3320559390786621,0.2844862580290838,0.15127903314046987,0.24462168118375482,0.17577759821131506,0.38983050847457623,0.22635166252187486,0.41896412992842924,0.10410057572553169,0.03711723108219061,0.0
0.17073170731707316,0.0,0.012235817575083408,0.33999999999999986,0.666666666666667,0.36734693877551017,0.875,0.35333333333333333,0.2756756756756757,1.0,31.9,0.40909090909090906,0.33333333333333337,0.5,0.06449893390191896,0.0,0.3333333333333333,1.0,0.46031746031746024,0.2982970070847263,0.21259953086118516,0.15456703630132695,0.33028051329607666,0.3859903277412797,0.5592004702836884,0.22827212699086458,0.03747723159664579,0.025373431257149498,0.14813846453682739,0.022281539752682142,0.2881355932203389,0.6646288949441613,0.19136488498395854,0.29715462389291136,0.17169383991095308,0.3076923076923077
0.6097560975609757,0.0,0.005561735261401524,0.48,0.6923076923076925,0.4693877551020411,0.04166666666666696,0.6666666666666667,0.44729729729729734,0.3333333333333333,32.9,0.31818181818181823,0.33333333333333337,0.5,0.028251599147121553,0.6666666666666666,0.3333333333333333,1.0,0.7936507936507935,0.4338127052428945,0.45407155917362996,0.2991039677470887,0.5148115570709485,0.26547222742837073,0.8113429304926012,0.2724441737291758,0.014383391890100516,0.11110097979077904,0.03634856212666422,0.00848154662543861,0.24293785310734467,0.6014041120424087,0.08577233821294299,0.36783602472295995,0.319212792604116,0.3076923076923077
0.09756097560975613,1.0,0.34482758620689646,0.2400000000000002,1.0,0.36734693877551017,0.75,0.2733333333333334,0.26216216216216215,0.3333333333333333,21.2,0.9090909090909091,0.0,0.0,0.39259061833688697,0.0,0.6666666666666666,0.5,0.714285714285714,0.22862383639866857,0.14630700306422095,0.05838292581191771,0.3135246703524268,0.5632064527081793,0.26692677483115546,0.23306679492269228,0.3699175667465264,0.11929077073558914,0.400216427501557,0.24347188618447385,0.9322033898305084,0.5234015310431253,0.6119510439164866,0.05962207050336377,0.04469059214548562,0.0
0.12195121951219517,0.0,0.23248053392658508,0.2400000000000002,0.8461538461538467,0.9795918367346941,0.791666666666667,0.7266666666666668,0.6979729729729731,0.0,16.8,0.5454545454545455,0.9999999999999999,1.0,0.29024520255863534,0.0,0.6666666666666666,0.0,0.603174603174603,0.6098330295403657,0.6024248294119994,0.6829215683808211,0.6540273358858791,0.7708653034359512,0.7383579784683911,0.5876206437983369,0.26206053949075514,0.09389661632321494,0.307960856985117,0.15932515801728944,0.11186440677966103,0.4463987956284361,0.031009141910156607,0.7602507501935565,0.6356728777749404,1.0
0.6097560975609757,0.0,0.2747497219132369,0.31999999999999984,0.7948717948717947,0.24489795918367374,0.791666666666667,0.9199999999999999,0.55,1.0,19.8,0.5454545454545455,0.6666666666666666,1.0,0.29744136460554366,0.6666666666666666,0.6666666666666666,0.0,0.5714285714285712,0.20269690787482997,0.42851244564315605,0.39661500287340967,0.7129611172522939,0.1392398687556835,0.5578496114210435,0.10073686302628199,0.2859915988604004,0.29110230607271337,0.12595228623655919,0.1707857968763812,0.2033898305084746,0.40598028693658283,0.03813397055895108,0.44172361497289114,0.476304277859372,0.7692307692307693
0.07317073170731708,0.0,0.12235817575083419,0.41999999999999993,0.3589743589743595,0.24489795918367374,0.9583333333333335,0.38000000000000006,0.2722972972972973,0.3333333333333333,34.2,0.31818181818181823,0.33333333333333337,0.5,0.13646055437100213,0.0,0.3333333333333333,1.0,0.23809523809523792,0.30053445838299153,0.22713759660156407,0.16326902727707776,0.35297706419247477,0.30776770996216585,0.42570591455694456,0.2058903437629241,0.12767484268588325,0.024436744640992075,0.27305261489631005,0.06459072067434832,0.24293785310734467,0.4278074866310151,0.1578535399411038,0.29832161926097434,0.18057536646785127,0.3076923076923077
0.43902439024390244,0.0,0.1968854282536151,0.54,0.4102564102564106,0.5510204081632653,0.541666666666667,0.7666666666666666,0.6148648648648649,0.6666666666666666,19.4,0.5454545454545455,0.6666666666666666,1.0,0.16257995735607678,0.3333333333333333,0.3333333333333333,1.0,0.4285714285714284,0.5303902283087637,0.5774477609079195,0.5154784787120953,0.6886332809041924,0.5011247174143103,0.7030129334991352,0.4212896748713038,0.17566993853559554,0.14748255110330083,0.1415753414389158,0.08618677068300104,0.2033898305084746,0.48456466281607236,0.056495843968846146,0.6980978569874978,0.6127845684364792,0.7692307692307693
0.4634146341463415,1.0,0.41045606229143494,0.6400000000000001,0.8205128205128212,0.020408163265306367,0.0,0.6599999999999999,0.46554054054054056,0.6666666666666666,24.5,0.5909090909090909,0.6666666666666666,0.5,0.2905117270788912,0.3333333333333333,0.6666666666666666,0.0,0.8888888888888888,0.17902842260219687,0.29699617644959986,0.29165345726622877,0.682464790704647,0.32306085838978293,0.38927182623908463,0.1356066270010694,0.3426804695579023,0.2287256088463005,0.21729724867514777,0.18851694925122375,0.22033898305084743,0.32339972784872106,0.07876846362358127,0.23494728746755533,0.22325304059779028,0.46153846153846156
0.7804878048780488,1.0,0.450500556173526,0.54,0.384615384615385,0.18367346938775508,0.375,0.9000000000000001,0.5932432432432433,1.0,14.3,0.9090909090909091,0.6666666666666666,1.0,0.3566098081023454,1.0,1.0,0.5,0.47619047619047605,0.3283847262191575,0.51328566483333,0.46427148497146614,0.7930729986920195,0.25275527475318604,0.4576750173820943,0.20561344021071432,0.3985153353426196,0.4052288665263018,0.1427252147579569,0.23898687886800102,0.3389830508474576,0.43310066436800954,0.0799330648142743,0.5400567732924642,0.5539881607427829,0.7692307692307693
0.4634146341463415,0.0,0.37041156840934364,0.48,0.7179487179487181,0.4285714285714288,0.625,0.35333333333333333,0.28581081081081083,0.0,25.5,0.40909090909090906,0.33333333333333337,0.5,0.31689765458422176,0.3333333333333333,0.6666666666666666,0.0,0.5873015873015872,0.3492298471846683,0.23376132700815472,0.16723376668968515,0.32990618063456945,0.42336671998167197,0.2735745049714826,0.27287710747311705,0.34049531861495896,0.24390739236393172,0.2018062318198744,0.19894043481338397,0.2881355932203389,0.26645222067706154,0.19136488498395854,0.32371984501079987,0.18462190460864905,0.3076923076923077
0.26829268292682934,0.0,0.10011123470522798,0.14000000000000012,0.2051282051282053,0.24489795918367374,0.125,0.5533333333333335,0.38851351351351354,1.0,26.5,0.5000000000000001,0.33333333333333337,0.5,0.2014925373134328,0.0,0.3333333333333333,0.0,0.46031746031746024,0.4489520611679215,0.39521837514070723,0.26387645636459134,0.5036273248403795,0.30863337357557574,0.5831133578626806,0.29691804151487383,0.15164601445809223,0.11159004625408245,0.15540737194780568,0.0915601637546904,0.33333333333333337,0.5818497611810682,0.14547888800474912,0.3757323120091507,0.2832584829813012,0.3076923076923077
0.0,1.0,0.8286985539488319,0.94,0.8205128205128212,0.16326530612244916,0.41666666666666696,0.35333333333333333,0.28513513513513516,0.0,24.1,0.5000000000000001,0.33333333333333337,0.0,0.45788912579957347,0.0,0.0,0.5,0.7301587301587298,0.20090384080872137,0.17213419794834262,0.13034586629655248,0.3894626741931392,0.420874960498979,0.13558041704262025,0.17535745001769226,0.617213017488261,0.09272368573749565,0.8991649550994707,0.3857062497894997,0.33333333333333337,0.11069066583328421,0.2151113347825378,0.052393062551039926,0.05257970619098081,0.07692307692307693
0.6097560975609757,1.0,0.4560622914349276,0.56,0.7179487179487181,0.6530612244897962,0.625,0.72,0.5986486486486486,1.0,12.4,0.9090909090909091,0.9999999999999999,1.0,0.3528784648187632,0.6666666666666666,1.0,0.5,0.5873015873015872,0.47834816928171564,0.5139738608864566,0.5946820066157513,0.6389958959519378,0.5457310353374536,0.4579919347302019,0.4022896963123103,0.3989546126870055,0.32817188613869586,0.1863052078477695,0.23744960118166347,0.22033898305084743,0.4289347374453749,0.06895043333242203,0.6573822164664431,0.5546188049733857,1.0
0.3170731707317073,0.0,0.15016685205784197,0.52,0.3076923076923075,0.26530612244897966,0.791666666666667,0.4799999999999999,0.34324324324324323,0.6666666666666666,27.6,0.13636363636363635,0.6666666666666666,0.5,0.13192963752665243,0.3333333333333333,0.3333333333333333,1.0,0.26984126984126977,0.3542441509554274,0.30460123860031274,0.2977229654926422,0.4396029397197758,0.3204488836432371,0.47652696306241044,0.2428257517763171,0.13759052052558352,0.09453488950413635,0.16116313383399594,0.06588878197529752,0.050847457627118675,0.28046421663442966,0.04173305479823909,0.3263351731205439,0.22789908929949726,0.46153846153846156
0.902439024390244,1.0,0.1345939933259177,0.3599999999999999,0.5128205128205128,0.9591836734693877,0.0,0.18,0.2256756756756757,1.0,23.6,0.6818181818181818,0.33333333333333337,0.0,0.1636460554371002,1.0,0.3333333333333333,1.0,0.6984126984126982,0.7565394632544448,0.2667116315579875,0.18695669668335638,0.1756100361117462,0.7375549383903017,0.36326215184508126,0.6861919831601164,0.14821569282934177,0.2934481672441519,0.03721026585965191,0.07866158810708551,0.423728813559322,0.6520157263408777,0.38287846063224035,0.19729547857852403,0.0814691060357721,0.07692307692307693
0.878048780487805,0.0,0.33481646273637367,0.040000000000000036,0.5128205128205128,0.38775510204081653,0.625,0.17333333333333328,0.1162162162162162,0.3333333333333333,26.6,0.2727272727272728,0.0,0.0,0.4802771855010661,1.0,0.6666666666666666,0.25,0.46031746031746024,0.3861791219665901,0.147928353893645,0.05902991606670275,0.1296986077846673,0.21841950253018805,0.1527361453577356,0.22827777273773203,0.4095560078471687,0.5516835491304564,0.09307427452038637,0.3009249552961583,0.4576271186440678,0.22322352428280076,0.4132848319502861,0.10071040360231329,0.045185846146490134,0.0
0.2439024390243903,1.0,0.5216907675194661,0.56,0.10256410256410309,0.28571428571428603,0.75,0.5266666666666666,0.43783783783783786,0.3333333333333333,24.9,1.0,0.6666666666666666,0.5,0.4027185501066098,0.0,1.0,0.5,0.1587301587301586,0.4497367229079381,0.3796234804207057,0.3575973103525552,0.5551339221115306,0.5064060534397834,0.313710607647863,0.3682547935041513,0.4562967790297947,0.1909680200268572,0.38052154432976887,0.2847693178930954,0.3728813559322034,0.4191215586069039,0.16948225537305855,0.37614157080142274,0.27373132344844614,0.46153846153846156
0.853658536585366,1.0,0.371523915461624,0.52,0.23076923076923084,0.6326530612244898,0.8333333333333335,0.39333333333333337,0.3459459459459459,1.0,27.9,0.5909090909090909,0.33333333333333337,0.5,0.30330490405117266,1.0,0.6666666666666666,0.0,0.20634920634920628,0.6384122049392124,0.38250236526070824,0.256265085966398,0.35862673899114483,0.5333470399012601,0.31988792682574296,0.5085941665710498,0.3331966661529213,0.39325088280641246,0.10688721816421372,0.1904764984908459,0.37853107344632764,0.3503496908911712,0.2205577682225789,0.4745497076704819,0.27549007819734767,0.3076923076923077
0.2926829268292683,1.0,0.5561735261401557,0.31999999999999984,0.12820512820512864,0.6530612244897962,0.875,0.5466666666666666,0.5412162162162162,0.0,26.6,0.2727272727272728,0.6666666666666666,0.5,0.5421108742004264,0.3333333333333333,1.0,0.25,0.12698412698412698,0.7012458529792295,0.5255552724094158,0.47406371054991664,0.5743425940673947,0.7608868680918803,0.3648140878044626,0.6542943105343448,0.5496578352378929,0.27873472703459934,0.3640316027764868,0.4007959014025529,0.1016949152542373,0.12040618955512575,0.05232672295307285,0.5073220751754414,0.36288328555875704,0.46153846153846156
0.04878048780487804,1.0,0.5083426028921023,0.8399999999999999,0.3076923076923075,0.3265306122448983,0.3333333333333335,0.8133333333333332,0.664864864864865,0.0,10.5,0.9090909090909091,0.9999999999999999,1.0,0.29131130063965877,0.0,1.0,0.0,0.4444444444444442,0.44498745448152155,0.548498899967494,0.629124527361614,0.8287052385058913,0.5347570610422827,0.47106627267811535,0.3751202108654477,0.38390026922801423,0.06536912084086277,0.5686206017720342,0.20375060798816613,0.22033898305084743,0.39215110964657873,0.05572019354730694,0.6312821178784112,0.586256616043174,1.0
0.7804878048780488,0.0,0.33815350389321464,0.10000000000000009,0.0,0.4693877551020411,0.3333333333333335,0.15333333333333332,0.11283783783783785,0.6666666666666666,29.9,0.5454545454545455,0.0,0.0,0.45255863539445623,1.0,0.6666666666666666,0.5,0.25396825396825395,0.660287623145737,0.21740218026010588,0.08675302682472116,0.11460469291685427,0.2667613431790059,0.1488775487995157,0.4079755795091778,0.39746227418623103,0.4798322253353006,0.1105641425423144,0.28252406521061557,0.6610169491525424,0.35353382714963955,0.5848890992830162,0.1721942726525032,0.06640715732027538,0.0
0.12195121951219517,1.0,0.1968854282536151,0.41999999999999993,0.4871794871794872,0.5918367346938775,0.3333333333333335,0.4333333333333333,0.4317567567567568,0.6666666666666666,27.0,0.8636363636363636,0.33333333333333337,0.5,0.19749466950959488,0.0,0.3333333333333333,0.0,0.5555555555555554,0.542955834583469,0.36681138999900176,0.24687300262006567,0.46554739708647264,0.7166576448314972,0.5216006841854665,0.5143191645024925,0.19545784157616997,0.060722989439480124,0.2858094512403783,0.10373444432104001,0.5141242937853107,0.6728761116828513,0.2679729969428533,0.4247621917841594,0.26590422159309446,0.3076923076923077
0.21951219512195125,1.0,0.3971078976640712,0.52,0.17948717948717974,0.24489795918367374,0.666666666666667,0.12000000000000005,0.12905405405405407,0.0,25.3,0.36363636363636365,0.33333333333333337,0.0,0.32302771855010665,0.0,0.6666666666666666,0.0,0.23809523809523792,0.4005982525554108,0.12190283950485326,0.10027908604662686,0.16729185920784778,0.47884501199339113,0.14306918339719382,0.32531101370654075,0.3558044116274377,0.1461396906447388,0.33277863564357424,0.20735957870568528,0.2655367231638418,0.22983424849694253,0.3200496901424356,0.10447072201051619,0.037236153892761005,0.07692307692307693
0.09756097560975613,0.0,0.24249165739710776,0.040000000000000036,0.23076923076923084,0.9387755102040818,0.4583333333333335,0.8866666666666667,0.8216216216216217,1.0,17.0,0.5454545454545455,0.9999999999999999,1.0,0.384594882729211,0.0,0.6666666666666666,0.5,0.3492063492063491,0.8608122900388785,0.8992897695664419,0.9790769713041599,0.792560088677563,0.7446947638727517,0.8403941666653022,0.7697202800114347,0.31508977618477296,0.11655531424592583,0.33363635000742775,0.21714557035978993,0.11186440677966103,0.4363767816566827,0.014667941318792857,0.9566069578406553,0.907711871497872,1.0
0.5365853658536586,1.0,0.4482758620689654,0.52,0.2051282051282053,0.9591836734693877,1.0,0.7533333333333332,0.8067567567567568,0.6666666666666666,13.1,0.9090909090909091,0.9999999999999999,1.0,0.3624733475479744,0.6666666666666666,1.0,0.5,0.12698412698412698,0.8855578872299471,0.8023168559422152,0.8823358327510792,0.7709942997501726,0.9714467980981469,0.6110867676367178,0.9056575696951605,0.40101990257647047,0.3023591239907824,0.2060124732021048,0.24268561550292644,0.22033898305084743,0.43478156140777724,0.0639644533958756,0.975966930496363,0.8188485189342749,1.0
0.21951219512195125,1.0,0.7152391546162402,0.3599999999999999,0.0512820512820511,0.30612244897959195,0.5,0.52,0.43716216216216214,0.0,29.7,0.9090909090909091,0.33333333333333337,0.5,0.6564498933901919,0.0,0.0,0.25,0.2222222222222221,0.5110972709772393,0.4073018072663571,0.27110918726506134,0.548199559579876,0.519182658839594,0.24282246862473345,0.41502033346772843,0.685746436161322,0.28613289344982507,0.5014267224362721,0.5414675202789566,0.536723163841808,0.2791011644360203,0.24080573554115675,0.40814560835709934,0.29064043634696535,0.3076923076923077
0.024390243902439046,0.0,0.28587319243604004,0.16000000000000014,0.2564102564102564,0.020408163265306367,0.29166666666666696,0.6399999999999999,0.39189189189189194,0.0,25.9,0.18181818181818177,0.33333333333333337,0.5,0.373134328358209,0.0,0.6666666666666666,0.5,0.4285714285714284,0.27485436961307874,0.3446958808355549,0.23363541210416044,0.5783154561763916,0.16656189165236546,0.41012986854879013,0.14851673956610484,0.3310814670716511,0.07990848654652763,0.4369345022752074,0.2189862792068319,0.1751412429378531,0.2071133956881557,0.0655574951264173,0.28492756475388004,0.2523935190373252,0.3076923076923077
0.2926829268292683,1.0,0.8932146829810899,0.9199999999999999,0.28205128205128194,0.3265306122448983,0.625,0.10666666666666669,0.12905405405405407,1.0,23.9,0.5000000000000001,0.0,0.0,0.5063965884861408,0.3333333333333333,0.0,0.25,0.3174603174603172,0.42419820401117003,0.12057441729327312,0.04811449289654585,0.15456593089730325,0.5353448809766246,0.04962044744379655,0.3609150244101142,0.6735365150621008,0.262073310233923,0.5248369638546991,0.44155778828577796,0.6271186440677966,0.09369709189309114,0.6290551301350437,0.11062527698490482,0.03683037717660018,0.0
0.9512195121951221,0.0,0.13236929922135698,0.14000000000000012,0.23076923076923084,0.6326530612244898,0.7083333333333335,0.36666666666666664,0.27702702702702703,0.3333333333333333,29.1,0.5000000000000001,0.33333333333333337,0.5,0.2329424307036247,1.0,0.3333333333333333,0.0,0.25396825396825395,0.6461329407768092,0.3667122950632098,0.24681368776674179,0.28052897565511403,0.35713337982742765,0.42164330741733186,0.4383176004551413,0.183601132957658,0.3701735771481622,0.03135975104094581,0.1119189707961841,0.33333333333333337,0.5358280877897156,0.20923126149908006,0.47857663910246373,0.2658436829822773,0.3076923076923077
0.024390243902439046,0.0,0.21245828698553948,0.14000000000000012,0.6153846153846159,0.8571428571428572,0.0,0.7666666666666666,0.6979729729729731,0.0,17.9,0.5454545454545455,0.9999999999999999,1.0,0.31076759061833686,0.0,0.3333333333333333,0.0,0.7619047619047619,0.6638791097169573,0.6662955133382769,0.7466395949128029,0.6880798188205661,0.6924465409672509,0.7641655607192179,0.5955326693351026,0.2629379788876143,0.06148145692070495,0.3816288543796263,0.16743402351608946,0.11186440677966103,0.46735854058459037,0.02647817265527852,0.802534257287281,0.6942022432657272,1.0
0.4634146341463415,0.0,0.2992213570634038,0.5,0.6153846153846159,0.14285714285714324,0.0,0.5866666666666667,0.3871621621621622,0.6666666666666666,26.5,0.2727272727272728,0.6666666666666666,0.5,0.2537313432835821,0.3333333333333333,0.6666666666666666,0.0,0.7619047619047619,0.2867730197388103,0.3249424485008437,0.31395703937393227,0.5320828721500873,0.2435266877525386,0.3967767609819027,0.17824170913872944,0.2730628716062946,0.2075631227308145,0.17426664629938848,0.14921357101666727,0.1016949152542373,0.24546582126965596,0.04598240836385266,0.2911440171526767,0.2403258453176123,0.46153846153846156
0.0,0.0,0.2992213570634038,0.5,0.2564102564102564,0.04081632653061229,0.4583333333333335,0.2933333333333333,0.18243243243243246,1.0,26.8,0.09090909090909094,0.0,0.0,0.2537313432835821,0.0,0.6666666666666666,0.0,0.3650793650793649,0.2651252520572338,0.16948370929393136,0.06763145043503396,0.2776232167010332,0.1788296856429359,0.22183655193630386,0.146643623234192,0.2730628716062946,0.03557751288980257,0.4781344167428751,0.14921357101666727,0.32203389830508466,0.1526571891995037,0.23816307461360542,0.06914115658007802,0.051770094176793506,0.0
0.878048780487805,1.0,0.43047830923248054,0.31999999999999984,0.8974358974358978,0.22448979591836737,0.20833333333333348,0.6133333333333333,0.4175675675675676,1.0,22.9,0.5000000000000001,0.33333333333333337,0.5,0.43283582089552236,1.0,0.6666666666666666,0.5,0.8571428571428572,0.24090460552922333,0.3120552495962532,0.2140978420064888,0.5474477494936002,0.27896750319942454,0.3430294205979082,0.16129508699016704,0.4318938640495267,0.511845355526451,0.11843045540180604,0.2887697780155295,0.33333333333333337,0.2710265213982529,0.1303264752904275,0.2672202665152964,0.23245285854212627,0.3076923076923077
0.1951219512195122,0.0,0.2491657397107897,0.2200000000000002,0.9743589743589745,0.38775510204081653,0.3333333333333335,0.9199999999999999,0.6783783783783783,1.0,19.8,0.5454545454545455,0.6666666666666666,1.0,0.3131663113006396,0.0,0.6666666666666666,0.0,0.8571428571428572,0.29246809130174567,0.4965912951171222,0.45094791018413655,0.8217269759206678,0.39862142767216424,0.7000381004535136,0.2283531129988356,0.28221781799947476,0.13202307730565827,0.2685036655023012,0.1755563859482987,0.2033898305084746,0.4298560482071113,0.03813397055895108,0.5119570242939999,0.5386898923245819,0.7692307692307693
0.39024390243902446,1.0,0.6907675194660732,0.41999999999999993,0.6410256410256414,0.30612244897959195,0.916666666666667,0.3066666666666666,0.27702702702702703,0.3333333333333333,27.3,0.7727272727272728,0.0,0.0,0.6023454157782515,0.3333333333333333,0.0,0.25,0.4285714285714284,0.26207757667829445,0.17482205516715071,0.06976168510970443,0.3452304487224662,0.520519383978747,0.16074378898646724,0.2441969833814534,0.6446466700431445,0.3647275319551053,0.36449987697881114,0.4852829701086149,0.8305084745762712,0.24471589843461386,0.5178785697144229,0.06834636317980619,0.05340073271872894,0.0
0.1951219512195122,1.0,0.13236929922135698,1.0,0.3333333333333339,0.26530612244897966,0.16666666666666696,0.16666666666666669,0.16621621621621624,0.3333333333333333,26.6,0.36363636363636365,0.0,0.0,0.017324093816631136,0.0,0.3333333333333333,1.0,0.5238095238095237,0.4156138279114161,0.1530858592973921,0.06108798744438904,0.21184945946767136,0.493036315117763,0.29958998085223826,0.34032583649253595,0.060645550275794546,0.012409025348563502,0.20420601541390715,0.015240280637635897,0.5254237288135593,0.4461041356872131,0.4689608831293496,0.10838658531955095,0.04676124558506537,0.0
0.2439024390243903,1.0,0.20355951056729693,1.0,0.9743589743589745,0.30612244897959195,0.625,0.5466666666666666,0.4574324324324324,0.6666666666666666,28.2,0.6818181818181818,0.6666666666666666,0.5,0.05996801705756927,0.0,0.3333333333333333,1.0,0.746031746031746,0.21702257001352898,0.267723159879266,0.2682910163861205,0.5738918520934722,0.5197902611755725,0.5402869737383622,0.21299801356232811,0.11600503832469733,0.04172814536050001,0.2178966034939529,0.03893681284236207,0.2542372881355932,0.5569637471757823,0.11486353818967208,0.2547640289880981,0.20536970737363028,0.46153846153846156
0.34146341463414637,1.0,0.553948832035595,0.8399999999999999,1.0,0.9795918367346941,0.7083333333333335,0.9533333333333334,1.0,0.6666666666666666,10.6,0.9090909090909091,0.6666666666666666,1.0,0.3208955223880597,0.3333333333333333,1.0,0.0,0.7301587301587298,0.5618482412163764,0.7231593744508873,0.6317691571518657,0.9616466596424189,0.9853811347024011,0.6579256256019688,0.6358061065923237,0.4208426359273145,0.19572605646645336,0.33318403969836435,0.23105497445524353,0.3389830508474576,0.36320773005130647,0.07274029476605605,0.7227093571663699,0.7463107460354627,0.7692307692307693
0.5609756097560976,1.0,0.67964404894327,0.6600000000000001,0.0,0.8571428571428572,0.666666666666667,0.1933333333333333,0.22364864864864864,1.0,28.6,0.7727272727272728,0.0,0.0,0.47627931769722814,0.6666666666666666,0.0,0.25,0.12698412698412698,0.9316358957926262,0.33299314981708505,0.13287890500439045,0.1870801148054408,0.6740566486961335,0.13322971553641239,0.7865848213534772,0.5674599617398915,0.3856620633631194,0.2789884391055655,0.37314606125723654,0.8305084745762712,0.24952792015106537,0.6494609545160438,0.24295831063543433,0.10171530230295048,0.0
0.902439024390244,1.0,0.8743047830923245,0.43999999999999995,0.07692307692307754,0.9795918367346941,0.7083333333333335,0.18,0.2277027027027027,0.6666666666666666,25.9,0.5000000000000001,0.33333333333333337,0.0,0.7401385927505331,1.0,0.0,0.75,0.1587301587301586,0.9761139735024348,0.3349125237197475,0.22777942776245774,0.17504959688240762,0.7475543368338355,0.09944295703142807,0.859948250523775,0.804599019212049,0.7865141995059599,0.22971353339702588,0.6679202270294825,0.33333333333333337,0.09850577824457438,0.3193489975347427,0.2545576045972591,0.10230158972913009,0.07692307692307693
0.8292682926829269,1.0,0.4983314794215794,0.7000000000000002,0.7435897435897436,0.6530612244897962,0.0,0.4599999999999999,0.39999999999999997,0.0,23.4,0.7727272727272728,0.0,0.0,0.33208955223880593,1.0,1.0,0.0,0.841269841269841,0.5166023222640325,0.3716810149516737,0.14831706389404195,0.41537153413951855,0.5446253684209501,0.29867110550052367,0.4285348221257081,0.4047019631202634,0.406704355178302,0.1460319510482172,0.23012052328519278,0.8305084745762712,0.34396554870260143,0.399695083216872,0.134723047978767,0.11353280635605806,0.0
0.7073170731707319,1.0,0.44493882091212456,0.54,0.28205128205128194,0.5918367346938775,0.75,0.14666666666666667,0.15405405405405403,0.3333333333333333,28.2,0.9090909090909091,0.33333333333333337,0.0,0.35234541577825157,0.6666666666666666,1.0,0.5,0.26984126984126977,0.592537541515821,0.1928718496798012,0.142758718284434,0.14663535008045836,0.5071521325872177,0.14738520331686072,0.46608368797658634,0.3936283748863252,0.3701569986239825,0.1573931568997024,0.23509099373799786,0.536723163841808,0.43731866537717634,0.5008932618723836,0.15452594809292536,0.05891418038685326,0.07692307692307693
0.7317073170731709,1.0,0.3681868743047829,0.6600000000000001,0.8717948717948723,0.22448979591836737,0.875,0.36666666666666664,0.2554054054054054,1.0,28.0,0.5909090909090909,0.6666666666666666,0.5,0.2534648187633261,0.6666666666666666,0.6666666666666666,0.0,0.5873015873015872,0.16142137867987227,0.1614117575985492,0.18344517056435095,0.3356334295341814,0.27891586311356575,0.2508435820339082,0.11352541035069913,0.30276295604158576,0.3069347966644009,0.12886039608413408,0.15918617632650123,0.22033898305084743,0.3527797696380517,0.15099592032637388,0.2257639194458404,0.14042244688389588,0.46153846153846156
0.09756097560975613,1.0,0.8598442714126806,0.3599999999999999,0.3076923076923075,0.28571428571428603,0.29166666666666696,0.49333333333333335,0.41283783783783784,1.0,28.5,0.5454545454545455,0.33333333333333337,0.5,0.779317697228145,0.0,0.0,0.75,0.46031746031746024,0.4238428854873889,0.3466516886004793,0.23480609201609703,0.5232102899957564,0.5061172486085188,0.1919777151793124,0.35047031127686684,0.819614245803386,0.2515956829523036,0.7352879044557079,0.7048676174943528,0.35593220338983056,0.11551000014840687,0.17269328131168865,0.3626360306564441,0.2535883518929862,0.3076923076923077
0.3170731707317073,0.0,0.4160177975528365,0.41999999999999993,0.7692307692307692,0.34693877551020424,0.08333333333333348,0.5066666666666666,0.37837837837837834,0.0,26.2,0.13636363636363635,0.6666666666666666,0.5,0.3771321961620468,0.3333333333333333,0.6666666666666666,0.5,0.8253968253968251,0.3464229271390803,0.31510106741741156,0.30610275202408305,0.462902398667949,0.37220654711082823,0.32167738682475006,0.2546227244725234,0.39476009204462503,0.21273976690594998,0.28391139732071835,0.24685686260930823,0.050847457627118675,0.11920291484863418,0.037437005039596835,0.32225582981893225,0.23431359520057715,0.46153846153846156
0.2439024390243903,0.0,0.3659621802002224,0.33999999999999986,0.9487179487179489,0.5510204081632653,1.0,0.4199999999999999,0.3567567567567567,0.0,34.7,0.31818181818181823,0.33333333333333337,0.5,0.3683368869936034,0.0,0.6666666666666666,0.5,0.5873015873015872,0.314015759340019,0.253695337951508,0.17916558667436047,0.38819075824520044,0.5017579143265656,0.331306939848226,0.2741291033265694,0.3668993348816588,0.17599761269251812,0.3009149299346142,0.23152381251867743,0.24293785310734467,0.22665584131305108,0.14450242210711645,0.30535310896736995,0.19679989656029895,0.3076923076923077
0.1951219512195122,0.0,0.3470522803114572,0.0,0.5641025641025639,0.44897959183673475,0.16666666666666696,0.4333333333333333,0.34662162162162163,0.0,34.6,0.5000000000000001,0.0,0.0,0.5149253731343284,0.0,0.6666666666666666,0.25,0.6666666666666665,0.4497367229079381,0.32356795261651927,0.1291178369939837,0.3989912692544372,0.4354571703411727,0.3336822946646448,0.34283562242432947,0.43288044127128167,0.2135977055322535,0.32239121986209823,0.32851116599464314,0.6271186440677966,0.3250440093017184,0.3211443954048894,0.11728538468933253,0.09883630379187874,0.0
0.8048780487804879,1.0,0.5361512791991101,0.2400000000000002,0.07692307692307754,0.26530612244897966,0.916666666666667,0.7066666666666668,0.48918918918918924,0.0,11.8,0.9090909090909091,0.6666666666666666,1.0,0.5674307036247335,1.0,1.0,0.25,0.0793650793650793,0.42494658551730236,0.47213070116620426,0.43142620565814016,0.6273691677138772,0.3039699114359744,0.34076298061541327,0.280608520997814,0.553594880489028,0.5830791292959099,0.16173714737232914,0.4166990333931367,0.3389830508474576,0.37418255503361797,0.11219102471802257,0.6156029377742454,0.5162748662834096,0.7692307692307693
0.26829268292682934,0.0,0.3959955506117907,0.6000000000000001,0.384615384615385,0.5918367346938775,0.29166666666666696,0.54,0.45472972972972975,1.0,25.7,0.18181818181818177,0.6666666666666666,0.5,0.2934434968017057,0.0,0.6666666666666666,0.0,0.5079365079365079,0.5827967349226245,0.4579445155818487,0.4201043823252957,0.49192941557358816,0.5264989330744994,0.38966514684709297,0.4672894071984563,0.33830798252107264,0.15305707985875094,0.30144433352788247,0.18818122565011536,0.06779661016949151,0.14832980258512177,0.039437455690567655,0.4455421507451881,0.321578840867178,0.46153846153846156
0.8292682926829269,0.0,0.1991101223581757,0.1200000000000001,0.1538461538461542,0.6530612244897962,0.75,0.7733333333333332,0.5621621621621622,0.3333333333333333,15.8,0.5454545454545455,0.6666666666666666,1.0,0.3057036247334754,1.0,0.3333333333333333,0.0,0.19047619047619024,0.6946632803274181,0.6917768509295467,0.6067231442589223,0.5979220335782282,0.3691634459334565,0.6481738496387707,0.47421928452153855,0.25380491783104075,0.3853677945589283,0.06366972307784564,0.16213477299701476,0.2033898305084746,0.4820557019873525,0.05559169724253386,0.8266185700094757,0.7175526511429157,0.7692307692307693
0.8292682926829269,0.0,0.34037819799777513,0.16000000000000014,0.5384615384615383,0.8979591836734695,0.7083333333333335,0.3466666666666666,0.3040540540540541,0.3333333333333333,34.9,0.2272727272727273,0.33333333333333337,0.5,0.42537313432835816,1.0,0.6666666666666666,0.5,0.4444444444444442,0.6856170547532915,0.3685694682734003,0.2479253283937749,0.2654537916634807,0.5090392739601395,0.30297695433953914,0.5305124457903683,0.3847328696506904,0.4821366401962897,0.10255449241701729,0.2644751750078077,0.19774011299435024,0.19794412085413285,0.14620006870038632,0.4991705077414592,0.26697825848094586,0.3076923076923077
0.0,1.0,0.8743047830923245,0.2799999999999998,0.7179487179487181,0.28571428571428603,0.7083333333333335,0.2933333333333333,0.26351351351351354,0.0,25.6,0.5454545454545455,0.33333333333333337,0.0,0.8470149253731343,0.0,0.0,0.75,0.5555555555555554,0.25658672351623846,0.16624607123970636,0.12682143420237663,0.3325312981691041,0.5064695495374376,0.11670389178765946,0.23636495021857756,0.8627884981063333,0.20164458959863396,0.9354301905461522,0.7821330758753109,0.35593220338983056,0.11159367345008256,0.2576781091555229,0.06691442135121731,0.05078113289151203,0.07692307692307693
0.9512195121951221,1.0,0.1746384872080089,0.98,0.2564102564102564,0.12244897959183687,0.8333333333333335,0.4199999999999999,0.2716216216216216,0.6666666666666666,23.6,0.6818181818181818,0.33333333333333337,0.5,0.046641791044776115,1.0,0.3333333333333333,1.0,0.2222222222222221,0.26565507870003413,0.2316514468950055,0.16597086431791047,0.3815055188666626,0.2155804402877397,0.37989441043159694,0.15766781561317328,0.09593635456827587,0.20503904242444337,0.04197396629363313,0.0306305236725323,0.423728813559322,0.5942479919713572,0.2310823983638831,0.28012945813439294,0.18333294660065494,0.3076923076923077
0.5121951219512195,1.0,0.6929922135706339,0.8799999999999999,0.8205128205128212,0.28571428571428603,0.0,0.25999999999999995,0.23851351351351352,1.0,22.9,0.40909090909090906,0.33333333333333337,0.0,0.3960554371002131,0.3333333333333333,0.0,0.5,0.8888888888888888,0.31120524528669025,0.1697305442737153,0.128907121077005,0.30060766605332967,0.5060707369690265,0.1386949574686236,0.2735439532063468,0.5239691521696159,0.31198295727714315,0.30402046269398564,0.31007132218154904,0.2881355932203389,0.12237871319421176,0.23618964415431032,0.08115820890672326,0.05184549180765006,0.07692307692307693
0.6829268292682928,1.0,0.36262513904338145,0.7400000000000002,0.7179487179487181,0.8367346938775513,0.5833333333333335,0.54,0.5006756756756756,0.3333333333333333,22.6,0.8636363636363636,0.6666666666666666,0.5,0.22494669509594883,0.6666666666666666,0.6666666666666666,0.0,0.603174603174603,0.5865462940301943,0.45992590075016315,0.4216857018911918,0.484314583785199,0.6597224706071749,0.4464488439037772,0.5241865821875415,0.283355549531353,0.26843946351895753,0.13767192532243838,0.141434576365112,0.32203389830508466,0.4851575363268701,0.14446111486653584,0.44749782151853845,0.3227892993494884,0.46153846153846156
0.17073170731707316,0.0,0.2647385984427141,0.3599999999999999,0.9743589743589745,0.9183673469387754,0.7083333333333335,0.3,0.325,0.0,31.6,0.18181818181818177,0.0,0.0,0.27398720682302774,0.0,0.6666666666666666,0.0,0.714285714285714,0.5372175222433812,0.2770124669240864,0.11054015164473197,0.2839582238491323,0.7323973539299531,0.3656535952024132,0.5161009444350371,0.2686967215071995,0.10681543129030655,0.29270407627842826,0.15549093272214654,0.38983050847457623,0.22048167932914067,0.2732901367890569,0.14009921927381236,0.08461557491602145,0.0
0.2439024390243903,0.0,0.3036707452725249,0.33999999999999986,0.28205128205128194,0.7551020408163267,1.0,0.0733333333333333,0.11891891891891893,0.6666666666666666,29.2,0.36363636363636365,0.33333333333333337,0.0,0.3147654584221748,0.0,0.6666666666666666,0.0,0.17460317460317443,0.6925369510172111,0.1670980541795694,0.12733140217105834,0.08734747189172887,0.6296925748518589,0.16592095336444923,0.5890456299973235,0.30888789530945515,0.15267162917157112,0.2690722841765523,0.1861822880128704,0.2655367231638418,0.28869837127558984,0.3675168281619437,0.18060447051431427,0.051041377591238536,0.07692307692307693
0.9756097560975612,0.0,0.21468298109009998,0.16000000000000014,0.1538461538461542,0.9183673469387754,0.25,0.98,0.7837837837837838,0.6666666666666666,19.8,0.5454545454545455,0.6666666666666666,1.0,0.304637526652452,1.0,0.3333333333333333,0.0,0.38095238095238093,0.8877919724935922,1.0,0.8527123159159633,0.7597327679418178,0.5203429634020058,0.8439428976492572,0.674613267589742,0.261006165743926,0.44356670369203727,0.04917371756530624,0.1643934447731162,0.2033898305084746,0.46496684399881183,0.0321160093994511,0.9777147900966274,1.0,0.7692307692307693
0.878048780487805,0.0,0.3414905450500556,0.14000000000000012,0.9743589743589745,0.8775510204081636,0.625,0.4266666666666666,0.3601351351351351,0.0,31.8,0.2727272727272728,0.33333333333333337,0.0,0.43603411513859275,1.0,0.6666666666666666,0.5,0.746031746031746,0.5209757493041857,0.35232371038619925,0.23820117106409633,0.3275821030060715,0.49645833147399454,0.3477395065914829,0.4130863440328351,0.3907584528858773,0.5145310764435749,0.09484331039583423,0.2719657629557263,0.22033898305084748,0.21927724687362402,0.1316863072006872,0.13586357986484138,0.10761996975047303,0.07692307692307693
0.3170731707317073,1.0,0.5216907675194661,0.3799999999999999,0.6410256410256414,0.20408163265306145,0.625,0.8133333333333332,0.6263513513513514,1.0,14.0,0.9090909090909091,0.6666666666666666,1.0,0.4826759061833688,0.3333333333333333,1.0,0.25,0.5396825396825395,0.23918582267013933,0.4057099273425673,0.37841658849287846,0.8285090586705215,0.44970403823478544,0.4377208502869499,0.20845734440023705,0.5012745227833754,0.2636192576136872,0.3327025480790389,0.34541276056358183,0.3389830508474576,0.3833971772174154,0.09304837008388168,0.47027109302400094,0.45540866745278874,0.7692307692307693
0.7073170731707319,1.0,0.6473859844271412,0.7999999999999998,1.0,0.5714285714285716,0.5833333333333335,0.17333333333333328,0.17162162162162165,0.3333333333333333,22.9,0.6818181818181818,0.33333333333333337,0.0,0.3965884861407249,0.6666666666666666,1.0,0.5,0.7777777777777777,0.3554901294681615,0.1385200002966967,0.11022555250478802,0.16973010195560617,0.4953326681989181,0.11009614356333568,0.30030023536463385,0.5058432753006472,0.4024934100366386,0.2190459391121201,0.3026932782511111,0.423728813559322,0.2324234676793505,0.3891478155431776,0.09270712055343708,0.04231199264286004,0.07692307692307693
0.8292682926829269,1.0,0.26251390433815347,0.2400000000000002,0.2051282051282053,0.6122448979591839,0.20833333333333348,0.5333333333333334,0.44729729729729734,0.6666666666666666,20.8,0.36363636363636365,0.6666666666666666,0.5,0.3174307036247334,1.0,0.6666666666666666,0.0,0.4285714285714284,0.6709349505913903,0.4996232837358048,0.45336770367152585,0.47840216491793974,0.5194911338717061,0.47707071115456895,0.5250507420564166,0.29089360618289206,0.3948507103897611,0.08112194238755262,0.18049024380324918,0.13559322033898302,0.31955950512755027,0.06868250539956801,0.49151271087068893,0.347041037340126,0.46153846153846156
0.48780487804878053,0.0,0.05784204671857618,0.3599999999999999,0.8461538461538467,0.48979591836734704,0.3333333333333335,0.34,0.2864864864864865,0.3333333333333333,29.9,0.40909090909090906,0.33333333333333337,0.5,0.09834754797441364,0.3333333333333333,0.3333333333333333,1.0,0.7777777777777777,0.3768794272700967,0.23782914892987572,0.16966862633923674,0.3183070671925935,0.46172994766075437,0.5122628969673405,0.3036668384719123,0.07716277848086162,0.1247948407632753,0.07577186222982159,0.040557840739438175,0.2881355932203389,0.5824104346039944,0.19700760572817538,0.3381411340523077,0.18710699919218446,0.3076923076923077
0.878048780487805,1.0,0.8587319243604004,0.2400000000000002,0.3076923076923075,0.4693877551020411,0.25,0.36000000000000004,0.2925675675675676,0.3333333333333333,23.1,0.36363636363636365,0.6666666666666666,0.5,0.8619402985074625,1.0,0.0,0.75,0.47619047619047605,0.5399728230098518,0.31738000474203126,0.3079215443712256,0.32966535122996343,0.43065032462338926,0.13357134525702719,0.4002711081711436,0.8632833745897573,0.8721795785739153,0.23194359074304505,0.7933638454324513,0.13559322033898302,0.06283791366573946,0.10925125989920804,0.42320633191271184,0.235705832842886,0.46153846153846156
0.09756097560975613,1.0,0.7497219132369299,0.48,0.8974358974358978,0.36734693877551017,0.541666666666667,0.56,0.48243243243243245,0.6666666666666666,22.0,0.31818181818181823,0.0,0.0,0.6170042643923239,0.0,0.0,0.25,0.7301587301587298,0.2774678045315574,0.30652627798891846,0.12231745967330732,0.5866449103339166,0.5622172278717257,0.25676363222559473,0.2671323561462849,0.6795324131673269,0.19606591621213876,0.6636419515000688,0.5133405252571707,0.4915254237288136,0.0761808024377855,0.20757981152552574,0.07235993090128381,0.09363079404656685,0.0
0.43902439024390244,0.0,0.21245828698553948,0.56,0.6153846153846159,0.020408163265306367,0.41666666666666696,0.23333333333333334,0.14256756756756755,0.0,34.5,0.31818181818181823,0.0,0.0,0.16871002132196156,0.3333333333333333,0.3333333333333333,0.0,0.603174603174603,0.1673850548471112,0.10663752191221634,0.04255305897992372,0.22573651635137953,0.16633440063754756,0.22693901133467864,0.08824705238184372,0.1861082664315682,0.1509143056085147,0.14776696700298336,0.09122769380139731,0.4915254237288136,0.33603668175436174,0.3811967983737772,0.04365180682167047,0.032573245978473504,0.0
0.3170731707317073,0.0,0.14794215795328136,0.2799999999999998,0.5897435897435903,0.4285714285714288,0.8333333333333335,0.046666666666666634,0.06689189189189187,0.6666666666666666,29.4,0.40909090909090906,0.33333333333333337,0.0,0.1998933901918976,0.3333333333333333,0.3333333333333333,0.0,0.4285714285714284,0.3642919201565684,0.07169173806688464,0.07022443095023848,0.06423694315355366,0.4244158818691217,0.18233015026135835,0.283055546256834,0.17395950237589253,0.12729819791442165,0.16013595171276812,0.09792933299209414,0.2881355932203389,0.4571583061463709,0.42133050408598893,0.09500251106584606,0.021898789251678992,0.07692307692307693
0.6097560975609757,1.0,0.06896551724137934,0.2599999999999998,0.4102564102564106,0.38775510204081653,0.625,0.4533333333333333,0.34391891891891896,0.6666666666666666,21.7,0.2727272727272728,0.0,0.0,0.13512793176972282,0.6666666666666666,0.3333333333333333,1.0,0.39682539682539675,0.4196580228739668,0.32126263870249433,0.12819791540173686,0.4100033674743694,0.38045777702547046,0.5698799141269326,0.303956457745354,0.10205372562525683,0.18256685289875496,0.057453571524449396,0.057265971495983226,0.4576271186440678,0.463777035343766,0.23287086185647526,0.10944125783745096,0.09813212803992394,0.0
0.07317073170731708,1.0,0.30033370411568405,0.2200000000000002,0.02564102564102555,0.6530612244897962,1.0,0.5466666666666666,0.5412162162162162,1.0,22.0,0.2727272727272728,0.33333333333333337,0.5,0.3606076759061834,0.0,0.6666666666666666,0.5,0.015873015873015817,0.7515609198005461,0.5523463013148858,0.3579278810880631,0.5743425940673947,0.7608868680918803,0.5274635859807665,0.6932776786509716,0.3316459323288522,0.09763507352575476,0.39435793206987907,0.21395893128565274,0.22033898305084748,0.24473858945119628,0.10096646813709449,0.5335650821047001,0.3792503345843833,0.3076923076923077
0.5853658536585367,1.0,0.515016685205784,0.54,0.3076923076923075,0.14285714285714324,0.20833333333333348,0.8466666666666667,0.5472972972972974,0.3333333333333333,11.4,0.9090909090909091,0.6666666666666666,1.0,0.4059168443496802,0.6666666666666666,1.0,0.5,0.49206349206349187,0.34561814586726847,0.49747448767735913,0.45165277549669197,0.7478374388095386,0.22820704931178248,0.38915600476944856,0.2079324369225391,0.45520407663563434,0.35221903546146316,0.2135371936580278,0.2858764764472963,0.3389830508474576,0.38774371261242824,0.08777602876515643,0.5535395165285896,0.539499226074891,0.7692307692307693
1.0,1.0,0.5061179087875416,0.33999999999999986,0.7692307692307692,0.48979591836734704,0.875,0.9933333333333334,0.7533783783783785,0.0,15.0,0.9090909090909091,0.9999999999999999,1.0,0.4888059701492537,1.0,1.0,0.25,0.5238095238095237,0.3428183185855025,0.5740743130104651,0.6546388125807827,0.8731000086580605,0.4431505389899868,0.5316035882972958,0.27501518854587154,0.4974250739191167,0.6223826654951177,0.11711617168643086,0.34675812744017703,0.22033898305084743,0.3936339882588473,0.03546168567821108,0.5513490428375664,0.6096932321172667,1.0
0.5853658536585367,1.0,0.335928809788654,0.7400000000000002,0.7179487179487181,0.9183673469387754,0.625,0.5866666666666667,0.5567567567567568,0.3333333333333333,22.7,0.8636363636363636,0.33333333333333337,0.5,0.20655650319829427,0.6666666666666666,0.6666666666666666,0.0,0.5873015873015872,0.6309425499418625,0.5165307173970055,0.3364898924580492,0.5242979419990456,0.7103343537384608,0.5111064620699667,0.5784062617823413,0.2611525463031834,0.2220113065534906,0.15250545595507597,0.1273080289003606,0.5141242937853107,0.5100100844781694,0.2077120786858791,0.4706537333582391,0.35737004697267116,0.3076923076923077
0.4146341463414634,1.0,0.968854282536151,0.2400000000000002,0.6923076923076925,0.16326530612244916,0.791666666666667,0.3466666666666666,0.28040540540540543,0.6666666666666666,23.3,0.8636363636363636,0.6666666666666666,0.5,0.9624200426439231,0.3333333333333333,0.0,0.75,0.5079365079365079,0.17902842260219687,0.1601333293432748,0.18242487241839295,0.3831399615823713,0.4209726765571238,0.10920766023185659,0.1611188462269268,0.9690046191275926,0.5751794625242461,0.464563384384082,0.9462536650146222,0.32203389830508466,0.17344968171089345,0.21214302855771539,0.23494728746755533,0.1396414355235763,0.46153846153846156
0.9512195121951221,0.0,0.3959955506117907,0.33999999999999986,0.666666666666667,0.6734693877551021,0.625,0.36666666666666664,0.28378378378378377,0.0,31.6,0.13636363636363635,0.33333333333333337,0.5,0.39418976545842216,1.0,0.6666666666666666,0.5,0.5555555555555554,0.5071596957000651,0.30784990320271266,0.2115806648922834,0.2809493403943315,0.38157635380050947,0.26040285371828,0.3601601465973833,0.3948691361039711,0.513101178733069,0.09755893564323227,0.25469063880607906,0.15254237288135591,0.1277977341807133,0.11605471562275017,0.40609187332678853,0.22988374815686718,0.3076923076923077
0.17073170731707316,0.0,0.2513904338153503,0.2999999999999998,0.3589743589743595,0.44897959183673475,0.4583333333333335,0.4666666666666666,0.37094594594594593,0.0,27.9,0.31818181818181823,0.33333333333333337,0.0,0.28438166311300633,0.0,0.6666666666666666,0.0,0.4285714285714284,0.49205984950441095,0.3640746910453001,0.2452349078402138,0.42830219451642715,0.4365730452399439,0.4167095301902109,0.3710724007016018,0.26806014730750294,0.11085644655912733,0.2850618412964934,0.15924520334984127,0.24293785310734467,0.30373066536481685,0.13061355091592675,0.1283226959233959,0.11120939659229584,0.07692307692307693
0.9268292682926831,0.0,0.1746384872080089,0.06000000000000005,0.7692307692307692,0.08163265306122458,0.666666666666667,0.94,0.5155405405405407,0.0,16.1,0.5454545454545455,0.9999999999999999,1.0,0.3057036247334754,1.0,0.3333333333333333,0.0,0.603174603174603,0.13245495158185416,0.38341609363410156,0.46443628563139666,0.7285290642922406,0.046758799843577226,0.6302314644657231,0.039532907909671566,0.2415193351153112,0.42480810358261906,0.044752217184491586,0.15759284593628328,0.11186440677966103,0.5106452430643572,0.010133472044749514,0.3867690975039718,0.4349792018341063,1.0
0.9512195121951221,1.0,0.6240266963292544,0.48,1.0,0.48979591836734704,0.16666666666666696,0.47333333333333333,0.37770270270270273,0.0,21.6,0.5909090909090909,0.33333333333333337,0.5,0.5175906183368868,1.0,1.0,0.25,0.9365079365079363,0.353277443488651,0.30051062960346736,0.20718762569644228,0.42669642623432735,0.4427241903430874,0.2374721451557285,0.28178134449674247,0.5671828774358972,0.6224821366401962,0.15481983371694003,0.3960303724619456,0.37853107344632764,0.21048150600700075,0.1894023684716793,0.3258309640962516,0.22540007374349652,0.3076923076923077
0.3170731707317073,0.0,0.4082313681868742,0.2400000000000002,0.3589743589743595,0.14285714285714324,1.0,0.5933333333333333,0.39189189189189194,1.0,28.1,0.36363636363636365,0.6666666666666666,0.5,0.45069296375266527,0.3333333333333333,0.6666666666666666,0.5,0.2222222222222221,0.2223417506511155,0.29216229716882325,0.28779559660990095,0.5384553698995226,0.24473086929797505,0.3356796827972734,0.140685760677578,0.4307873742077043,0.24820123012649414,0.28031625989642095,0.29680669424973544,0.13559322033898302,0.2236854382544972,0.058175489845704434,0.25753837280097414,0.22029994986538187,0.46153846153846156
0.7560975609756098,1.0,0.19132369299221352,0.7799999999999998,0.8205128205128212,0.30612244897959195,0.5,0.4266666666666666,0.3101351351351352,0.0,21.1,0.9090909090909091,0.0,0.0,0.09834754797441364,0.6666666666666666,0.3333333333333333,1.0,0.6984126984126982,0.26787627501023503,0.23593429081754708,0.09414815360028927,0.38719452649467323,0.3298601667627259,0.40556434816341497,0.19239354279212856,0.13528657959040724,0.19778593809579076,0.07224899164649141,0.05501873975050314,0.9322033898305084,0.7080081427276773,0.46960453690020587,0.0698585869541104,0.07206793211007895,0.0
0.902439024390244,1.0,0.33259176863181317,0.6200000000000001,0.4871794871794872,0.9591836734693877,0.29166666666666696,0.4666666666666666,0.46554054054054056,0.6666666666666666,20.2,0.2727272727272728,0.6666666666666666,0.5,0.2404051172707889,1.0,0.6666666666666666,0.0,0.5714285714285712,0.7589063117817082,0.49324422822989356,0.4482766565370529,0.4213791216834222,0.7359994764101971,0.4391693883045574,0.6872749877381641,0.2798134958395663,0.3590991229960709,0.08873745626815203,0.14631356913458718,0.1016949152542373,0.224554005030674,0.06691864650827935,0.5373962441171511,0.34314397483570225,0.46153846153846156
0.7804878048780488,0.0,0.31034482758620685,0.54,0.28205128205128194,0.8979591836734695,0.9583333333333335,0.35333333333333333,0.30878378378378385,1.0,33.0,0.40909090909090906,0.33333333333333337,0.5,0.2492004264392324,1.0,0.6666666666666666,0.0,0.19047619047619024,0.7977902518724626,0.4201311391957161,0.2787883883821752,0.27038859174993357,0.5080865423932277,0.3233405962958516,0.6067646100525024,0.2753639318440011,0.3217145509706726,0.10260348110279897,0.14824130997457835,0.2881355932203389,0.3068712379964851,0.19136488498395854,0.5576770779449663,0.29847807130285825,0.3076923076923077
0.5365853658536586,1.0,0.5328142380422691,0.7400000000000002,0.9230769230769234,0.28571428571428603,0.16666666666666696,0.9733333333333334,0.7716216216216216,0.6666666666666666,10.7,0.9090909090909091,0.9999999999999999,1.0,0.341684434968017,0.6666666666666666,1.0,0.5,0.8888888888888888,0.2705354536914616,0.5062072591853997,0.5869339678782536,0.9813575509005181,0.5064974100700816,0.5259774130110173,0.24589947292173603,0.42489969511093406,0.28942787513055585,0.2362629866722636,0.24244754216224923,0.22033898305084743,0.3762848145972092,0.037437005039596835,0.49479779951861647,0.5475017014504734,1.0
0.34146341463414637,1.0,0.6985539488320354,0.96,0.2051282051282053,0.0,0.4583333333333335,0.49333333333333335,0.34797297297297297,0.6666666666666666,27.8,0.5909090909090909,0.33333333333333337,0.5,0.37046908315565025,0.3333333333333333,0.0,0.5,0.33333333333333326,0.25324128997573336,0.2613176732568394,0.18372805696618977,0.522721369503893,0.3074195246983047,0.1983591000655044,0.17688312799250622,0.5099084158039722,0.22039490044596227,0.39786441389442756,0.29073282187769955,0.37853107344632764,0.1810053511353291,0.18255571812319527,0.27365475454973703,0.20145649769616086,0.3076923076923077
0.7804878048780488,0.0,0.13125695216907662,0.0,0.5641025641025639,0.4285714285714288,0.3333333333333335,0.5466666666666666,0.36148648648648646,0.3333333333333333,33.0,0.31818181818181823,0.33333333333333337,0.0,0.285181236673774,1.0,0.3333333333333333,0.0,0.603174603174603,0.4235391454589953,0.3776860773859988,0.25338222009064865,0.4217424602576366,0.24369575970689783,0.5158757396467244,0.2587254359813545,0.20913584374029948,0.3496908105240471,0.051336821432319366,0.1384722041012134,0.24293785310734467,0.4174663749131827,0.11023118150547957,0.11045340323769376,0.11536709856654642,0.07692307692307693
0.5853658536585367,0.0,0.1968854282536151,0.14000000000000012,0.17948717948717974,0.04081632653061229,0.08333333333333348,0.8866666666666667,0.4743243243243243,0.0,17.7,0.5454545454545455,0.6666666666666666,1.0,0.2955756929637526,0.6666666666666666,0.3333333333333333,0.0,0.46031746031746024,0.3359607706055252,0.5118493231095755,0.46312515799405246,0.6870151564258771,0.02382738391251804,0.5637740115166883,0.13747611523046394,0.24751136995678946,0.28015219085197035,0.1051205664341505,0.1560535781211603,0.2033898305084746,0.48456466281607236,0.04173305479823909,0.5459839695943357,0.5526719360751977,0.7692307692307693
0.39024390243902446,0.0,0.2947719688542825,0.3799999999999999,0.7948717948717947,0.7551020408163267,0.08333333333333348,0.20666666666666672,0.22500000000000003,0.0,28.1,0.36363636363636365,0.33333333333333337,0.0,0.2921108742004264,0.3333333333333333,0.6666666666666666,0.0,0.841269841269841,0.547762989925125,0.21946221086862494,0.1586748028062162,0.20296278820291164,0.6295367453274401,0.2604189879757956,0.48367121053189793,0.2924480515929876,0.20069961372038658,0.19779426095131092,0.1710259023466724,0.2655367231638418,0.2950800599176858,0.253662669949367,0.1428493376670471,0.06703640941213959,0.07692307692307693
0.7804878048780488,1.0,0.6162402669632925,0.2200000000000002,0.3333333333333339,0.26530612244897966,0.0,0.4399999999999999,0.3114864864864865,0.6666666666666666,21.5,0.9545454545454545,0.6666666666666666,0.5,0.6524520255863537,1.0,1.0,0.25,0.5873015873015872,0.4313960521555166,0.31898987735978424,0.30920636425872816,0.39874639936920764,0.3047074149610247,0.20033623066766965,0.284801155941762,0.6368108121015307,0.6352558895207148,0.19017075693746904,0.5109791136030744,0.35593220338983056,0.34396554870260143,0.19105781882277012,0.3665755624454696,0.23668932862995512,0.46153846153846156
0.024390243902439046,0.0,0.32480533926585087,0.20000000000000018,0.666666666666667,0.7142857142857144,1.0,0.4466666666666666,0.4081081081081081,0.0,32.4,0.045454545454545525,0.33333333333333337,0.0,0.3920575692963753,0.0,0.6666666666666666,0.5,0.41269841269841256,0.5013002086804602,0.355911680162163,0.24034880756328914,0.4111463733863806,0.6039447426633162,0.39726985348436333,0.44023008367298483,0.35993278254017536,0.08549959382615763,0.46626325494710646,0.23904217689446128,0.10734463276836159,0.11711631131136638,0.0736474415380103,0.13073245929255795,0.10871594253735009,0.07692307692307693
0.3170731707317073,0.0,0.2958843159065627,0.33999999999999986,0.6153846153846159,0.34693877551020424,0.875,0.3466666666666666,0.26756756756756755,1.0,31.0,0.0,0.6666666666666666,0.5,0.30810234541577813,0.3333333333333333,0.6666666666666666,0.0,0.4285714285714284,0.3004079554826472,0.2100749971444531,0.22228271414972528,0.3245015820618615,0.37316509510977247,0.2964018707236015,0.225718333203278,0.30163646536292976,0.1794625242460916,0.2284435627744169,0.18078281250383188,0.0,0.10782058654399104,0.04129081438190828,0.2982556386969,0.17015156367906994,0.46153846153846156
0.9512195121951221,1.0,0.48275862068965514,0.2999999999999998,0.3076923076923075,0.9387755102040818,0.7083333333333335,0.7133333333333334,0.666891891891892,0.3333333333333333,13.3,0.9090909090909091,0.6666666666666666,1.0,0.48800639658848605,1.0,1.0,0.25,0.3015873015873014,0.8184156461814714,0.7252229691889647,0.6334160871822232,0.6330666703928592,0.7231396697211738,0.4884524585350383,0.7265287270807945,0.486142979015302,0.5962590560188332,0.11934600905664307,0.3409750567860986,0.3389830508474576,0.4096336083937483,0.11088030155039828,0.923437507152699,0.7482017683828858,0.7692307692307693
0.9512195121951221,0.0,0.042269187986651746,0.5,0.5128205128205128,0.8163265306122449,0.9583333333333335,0.5933333333333333,0.47162162162162163,0.0,25.1,0.09090909090909094,0.0,0.0,0.05277185501066095,1.0,0.3333333333333333,1.0,0.33333333333333326,0.6310522511501012,0.5213271465624328,0.2080324487826002,0.4579286193211677,0.46260745025228034,0.7737496193319591,0.473522500874685,0.04470498340457035,0.21047265372436547,0.008734713265480823,0.020976514530602938,0.32203389830508466,0.36068201690469215,0.130760186667081,0.16457007459086131,0.15924336083327967,0.0
0.9268292682926831,0.0,0.2691879866518353,0.3799999999999999,0.7692307692307692,0.34693877551020424,0.4583333333333335,0.9933333333333334,0.6243243243243244,0.0,19.6,0.5454545454545455,0.9999999999999999,1.0,0.27078891257995735,1.0,0.6666666666666666,0.0,0.6825396825396823,0.3077372785615158,0.5459136455311514,0.6265454519448399,0.7700846989399965,0.1968169495275962,0.629223687214,0.17622881951677333,0.26890389062544384,0.3944030902369072,0.06891851084016355,0.15433816776278148,0.11186440677966103,0.41102514506769805,0.005963583214850368,0.5239030301043072,0.5838875588718742,1.0
0.12195121951219517,0.0,0.04560622914349277,0.2400000000000002,0.9230769230769234,0.04081632653061229,0.3333333333333335,0.05333333333333329,0.03445945945945944,1.0,25.7,0.5454545454545455,0.0,0.0,0.11940298507462688,0.0,0.3333333333333333,1.0,0.8253968253968251,0.12671763993442076,0.019767671163923167,0.00788816977223656,0.07008424725718865,0.18080682275264426,0.20106335946998805,0.0689635567811388,0.08265479118412572,0.03279232082759995,0.1916659768252389,0.047705753871039286,0.6610169491525424,0.7085619547625618,0.7603584816662944,0.033046283279996175,0.006038186219050563,0.0
0.12195121951219517,1.0,0.5261401557285872,0.8199999999999998,0.10256410256410309,0.18367346938775508,0.3333333333333335,0.9133333333333333,0.6918918918918919,0.3333333333333333,11.8,0.9090909090909091,0.9999999999999999,1.0,0.30943496801705755,0.0,1.0,0.0,0.3174603174603172,0.42419820401117003,0.5925891581565566,0.6731094053744325,0.9239244419589392,0.43561231872282,0.47813299556521943,0.32610273552863706,0.4024351381798148,0.10076012533364281,0.4907099543792112,0.21880301302841,0.22033898305084743,0.38053267928240464,0.04374323850883373,0.6150174338002297,0.6266597349311669,1.0
0.04878048780487804,1.0,0.1668520578420467,0.20000000000000018,0.3076923076923075,0.9795918367346941,0.7083333333333335,0.4133333333333334,0.4945945945945946,1.0,24.0,0.7727272727272728,0.6666666666666666,0.5,0.24413646055437094,0.0,0.3333333333333333,0.0,0.3015873015873014,0.8459161719268168,0.49054547937868676,0.4461228176822463,0.4468832274950101,0.9860816538722905,0.6178690629809352,0.8792670243592227,0.20639670240454644,0.05069712694175968,0.3242282955789095,0.12326067428577633,0.288135593220339,0.6613328644276409,0.1684665226781858,0.5827782838709875,0.3414952679155086,0.46153846153846156
0.14634146341463422,1.0,0.5239154616240266,0.48,0.6923076923076925,0.7755102040816326,0.7083333333333335,0.7133333333333334,0.7168918918918918,0.6666666666666666,10.0,0.9090909090909091,0.6666666666666666,1.0,0.4384328358208955,0.0,1.0,0.5,0.5396825396825395,0.5520043030234404,0.5565017237820536,0.4987616995291288,0.7327070779686552,0.8441090377280824,0.4958891959756239,0.5715525354864164,0.4777009463223688,0.1588222616422686,0.4642032592237229,0.31192599013429373,0.3389830508474576,0.38196163950371664,0.11088030155039828,0.7150078508027043,0.5935901871153328,0.7692307692307693
0.17073170731707316,1.0,0.2958843159065627,0.2200000000000002,0.6153846153846159,0.9387755102040818,0.25,0.5866666666666667,0.6466216216216216,0.6666666666666666,25.0,0.6818181818181818,0.0,0.0,0.3563432835820895,0.0,0.6666666666666666,0.5,0.6666666666666665,0.697885998188201,0.5537960132408561,0.22098895390389883,0.612172336119754,0.9576866229660612,0.6217600750501788,0.7398265463223956,0.3273478354306455,0.13883270611250187,0.3105359579029429,0.21045300542231088,0.7627118644067796,0.45742067018662735,0.3051929758662786,0.18199943121735507,0.16916122428315586,0.0
1.0,0.0,0.2269187986651835,0.52,0.8717948717948723,0.0,0.125,0.8133333333333332,0.42297297297297304,0.0,18.8,0.5454545454545455,0.9999999999999999,1.0,0.19136460554371,1.0,0.6666666666666666,0.0,0.873015873015873,0.1431899714978907,0.33910623307398446,0.4202323301194003,0.6296655370917371,0.0005643914794060123,0.485098567722369,0.03364415770602469,0.20541375694913278,0.3494835789717999,0.04938308621801117,0.10466496835284939,0.11186440677966103,0.452095635800017,0.021591574999581448,0.39516775082513544,0.3943748452788775,1.0
0.34146341463414637,1.0,0.9610678531701891,0.6600000000000001,0.9743589743589745,0.5306122448979593,0.5,0.4000000000000001,0.39189189189189194,0.3333333333333333,28.2,0.2727272727272728,0.33333333333333337,0.5,0.6775053304904051,0.3333333333333333,0.0,0.25,0.7936507936507935,0.34888461102932866,0.2587979099856318,0.1822198124969014,0.43384539461353866,0.6745587281960406,0.16083686991423946,0.3535034120860974,0.8066326133172893,0.37318257928679194,0.5152841701272806,0.6255500496346109,0.22033898305084748,0.01610588105672986,0.13987826428431183,0.32353977897115843,0.19991713580235887,0.3076923076923077
0.6829268292682928,1.0,0.5417130144605116,0.2599999999999998,0.1538461538461542,0.5306122448979593,0.666666666666667,0.16666666666666669,0.1614864864864865,0.6666666666666666,28.8,0.9090909090909091,0.0,0.0,0.5613006396588487,0.6666666666666666,1.0,0.25,0.2222222222222221,0.612161703091383,0.21254888780952697,0.08481634978841204,0.16381236131139254,0.46908220062414263,0.12702902306076536,0.4636195264796808,0.5531231738764778,0.5090435849400685,0.1933965553990466,0.4130878879757215,0.9322033898305084,0.370710390139975,0.7624670026397887,0.15964366968949273,0.06492468205300209,0.0
