age,gender,weight,height,max_bpm,avg_bpm,resting_bpm,session_duration,calories_burned,workout_type,water_intake,workout_frequency,experience_level,bmi,age_category,weight_category,bmi_category,hrr,intensity,cardio_load,weekly_cardio_load,bpm_efficiency,calories_per_min,calories_per_kg,fat_burn_efficiency,weight_height_ratio,bmi_age_interaction,weight_age_ratio,fat_risk_score,water_per_session,water_per_kg,hydration_score,experience_intensity_ratio,experience_load,experience_frequency_score
-1.533045122081717,0.9376710793983659,-0.9116579116117476,-0.9700883343209342,-0.6810859286369695,1.7003080876232737,0.6494067842258042,-0.403749005593086,0.4882889392203428,1.3771638441823513,0.9319865923735845,0.7420429040921181,0.2611364005259204,-0.4157487858786087,-1.2810742682735852,-0.6592048030806762,-0.9711137216613229,-0.9353397783599423,1.7962846611587748,0.6642288363420442,0.8824218706795807,-0.07806942363620846,2.3861626490420815,1.1819987075646448,2.443185705895252,-0.6964717476004602,-1.7020214170344643,0.7196195087967254,-0.5581228280593361,-0.09078229792448163,1.9699901962884798,-0.006652707322771604,1.142191457578888,0.5809008619271822,0.5799078658118131
0.03035418765349783,-1.0664720518431965,-0.5622942696984338,-0.5824515987782102,-1.5471938928075526,1.6308494532220708,0.10774130244861274,-0.9977108593350198,-0.5071114885413124,-0.414530922998032,-1.5637186699026284,-0.3703065744891299,-1.10238118074365,-0.2795419666116571,-0.40756350515627643,0.4004260580696671,-0.9711137216613229,-1.3786503769368752,2.39906241409112,0.29633177404492395,0.09454039800747362,-0.9712619136257538,1.3443421138426446,-0.09134997436044225,2.365933588689753,-0.4413741586840624,-0.015779881969837185,-0.5281797538637881,-0.360138260650934,-0.994142054558969,-0.9316344842921099,-0.2647869913286775,-0.26402537294148676,-0.6119944516353564,-0.8760410563540361
1.2646168006023515,-1.0664720518431965,0.2365567816577449,-0.03976016901839404,1.2243515925383133,0.7278872060064349,-0.2985078088842809,-0.8492203958995366,-0.865008271556739,-1.3103783065882237,-1.2309579682658,-0.3703065744891299,-1.10238118074365,0.24874564862552218,1.3394580210783409,0.4004260580696671,0.4126344018780712,1.2073281147619002,0.024612152467157953,-0.652761922564477,-0.5398637779209025,-1.105743592508401,-0.3118387264792387,-0.8755485669429215,-0.159424000043818,0.25303514180666403,1.0954766901320816,-0.7299939324258973,0.2570563185489246,-0.7229925237693459,-1.2129009959536137,-0.165926437165452,-1.0035164098836389,-1.0086887350993348,-0.8760410563540361
-1.203908425295356,-1.0664720518431965,-0.6648758533530328,-1.6678344582978408,0.6180760176189052,0.9362631092100432,0.7848231546701021,-0.6413337470898597,-0.32816309703359914,-1.3103783065882237,-0.23267586335531493,-1.4826560530703778,-1.10238118074365,0.29063867650618913,-1.2810742682735852,-0.6592048030806762,0.4126344018780712,0.09905161831956781,0.3403321121139106,-0.32966647960406287,-0.9840363592224523,-0.6289189561304379,0.7592257767534016,0.15331924341453135,0.4918780920488747,-0.20892677421599173,-0.8232217978743495,0.45270295248929204,0.04608823998959253,1.361134051715745,0.45441258850779953,1.0871468522388645,-0.8968664309707439,-0.8665321424770611,-1.3925471563078609
-1.533045122081717,-1.0664720518431965,-0.28724950652120945,-1.5903071111892955,0.44485442478478854,-1.1474959228260397,-1.6526715133272598,-0.6710318397769564,-0.9321139183721315,1.3771638441823513,-0.7318169158105572,0.7420429040921181,0.2611364005259204,0.6436757541613839,-1.2810742682735852,0.4004260580696671,0.4126344018780712,1.2812132145247221,-0.8674563317127181,-0.9612531852006782,-0.2931725901557517,-0.6562800548517325,-0.986352359759053,-0.6453042127253913,-0.9592541522514745,0.17045332083042156,-1.0404838038875084,1.141419472701027,0.41506595642229693,-1.0637325268862174,-0.3936328718681151,-0.4922205911430624,-0.09333876298099918,-0.35765332148033585,0.5799078658118131
-1.6153292962783072,-1.0664720518431965,-0.3484824903146557,-0.7375062929953005,1.4841839817894882,-0.8002027508200259,-0.7047569202171745,1.823607945939165,1.2301791456794042,-1.3103783065882237,0.10008483828151368,1.8543923826733661,1.6246539817954908,0.040354021398579756,-1.2810742682735852,0.4004260580696671,-0.9711137216613229,1.650638713338833,-1.1032334060817492,0.41353815084596734,1.1983967523694798,1.7448840629118445,-0.6954506183715723,1.2593143255064043,-1.0150847647518315,-0.1654638420486738,-1.539274625388378,1.2271571587758374,-0.058775344084883045,-1.1058468948732931,0.4106746295802126,-1.253264088715745,0.6878579532865772,1.1834743555027816,1.6129200657194627
-1.6153292962783072,-1.0664720518431965,-0.2983069623697849,-1.5903071111892955,0.7046868140359634,-0.9391200196224314,1.1910722660029958,-0.07706998603502291,-0.38781256086950355,-1.3103783065882237,-0.3990562141737293,-0.3703065744891299,-1.10238118074365,0.6313950679878478,-1.2810742682735852,0.4004260580696671,0.4126344018780712,-0.048718581206076486,-1.3171356843554736,-0.8524956960137187,-0.6961119218084209,-0.08199702278067143,-0.8060952078564037,-0.17492770993743043,-1.1800010791639641,0.15859308146717419,-1.1710440720177124,1.2620631314406394,0.40291808385844186,-0.09078229792448163,-0.08827601209239286,-0.17257824536516655,-1.4917896457856696,-1.1007490454725297,-0.8760410563540361
1.2646168006023515,0.9376710793983659,0.368154539377524,1.3557320789354173,-0.5078643358028528,0.1722181307968128,1.3264886364472936,-1.3243898788930832,-1.1893522311644693,1.3771638441823513,1.7638883464656554,-1.4826560530703778,-1.10238118074365,-0.3733420159471747,1.3394580210783409,0.4004260580696671,-0.9711137216613229,-1.1569950776484088,0.18787634781601897,-0.9607037476683788,-1.3953672186989068,-1.309775275885484,0.031514421217963426,-1.171283343342224,0.08591986734825349,0.008498664506083768,0.7058609576716462,-0.6605648954320262,-0.18150452678835197,2.8992324180881868,0.9117783050614804,2.833646268141419,-0.94800769415403,-1.1520626623776482,-1.3925471563078609
1.1823326264057614,-1.0664720518431965,-1.085921328579345,-1.2026703756465698,-0.7676967250540278,0.3805940340004211,1.1910722660029958,0.24960903352304084,-0.022459594874588932,-0.414530922998032,-0.7318169158105572,-0.3703065744891299,0.2611364005259204,-0.4550212821570207,1.3394580210783409,-0.6592048030806762,-0.9711137216613229,-1.304765277174053,0.5587249944706403,0.5576003619816567,0.24466852956019466,-0.15462333930969915,-0.5758292208379869,0.8337081847864547,0.07785390991896615,-0.8100079147522234,0.6096710036470032,-1.3406422069792325,-0.635462540926613,-0.3363452950012915,0.41010296133486046,-0.4545482311447806,0.6155352576308621,0.5289538196452194,0.12869645000399213
-0.7102033801158144,0.9376710793983659,1.7068210837710756,1.4332594260439624,-0.2480319465516779,-0.45290957881401206,-1.1110060315500683,0.04172238471336391,0.19749780302030867,-0.414530922998032,1.7638883464656554,-0.3703065744891299,-1.10238118074365,1.0042838177448072,-0.40756350515627643,-1.7188356642310194,-0.27923965989162586,0.3945920173708564,-0.15700833849201573,-0.06693322015911575,-0.13005288934446058,0.39353489348969906,0.39682222497828373,-0.9687427103166841,-0.014048878980226156,1.421547752599794,0.15547847427015904,1.5078990949199735,1.2228935946896566,1.3127572702148969,-0.4910256588492769,0.6033512999146865,-1.0661935670659286,-0.7565602283081366,-0.8760410563540361
-1.3684767736885364,0.9376710793983659,0.7116378530355805,1.3557320789354173,0.5314652212018469,-1.078037288424837,-0.5693405497728766,1.942400316687551,1.6439973010409912,0.4813164605921596,1.4311276448288268,1.8543923826733661,1.6246539817954908,-0.010678834688671519,-1.2810742682735852,1.4600569192200104,-0.9711137216613229,0.7640175161849672,-1.0273032890974476,0.5553812398168692,1.2876149997460795,2.4078553598624977,-0.17881884729009048,0.5158004366755418,-0.8110403720342145,0.3758342325783007,-1.21989809070547,1.6004664466571832,0.18722777391317583,-0.46269192777914897,0.2770567934593697,-0.9974007823149431,0.7384336234748984,1.2630126602285912,1.6129200657194627
-0.3810666833294534,-1.0664720518431965,-0.964400459460471,-1.5903071111892955,0.8779084068700801,-0.8002027508200259,-0.2985078088842809,-0.37405091290598996,-0.589129501315681,-1.3103783065882237,-0.7318169158105572,-0.3703065744891299,-1.10238118074365,-0.07866474875837898,-0.40756350515627643,-0.6592048030806762,-0.9711137216613229,0.9117877157106115,-0.9798761698734069,-0.8339471743008522,-0.6811921565341155,-0.3692592438435957,-0.6921389003309738,0.1346379170594532,-0.9367820985613696,-0.5553136875851767,-0.2188851155724645,-0.4773592490688381,-0.315514062075419,-0.3363452950012915,0.27581998903191984,-0.17638944560294423,-1.3632838176248385,-1.0920569022056228,-0.8760410563540361
1.5114693231921223,-1.0664720518431965,0.368154539377524,-0.8150336401038439,0.44485442478478854,0.3805940340004211,-1.381838772438664,-0.7304280251511498,-0.8463678141080189,0.4813164605921596,-1.0645776174473858,0.7420429040921181,0.2611364005259204,0.8507509236536765,1.3394580210783409,0.4004260580696671,0.4126344018780712,1.133443014999078,0.2139543074985533,-0.4663763001036118,0.1251713737851854,-1.0028160522686291,-0.5741056625424386,-0.9281171121022813,-0.1408159473088711,0.6263904599780876,1.6000281098514473,-0.7634066354802186,0.7480556892594012,-1.2770843337303666,-1.1765039201332284,-0.6045422753071142,0.45542918245725017,-0.03329931387521972,0.5799078658118131
0.6063434070296296,0.9376710793983659,1.5563851492440592,-0.6599789458867553,0.44485442478478854,1.7697667220244764,0.10774130244861274,0.4277975896456204,0.9953093818255304,0.4813164605921596,1.2647472940104123,-0.3703065744891299,-1.10238118074365,2.0275787542836348,0.46594725796103226,-1.7188356642310194,1.1045084636477682,0.32070691760803427,1.163218348098841,1.1256738767343806,0.5434849369522902,0.36127785912367244,1.3635395022357162,-0.487222840849936,1.395670840679444,1.8544719445352777,1.8131172423531752,0.36796269827217837,1.951419030515379,1.0146907836794479,-0.6237233311110957,0.22958591867119194,-0.6316758210522049,-0.31002876336841073,-0.8760410563540361
1.5937534973887126,-1.0664720518431965,-0.24880899416921382,0.19282187230724143,-0.9409183178881444,-1.078037288424837,-0.7047569202171745,-1.8589555472608237,-2.016988541887643,-1.3103783065882237,-1.397338319084214,-1.4826560530703778,-1.10238118074365,-0.39802453733910514,1.3394580210783409,0.4004260580696671,-0.9711137216613229,-0.4181440800201872,-0.4350483766198969,-1.585449465418642,-1.8805656312298948,-1.9793710744815602,-1.6717004148297527,-1.5795180675081695,-0.9391906778534443,-0.33319643593475534,0.8617753809790372,-1.102961229762641,-0.3659523226702958,0.2610140326420753,-1.0107347873688195,1.515221229329109,-1.1641073334162246,-1.4706440147755204,-1.3925471563078609
-1.1216242510987657,-1.0664720518431965,-0.3766574471263929,-0.3498695574525747,1.5707947782065466,1.4919321844196654,0.6494067842258042,-0.90861658127373,-0.447462024705408,-1.3103783065882237,-1.2309579682658,-1.4826560530703778,-1.10238118074365,-0.22159341843626265,-1.2810742682735852,0.4004260580696671,-0.9711137216613229,0.9856728154734336,0.34164136963173614,-0.5524185716856356,-1.1217900279080542,-0.8839318357340592,1.2333137225802373,-0.17110189071624565,0.6892713382003368,-0.3123245031227725,-1.045568754279569,0.5434228358786979,-0.2656683318699257,0.43002735691979954,-0.7652397828461313,0.6668856018939314,-0.8964300861303441,-0.9636760996471396,-1.3925471563078609
0.11263836185008808,0.9376710793983659,0.2982437647922889,1.5107867731525075,-0.07481035371756128,-0.45290957881401206,0.7848231546701021,-0.37405091290598996,-0.1976798948925582,1.3771638441823513,1.7638883464656554,0.7420429040921181,0.2611364005259204,-0.5274306394606213,0.46594725796103226,0.4004260580696671,-0.9711137216613229,-0.49202917978300936,-0.5187767218350184,-0.5798098908176247,0.035156986783888775,-0.04892491786787768,0.39162082845467844,-0.4243414904724175,-0.27466459714794567,-0.10670773871753574,-0.1108417816686725,-0.09020098470448187,-0.3179502908202893,0.34606945476693357,1.0004340562267036,0.2514086088028667,0.09203223636810948,-0.10404972686558758,0.5799078658118131
-1.203908425295356,-1.0664720518431965,0.10502149475375885,0.2703492194157866,-0.4212535393857945,-1.1474959228260397,0.7848231546701021,-1.1758994154576001,-1.3347477992644865,1.3771638441823513,-1.8964793715394566,-0.3703065744891299,-1.10238118074365,-0.0672530788239569,-1.2810742682735852,0.4004260580696671,-0.9711137216613229,-0.787569578834298,-0.9965054659468061,-1.3371380491107208,-1.1204801789593124,-1.142584866086816,-0.9871423791078437,-1.1654859018835155,-1.0372924523108327,0.023219084461300263,-1.0467567939076237,0.9595608486928299,-0.01849395162627534,-1.2770843337303666,-1.651687965566054,-0.35921082070157234,-1.369523359534274,-1.3391666828195092,-0.8760410563540361
1.0177642780125808,-1.0664720518431965,0.3542786470946004,-1.6678344582978408,1.1377407961212551,-0.6612854820176204,1.5973213773358894,-0.9977108593350198,-1.3011949758567902,0.4813164605921596,-0.06629551253690062,-0.3703065744891299,-1.10238118074365,1.3805802997940817,1.3394580210783409,0.4004260580696671,-0.27923965989162586,0.09905161831956781,-1.317624324625659,-1.371449614154785,-1.153377192892325,-1.2326077094601433,-1.3559697818242151,-1.2449418778706622,-1.333847707047394,0.8846648534165382,1.6614717446637797,-0.5568897939266121,1.1435014777831483,0.14584912995505098,-0.4271948502509092,0.5383660356387474,-1.4919788879326958,-1.3569314448087153,-0.8760410563540361
0.3594908844398588,-1.0664720518431965,0.09508776554633631,0.5804586078499673,-1.5471938928075526,1.561390818820868,-1.6526715133272598,-1.3837860642672766,-1.1707117737157493,-1.3103783065882237,-0.8981972666289715,-0.3703065744891299,-1.10238118074365,-0.2487586023815542,0.46594725796103226,0.4004260580696671,-0.9711137216613229,-0.4181440800201872,2.2984358348149545,-0.1956094019982654,-0.21459801695951375,-1.5686169591958203,0.31858626686442093,-1.0358011711163333,1.6978082124127503,-0.07433062287711542,0.23770401118181606,-0.35862562323435865,-0.15973836897762628,-0.46269192777914897,-0.8514084430497579,0.4106287724043909,-0.2927178455854192,-0.8098215524105917,-0.8760410563540361
1.5937534973887126,-1.0664720518431965,-1.697017553864162,-1.2026703756465698,0.27163283195067195,0.7973458404076377,-0.4339241793285788,-0.5225413763414728,-0.5630328608874728,-0.414530922998032,-0.5654365649921436,-0.3703065744891299,-1.10238118074365,-1.1021037082680072,1.3394580210783409,-0.6592048030806762,1.7963825254174652,0.46847711713367857,0.5192217387699041,-0.13616265638054356,-0.17519098474875572,-0.8230006827894948,-0.26006855343150975,0.8127363923761188,0.18810569953885536,-1.4630263585798648,0.417290755544758,-1.7336116934892678,-1.2971029668691274,-0.21240541170104382,1.3781261323008607,-0.01790522509378157,-0.83768744929771,-0.7850757466828625,-0.8760410563540361
1.1000484522091711,0.9376710793983659,-1.4161151047322964,1.0456226905012382,-0.07481035371756128,-1.0085786540236341,0.6494067842258042,-0.7304280251511498,-0.9656667417798278,1.3771638441823513,0.2664651890999273,-0.3703065744891299,0.2611364005259204,-2.0795369628643634,1.3394580210783409,-0.6592048030806762,1.7963825254174652,-0.4181440800201872,-0.9817452189068666,-1.0554081366062236,-0.8652895045780712,-0.741833679050497,-0.9436365611081066,0.07866495963642453,-1.0150572825783386,-1.8114490224540984,-0.46896542211523146,-1.456102261317182,-1.9796900871551328,0.3741759655923245,2.008087925130463,0.4978232083275839,-0.1560355800075125,-0.42437992473894176,0.12869645000399213
0.8531959296194004,-1.0664720518431965,-1.3124362463206323,-1.4352524169722052,-0.07481035371756128,0.6584285716052322,0.10774130244861274,0.07142047740046062,-0.08583715020023738,-0.414530922998032,-0.8981972666289715,-0.3703065744891299,0.2611364005259204,-0.5475755723651922,0.46594725796103226,-0.6592048030806762,-0.9711137216613229,-0.12260368096889863,0.5305732490287363,0.3847276701834694,0.14632820028610202,-0.3082678064339843,-0.36434996450406376,0.9930809175908155,0.15081172771587203,-0.978099588932324,0.36319788342303644,-1.3155819937999798,-0.7676140023921622,-0.46269192777914897,0.47734369580288954,-0.45564597509839083,0.6027018101347746,0.44239382984360626,0.12869645000399213
-1.6976134704748975,-1.0664720518431965,-0.7141612188187375,-0.8925609872123891,-0.4212535393857945,0.45005266840162383,1.1910722660029958,1.9127022240004543,1.9422446202205133,1.3771638441823513,0.10008483828151368,0.7420429040921181,1.6246539817954908,-0.25387271190463995,-1.2810742682735852,-0.6592048030806762,-0.9711137216613229,-1.0092248781227644,0.4200415561879281,1.8785188713198968,1.5039791410763257,1.8315292804018222,0.3554955041618231,2.364912852053198,0.38141236822107144,-0.5092039518944684,-1.8528596038351088,1.1091414325181044,-0.3812718386148944,-0.5590884633101237,0.8422182309408864,-1.0334537388175096,1.5964128543540368,1.9044993130709609,1.2401231180873624
-0.545635031722634,-1.0664720518431965,-0.14114945427947673,-0.504924251669665,-1.114139910722261,-1.4947890948320535,-1.1110060315500683,-0.43344709828018274,-0.8463678141080189,-1.3103783065882237,-0.5654365649921436,0.7420429040921181,0.2611364005259204,0.12036321866204411,-0.40756350515627643,0.4004260580696671,-0.9711137216613229,-0.34425898025736507,-0.6538346252047507,-0.6941849592218796,-0.05893675922067259,-0.42778027598436685,-1.2784199033334236,-0.6574757204373309,-0.9278104004355574,-0.01397886186949384,-0.23977929255995828,0.1306558379046861,0.057947591297851445,-0.9596239516488788,-0.38065860808701396,-0.5379261631910259,0.021255482255992716,-0.17745381788851444,0.5799078658118131
-1.1216242510987657,-1.0664720518431965,-1.9487556158321289,-0.8150336401038439,1.1377407961212551,0.03330086199440727,0.24315767289291063,0.6950804238294908,0.6299564158306158,1.3771638441823513,-0.8981972666289715,0.7420429040921181,0.2611364005259204,-1.6026167372163278,-1.2810742682735852,-0.6592048030806762,1.7963825254174652,0.8379026159477893,-0.5287543814563369,0.15552365711040342,0.5691308988883998,0.6600137355894239,0.007161480755069894,2.679267785430162,-0.4138426619248297,-1.8512490305264302,-1.918342837068595,-0.4105828569093777,-1.7523792469529735,-1.1695339984876092,1.2755282072227458,-1.042859081986322,0.08684648790149432,0.3228502285625932,0.5799078658118131
0.8531959296194004,0.9376710793983659,-0.031410081708699224,1.2782047318268719,1.2243515925383133,-1.1474959228260397,-1.517255142882962,-1.651068898451147,-1.7299254971773532,1.3771638441823513,-0.06629551253690062,-0.3703065744891299,-1.10238118074365,-0.7548198740160321,0.46594725796103226,0.4004260580696671,-0.9711137216613229,1.8722940126272993,-1.1321187093261267,-1.6761954780000157,-1.4658136133858075,-1.6198840326693986,-1.0607646584213324,-1.4186890948406856,-1.140707705888138,-0.39796390034711443,0.23255318565609157,-0.6860991641710773,-0.5806740220895076,0.14584912995505098,-0.0663931076114231,1.1583413052759224,-1.4207773792724887,-1.5204545663008588,-0.8760410563540361
-0.13421416073968268,-1.0664720518431965,-0.06762605286707098,-1.745361805406386,1.39757318537243,-0.9391200196224314,0.5139904137815063,-1.6807669911382437,-1.7001007652594011,-1.3103783065882237,-0.3990562141737293,-1.4826560530703778,-1.10238118074365,0.980562608030265,-0.40756350515627643,0.4004260580696671,-0.27923965989162586,0.9117877157106115,-1.398543153368386,-1.7834953500604338,-2.0558463106770715,-1.6304137094938618,-0.8192880748606914,-1.3817548593808877,-1.2338689975460937,0.4574464287069983,0.6438090631753322,-0.13961315705084607,0.7286882664385513,1.2149111084913304,-0.30760883599804406,2.041017106988743,-1.5234426951872526,-1.580648715764619,-1.3925471563078609
-0.7924875543124047,0.9376710793983659,2.086931732459516,2.131005550020869,0.5314652212018469,0.5889699372040293,0.6494067842258042,0.30900521889723426,0.8685542711742336,0.4813164605921596,0.7656062415551702,0.7420429040921181,0.2611364005259204,1.0537673089327064,-1.2810742682735852,-1.7188356642310194,-0.27923965989162586,0.09905161831956781,0.11164846566707352,0.31280363335227135,0.6701620501494301,0.6765257298874042,1.3588839757497158,-0.8461050871740401,0.558736864656206,1.6497111181805586,0.10484067808276401,1.868586110330204,1.3616064419619605,-0.18178583924822353,-1.2619748928599734,-0.39121911870276344,0.4066483463019176,0.40548714556344034,0.5799078658118131
0.9354801038159906,0.9376710793983659,-1.6009716092951896,-0.42739690456111984,-1.4605830963904942,1.005721743611246,-0.027675067995685147,0.338703311584331,0.6225002328511278,1.3771638441823513,0.2664651890999273,0.7420429040921181,0.2611364005259204,-1.4662824453382488,1.3394580210783409,-0.6592048030806762,1.7963825254174652,-1.2308801774112308,1.7186605257229413,1.410334655867163,1.2818886128378506,0.27520569029704434,0.7258271653954604,2.17087838412471,1.5010761071721233,-1.5967251977883692,-0.1701991926297027,-1.4751653806805682,-1.5524865159529815,-0.46269192777914897,2.3063114209792634,-0.5583208964551222,1.1111370643233764,0.9172326408800144,0.5799078658118131
1.1000484522091711,-1.0664720518431965,-0.4164697963561199,-1.4352524169722052,0.44485442478478854,1.4919321844196654,0.6494067842258042,0.30900521889723426,0.3950866519767421,0.4813164605921596,-1.397338319084214,-0.3703065744891299,0.2611364005259204,0.40507516219684114,1.3394580210783409,0.4004260580696671,0.4126344018780712,0.02516651855674566,0.9023512432120698,0.8373060702008036,0.3961699914655698,-0.10065906962466675,0.2697358057355072,0.5993288969988496,0.6854101726320557,-0.01870287651222797,1.1024570391419892,-0.992806538254397,0.19960958628074374,-0.8571549498455727,-0.8860483332971618,-0.7648954473613642,0.7689229345019091,0.6630082782652726,0.12869645000399213
1.429185148995532,-1.0664720518431965,-0.7203687458469765,-0.3498695574525747,-1.0275291143052028,0.8668044748088404,1.5973213773358894,0.9920613507004579,0.7902643498896089,-0.414530922998032,0.10008483828151368,1.8543923826733661,1.6246539817954908,-0.584465133923976,1.3394580210783409,-0.6592048030806762,-0.9711137216613229,-1.748075875750986,1.1869481649170952,1.6918705246577082,1.9081784896766492,0.48986141265317723,-0.2056641828994276,1.2696936575252409,0.6564047162460496,-0.6798379266290964,0.660270490992094,-1.2647130248675933,-0.6357505380306434,-1.1058468948732931,0.8499346529563208,-1.0841717776215172,1.9854565579408652,1.8233003144889137,1.6129200657194627
-1.6153292962783072,-1.0664720518431965,0.10997828230307985,0.5029312607414221,-0.2480319465516779,-1.2864131916284451,-0.16309143843998303,-1.3243898788930832,-1.4838714588542474,-0.414530922998032,-1.7300990207210423,-0.3703065744891299,-1.10238118074365,-0.19125186278697484,-1.2810742682735852,0.4004260580696671,-0.9711137216613229,-0.12260368096889863,-0.9943129624077167,-1.4277580579627396,-1.2083002307722126,-1.286242909583521,-1.1060191588960302,-1.2811571142357217,-1.0722942413883625,-0.03686077488580034,-1.6841341104099046,1.5498298033867024,-0.1116668039779046,-1.13407534322061,-1.5224755764588005,-0.15137162611987032,-1.3687001394865561,-1.3863587921474672,-0.8760410563540361
0.5240592328330393,-1.0664720518431965,-1.1903598414639915,-0.5824515987782102,-0.854307521471086,-0.5223682132152149,-1.6526715133272598,0.576288053081104,-0.06346860126177323,0.4813164605921596,-0.5654365649921436,-1.4826560530703778,-1.10238118074365,-0.9428894897494046,0.46594725796103226,-0.6592048030806762,-0.9711137216613229,0.17293671808238997,0.12784689062372442,0.5375798704264391,-0.5090039730211676,0.12856849841131698,-1.257259983209745,0.8935784848149592,-0.4667614393935304,-1.1125961672286016,-0.09052257514011657,-1.115957747276259,-1.0377903851489958,1.0653264255183903,0.7184680008454847,0.18975564982247725,-0.9683270415072699,-0.5203681834556831,-1.3925471563078609
0.6886275812262198,-1.0664720518431965,-1.9141747571479837,-1.1251430285380246,-1.7204154856416691,1.3530149156172597,0.7848231546701021,-0.6710318397769564,-0.5518485864182407,1.3771638441823513,-0.8981972666289715,0.7420429040921181,0.2611364005259204,-1.379419185089637,0.46594725796103226,-0.6592048030806762,1.7963825254174652,-1.8958460752766302,2.277307454436713,0.6186140483523143,0.8558471738752679,-0.948825382673792,0.1686559281728407,1.0483201235862503,1.5970847740854128,-1.7190066576048724,-0.2632443434365565,-1.514374991388054,-1.5698460269981698,-1.1695339984876092,1.2283278731339786,-0.5619086750058974,1.329386850204524,0.5588090722408028,0.5799078658118131
-0.2164983349362729,0.9376710793983659,1.969530381730928,1.5883141202610527,1.3109623889553716,-0.8002027508200259,-1.1110060315500683,0.6950804238294908,0.6635092392383121,-1.3103783065882237,1.2647472940104123,-0.3703065744891299,0.2611364005259204,1.2045655712840824,-0.40756350515627643,-1.7188356642310194,-0.27923965989162586,1.7245238131016551,-0.9843300739531408,-0.17556335909276144,-0.20124147257118352,1.0863804099880194,0.07761105852272836,-0.8781928827419747,-0.7037473115908828,1.6627403284934366,0.7168802814122629,1.2285649543753885,1.443851546209628,1.0146907836794479,-0.9471485978081225,0.10989164033207482,-0.15746511759036436,0.13951308195090084,0.12869645000399213
-0.545635031722634,0.9376710793983659,2.101346001266693,0.8130406491756027,1.5707947782065466,0.1722181307968128,-0.027675067995685147,-0.4631451909672794,-0.07838096722074933,-0.414530922998032,-0.8981972666289715,-0.3703065744891299,0.2611364005259204,1.7575731375059302,-0.40756350515627643,-1.7188356642310194,-0.27923965989162586,1.3550983142875443,-0.5458170178675833,-0.6561996837151164,-0.5424737601151716,-0.14255737342461428,0.9704705052407109,-1.269914885677853,-0.09599513877372019,2.011915718779871,0.7760029604760172,1.6214127596268604,1.8949502392392283,-0.46269192777914897,-2.033274959658379,-0.2099149485958702,0.07796266921300321,-0.15283793726007935,0.12869645000399213
1.5937534973887126,0.9376710793983659,1.375038021525722,-0.504924251669665,-0.6810859286369695,1.7003080876232737,-0.16309143843998303,0.21991094083594415,0.7529834349921687,-1.3103783065882237,0.7656062415551702,-0.3703065744891299,-1.10238118074365,1.7389757430842139,1.3394580210783409,-1.7188356642310194,-0.27923965989162586,-0.49202917978300936,1.8102941097699317,1.3436161606422934,0.649441050653776,0.16360884371976323,1.3069767898601037,-0.5031533505563074,1.879342106194368,1.6123204225179137,2.1914969257563848,-0.24733830322254075,1.6864738789146323,0.7023117350374117,-0.7487591551658093,0.15019651862273437,-0.43493189835098367,-0.23632539340689313,-0.8760410563540361
-1.533045122081717,0.9376710793983659,1.927535148511555,0.03776717809015112,0.5314652212018469,0.6584285716052322,0.6494067842258042,-0.7304280251511498,-0.20140798638230223,-1.3103783065882237,1.2647472940104123,-0.3703065744891299,0.2611364005259204,2.0092321941038707,-1.2810742682735852,-1.7188356642310194,1.1045084636477682,0.09905161831956781,0.1688193772787826,-0.48861090859065603,-0.41824605071809123,-0.42413454825391456,1.4236707578282095,-1.2557861311693825,0.6300469977201687,2.0446996763179324,-0.1962644621709137,2.7585546209721743,2.0370309540760814,1.0146907836794479,-0.9159401238140864,0.9258339995706844,0.433982198816739,-0.04701201760600135,0.12869645000399213
-1.286192599491946,0.9376710793983659,0.6093369668344777,2.0534782029123235,-0.07481035371756128,-0.9391200196224314,1.1910722660029958,1.5860232044423912,1.4016713542076293,-1.3103783065882237,1.4311276448288268,0.7420429040921181,1.6246539817954908,-0.4730009011854904,-1.2810742682735852,1.4600569192200104,-0.9711137216613229,-0.7136844790714758,-1.0312404062744116,0.33417954185746895,0.6835896322659856,2.029480277282771,-0.05174328724805581,0.4476695833096154,-0.7752260888845401,0.0871625757404983,-1.4031523266881347,1.413777596524305,-0.19276547902720437,0.17483201590986006,0.3890481060551355,-0.6227663204674538,0.7358269854950564,1.1378557042074253,1.2401231180873624
-1.3684767736885364,0.9376710793983659,1.6127027913332217,1.5107867731525075,-0.6810859286369695,0.03330086199440727,-0.9755896611057703,-0.28495663484469985,0.05583032641003564,-0.414530922998032,1.098366943191998,-0.3703065744891299,0.2611364005259204,0.8649549590150318,-1.2810742682735852,-1.7188356642310194,-0.27923965989162586,-0.048718581206076486,0.42731008020693817,0.01735623201932643,-0.07615168851815177,0.0484429088060023,0.8481701854661059,-0.9941087819200932,0.594142472303625,1.3002783586352715,-0.6746377222684269,2.2585485098351743,1.0922555986461988,0.9122217818761421,-0.7571799620052317,0.5523982599015764,0.5552685513435627,0.24795336985768004,0.12869645000399213
-0.7924875543124047,0.9376710793983659,0.6565795448195956,-0.03976016901839404,0.6180760176189052,-0.2445336756104038,-1.517255142882962,1.5860232044423912,1.767024320202544,1.3771638441823513,1.4311276448288268,0.7420429040921181,1.6246539817954908,0.6964599149942622,-1.2810742682735852,1.4600569192200104,0.4126344018780712,1.3550983142875443,-0.29569427956635524,0.9763617681368695,1.0572016113261336,2.0275950296934275,0.5868071376826345,0.6458540563319252,-0.04441557747683644,0.7030886317489242,-0.11688478920546576,0.8699094332460383,0.7087589833877417,0.17483201590986006,0.336932792645584,-0.6227663204674538,1.1952782470734713,1.4853121189509915,1.2401231180873624
0.6886275812262198,0.9376710793983659,1.1842499211481237,1.3557320789354173,1.657405574623605,0.3111353995992183,0.24315767289291063,-1.4728803423285668,-1.293738792877302,-0.414530922998032,0.5992258907367559,-0.3703065744891299,-1.10238118074365,0.4895086003672987,0.46594725796103226,1.4600569192200104,0.4126344018780712,1.2812132145247221,-0.5146906326567638,-1.341507334199104,-1.1246458526566705,-1.4489289066477558,0.15599136361218285,-1.54213176352178,-0.3529404352019182,0.8818345875946524,0.9125262630591424,0.09015356951738708,0.6938272790652463,0.5947613997946539,-0.6911478021414038,1.3074475263897698,-1.1926054369932078,-1.341421938221148,-0.8760410563540361
-0.7924875543124047,0.9376710793983659,0.7074318355527005,-0.5824515987782102,0.27163283195067195,-1.078037288424837,1.1910722660029958,1.199947999510134,0.9878531988460424,-0.414530922998032,1.4311276448288268,0.7420429040921181,1.6246539817954908,1.0721666655824194,-1.2810742682735852,1.4600569192200104,-0.27923965989162586,-0.4181440800201872,-1.2854656868440726,-0.1073185601949676,0.3908193646149896,1.6215500111409558,-0.1784877747143207,0.09597029353592613,-0.9835504772218114,0.9190851840223588,0.11624137610443909,0.9039516322043467,1.0059325493514548,0.17483201590986006,0.28159844657373995,-0.5118390179301213,0.5637763896028654,0.8678115191273604,1.2401231180873624
0.44177505863644906,-1.0664720518431965,-1.812347547219964,0.42540391363287694,-1.114139910722261,1.0751803780124487,0.24315767289291063,0.6950804238294908,0.6038597754024077,0.4813164605921596,-0.06629551253690062,-0.3703065744891299,0.2611364005259204,-2.163952834534433,0.46594725796103226,-0.6592048030806762,1.7963825254174652,-1.0831099778855866,1.5270448211025958,1.649563912326298,0.7911316547920633,0.232843276940528,-0.04763263528644122,2.443628221660262,0.963767960691321,-2.064856355118072,-0.9238252092732797,-1.3668020537676582,-2.1528039737206472,0.14584912995505098,2.2170982006339757,-0.3584921421079868,1.033420987935208,1.0162293316170565,0.12869645000399213
-1.286192599491946,0.9376710793983659,1.8141745708224482,0.5029312607414221,-0.1614211501346196,-1.1474959228260397,0.9202395251144,-0.7601261178382465,-0.7680778928233943,0.4813164605921596,1.2647472940104123,0.7420429040921181,0.2611364005259204,1.6223373770582237,-1.2810742682735852,-1.7188356642310194,-0.27923965989162586,-0.6397993793086537,-1.1277539576216333,-1.1449928162488905,-0.4677872308500016,-0.4581558724966981,-0.2509970831090811,-1.47915148870155,-0.8994705246631763,1.7898054839233686,-0.09951621887563608,2.2883615237804515,1.7166181436287804,0.08749315907529455,-0.8298591672000258,0.326244322307746,-0.23760384587704927,-0.48954848186186156,0.5799078658118131
0.2772067102432686,-1.0664720518431965,-0.3823185198101423,-0.1172875161269392,-0.5944751322199111,1.7697667220244764,-0.027675067995685147,0.4871937750198138,0.6560530562588239,1.3771638441823513,-1.397338319084214,-0.3703065744891299,0.2611364005259204,-0.36281031760482935,0.46594725796103226,0.4004260580696671,-0.9711137216613229,-0.49202917978300936,1.8102941097699317,1.6315022793174407,0.7829818601696217,0.05335408619775396,0.47869957795737617,0.7958013449909249,1.4371571849501525,-0.38669742603012014,0.10966965029562509,-0.5758148625298798,-0.3749650664266198,-0.8571549498455727,-0.9119251766696505,-0.8217806022364542,1.1477702643843772,1.008889177250231,0.12869645000399213
0.19492253604667834,0.9376710793983659,0.06512402511985113,0.8130406491756027,-0.4212535393857945,-0.7307441164188231,-0.5693405497728766,-0.37405091290598996,-0.5965856842951691,1.3771638441823513,0.2664651890999273,-0.3703065744891299,0.2611364005259204,-0.406876827907631,0.46594725796103226,0.4004260580696671,-0.9711137216613229,-0.048718581206076486,-0.3867646099221867,-0.5070507503520788,-0.43162258171721546,-0.40215836777775976,-0.7127819427840333,-0.5792007712232707,-0.5723492487994842,-0.17026174210067083,0.02418950535517342,-0.2777470105118712,-0.28845884958530504,0.3741759655923245,0.1067580297865304,0.26909115108912046,0.16001246424205537,-0.058441172027315566,0.12869645000399213
0.19492253604667834,0.9376710793983659,1.9365747186517523,-0.42739690456111984,0.7046868140359634,0.1722181307968128,-1.1110060315500683,-1.2946917862059868,-1.1595274992465172,-0.414530922998032,0.5992258907367559,-1.4826560530703778,-1.10238118074365,2.294019502176724,0.46594725796103226,-1.7188356642310194,1.1045084636477682,1.2073281147619002,-0.07693021293274392,-1.042539943195045,-1.453915259522747,-1.278440567094588,0.04257718990385273,-1.700273170170781,-0.09145330710353285,2.192340035568524,1.7009290682714906,0.8853833506871056,2.2526169131590814,2.0466777494348816,-1.2415847841829235,2.1824862420832916,-1.0384363970587795,-1.1915752966834037,-1.3925471563078609
-1.0393400769021754,0.9376710793983659,0.14448937359632094,-0.504924251669665,-0.2480319465516779,-1.2864131916284451,1.3264886364472936,-0.9680127666479231,-0.9880352907182919,1.3771638441823513,-0.7318169158105572,-1.4826560530703778,-1.10238118074365,0.4252723631149409,-1.2810742682735852,0.4004260580696671,0.4126344018780712,-0.9353397783599423,-1.3138129305182118,-1.352989752402307,-1.6890952439553022,-0.6777855342819059,-0.3781648836658846,-0.9208476596994234,-1.0583228012460997,0.29198917905160016,-0.5474361533190281,0.7920967502534464,0.365853389097031,0.9122217818761421,-0.7584807881363922,1.0490259382342892,-1.4905030387607405,-1.3473583417308008,-1.3925471563078609
0.6886275812262198,-1.0664720518431965,-1.7624754332173362,-0.8150336401038439,-0.07481035371756128,-0.8002027508200259,0.24315767289291063,-2.2153326595059837,-2.240674031272285,-1.3103783065882237,-0.5654365649921436,-0.3703065744891299,-1.10238118074365,-1.4066461085671609,0.46594725796103226,-0.6592048030806762,1.7963825254174652,-0.1964887807317208,-0.7250353973112459,-1.9100129891868856,-1.734473399938017,-2.2884508112465882,-1.4626101024760683,-1.2707836911181751,-1.0293585648870653,-1.6527214785139972,-0.2805784171057128,-1.4490465976454598,-1.550177406721898,-0.21240541170104382,1.4705027713849204,1.6475857695286975,-1.268872716949111,-1.6535189023422936,-0.8760410563540361
0.8531959296194004,0.9376710793983659,1.4514062803125456,-0.6599789458867553,1.5707947782065466,0.7973458404076377,-0.4339241793285788,-0.16616426409631302,0.0632865093895237,-1.3103783065882237,0.7656062415551702,-0.3703065744891299,0.2611364005259204,1.9152225563601917,0.46594725796103226,-1.7188356642310194,-0.27923965989162586,1.5767536135760107,-0.049170429586007876,-0.16055907602140712,-0.19128975140839724,-0.20317992696441997,0.5596035864164542,-0.9119258679403934,0.12536589971376294,1.7416554407606701,1.8955143616522545,0.16064832634038925,1.8390711500704509,0.7023117350374117,-0.8087970382524262,0.35240817435215915,0.32873298510385035,0.14811613327887563,0.12869645000399213
-0.7924875543124047,0.9376710793983659,1.071685994222758,1.0456226905012382,-0.5078643358028528,-0.175075041209201,-1.381838772438664,-1.8292574545737268,-1.5211523737516879,1.3771638441823513,-0.23267586335531493,-1.4826560530703778,-1.10238118074365,0.5345670941176413,-1.2810742682735852,1.4600569192200104,0.4126344018780712,0.32070691760803427,0.2152121662095962,-1.3614293038775742,-1.695801156730613,-1.5894819982396768,0.6470784788112962,-1.6378702103186102,0.3533613907502814,0.8439413935903244,-0.2175627123658761,1.1511104081249055,0.6976141840273782,1.361134051715745,-1.104245019607462,2.3696945802936717,-0.9387892108952809,-1.351730505165547,-1.3925471563078609
0.5240592328330393,-1.0664720518431965,0.13466217244436052,0.11529452519869628,0.09841123911655533,0.5889699372040293,-1.6526715133272598,-0.22556044947050644,-0.3617159204412954,-1.3103783065882237,-0.5654365649921436,0.7420429040921181,0.2611364005259204,0.05301097855624536,0.46594725796103226,0.4004260580696671,-0.9711137216613229,0.9856728154734336,0.5493768957933665,0.1380946075922112,0.5576849590516547,-0.5650090312518729,-0.41546964914864853,-0.44231327186422215,0.14105586844936485,0.09916927828839285,0.5357793550759475,-0.42862369985962334,0.08066802405295131,-0.9596239516488788,-0.6196286600813039,-0.6272843130482407,0.6112783760056484,0.3135240054477452,0.5799078658118131
-0.7924875543124047,0.9376710793983659,1.4787867537225776,0.6579859549585124,-0.2480319465516779,0.8668044748088404,-0.2985078088842809,0.10111857008755733,0.7567115264819128,-1.3103783065882237,-0.23267586335531493,0.7420429040921181,0.2611364005259204,1.1784346433922517,-1.2810742682735852,-1.7188356642310194,-0.27923965989162586,-0.048718581206076486,0.834347425271501,0.6016063043206229,0.8458674029408614,0.45686957983968557,1.6167613945060555,-0.5635836813693101,1.249569579665749,1.386478526483897,0.18205655573687463,1.4339555116443552,1.2928872887136136,-0.756274678886085,-1.3725867581796811,-0.6354943841036274,0.7390349119392978,0.5505222726087566,0.5799078658118131
-1.6153292962783072,0.9376710793983659,1.1990006204669668,-0.19481486323548436,1.4841839817894882,1.283556281216057,1.5973213773358894,-1.2649936935188901,-0.6114980502541452,-1.3103783065882237,-0.3990562141737293,-1.4826560530703778,-1.10238118074365,1.3658261359805965,-1.2810742682735852,1.4600569192200104,-0.27923965989162586,0.3945920173708564,0.11955013637763491,-0.9402162165779234,-1.3809176152729365,-0.9889330030033947,2.006628011213057,-1.162303198767594,0.8216631070453174,1.3304756921186738,-0.7159913358303825,2.347255411811044,1.3589483805005595,1.2149111084913304,-1.289128137504426,1.546078350765728,-0.9711436183678319,-1.1422668159901677,-1.3925471563078609
-1.0393400769021754,-1.0664720518431965,0.004451569586237949,-0.504924251669665,0.35824362836773027,-1.2864131916284451,0.7848231546701021,-1.3243898788930832,-1.4838714588542474,-0.414530922998032,-1.5637186699026284,-0.3703065744891299,-1.10238118074365,0.275727282629264,-1.2810742682735852,0.4004260580696671,0.4126344018780712,-0.12260368096889863,-1.4048592501021469,-1.589954934203096,-1.3734495119355599,-1.286242909583521,-1.1060191588960302,-1.238613712239394,-1.3157920848567455,0.1419576230431879,-0.6406406043406765,0.6995690536531712,0.21494150259890624,-0.994142054558969,-1.32411998715935,-0.04427434698322613,-1.5259091352667093,-1.473094014495611,-0.8760410563540361
-1.6976134704748975,0.9376710793983659,0.963413114861815,0.11529452519869628,1.3109623889553716,1.7003080876232737,-1.6526715133272598,0.45749568233271715,1.487417458471742,1.3771638441823513,0.7656062415551702,-1.4826560530703778,-1.10238118074365,0.9339603236652295,-1.2810742682735852,1.4600569192200104,-0.27923965989162586,2.0200642121529437,0.7886309155795205,0.8968921979096323,-0.3354543022560871,0.8341809376511219,2.3862365049120546,0.20465627670750464,1.5591194971943043,0.9871663284803638,-1.112846708294286,2.3176591850065655,0.9705018332371248,2.1755264576669635,-0.4022388526813587,0.8785910346553079,-0.7501982895744437,-0.3897855730465401,-1.3925471563078609
1.429185148995532,-1.0664720518431965,-1.6247481932069208,0.03776717809015112,-1.2873615035563777,-1.0085786540236341,1.4619050068915915,-1.2649936935188901,-1.5733456546081042,0.4813164605921596,-0.06629551253690062,-0.3703065744891299,-1.10238118074365,-1.7561759676558488,1.3394580210783409,-0.6592048030806762,1.7963825254174652,-1.8958460752766302,-0.6067164671930996,-1.2342312276353142,-1.0242843826279777,-1.4644144928157474,-1.6188374085249713,-0.5028692352826175,-1.0152826389602876,-1.7568484162009559,-0.08363598320988547,-1.6547795206577938,-1.7838400703442034,0.14584912995505098,1.9187405310357577,0.7623469016080378,-1.2257919351203788,-1.2866246266368486,-0.8760410563540361
-1.6976134704748975,0.9376710793983659,-0.4107557751925621,-0.7375062929953005,-1.5471938928075526,-1.633706363634459,1.4619050068915915,-1.7698612691995335,-1.7448378631363295,-1.3103783065882237,-0.7318169158105572,-0.3703065744891299,-1.10238118074365,-0.025150120814467682,-1.2810742682735852,0.4004260580696671,-0.9711137216613229,-2.1175013745650966,-1.1551047668979912,-1.7541381701429661,-1.5522668437728877,-1.5233735408100906,-0.6871345264029595,-1.2879482646869793,-1.0451514931320967,-0.23213340672332156,-1.709728389267001,1.319839991539448,-0.12554226148207043,-0.3363452950012915,-0.280859421464467,0.9031242278878955,-1.4295308636563653,-1.56403646047057,-0.8760410563540361
-0.2164983349362729,0.9376710793983659,1.2465345233276144,2.0534782029123235,0.7912976104530218,0.24167676519801556,1.4619050068915915,0.21991094083594415,0.6374125988101038,1.3771638441823513,-0.23267586335531493,-0.3703065744891299,-1.10238118074365,0.2003234817994276,-0.40756350515627643,1.4600569192200104,0.4126344018780712,-0.12260368096889863,-0.40781826570138824,-0.0952835438047466,-0.14844110916619627,0.5808320899801733,1.0351249939463085,-0.4876594296575327,0.03202171284853879,0.7686788199161784,0.09261996680159161,0.7412020693928794,0.4909884395011611,0.02860907268544545,-1.2232298958485877,-0.23615370632927563,-1.1544104982844572,-0.7681987647255107,-0.8760410563540361
-0.05192998654309242,0.9376710793983659,-0.5208752546087618,1.8984235086952332,-0.2480319465516779,0.1722181307968128,-1.517255142882962,0.338703311584331,0.7306148860537045,-1.3103783065882237,0.2664651890999273,-0.3703065744891299,-1.10238118074365,-1.5787762685530202,-0.40756350515627643,0.4004260580696671,1.7963825254174652,0.6162473166593229,0.3816222149445894,0.5169062504963609,0.2218578994805591,0.7073966025284345,0.9727149395512187,1.0009617000567221,0.6117818157324745,-1.0793589653744817,-0.8999126735376339,-0.45360551791793025,-1.3483183094660194,0.3741759655923245,0.7656927334112587,-0.09163609516082817,-0.8831284868677901,-0.5280910312405053,-0.8760410563540361
0.19492253604667834,0.9376710793983659,0.5129849864620173,1.1231500376097834,-1.114139910722261,-1.078037288424837,-0.4339241793285788,1.823607945939165,1.0475026626819468,-0.414530922998032,1.4311276448288268,1.8543923826733661,1.6246539817954908,-0.09994476071677745,0.46594725796103226,1.4600569192200104,-0.9711137216613229,-0.7136844790714758,-0.4013016579602075,1.0537619731392345,1.578461359103021,1.6930323155701867,-1.0010669982180795,0.29175644947610163,-0.683440073624369,0.22498256797105853,0.21675827198082162,-0.015767558039940784,0.06623669267441051,-0.46269192777914897,0.4974939420470763,-0.9724059633838881,1.1324970550965725,1.5241350478614406,1.6129200657194627
0.8531959296194004,-1.0664720518431965,-0.13055538958090337,-1.5903071111892955,-0.2480319465516779,0.45005266840162383,-0.2985078088842809,0.576288053081104,0.27951581579467727,0.4813164605921596,-1.397338319084214,0.7420429040921181,0.2611364005259204,0.8104473857447366,0.46594725796103226,0.4004260580696671,0.4126344018780712,-0.048718581206076486,0.48545827235901906,0.7904949199287115,0.954572277482446,0.1312035323785118,-0.5172425027200478,0.25274990094298455,0.056195525283075774,0.33855310242455,1.2121304952611425,-0.7382906506512379,0.583464827733313,-1.497669767932696,-1.0952100121332276,-1.1807240788495095,0.5820483350208709,0.6410633934035253,0.5799078658118131
-1.6976134704748975,0.9376710793983659,0.5833093272948096,1.820896161586688,0.27163283195067195,0.45005266840162383,0.6494067842258042,1.704815575190778,2.2591323968487558,-0.414530922998032,1.4311276448288268,0.7420429040921181,1.6246539817954908,-0.3839015636785035,-1.2810742682735852,1.4600569192200104,-0.9711137216613229,-0.12260368096889863,0.12002696133430696,1.4342873508287417,1.2937323551597466,2.155582393814336,1.2318377776984908,1.0433388755382744,0.5150432059897487,0.11814758969082381,-1.9343822427760082,2.0350320132138036,-0.13180128531999064,0.17483201590986006,0.4180554712767514,-0.6542365319826727,1.4331828334866472,1.706770720212538,1.2401231180873624
0.2772067102432686,-1.0664720518431965,-0.628341891444345,0.11529452519869628,1.3109623889553716,-0.175075041209201,-1.381838772438664,1.5563251117552945,0.8387295392562814,1.3771638441823513,0.10008483828151368,1.8543923826733661,1.6246539817954908,-0.7548198740160321,0.46594725796103226,-0.6592048030806762,-0.9711137216613229,1.8722940126272993,-0.5136333927994533,0.7654335311256735,1.4142599876579127,0.9777973608356862,-0.9943043335413562,1.2144510248703244,-0.7486935271344874,-0.7166404853477507,-0.13713870812882942,-0.7075152031334225,-0.7413579028618915,-1.1058468948732931,0.7369117657891219,-1.2040411529342518,1.0646085646565782,1.3763779502964726,1.6129200657194627
-0.13421416073968268,-1.0664720518431965,-1.0449651054648004,-0.1172875161269392,0.35824362836773027,0.8668044748088404,-1.6526715133272598,-0.37405091290598996,-0.08583715020023738,1.3771638441823513,-1.5637186699026284,0.7420429040921181,0.2611364005259204,-1.0601352017324341,-0.40756350515627643,-0.6592048030806762,1.7963825254174652,1.2073281147619002,0.6338663448665669,0.055475141605424085,0.5027180204863148,-0.3715919996990948,0.7012664652505792,0.7270390230730583,0.6851533067749277,-1.0945139656821508,-0.6340915486129969,-0.6863937688077323,-1.0887783785678222,-1.6108317008829456,-0.544224906777935,-0.9667675578032623,0.6495876063100771,0.2688395991138384,0.5799078658118131
-0.46335085752604366,0.9376710793983659,1.4787867537225776,-0.9700883343209342,0.27163283195067195,0.5889699372040293,1.5973213773358894,0.4277975896456204,0.9915812903357865,0.4813164605921596,1.098366943191998,0.7420429040921181,0.2611364005259204,2.13685997343121,-0.40756350515627643,-1.7188356642310194,1.1045084636477682,-0.6397993793086537,0.12056502986339532,0.4137012396492482,0.7329312216765231,0.8006792060013318,1.3552085601028747,-0.44100288433518836,0.5643578683992501,1.8674568694715503,1.0834479788675566,1.1087533836054857,2.0124294562933716,-0.0010340179412842185,-0.6491564286341838,-0.337464173459167,0.41092385146894933,0.457109997709696,0.5799078658118131
1.1000484522091711,-1.0664720518431965,-0.010874768424948904,-0.2723422103440295,-1.2873615035563777,-0.5918268476164176,0.3785740433372085,0.30900521889723426,-0.29088218213615885,-0.414530922998032,-0.7318169158105572,-0.3703065744891299,-1.10238118074365,0.1219161125723954,1.3394580210783409,0.4004260580696671,-0.9711137216613229,-1.304765277174053,0.014457915927167313,0.24833354215630504,0.06597362445036932,-0.10219942904671063,-1.3082426453087013,-0.2930890532991407,-0.5523818225279856,0.05621331610126401,0.9257014278377002,-0.7877639234502924,0.09400800403570148,-0.3363452950012915,-0.6322490625753965,-0.4773344453007019,-1.0069945960704347,-0.6306277895952,-0.8760410563540361
-0.46335085752604366,-1.0664720518431965,0.37276818861360067,-0.504924251669665,-1.6338046892246108,0.8668044748088404,0.9202395251144,0.10111857008755733,0.380174286017766,-0.414530922998032,-1.2309579682658,0.7420429040921181,0.2611364005259204,0.6681244017979783,-0.40756350515627643,0.4004260580696671,0.4126344018780712,-1.8958460752766302,1.6857128038459832,1.1372808785781683,1.142840490239039,0.08662790048828385,0.7035868072317372,-0.06192074707103769,1.4649737264129454,0.536665843107251,0.17538216988163924,0.3810348175107696,0.6111049886533377,-1.3864423220305988,-1.3023172516473944,-0.9918888787334089,1.097882049869602,0.7992797245068983,0.5799078658118131
-1.4507609478851267,0.9376710793983659,0.728413826638861,1.0456226905012382,-1.4605830963904942,-1.0085786540236341,-0.5693405497728766,0.338703311584331,0.2534191753664691,-0.414530922998032,-0.06629551253690062,-0.3703065744891299,0.2611364005259204,0.16975871995065725,-1.2810742682735852,1.4600569192200104,0.4126344018780712,-0.9353397783599423,-0.14752633363934178,0.16332151013809598,0.014579534223128767,0.7077609596073985,-0.11699661534316343,-0.3916632035758254,-0.19968338673703673,0.4763048355823852,-1.2186668260730849,1.7335089366873477,0.32905991755920255,0.14584912995505098,-0.7418824870401273,-0.2199669124317681,0.2803143709513631,0.32701169976649025,0.12869645000399213
-0.46335085752604366,-1.0664720518431965,0.34964165237863076,-0.1172875161269392,0.6180760176189052,-0.5223682132152149,-0.5693405497728766,-0.5225413763414728,-0.6338665991926093,-1.3103783065882237,-0.8981972666289715,-0.3703065744891299,-1.10238118074365,0.41374361706278845,-0.40756350515627643,0.4004260580696671,0.4126344018780712,0.8379026159477893,-0.6342324974531341,-0.7437650294762738,-0.6098701503402074,-0.5147722414517628,-0.4652565726292873,-0.7675108315023881,-0.6441578023153176,0.3967682594498543,0.01706084128245015,0.3664363056598747,0.41259196210127164,-0.46269192777914897,-1.0404348520662403,-0.17856119883398272,-1.2357690150409248,-1.0502174714348724,-0.8760410563540361
-1.4507609478851267,-1.0664720518431965,0.09011078741017461,-0.3498695574525747,-1.5471938928075526,-1.1474959228260397,1.0556558955586979,-0.19586235678340974,-0.5518485864182407,-1.3103783065882237,-1.397338319084214,-0.3703065744891299,0.2611364005259204,0.27423307619830445,-1.2810742682735852,0.4004260580696671,0.4126344018780712,-1.8958460752766302,-0.5327671358692587,-0.464166079838237,-0.40062078132137463,-0.19699217757415297,-0.9823557912887,-0.5596761471073015,-0.7561160220307421,0.1873351758347888,-1.1534983830151122,1.2807465793755959,0.23697132038377303,-0.8571549498455727,-1.2455380432801622,-0.5778761624729151,0.08475900052481371,-0.031940271628398714,0.12869645000399213
1.3469009747989418,0.9376710793983659,-0.3936669617978368,1.0456226905012382,1.5707947782065466,0.03330086199440727,-1.2464224019943662,0.30900521889723426,0.24223490089723698,0.4813164605921596,0.43284553991834157,0.7420429040921181,0.2611364005259204,-1.0144736511570598,1.3394580210783409,0.4004260580696671,1.7963825254174652,2.0200642121529437,-0.4781976293061478,-0.07846312700945046,0.41101461735829264,0.2470048655538665,-0.08187895781238666,0.44463992708231964,-0.41022346750610345,-0.7229071630058144,0.3454393469939066,-1.0804349121671104,-0.8775298771119685,-0.36770269129951977,0.7649504950639954,-0.4947630692691799,0.11305301539826614,0.1946754943158247,0.5799078658118131
-0.9570559027055852,0.9376710793983659,1.402992733443057,-0.3498695574525747,-1.5471938928075526,-0.5918268476164176,-0.027675067995685147,0.07142047740046062,0.17140116259210048,-1.3103783065882237,1.4311276448288268,-0.3703065744891299,0.2611364005259204,1.6752992494080161,-1.2810742682735852,-1.7188356642310194,-0.27923965989162586,-1.304765277174053,0.21855807038096967,0.18993122424937184,0.030777986876132694,0.4230631338703059,0.2643758245838627,-0.8300736513448282,0.2011014741316626,1.5956430642308261,0.3177114855500155,1.5637914408004134,1.6463010511307943,1.115571054638936,-0.401539335970963,0.46903834487515045,0.4576102663821392,0.3411610377991573,0.12869645000399213
-0.2987825091328632,-1.0664720518431965,-0.26523416205955347,-0.8150336401038439,0.7912976104530218,1.005721743611246,0.9202395251144,-0.7601261178382465,-0.42509347576694384,-1.3103783065882237,-1.8964793715394566,0.7420429040921181,0.2611364005259204,0.17589041657215823,-0.40756350515627643,0.4004260580696671,0.4126344018780712,0.17293671808238997,0.2979303526685597,-0.4496184010117813,0.1382044242926447,-0.741833679050497,0.8220282636009801,-0.22960467957884706,0.48608714459894653,-0.05252457223628378,0.009801624521212648,-0.1377837211144488,0.06669298967256089,-1.8432366608395752,-1.4378659007583452,-0.9702813096899098,0.49502625611119233,-0.023013264151268795,0.5799078658118131
-0.2164983349362729,-1.0664720518431965,-0.5981726360825277,-0.03976016901839404,-1.6338046892246108,-1.078037288424837,-1.517255142882962,1.110853721448844,0.518113671138295,0.4813164605921596,0.10008483828151368,1.8543923826733661,1.6246539817954908,-0.6348128470042086,-0.40756350515627643,0.4004260580696671,-0.9711137216613229,-0.5659142795458315,0.014457915927167313,0.8754947969523507,1.4781917666737094,1.058626863760761,-0.9289006663800269,0.8846695210500978,-0.40532121273417343,-0.6398936210313502,-0.43109821227104195,-0.3877657596370974,-0.6412985750028422,-1.1058468948732931,0.7004932799241346,-1.1114400655662007,1.3741082601566463,1.433805429026079,1.6129200657194627
-1.1216242510987657,-1.0664720518431965,-0.739054651227265,-1.1251430285380246,0.7046868140359634,0.10275949639561004,-1.381838772438664,0.30900521889723426,0.30561245622288546,1.3771638441823513,-0.7318169158105572,-0.3703065744891299,0.2611364005259204,-0.13621745689029707,-1.2810742682735852,-0.6592048030806762,-0.9711137216613229,1.3550983142875443,-0.09559608892537269,0.1753306447726386,0.02190272912699846,0.2875115047304305,0.06391252951234992,0.8235510175601013,-0.09618943774031287,-0.46331102504224947,-0.9920840782460401,0.3122606340143585,-0.2983487853260646,-0.3363452950012915,0.03869792933270989,-0.4773344453007019,0.3059522649667296,0.33340721001724305,0.12869645000399213
-1.3684767736885364,-1.0664720518431965,-0.4915741886402512,-1.5903071111892955,-0.9409183178881444,1.561390818820868,-0.16309143843998303,1.704815575190778,2.292685220256452,1.3771638441823513,0.10008483828151368,1.8543923826733661,1.6246539817954908,0.4252723631149409,-1.2810742682735852,0.4004260580696671,0.4126344018780712,-0.7136844790714758,1.866477835970928,2.9931318733315937,2.4718602968508527,1.6317233210333675,1.2891983628754358,2.375814668099777,1.914128562436542,-0.04865978616030303,-0.9478968448807392,0.7704036153601138,0.19475253402398163,-1.1058468948732931,0.5742661007610225,-1.2319168781075036,2.3009034613484083,2.341555710776132,1.6129200657194627
-1.533045122081717,0.9376710793983659,0.690559337020341,1.5107867731525075,-0.6810859286369695,-0.5223682132152149,-0.5693405497728766,1.3781365556327143,1.4277679946358375,-1.3103783065882237,1.4311276448288268,1.8543923826733661,1.6246539817954908,-0.11309674177848146,-1.2810742682735852,1.4600569192200104,-0.9711137216613229,-0.2703738804945429,-0.09296321799588604,0.994430139340574,1.5455244484116848,1.810505073216755,0.33515250593046514,0.39442233432460033,0.008403416208582287,0.31269352851363297,-1.5123323820926218,1.834118879965502,0.10357125776875972,-0.46269192777914897,0.2998710486021341,-0.8698320528191522,1.3130796186860796,1.494428555348423,1.6129200657194627
0.6886275812262198,0.9376710793983659,0.8029698307827712,-0.9700883343209342,0.5314652212018469,-1.2169545572272424,-0.2985078088842809,1.7939098532520683,0.9543003754383461,-0.414530922998032,1.4311276448288268,1.8543923826733661,1.6246539817954908,1.4121745493523379,0.46594725796103226,1.4600569192200104,-0.27923965989162586,0.6162473166593229,-1.1842255308650038,0.32228452911638367,1.139305385081876,1.6636025969807708,-1.1180958730989556,0.0016720043292976418,-1.1884360985471665,1.1413398646248487,1.4850206083064699,-0.1368240037432447,1.287695521827069,-0.46269192777914897,0.17974005896580544,-0.966012281274516,0.6331895982041573,1.1309463340619117,1.6129200657194627
-0.13421416073968268,-1.0664720518431965,-0.20536500315059938,0.19282187230724143,0.35824362836773027,-1.1474959228260397,-1.6526715133272598,0.36840140427142704,-0.10447760764895753,0.4813164605921596,-0.8981972666289715,0.7420429040921181,0.2611364005259204,-0.35230632213973834,-0.40756350515627643,0.4004260580696671,-0.9711137216613229,1.2073281147619002,-0.8384979534320057,-0.27932783418398366,0.26700169322663353,0.3433465015759403,-0.9883216833531393,-0.004130472953703496,-0.9424233596313467,-0.28674898235718144,-0.18770282123711626,-0.21989504685413291,-0.31928731430649665,-1.1695339984876092,-0.6102274422909321,-0.9530451917347808,-0.07760896609406283,0.07920088798530996,0.5799078658118131
-0.05192998654309242,0.9376710793983659,2.0110499305577454,-0.8150336401038439,-1.6338046892246108,1.4919321844196654,0.3785740433372085,0.24960903352304084,1.1630734988640117,1.3771638441823513,-0.5654365649921436,0.7420429040921181,0.2611364005259204,2.61177919146084,-0.40756350515627643,-1.7188356642310194,1.1045084636477682,-1.6003056762253416,2.338931897206582,1.7211116916464924,1.4314457427552023,0.6132975224927446,2.1920330459838775,-0.6738746800370554,2.807303582586149,2.3912771330665423,1.7137729437482794,1.1221448650086028,2.5098682573201962,-0.9596239516488788,-1.8368318905826535,-0.8016493939796321,1.3527422089226129,1.0450980038113074,0.5799078658118131
-0.05192998654309242,-1.0664720518431965,-0.6526573625924456,-0.03976016901839404,1.39757318537243,0.3111353995992183,0.7848231546701021,-0.5522394690285696,-0.4176372927874558,-1.3103783065882237,-1.5637186699026284,-0.3703065744891299,0.2611364005259204,-0.6915094923680363,-0.40756350515627643,-0.6592048030806762,-0.9711137216613229,0.7640175161849672,-0.49579247020733785,-0.6915787616584039,-0.5694901006431814,-0.5409104449791445,0.24104237392558087,0.059453886732328404,-0.31035108529579414,-0.6981001958266434,-0.33719425127961006,-0.5263780070023863,-0.6996344083063833,-0.994142054558969,-0.8630641275987747,-0.5047302162218774,0.10395222401609773,-0.17575721164857586,0.12869645000399213
1.676037671585303,0.9376710793983659,0.843743819994663,-0.8150336401038439,1.5707947782065466,-1.2864131916284451,-0.4339241793285788,0.5168918677069105,-0.07092478424126128,0.4813164605921596,1.597507995647241,-0.3703065744891299,0.2611364005259204,1.3589980921850777,1.3394580210783409,1.4600569192200104,-0.27923965989162586,1.5767536135760107,-1.5175168645054484,-0.6575899208637687,-0.5435300001356058,0.4476318666519083,-1.1737858314123362,-0.666165278375973,-1.400430301080745,1.1367713849800298,1.9977816907664052,-0.5776383417329989,1.2587538040087611,1.2149111084913304,0.24481410443671947,0.300568984034352,-0.4639438302918948,-0.15373464303663453,0.12869645000399213
0.11263836185008808,-1.0664720518431965,-0.05724206905541325,-1.6678344582978408,0.7912976104530218,-0.175075041209201,0.24315767289291063,0.04172238471336391,-0.03364386934382101,-1.3103783065882237,-1.2309579682658,-0.3703065744891299,0.2611364005259204,0.9402898013577081,0.46594725796103226,0.4004260580696671,-0.27923965989162586,0.5423622168965007,-0.5570225165434786,-0.3147178954828117,-0.29543368548153887,0.028755702030575883,-0.17256815071517614,-0.05664504598846304,-0.4944854222166732,0.44282018908793713,0.805851286810418,-0.29668511306944556,0.701101922416952,-0.7229925237693459,-1.0080173130536363,-0.5939225059608502,0.07211757169549313,0.05829664255788013,0.12869645000399213
0.2772067102432686,0.9376710793983659,-0.4279246301598075,1.9759508558037784,-0.5944751322199111,-1.2169545572272424,-0.16309143843998303,0.4871937750198138,-0.06719669275151725,1.3771638441823513,1.2647472940104123,0.7420429040921181,0.2611364005259204,-1.5221332388369917,0.46594725796103226,0.4004260580696671,1.7963825254174652,-0.4181440800201872,-0.7995129381445432,-0.17605505448478323,0.34205872857880654,0.4200374278627193,-1.1147397764650973,0.2013654077915369,-0.9595599147522226,-0.9998520370777765,-0.6238564672386046,-0.6004923861226599,-1.2788242457614296,0.08749315907529455,1.5724590090578932,-0.3119546795070386,-0.05653095031084566,0.13923066022886693,0.5799078658118131
-0.46335085752604366,-1.0664720518431965,-0.6587615169325652,-0.42739690456111984,-0.4212535393857945,-1.355871826029648,-0.9755896611057703,-1.0571070447092132,-1.2900107013875581,-1.3103783065882237,-1.2309579682658,-0.3703065744891299,-1.10238118074365,-0.4730009011854904,-0.40756350515627643,-0.6592048030806762,-0.9711137216613229,0.17293671808238997,-0.8359593942970084,-1.193473681171113,-0.9871649506574756,-1.0277628967674215,-1.1607359640154373,-0.7576946771569993,-0.9957979708234246,-0.590988492628253,-0.5378721376940527,-0.24337917053512878,-0.5340716021162247,-0.7229925237693459,-0.5319055383582751,-0.03370759398417631,-1.3096907183562543,-1.2661133704294902,-0.8760410563540361
1.5114693231921223,-1.0664720518431965,-0.3428733938350652,-1.280197722755115,-0.2480319465516779,0.03330086199440727,1.4619050068915915,0.7841747018907809,0.3018843647331414,-1.3103783065882237,0.10008483828151368,1.8543923826733661,1.6246539817954908,0.383321340611417,1.3394580210783409,0.4004260580696671,0.4126344018780712,-1.0092248781227644,-0.10329217318079506,0.5326874851122658,1.273548676582855,0.3105446917131828,-0.8338561029610284,0.45193169269945443,-0.4409221722694059,0.010269672139384418,1.3091662612261592,-1.117919252516143,0.20318059637119476,-1.1058468948732931,0.4043951557174977,-1.0334537388175098,1.3071616522361869,1.2504544069709196,1.6129200657194627
0.19492253604667834,0.9376710793983659,-0.24880899416921382,-0.2723422103440295,0.6180760176189052,-0.03615777240679549,0.7848231546701021,-1.4431822496414701,-1.3384758907542305,1.3771638441823513,1.2647472940104123,-1.4826560530703778,-1.10238118074365,-0.13125173607612586,0.46594725796103226,0.4004260580696671,-0.9711137216613229,0.09905161831956781,-0.46006065045001965,-1.3003428959239407,-1.647656092252091,-1.4216653855103172,-0.13678744005157284,-1.0089579280099625,-0.4171197818474928,-0.1984611729912726,0.19714547319331385,-0.454802468006726,-0.16245395813333455,2.5474360875216293,1.3204401020894303,2.731122788475681,-1.1730353340823687,-1.320253974479641,-1.3925471563078609
-1.286192599491946,-1.0664720518431965,-0.2983069623697849,-0.8150336401038439,1.0511299997041967,0.8668044748088404,-0.4339241793285788,0.338703311584331,0.6150440498716396,-1.3103783065882237,-0.23267586335531493,-0.3703065744891299,0.2611364005259204,0.14050388844660977,-1.2810742682735852,0.4004260580696671,-0.9711137216613229,1.133443014999078,0.2139543074985533,0.40486812116694293,0.15798219827382864,0.3175707301827224,0.7088004223502351,0.6800133660758227,0.377366115211498,-0.08794646794665703,-1.0189082074920803,0.7922383966097561,0.030962808972227873,0.02860907268544545,0.05943359315414287,-0.2855740044401934,0.45542918245725017,0.452632592215141,0.12869645000399213
0.8531959296194004,0.9376710793983659,-0.7328154261734028,2.0534782029123235,0.27163283195067195,1.2140976468148543,0.6494067842258042,-0.9680127666479231,-0.6077699587644012,-0.414530922998032,0.7656062415551702,-0.3703065744891299,-1.10238118074365,-1.8747091615233615,0.46594725796103226,-0.6592048030806762,1.7963825254174652,-0.12260368096889863,0.7651711277112673,-0.40995120494124165,-0.36195953038847584,-0.9691562869248219,0.901037843828579,-0.06092970124249022,0.8720028411081217,-1.343554717913776,-0.4797994784099599,-1.0428931166115962,-1.6354958126637618,0.7023117350374117,1.5319296925149788,0.9031242278878955,-0.7577404286829406,-0.9011155502436993,-0.8760410563540361
-0.05192998654309242,-1.0664720518431965,-0.8275375918063017,-0.9700883343209342,0.011800442699497022,-0.10561640680799825,-1.2464224019943662,-0.13646617140921632,-0.16785516297460598,1.3771638441823513,-1.2309579682658,0.7420429040921181,0.2611364005259204,-0.32616658245439817,-0.40756350515627643,-0.6592048030806762,-0.9711137216613229,0.690132416422145,0.019814875361650452,-0.0969278343747516,0.3981100154500483,-0.1417850390530081,-0.11200116593733207,0.44416463209787876,-0.0850206856022918,-0.6064896466771035,-0.10733805420295682,-0.6214198716955496,-0.4671081833631552,-1.3864423220305988,-0.3831704992986293,-0.9148278188105586,0.36234353947720327,0.18427815358646196,0.5799078658118131
-0.9570559027055852,-1.0664720518431965,-0.06762605286707098,0.2703492194157866,-0.7676967250540278,-1.5642477292332562,0.5139904137815063,-0.9383146739608267,-1.2490016950003737,0.4813164605921596,-1.0645776174473858,-0.3703065744891299,-1.10238118074365,-0.2487586023815542,-1.2810742682735852,0.4004260580696671,-0.9711137216613229,-0.9353397783599423,-1.1842255308650038,-1.276826556430603,-1.0636631513935801,-0.9119733788489974,-1.331963412958532,-1.0209834899666566,-1.2504780830821454,-0.16147045995861276,-0.8781341804127732,0.5635462386128518,-0.2035605539639269,-0.5915406360112303,-0.8618917863332679,-0.019583614172757138,-1.4406483826023837,-1.3082403896891905,-0.8760410563540361
-0.05192998654309242,-1.0664720518431965,-1.6168055165690811,-0.3498695574525747,1.1377407961212551,0.03330086199440727,-0.5693405497728766,-0.7304280251511498,-0.6599632396208176,-0.414530922998032,-0.3990562141737293,-0.3703065744891299,0.2611364005259204,-1.5291698338562336,-0.40756350515627643,-0.6592048030806762,1.7963825254174652,1.2812132145247221,-0.41390043292649104,-0.7756734292253636,-0.6348782501466361,-0.7140350051057963,0.0032863664664198994,0.6154364436648464,-0.3366813904105804,-1.6364091785940096,-0.8682639776572959,-1.0281998555171634,-1.6051258622668982,-0.09078229792448163,1.4803215657469675,0.18725911595649747,0.14613363548339506,-0.23108557645386246,0.12869645000399213
-1.0393400769021754,0.9376710793983659,-1.1204045916770222,2.131005550020869,-0.5944751322199111,-0.7307441164188231,-1.1110060315500683,-1.5025784350156635,-1.3235635247952544,-0.414530922998032,-0.5654365649921436,-1.4826560530703778,-1.10238118074365,-2.315401040353768,-1.2810742682735852,-0.6592048030806762,1.7963825254174652,0.09905161831956781,-0.23137700400318253,-1.2585154146116795,-1.6152059541704678,-1.2405974272484404,0.1455557624142024,-0.5255239128434389,-0.15963637743168707,-1.7743599744394956,-2.2818084114835417,-0.009354195605073928,-2.0840076842455733,1.0653264255183903,0.6346187804436638,1.6997509650152822,-1.0921469570502125,-1.2989253774814853,-1.3925471563078609
-0.3810666833294534,0.9376710793983659,0.9476811429272467,0.2703492194157866,-0.4212535393857945,-0.03615777240679549,1.4619050068915915,-1.5619746203898568,-1.2303612375516537,1.3771638441823513,1.4311276448288268,-0.3703065744891299,-1.10238118074365,0.828699370821528,-0.40756350515627643,1.4600569192200104,0.4126344018780712,-1.1569950776484088,-0.07892123970529087,-1.2482909191797933,-1.0372153196912404,-1.3056940944083477,0.7788899605021545,-1.4246312986312495,0.18703112618013348,0.9258529107110759,0.34674611207268463,0.6811792563815467,0.8868630346646755,1.115571054638936,0.030533887779822015,1.8101764423304294,-1.0391241875864041,-1.2937390206149828,-0.8760410563540361
1.1823326264057614,-1.0664720518431965,-0.14114945427947673,-1.35772506986366,-1.3739722999734358,-0.8696613852212286,0.3785740433372085,0.45749568233271715,-0.27224172468743874,-0.414530922998032,-0.7318169158105572,0.7420429040921181,0.2611364005259204,0.6491217374673214,1.3394580210783409,0.4004260580696671,0.4126344018780712,-1.3786503769368752,-0.21232003346594616,0.20851377994703224,0.603618452761605,0.026464676952230724,-1.5180802052879834,-0.1888726735276438,-0.7606268309444303,0.25144778600249024,1.3001291532496748,-0.8896216766265604,0.4584746323501579,-1.0637325268862174,-0.5220780833010278,-0.9226508578996967,0.2480914869122804,0.35099521818203494,0.5799078658118131
0.5240592328330393,-1.0664720518431965,-1.9487556158321289,-1.1251430285380246,1.3109623889553716,1.7003080876232737,1.1910722660029958,0.6356842384552973,0.7716238924408888,-0.414530922998032,-0.06629551253690062,-1.4826560530703778,-1.10238118074365,-1.4157631596510545,0.46594725796103226,-0.6592048030806762,1.7963825254174652,0.46847711713367857,0.5740873716875927,0.9050920126804801,-0.33162825101909216,0.18062844001243747,0.42293646428483106,2.8703929532515104,0.5203226803102001,-1.755884569321944,-0.390652228358216,-1.4623282657208199,-1.6073452864303246,1.5041430422255015,2.4442983846589605,0.40663722210115316,-0.8197128474899078,-0.3868830146689392,-1.3925471563078609
0.03035418765349783,0.9376710793983659,1.332702107208491,1.6658414673695978,1.0511299997041967,-0.6612854820176204,-1.6526715133272598,-1.08680513739631,-0.9246577353926435,1.3771638441823513,-0.3990562141737293,-0.3703065744891299,-1.10238118074365,0.4866754915999016,-0.40756350515627643,-1.7188356642310194,0.4126344018780712,1.7984089128644773,-0.7233689335067652,-1.1636789647293155,-0.9603672677372597,-0.801580082752541,0.20478969703962274,-1.3887031393925493,-0.4821601787234377,0.9598648293127581,0.463164516883279,0.6077781079374247,0.7314284832852954,-0.09078229792448163,-1.3739126935344184,0.440182584251763,-1.2682626826389198,-1.2512239338633417,-0.8760410563540361
0.7709117554228101,-1.0664720518431965,-0.08848268856276516,-0.9700883343209342,0.9645192032871384,1.561390818820868,-1.2464224019943662,0.24960903352304084,0.36153382856904587,0.4813164605921596,-1.0645776174473858,0.7420429040921181,0.2611364005259204,0.4596602323731133,0.46594725796103226,0.4004260580696671,0.4126344018780712,1.5028685138131888,0.822970605067833,0.7303065576893149,0.920433944672356,-0.1527505919469539,0.32067962659173577,0.28433652282730015,0.6525414455684988,0.18493390133669627,0.9444408818809581,-0.6768587785626788,0.3294859579625497,-1.2770843337303666,-0.845848864471171,-0.9762138974792246,0.734012660489471,0.6125639959790956,0.5799078658118131
0.3594908844398588,0.9376710793983659,1.0982617779978578,0.9680953433926931,0.5314652212018469,0.9362631092100432,0.24315767289291063,0.07142047740046062,0.3391652796305817,1.3771638441823513,1.2647472940104123,-1.4826560530703778,-1.10238118074365,0.6039686783069836,0.46594725796103226,1.4600569192200104,0.4126344018780712,0.32070691760803427,0.4382724443011828,0.3271026892588011,-0.616430019633355,0.023072508472485365,0.6744143826846843,-0.5675157134902717,0.5290331826218573,0.893372443887646,0.7703947180412468,0.23498798555807482,0.7573647589773815,2.5474360875216293,-0.21888888513625424,1.3306599959065997,-0.8643571096673192,-0.6001208716133838,-1.3925471563078609
1.5114693231921223,-1.0664720518431965,-0.11999185537046711,-1.280197722755115,-1.0275291143052028,-0.3834509444128093,0.7848231546701021,0.576288053081104,-0.015003411895100877,-0.414530922998032,-1.7300990207210423,0.7420429040921181,0.2611364005259204,0.621817243803658,1.3394580210783409,0.4004260580696671,0.4126344018780712,-1.304765277174053,0.014457915927167313,0.45738729375498693,0.7596370521564665,0.12838567921840294,-1.1526922957492445,0.005094072546026767,-0.49207916547838004,0.24922255214291547,1.457720817195865,-1.0100318945006799,0.44359025210279673,-1.7259966035699696,-1.3838078490576653,-1.2972469905202242,0.3597437408234795,0.47913791411266254,0.5799078658118131
1.2646168006023515,0.9376710793983659,2.086931732459516,1.6658414673695978,1.657405574623605,-0.8002027508200259,1.4619050068915915,0.27930712621013754,-0.08210905871049336,0.4813164605921596,0.43284553991834157,-0.3703065744891299,0.2611364005259204,1.288908747189238,1.3394580210783409,-1.7188356642310194,-0.27923965989162586,0.6162473166593229,-1.5621887798535268,-0.8130527386360961,-0.6644892066246819,0.21992823508824838,-0.7719586644828074,-1.2658118329478538,-1.3224741826504012,1.7685465079275449,1.7419147995515658,0.33523592429580323,1.5389348604784356,0.4854034114944222,-1.4149640312567093,-0.002159801800337514,-0.4907306963319826,-0.2560733619680748,0.12869645000399213
-0.8747717285089949,0.9376710793983659,0.6523098369004298,0.5029312607414221,0.18502203553361363,-0.3834509444128093,-0.9755896611057703,0.27930712621013754,0.4510080243229025,-1.3103783065882237,-0.5654365649921436,0.7420429040921181,0.2611364005259204,0.38477528806608985,-1.2810742682735852,1.4600569192200104,0.4126344018780712,0.690132416422145,-0.30160269070732953,0.016992220239703225,0.47670551061649485,0.6463733924737007,0.46348919847644254,-0.2127815048615637,-0.09336832201347078,0.5436465079470121,-0.3949833199037251,0.9523698707298884,0.4715867250332661,-0.9596239516488788,-1.0212154527769084,-0.8113783350647255,0.20325624741741022,0.24775308391043743,0.5799078658118131
0.6063434070296296,-1.0664720518431965,-0.7203687458469765,-1.5127797640807503,1.39757318537243,-0.2445336756104038,-0.027675067995685147,1.704815575190778,0.928203735010138,-1.3103783065882237,0.10008483828151368,0.7420429040921181,1.6246539817954908,0.13122081574960512,0.46594725796103226,-0.6592048030806762,-0.9711137216613229,1.2073281147619002,-0.7877267707320548,0.624045875638324,0.8590262483396645,1.1085368298890277,-1.0434654343203495,1.4018856746880641,-0.9296009768905301,-0.319212551142792,0.6373990062807271,-0.9239717660068923,-0.09011538483072046,-0.5590884633101237,0.8499346529563208,-0.9898602083303709,0.8939076450498215,1.3006340728644001,1.2401231180873624
-0.545635031722634,-1.0664720518431965,-0.4974156939946924,-1.1251430285380246,0.27163283195067195,-0.5918268476164176,-1.1110060315500683,1.823607945939165,1.3345657073922368,-0.414530922998032,0.10008483828151368,1.8543923826733661,1.6246539817954908,0.1219161125723954,-0.40756350515627643,0.4004260580696671,-0.9711137216613229,0.8379026159477893,-0.47601532345793834,0.9856165036822593,1.540595273579004,1.7446915179840894,-0.5208126870307112,1.5209331879760084,-0.5613848433780005,-0.20457010875757764,-0.23880906749070277,-0.08395518195257622,-0.037118135300474316,-1.1058468948732931,0.5810855053619444,-1.253264088715745,1.0874730631317067,1.489985729703208,1.6129200657194627
-1.286192599491946,0.9376710793983659,0.578953362629903,0.5804586078499673,0.44485442478478854,1.283556281216057,-0.8401732906614724,-1.651068898451147,-1.0439566630644523,0.4813164605921596,0.7656062415551702,-0.3703065744891299,-1.10238118074365,0.2637579469084217,-1.2810742682735852,1.4600569192200104,0.4126344018780712,0.8379026159477893,0.8424611265020241,-1.00202756990334,-0.8196855129411432,-1.3984118826967675,2.005022046464557,-1.1614837938412264,1.432868191397727,0.4434693312766587,-0.9419984682261267,1.3924180607158472,0.36017900613403026,0.7023117350374117,-0.04063922002732296,1.6000656473431796,-0.7329463535673141,-1.1719375540478263,-0.8760410563540361
-0.2164983349362729,0.9376710793983659,2.022826788348133,-0.2723422103440295,0.44485442478478854,-0.3834509444128093,1.4619050068915915,0.13081666277465404,0.3093405477126295,-1.3103783065882237,-0.8981972666289715,0.7420429040921181,0.2611364005259204,2.294019502176724,-0.40756350515627643,-1.7188356642310194,1.1045084636477682,-0.4181440800201872,-0.7995129381445432,-0.4071518887350269,0.17093680128441635,0.488905127644091,0.4631569101862432,-1.0640995215284983,-0.4524042098285524,2.238534403008106,1.3888665761323409,1.265383321854055,2.2756101336358565,-1.1695339984876092,-1.9983510691042428,-0.8795648974637871,-0.05653095031084566,0.002866625227769022,0.5799078658118131
0.5240592328330393,0.9376710793983659,0.504098815239386,-0.8925609872123891,-1.3739722999734358,-0.175075041209201,-0.9755896611057703,-0.34435282021889324,-0.40272492682847966,-1.3103783065882237,-0.7318169158105572,0.7420429040921181,0.2611364005259204,1.043919544040134,0.46594725796103226,1.4600569192200104,-0.27923965989162586,-0.6397993793086537,0.6198926248574068,0.07395464465270095,0.5151156482244832,-0.3727619228485098,-0.24813240827041885,-0.6911267991912882,0.2599624583030646,0.7962885194598449,1.152695849217919,-0.21899203637068637,0.930288795573528,-1.0637325268862174,-1.0304237644757268,-0.6415028424701142,0.6432771396779103,0.27890307424632227,0.5799078658118131
1.0177642780125808,-1.0664720518431965,-0.24335025327334017,-1.1251430285380246,-1.3739722999734358,-1.0085786540236341,0.3785740433372085,-1.1758994154576001,-1.5099680992824558,-0.414530922998032,-0.5654365649921436,-0.3703065744891299,-1.10238118074365,0.3920370951957877,1.3394580210783409,0.4004260580696671,0.4126344018780712,-1.3786503769368752,-0.3497612149163174,-1.065852684023128,-0.8743085668109375,-1.3890533036500465,-1.6245563236904126,-1.155528484080553,-0.8756549146388731,0.06764530000527211,1.047741112698913,-0.8710048039150724,0.23641666906448897,-0.21240541170104382,-0.28730466447896735,0.4231136115586724,-1.1338148474666867,-1.2029454358710439,-0.8760410563540361
-0.545635031722634,-1.0664720518431965,-0.8083963272439233,-1.2026703756465698,-0.854307521471086,1.6308494532220708,1.3264886364472936,1.1702499068230374,1.767024320202544,-0.414530922998032,0.10008483828151368,0.7420429040921181,1.6246539817954908,-0.16113911032054037,-0.40756350515627643,-0.6592048030806762,-0.9711137216613229,-1.4525354766996974,1.8471939967368196,2.3969076843562998,1.7292524608797588,1.1175623116116582,1.348644787513363,2.3275327848394705,1.9308459130839282,-0.5130523070834777,-0.4159081202174765,-0.26574297307134254,-0.3360812064447068,-0.5590884633101237,0.9608275446056479,-0.8632714656472819,2.2922892590756545,2.1172080277838243,1.2401231180873624
-1.6153292962783072,-1.0664720518431965,-0.2707256145235579,-1.1251430285380246,-0.854307521471086,-1.5642477292332562,-0.7047569202171745,0.6059861457682006,-0.07838096722074933,-1.3103783065882237,-1.2309579682658,-0.3703065744891299,0.2611364005259204,0.36291029472665326,-1.2810742682735852,0.4004260580696671,0.4126344018780712,-0.34425898025736507,-0.8946607661531902,-0.166778669193459,-0.19541024383571562,0.5720228916157007,-1.3380823211995,0.06750707567408572,-1.085980409958305,0.03830633128397628,-1.3380716023684855,1.2812944689643468,0.20695515978086626,-0.7229925237693459,-0.8481823526301434,-0.7873474295853937,-0.10817292971726948,0.14455354406358265,0.12869645000399213
-0.8747717285089949,0.9376710793983659,-0.7017776130061478,2.131005550020869,1.5707947782065466,-0.5918268476164176,0.3785740433372085,0.19021284814884742,0.2832439072844213,0.4813164605921596,0.5992258907367559,0.7420429040921181,0.2611364005259204,-1.8823959139260236,-1.2810742682735852,-0.6592048030806762,1.7963825254174652,1.133443014999078,-1.167174557226424,-0.6053462722249463,0.014447483409996204,0.5501427861889391,0.26713702699531555,0.7657816837055457,-0.7745674252080272,-1.3297606940710935,-1.8258194091020112,0.08255477454694368,-1.632498182223608,-0.27408025392974295,1.3224393944474575,-0.395872809882459,-0.2599171653640338,-0.12025444671492506,0.5799078658118131
-1.4507609478851267,0.9376710793983659,2.0666560530744396,-0.504924251669665,1.39757318537243,1.0751803780124487,-0.2985078088842809,0.36840140427142704,1.1295206754563154,-0.414530922998032,1.2647472940104123,-0.3703065744891299,0.2611364005259204,2.4806464830790818,-1.2810742682735852,-1.7188356642310194,1.1045084636477682,1.3550983142875443,0.2045511970361008,0.4227401967346636,0.16827926546783284,0.739963021570545,1.8091845371968784,-0.7197842154874521,0.814016742939069,2.3556904112740122,0.2104814896922045,2.729249347508508,2.4268885266778994,1.0146907836794479,-1.01794988536934,0.25782359688189227,0.4509706213356278,0.4616835323652629,0.12869645000399213
1.429185148995532,0.9376710793983659,0.6437554716780836,-0.7375062929953005,0.35824362836773027,-0.175075041209201,-1.381838772438664,-0.7304280251511498,-0.7419812523951861,-0.414530922998032,0.43284553991834157,0.7420429040921181,0.2611364005259204,1.0977841658234875,1.3394580210783409,1.4600569192200104,-0.27923965989162586,1.0595579152362558,-0.16077959042205678,-0.6509796985473087,-0.022983952547918896,-0.741833679050497,-0.25076612629747713,-0.9906707440516866,-0.25856159999368883,0.8981693326274939,1.7108140297902295,-0.5835064678744469,1.0083394363488838,-0.36770269129951977,-0.3320143205133934,0.0023506963071314823,0.2737446049845174,-0.14947387726818576,0.5799078658118131
0.5240592328330393,-1.0664720518431965,0.10997828230307985,0.19282187230724143,0.35824362836773027,0.3111353995992183,-1.6526715133272598,-0.34435282021889324,-0.5406643119490087,1.3771638441823513,-1.0645776174473858,0.7420429040921181,0.2611364005259204,-0.017104043862711953,0.46594725796103226,0.4004260580696671,-0.9711137216613229,1.2073281147619002,0.22769688326696094,-0.14411894011518442,0.3648296208452599,-0.6684194204475031,-0.626678726236401,-0.5629839710120004,-0.15336382078480823,0.050571291359107616,0.4919111282019097,-0.4423580265346924,0.020696944645527248,-1.2770843337303666,-0.9947678360711542,-0.7727244231803281,0.4619363278327287,0.1575089167848484,0.5799078658118131
0.3594908844398588,-1.0664720518431965,-1.8207259367743243,-0.504924251669665,-0.5944751322199111,-0.6612854820176204,-1.2464224019943662,-1.5619746203898568,-1.7299254971773532,1.3771638441823513,-1.2309579682658,-1.4826560530703778,-1.10238118074365,-1.6507289654821569,0.46594725796103226,-0.6592048030806762,1.7963825254174652,0.17293671808238997,-0.15562554611766724,-1.2756019407277381,-1.6284120379164644,-1.7233817398697895,-1.3620480451432924,-0.5822161812418992,-0.6705735585965681,-1.8078935962563665,-0.6495444322989212,-1.3335547554714413,-1.7551970685725102,0.43002735691979954,0.6520016348106414,1.2801560558024023,-1.0657126019654672,-1.3076163448152422,-1.3925471563078609
1.429185148995532,0.9376710793983659,0.7988673750281338,-0.1172875161269392,0.011800442699497022,0.9362631092100432,-0.2985078088842809,1.2890422775714243,1.5246983733691823,1.3771638441823513,1.4311276448288268,0.7420429040921181,1.6246539817954908,0.8932123513180555,1.3394580210783409,1.4600569192200104,-0.27923965989162586,0.17293671808238997,0.7514862514547866,1.6223918645026683,1.3848809584810722,1.1813590210072866,0.669507938399717,0.3638075096096511,0.7580014074444773,0.8783143181677835,1.5839217868063034,-0.4991338431432019,0.8955508856828005,0.17483201590986006,0.18405834503259924,-0.5386934158156655,1.7692559971465955,1.7923945719105048,1.2401231180873624
-1.6976134704748975,0.9376710793983659,2.086931732459516,-0.42739690456111984,-0.6810859286369695,0.6584285716052322,-0.2985078088842809,0.6059861457682006,1.211538688230684,1.3771638441823513,-0.7318169158105572,-0.3703065744891299,0.2611364005259204,2.4556264741322167,-1.2810742682735852,-1.7188356642310194,1.1045084636477682,-0.4181440800201872,0.9013216823038084,1.1121616574640103,0.5367686881625493,0.9924298114155539,1.4259645069845466,-0.6946814769340759,1.2163957735235396,2.354006717132554,-0.17456315117327453,3.1784500356863448,2.4135911289854493,-0.3363452950012915,-1.9504260156452804,-0.5834527282640644,0.7684721134918697,0.788146728417928,0.12869645000399213
1.1823326264057614,-1.0664720518431965,-1.0246573314488943,0.11529452519869628,-0.5944751322199111,0.8668044748088404,-1.1110060315500683,0.338703311584331,0.2161382604690288,0.4813164605921596,-1.397338319084214,-0.3703065744891299,0.2611364005259204,-1.1723308308209297,1.3394580210783409,-0.6592048030806762,1.7963825254174652,0.09905161831956781,1.083553963066131,0.985947232604263,0.47316537549409277,-0.0746655043776734,-0.20213033056928728,1.022563426362573,0.5891804128526098,-1.1395995514707393,0.15650715602511228,-1.3130242127494156,-1.169237393939641,-0.8571549498455727,-0.38092393543262965,-0.7746695553121592,0.8474792394062556,0.7314521127153928,0.12869645000399213
0.9354801038159906,-1.0664720518431965,-0.8855685215168396,-1.35772506986366,-0.4212535393857945,-1.4947890948320535,0.3785740433372085,1.7642117605649714,0.41745520091520627,0.4813164605921596,0.10008483828151368,0.7420429040921181,1.6246539817954908,-0.14450740514500804,1.3394580210783409,-0.6592048030806762,-0.9711137216613229,-0.5659142795458315,-1.222512717126179,0.27035507731749386,0.64328614603513,1.1612361962457531,-1.986625038157729,1.082775254488492,-1.4603561806057672,-0.5462397739851751,0.664852047586213,-1.1513752711336556,-0.34436741022887996,-0.5590884633101237,1.0603394741929784,-1.0026071062267898,0.6070815191137446,1.1005589218027885,1.2401231180873624
1.5937534973887126,-1.0664720518431965,0.19807302834046212,-0.2723422103440295,-0.4212535393857945,1.283556281216057,-1.2464224019943662,0.07142047740046062,0.10802360726645201,0.4813164605921596,-0.5654365649921436,0.7420429040921181,0.2611364005259204,0.3438633071124364,1.3394580210783409,0.4004260580696671,0.4126344018780712,0.32070691760803427,1.3305135566675312,0.8841441715305954,1.0067978460432159,-0.3076448669618335,0.1094723693013301,-0.1327950552759414,0.9080077428119632,0.27999252880743347,1.32628626241719,-0.882876899428052,0.3186927637623666,-0.9596239516488788,-0.6720054146442302,-0.7405806921514678,0.9520959390194246,0.6847764690898167,0.5799078658118131
0.7709117554228101,-1.0664720518431965,-0.7956907899678384,-1.6678344582978408,0.44485442478478854,-1.2169545572272424,-1.381838772438664,0.338703311584331,-0.4735586651336162,-0.414530922998032,-0.8981972666289715,0.7420429040921181,0.2611364005259204,0.15130693522122457,0.46594725796103226,-0.6592048030806762,0.4126344018780712,1.133443014999078,-0.9625628735634646,-0.38129773548354906,0.19066107038475213,-0.0746655043776734,-1.7771040622525724,0.11717753073090233,-1.2602508688104568,-0.34912428715116556,0.7520468315131473,-1.0373220857594712,-0.09500712778033814,-1.1695339984876092,-0.07267288477761248,-0.9442645923198163,-0.14544298687261242,0.01849364639406113,0.5799078658118131
-0.05192998654309242,-1.0664720518431965,-1.2761074669520278,-1.6678344582978408,-0.07481035371756128,0.10275949639561004,0.3785740433372085,-0.0176738006608295,0.007365137043363285,-0.414530922998032,-0.23267586335531493,-0.3703065744891299,-1.10238118074365,-0.3593059148874713,-0.40756350515627643,-0.6592048030806762,-0.9711137216613229,-0.2703738804945429,0.026393597474173327,0.00010040464118939902,-0.08709413495721807,-0.027996597577899938,0.06157986571515361,1.0599864671030372,-0.013125152394909575,-0.8636108431532316,-0.1281480304055507,-0.8571043040460239,-0.6137986527924091,0.02860907268544545,1.2110929901970893,-0.12974113523345543,-1.0029065163830913,-0.7292528183951398,-0.8760410563540361
-0.545635031722634,0.9376710793983659,0.7824114828149115,1.2006773847183267,-0.5944751322199111,-0.03615777240679549,0.24315767289291063,0.7841747018907809,1.084783577579387,-1.3103783065882237,1.4311276448288268,1.8543923826733661,1.6246539817954908,0.14513734474694065,-0.40756350515627643,1.4600569192200104,-0.9711137216613229,-0.6397993793086537,0.18298097923764636,0.7449237265276029,1.4021673288065908,1.177691139188995,0.7775234937860598,0.0996502166200651,0.3820046702663042,0.492616367480376,-0.22430254425394403,0.7169115774858973,0.32476608172892646,-0.46269192777914897,0.20142974381776768,-0.7066210408136043,1.4679962080492874,1.3655304415496825,1.6129200657194627
-0.545635031722634,0.9376710793983659,0.3773760381633778,-0.8150336401038439,1.3109623889553716,-1.2864131916284451,0.9202395251144,0.07142047740046062,-0.08956524168998142,1.3771638441823513,0.7656062415551702,-0.3703065744891299,-1.10238118074365,0.861086139103033,-0.40756350515627643,0.4004260580696671,-0.27923965989162586,0.6162473166593229,-1.7241730294200364,-1.0229492365249218,-0.8374623185041814,0.4247575292345543,-0.3734619324618598,-0.39748395360575867,-1.3248665386505984,0.6362818855163564,0.22144260074563096,0.45466144722406227,0.758212706519954,0.7023117350374117,0.1650478401624856,0.22419276813799974,-1.6526450570610427,-1.1820599257761564,-0.8760410563540361
-1.286192599491946,0.9376710793983659,1.4957962683940247,1.6658414673695978,1.5707947782065466,-1.633706363634459,1.4619050068915915,0.27930712621013754,-0.04855623530279712,-0.414530922998032,0.43284553991834157,-1.4826560530703778,-1.10238118074365,0.659991473039362,-1.2810742682735852,-1.7188356642310194,0.4126344018780712,0.5423622168965007,-2.1898237521738957,-1.226324984993763,-1.5905102334966195,0.644923026876586,-0.6942032045762803,-0.9919618338884204,-1.6956051632892128,1.1346165185282682,-0.6953354791338019,2.0522902706274273,0.9062426226699477,1.9152258616767657,-1.0231259623069437,0.8257885765191155,-1.8450441632349814,-1.2826327528533632,-1.3925471563078609
0.44177505863644906,0.9376710793983659,1.0487523813475261,0.8905679962841478,-0.854307521471086,-1.633706363634459,0.6494067842258042,0.012024292026267206,-0.581673318336193,-0.414530922998032,0.7656062415551702,0.7420429040921181,0.2611364005259204,0.5929451609128131,0.46594725796103226,1.4600569192200104,0.4126344018780712,-1.0831099778855866,-1.2471320355510271,-0.7592739682459726,-0.11407432820062983,-0.03654160868208363,-1.4680551626936127,-1.079020321832832,-1.3254140265008518,0.8613868101619072,0.8186868189422007,0.1532912146577887,0.7358008129569429,-0.18178583924822353,-0.47737996164247803,-0.2671201735465422,-0.3055651596076635,-0.2202002595579752,0.5799078658118131
0.3594908844398588,-1.0664720518431965,-0.3260974202317847,-0.504924251669665,0.9645192032871384,-0.8002027508200259,0.9202395251144,1.853306038626261,0.793992441379353,1.3771638441823513,0.10008483828151368,0.7420429040921181,1.6246539817954908,-0.07540094257738483,0.46594725796103226,0.4004260580696671,-0.9711137216613229,0.32070691760803427,-1.23467964138572,0.31078311458286983,0.6688891711516662,1.2380095405954794,-1.4622451675891477,0.8600027707988022,-1.316733821640858,-0.21197053274662428,0.34636603558315704,-0.5913599429134256,-0.1408948236061364,-0.5590884633101237,0.3856732004142814,-1.0212859772166487,0.5987487388091822,1.1242475554868019,1.2401231180873624
-1.1216242510987657,0.9376710793983659,0.5085445936305172,-0.8925609872123891,-0.854307521471086,1.0751803780124487,0.10774130244861274,2.0017965020617443,2.9227326820231925,-0.414530922998032,1.4311276448288268,0.7420429040921181,1.6246539817954908,1.0488464621730378,-1.2810742682735852,1.4600569192200104,-0.27923965989162586,-0.787569578834298,1.3560508314957738,2.8352535456210224,1.9053616766549666,2.4699247036062744,1.808877999564897,1.5743643652956354,1.7700880776071064,0.8010591713881353,-0.25413584162805447,1.1338036112537484,0.9351528662283127,0.17483201590986006,0.5025624088937695,-0.7280890784205747,2.0663339304850186,2.284063062143802,1.2401231180873624
1.1000484522091711,0.9376710793983659,0.6523098369004298,0.9680953433926931,0.7912976104530218,0.5889699372040293,-1.6526715133272598,-0.19586235678340974,-0.03364386934382101,-1.3103783065882237,0.9319865923735845,-1.4826560530703778,-1.10238118074365,0.13122081574960512,1.3394580210783409,1.4600569192200104,-0.9711137216613229,1.5767536135760107,0.24449885739787983,-0.01302542467050434,-0.8001918865095048,-0.23393309494806544,0.3799982751407712,-0.5304535501852786,0.2663698379453452,0.41574745674772473,0.9315173799980196,-0.4317880093346304,0.2791797057385117,2.30187309044482,0.0009071457923080982,1.3613549702306167,-0.9289365664281837,-0.7345766607322224,-1.3925471563078609
1.2646168006023515,0.9376710793983659,0.6006816054713398,1.0456226905012382,-1.0275291143052028,-0.10561640680799825,-0.8401732906614724,0.8435708872649743,0.6635092392383121,-0.414530922998032,1.4311276448288268,1.8543923826733661,1.6246539817954908,0.03401046702223905,1.3394580210783409,1.4600569192200104,-0.9711137216613229,-0.4181440800201872,0.4761130271917205,1.0132048079260867,1.5559928739615225,0.7562743349029658,-0.19737611010860645,-0.03554225071867807,0.18622917695655977,0.3395903893138344,0.9612705091534838,-0.5354349800636383,0.19171515530095257,-0.46269192777914897,0.3986709640552888,-0.7245502831873892,1.6261880663032908,1.5038665990623328,1.6129200657194627
1.1823326264057614,-1.0664720518431965,-0.8275375918063017,0.5029312607414221,1.1377407961212551,-0.175075041209201,-0.4339241793285788,0.7841747018907809,0.22359444344851684,0.4813164605921596,0.10008483828151368,1.8543923826733661,1.6246539817954908,-1.1787767832135652,1.3394580210783409,-0.6592048030806762,1.7963825254174652,1.2073281147619002,-0.5846420399322518,0.17582591544688272,1.0415101706021526,0.30860131937054397,-0.9949940626357368,0.8306316209709983,-0.7916887532491461,-1.038148253507564,0.15241553746032507,-1.2226242198686967,-1.1212117067555218,-1.1058468948732931,0.9853078327900946,-1.0334537388175098,1.0210862432923284,1.0442865262898904,1.6129200657194627
1.3469009747989418,-1.0664720518431965,-1.305141629317907,0.2703492194157866,1.2243515925383133,1.2140976468148543,1.4619050068915915,0.07142047740046062,0.08565505832798785,0.4813164605921596,-1.0645776174473858,-1.4826560530703778,-1.10238118074365,-1.5503543219492995,1.3394580210783409,-0.6592048030806762,1.7963825254174652,0.24682181784521212,0.20000351088516974,0.17834729342485572,-0.6951760976853316,-0.30849995779006495,0.05480056155455389,1.1789035916836839,0.1036146662400899,-1.4823064421879313,0.00473994932462438,-1.4950356834066012,-1.537805003637594,0.5947613997946539,0.27365746283219483,0.16077583144259266,-0.9439153934234099,-0.6580460025957643,-1.3925471563078609
0.11263836185008808,0.9376710793983659,1.4787867537225776,-0.5824515987782102,-1.5471938928075526,1.283556281216057,1.5973213773358894,0.19021284814884742,1.0139498392742505,-0.414530922998032,1.597507995647241,0.7420429040921181,0.2611364005259204,1.8973466748494185,0.46594725796103226,-1.7188356642310194,-0.27923965989162586,-2.1913864743279188,2.0554594604651895,1.4694729165740037,1.3110313006154182,0.5501427861889391,1.9989631794588532,-0.42932852271289107,2.4561433762070832,1.7473564506575845,1.3975303685194316,0.6429308068952404,1.832982637525732,0.2610140326420753,-0.37787005505462384,-0.0901992342726209,1.2441493090077729,0.9420686390418737,0.5799078658118131
1.3469009747989418,0.9376710793983659,2.158442854048683,-0.3498695574525747,-0.1614211501346196,1.4919321844196654,-1.381838772438664,-0.37405091290598996,0.07074269236901175,-1.3103783065882237,-0.06629551253690062,0.7420429040921181,0.2611364005259204,2.485803522074102,1.3394580210783409,-1.7188356642310194,1.1045084636477682,0.6162473166593229,1.3535277123436478,0.4521201294415911,0.7564319417847021,-0.40218442648978703,1.1347703567648406,-1.2279085015515254,1.4331781644342982,2.40755695470485,2.5237483743823472,0.3382218966059134,2.4552591659282545,-0.6569346250336902,-1.6831716251282391,-0.3763030979506912,0.9617059610308972,0.4764922102612837,0.5799078658118131
1.429185148995532,0.9376710793983659,-0.8725931315639192,1.5107867731525075,0.09841123911655533,-0.5223682132152149,-0.027675067995685147,-1.7104650838253401,-1.662819850361961,0.4813164605921596,0.9319865923735845,-0.3703065744891299,-1.10238118074365,-1.7536918203656933,1.3394580210783409,-0.6592048030806762,1.7963825254174652,0.09905161831956781,-0.5172315620617287,-1.5075283533573416,-1.2881880596397783,-1.675308478067515,-0.5364053594718599,-1.0105479544877327,-0.593163923829919,-1.3550311441440754,-0.08204520205795242,-1.3338254921600092,-1.5785035881118368,0.8081132066388039,1.9095229653428207,1.7602041232449595,-1.1935180303441173,-1.4286437709092252,-0.8760410563540361
0.9354801038159906,0.9376710793983659,0.7617371819048039,-0.9700883343209342,0.18502203553361363,-1.4947890948320535,0.6494067842258042,-1.4431822496414701,-1.6367232099337525,0.4813164605921596,0.7656062415551702,-1.4826560530703778,-1.10238118074365,1.3680995585527589,1.3394580210783409,1.4600569192200104,-0.27923965989162586,-0.1964887807317208,-1.4941084430791962,-1.6886959050237536,-1.9704410994812036,-1.4215014916563007,-1.3485608411922407,-1.6150175626964773,-1.4329683392806432,1.097065627339589,1.6062352832329527,-0.2901775437110089,1.2434708921411246,2.1755264576669635,-0.21739516358936548,2.4573787799616533,-1.5609260869374593,-1.5273937464427298,-1.3925471563078609
0.11263836185008808,0.9376710793983659,1.0102079269861226,1.5883141202610527,0.7046868140359634,0.9362631092100432,-0.2985078088842809,0.36840140427142704,1.073599303110155,-1.3103783065882237,-1.0645776174473858,-0.3703065744891299,-1.10238118074365,0.18507034392561467,0.46594725796103226,1.4600569192200104,0.4126344018780712,0.7640175161849672,0.4077759219058489,0.559529131713669,0.24574463691677056,0.7406273605773783,1.6824093308275416,-0.07854887926685482,0.9295714383290464,0.6345923545416782,0.3357948401114057,0.34353080013459164,0.4161271518726682,-0.5915406360112303,-1.5754718666259337,-0.6396297553596906,-0.8744512575060992,-0.5121945878672475,-0.8760410563540361
0.7709117554228101,0.9376710793983659,-0.09371544296197891,0.11529452519869628,-1.7204154856416691,1.6308494532220708,-0.5693405497728766,0.6653823311423941,1.1891701392922198,-0.414530922998032,-0.5654365649921436,-0.3703065744891299,0.2611364005259204,-0.18957296150508754,0.46594725796103226,0.4004260580696671,-0.9711137216613229,-1.1569950776484088,2.52235523862748,2.3374396287826613,1.0836071512479055,0.58679550028084,1.246005669983187,0.9553945802912657,2.405454490647904,-0.14520549687638343,0.5386756003750844,-0.6796338008751746,-0.16529171658374733,-0.21240541170104382,-0.42308445065121564,-0.5379261631910259,1.421455233279439,1.2809870286969203,0.12869645000399213
0.03035418765349783,0.9376710793983659,-0.47991903149421716,-0.6599789458867553,1.3109623889553716,-1.1474959228260397,-1.1110060315500683,-0.8492203958995366,-0.8426397226182749,-1.3103783065882237,0.9319865923735845,-0.3703065744891299,-1.10238118074365,-0.14616746197213581,-0.40756350515627643,0.4004260580696671,-0.9711137216613229,1.7245238131016551,-1.2255832116053895,-1.2442485848156204,-1.033490802251451,-0.5482123190217134,-0.2396944853288542,-0.45145332094869633,-0.9610620794277509,-0.3297793188076579,0.06785694779532296,-0.48284074469060173,-0.23613054936273942,0.8081132066388039,1.337359919835502,0.8793518611099934,-1.4564914133138545,-1.2916914899045742,-0.8760410563540361
-1.6976134704748975,-1.0664720518431965,-0.20536500315059938,0.19282187230724143,-0.854307521471086,-1.4947890948320535,-0.16309143843998303,-0.9383146739608267,-1.2340893290413977,1.3771638441823513,-1.5637186699026284,-1.4826560530703778,-1.10238118074365,-0.35230632213973834,-1.2810742682735852,0.4004260580696671,-0.9711137216613229,-0.6397993793086537,-0.9405061094988795,-1.1650853568132027,-1.544178216466871,-0.9152661553705985,-1.2823322683373446,-0.9426601500108117,-1.0950266448037833,-0.28674898235718144,-1.914562879529026,1.464574405604988,-0.31928731430649665,0.08749315907529455,-1.1860520319515804,0.4525420707969744,-1.3485506659635818,-1.2519247842207921,-1.3925471563078609
1.2646168006023515,0.9376710793983659,0.7074318355527005,1.743368814478143,1.3109623889553716,-0.2445336756104038,0.24315767289291063,-0.25525854215760313,-0.34680355448231925,1.3771638441823513,1.2647472940104123,-1.4826560530703778,-1.10238118074365,-0.21483089922458565,1.3394580210783409,1.4600569192200104,-0.9711137216613229,0.9856728154734336,-0.8009040242572332,-0.6583006365932442,-1.1899707280094838,-0.28843163381365994,-0.3074196347848421,-0.7656409832223586,-0.7009926329149935,0.27065678440600816,0.8053803905263516,-0.47695008317811527,0.030787271627810038,2.5474360875216293,0.16974401844279743,1.55893695402955,-1.296745493220837,-1.0111968595777343,-1.3925471563078609
1.1000484522091711,0.9376710793983659,1.4203567821818028,2.0534782029123235,0.6180760176189052,-0.9391200196224314,0.6494067842258042,-0.9680127666479231,-1.140887041797797,-1.3103783065882237,-1.0645776174473858,-1.4826560530703778,-1.10238118074365,0.383321340611417,1.3394580210783409,-1.7188356642310194,0.4126344018780712,0.17293671808238997,-1.1761263183866784,-1.290534351556215,-1.640009427062749,-0.9705770532240368,-0.8923542153058148,-1.5350843983942823,-1.1180049174077098,0.9547995248825426,1.0888945135435284,0.011427471056792296,0.6766816994517544,0.5947613997946539,-1.7953931292165268,0.828304758699548,-1.4375531907969017,-1.3152362166284395,-1.3925471563078609
-1.286192599491946,0.9376710793983659,0.4817886804254641,0.5804586078499673,-0.1614211501346196,-1.2169545572272424,-0.4339241793285788,0.873268979952071,0.6336845073203599,-1.3103783065882237,1.4311276448288268,0.7420429040921181,1.6246539817954908,0.160543485153025,-1.2810742682735852,1.4600569192200104,0.4126344018780712,0.09905161831956781,-0.9174279433436939,-0.014844970260442963,0.45498299451981467,1.2732865220021126,-0.31044238632794174,0.033475496556203126,-0.7786214300958675,0.339435830444463,-1.0063974917571614,1.3243588134411188,0.25575926154475265,0.17483201590986006,0.5332363442230846,-0.40609830070805697,0.8104955224758233,0.9268150978509253,1.2401231180873624
0.5240592328330393,0.9376710793983659,0.6565795448195956,1.0456226905012382,0.5314652212018469,-0.5223682132152149,0.5139904137815063,1.1405518141359408,0.7455272520126807,-0.414530922998032,1.4311276448288268,1.8543923826733661,1.6246539817954908,0.09387120622690065,0.46594725796103226,1.4600569192200104,-0.9711137216613229,0.17293671808238997,-0.7792649069487295,0.2638190052376894,1.1007141441427817,1.0410190902432663,-0.5405887593950935,-0.022912230476590495,-0.7620793771407093,0.39941331068273356,0.5613296759647654,-0.13027351333118023,0.25206432800065043,-0.46269192777914897,0.336932792645584,-0.8086111720618051,0.899289034750271,1.0967081732765782,1.6129200657194627
-1.533045122081717,-1.0664720518431965,-0.3484824903146557,0.42540391363287694,0.7046868140359634,-0.45290957881401206,-0.16309143843998303,1.3484384629456176,0.9953093818255304,-1.3103783065882237,0.10008483828151368,0.7420429040921181,1.6246539817954908,-0.6329367527060659,-1.2810742682735852,0.4004260580696671,-0.9711137216613229,0.690132416422145,-0.6765898511211387,0.48495281155733855,0.776345556338043,1.2868028145323527,-0.4050074589590248,1.056283922953776,-0.6515219305634987,-0.5052912442850144,-1.8385340540644,1.0993095162606141,-0.5724613344712841,-0.5590884633101237,0.4106746295802126,-0.9080092309168318,0.9640104138887771,1.2238332966702508,1.2401231180873624
0.3594908844398588,0.9376710793983659,1.5497022962823999,0.03776717809015112,-0.5078643358028528,0.45005266840162383,0.5139904137815063,0.21991094083594415,0.3130686392023735,-1.3103783065882237,-0.7318169158105572,-1.4826560530703778,-1.10238118074365,1.605240142954643,0.46594725796103226,-1.7188356642310194,-0.27923965989162586,-0.7136844790714758,0.5436064645110993,0.5219100565940868,-0.516847823195384,0.165515038504543,0.27218608283340123,-0.8322982462611753,0.43351512149460436,1.6388258776704427,1.3908817001217701,0.5191737770636641,1.632778851753069,0.9122217818761421,-1.682342838509932,0.2717440012747838,-0.8296886717987677,-0.5262196381441632,-1.3925471563078609
0.7709117554228101,0.9376710793983659,0.4683371283235301,0.34787656652433174,1.5707947782065466,1.6308494532220708,0.5139904137815063,0.7544766092036842,1.2823724265358205,-1.3103783065882237,1.4311276448288268,0.7420429040921181,1.6246539817954908,0.275727282629264,0.46594725796103226,1.4600569192200104,0.4126344018780712,1.0595579152362558,0.4577057261046167,0.9232081231349266,1.02827081706626,0.6724030504954882,1.2476235458045826,0.49106308389661346,0.7862760074478771,0.3901907756505194,0.8297453507032001,-0.372575567872426,0.3395182739551635,0.17483201590986006,0.5487445683505052,-0.3645331959979934,1.6164380173382975,1.4583008083937725,1.2401231180873624
1.3469009747989418,0.9376710793983659,0.7658813811411996,1.2006773847183267,0.9645192032871384,-0.6612854820176204,1.4619050068915915,-0.19586235678340974,-0.42882156725668785,1.3771638441823513,-0.06629551253690062,0.7420429040921181,0.2611364005259204,0.1281216563855507,1.3394580210783409,1.4600569192200104,-0.9711137216613229,0.02516651855674566,-1.2308989587062018,-0.869375687200867,-0.21014243602251603,-0.2339892475831241,-0.6589192143665953,-0.848971790056098,-1.0846121173175556,0.47492264300183873,1.0641462780620374,-0.48137925381365754,0.3072773026291695,-0.6569346250336902,-0.7716228487072396,-0.45750077422441915,-0.29625501039448054,-0.29419833841411325,0.5799078658118131
0.9354801038159906,0.9376710793983659,-1.1762615785685029,1.9759508558037784,-0.7676967250540278,-1.2169545572272424,-1.381838772438664,-0.9977108593350198,-1.2303612375516537,1.3771638441823513,-0.3990562141737293,-1.4826560530703778,-1.10238118074365,-2.2982870142724567,1.3394580210783409,-0.6592048030806762,1.7963825254174652,0.09905161831956781,-0.5172315620617287,-1.0122909746201676,-1.4321174987143024,-0.9959929836877632,-1.1150968897224762,-0.3898276005114191,-0.7924602538496001,-1.7952817232653182,-0.7041136717017877,-1.2866694306964823,-2.0856930851746123,1.2149111084913304,0.8899026653132651,1.2858063219920604,-1.1935180303441173,-1.1768981467978725,-1.3925471563078609
-0.7924875543124047,0.9376710793983659,0.7906486634366928,1.5883141202610527,0.5314652212018469,-0.03615777240679549,0.5139904137815063,1.853306038626261,2.143561560666691,-1.3103783065882237,1.4311276448288268,1.8543923826733661,1.6246539817954908,-0.0477657690311111,-1.2810742682735852,1.4600569192200104,-0.9711137216613229,0.17293671808238997,-0.38240349551078073,1.092291280091725,1.5996247859183519,2.313409989980695,0.7835641265195613,0.7612509682039487,-0.03787126895389499,0.399626283213409,-0.5809337895069527,0.9599075968564058,0.18034078389315064,-0.46269192777914897,0.19272432660590655,-0.9787408481225403,1.1438048884603138,1.543240469223758,1.6129200657194627
1.1823326264057614,0.9376710793983659,1.02953081745802,1.743368814478143,-0.2480319465516779,-0.3834509444128093,-1.6526715133272598,-1.08680513739631,-1.1036061269003568,-0.414530922998032,1.4311276448288268,-0.3703065744891299,-1.10238118074365,0.1265711742693343,1.3394580210783409,1.4600569192200104,-0.9711137216613229,0.690132416422145,-0.03375471898317942,-0.8643204958487287,-0.7056690847318137,-1.0816336189459723,-0.4242432370356452,-1.3786116830653896,-0.2409502089689482,0.6152521114831511,0.9743096270556303,-0.2578669587947169,0.3768101095783626,1.115571054638936,-0.05123088261504405,1.2981395465679433,-1.0235509144830741,-1.1063060078264866,-0.8760410563540361
0.8531959296194004,-1.0664720518431965,-1.8799170887860146,-1.5903071111892955,-0.7676967250540278,-0.9391200196224314,1.0556558955586979,-0.4631451909672794,-0.9693948332695718,-0.414530922998032,-0.7318169158105572,-0.3703065744891299,-1.10238118074365,-1.0497116337148917,0.46594725796103226,-0.6592048030806762,1.7963825254174652,-1.2308801774112308,-0.706291804421243,-0.7422980338618405,-0.6087262673820114,-0.76822714530129,-1.5636506198947102,0.45986868751875454,-1.0520281345056561,-1.5345216721211152,0.046068657995443865,-1.56291894795886,-1.3065099585590234,-0.3363452950012915,1.4113281706962852,-0.12974113523345543,-1.2620167461073741,-1.0495425687284736,-0.8760410563540361
-0.2164983349362729,0.9376710793983659,-0.026265457939073023,-0.03976016901839404,-0.5078643358028528,1.7697667220244764,1.4619050068915915,0.6950804238294908,1.793120960630752,-1.3103783065882237,-0.5654365649921436,-0.3703065744891299,0.2611364005259204,-0.029985560323748123,-0.40756350515627643,0.4004260580696671,-0.9711137216613229,-1.2308801774112308,1.7186605257229413,1.7888195243909433,0.8531080854802362,1.08540629215825,2.44941351003388,1.364994288252136,2.40837487463529,-0.028337426766175837,-0.051345938102430135,-0.05672238350372802,-0.025493180870099864,-0.21240541170104382,-0.48244844373180923,-0.5479445160581556,1.1111370643233764,1.0721165182143695,0.12869645000399213
0.9354801038159906,0.9376710793983659,-0.33727286740690754,0.5029312607414221,-1.4605830963904942,-0.9391200196224314,-0.16309143843998303,-0.25525854215760313,-0.5630328608874728,1.3771638441823513,-0.3990562141737293,0.7420429040921181,0.2611364005259204,-0.6630605477240263,1.3394580210783409,0.4004260580696671,-0.9711137216613229,-1.1569950776484088,-0.14562063658561814,-0.28435337484911327,0.2632922883843561,-0.288745841745217,-0.8856012597308056,-0.2983313254394387,-0.48635117315149096,-0.514917465817905,0.33889483173552565,-0.8823877550224577,-0.5927006102887581,-0.8571549498455727,-0.04980281258632232,-0.5529119452375391,0.28125814828776463,0.07624292226486175,0.5799078658118131
0.5240592328330393,-1.0664720518431965,-0.2817332619374231,-1.2026703756465698,1.0511299997041967,-0.7307441164188231,-0.4339241793285788,-1.7698612691995335,-1.8976896142158346,-1.3103783065882237,-0.5654365649921436,-1.4826560530703778,-1.10238118074365,0.3992857206026292,0.46594725796103226,0.4004260580696671,0.4126344018780712,1.133443014999078,-0.9625628735634646,-1.6921563235005865,-1.9735088734753317,-1.9027492998560547,-1.4116740391683171,-1.467856562143744,-1.1476474125252325,0.05107772466780943,0.7519866406532303,-0.6556620063211961,0.2317548287874262,1.0653264255183903,-0.2515458658305578,2.046268099371207,-1.35679804974484,-1.5293180547438645,-1.3925471563078609
-0.2987825091328632,0.9376710793983659,-0.036561936153607505,0.5029312607414221,0.44485442478478854,-1.2864131916284451,0.10774130244861274,-0.5225413763414728,-0.6003137757849131,-1.3103783065882237,-0.5654365649921436,-0.3703065744891299,0.2611364005259204,-0.3453189771545994,-0.40756350515627643,0.4004260580696671,-0.9711137216613229,0.32070691760803427,-1.2904447109086168,-1.0894363926120498,-0.894791517453476,-0.2019993160009439,-0.36806224774612917,-0.5211496251444688,-1.0402350030533238,-0.1935659338769617,-0.31656573579107594,-0.0020951949992684604,-0.26883531375785713,-0.21240541170104382,-0.4734588343330156,-0.01790522509378157,-0.3305138164187842,-0.4489360712293714,0.12869645000399213
1.0177642780125808,-1.0664720518431965,0.1883886268441935,-1.35772506986366,-0.2480319465516779,-0.8002027508200259,-1.6526715133272598,-1.6213708057640503,-1.7970311439927458,-1.3103783065882237,-0.8981972666289715,-1.4826560530703778,-1.10238118074365,1.0005477189472674,1.3394580210783409,0.4004260580696671,-0.27923965989162586,0.690132416422145,-0.3551722850521594,-1.3895023990025233,-1.7182351380868341,-1.7729117671812242,-1.4597111830926432,-1.545294208567641,-0.8196899384558374,0.604991732074381,1.4261101873821864,-0.6461657078332284,0.8126881953839554,0.7554275168486474,-0.9222610754951114,1.6047969420508192,-1.1357299001254608,-1.3663286923520408,-1.3925471563078609
1.1823326264057614,0.9376710793983659,0.12973867427747804,0.2703492194157866,-0.9409183178881444,0.5195113028028266,1.0556558955586979,-0.49284328365437613,-0.33189118852334315,1.3771638441823513,0.2664651890999273,-0.3703065744891299,0.2611364005259204,-0.03967404054776512,1.3394580210783409,0.4004260580696671,-0.9711137216613229,-1.3786503769368752,0.8184888274118433,0.048631401379498264,-0.0564379141226364,-0.5146051616595636,0.3287447725426048,-0.41662828053931555,0.6530172762750324,0.04966760751779569,0.8703087094130818,-0.7504871450050629,0.008791669843196516,0.3741759655923245,0.04051710419886731,0.34102575145167224,0.732032449154005,0.26510246379685604,0.12869645000399213
-1.203908425295356,-1.0664720518431965,-2.0189117063311186,-0.6599789458867553,-1.0275291143052028,1.7003080876232737,-0.9755896611057703,-0.7898242105253431,-0.2685136331976947,-0.414530922998032,-1.2309579682658,-1.4826560530703778,-1.10238118074365,-1.7686199373401006,-1.2810742682735852,-0.6592048030806762,1.7963825254174652,-0.34425898025736507,2.0554594604651895,0.3744294558190023,-0.5918777597892239,-0.7690650331187755,1.4099066650154737,1.5499959170912596,2.1299130125437804,-1.97271492324949,-2.122121335581119,-0.3675279158555165,-1.9002115229202097,0.43002735691979954,0.8959671991048502,0.5777120938243728,-0.3628682238913352,-0.5819672156249058,-1.3925471563078609
0.5240592328330393,0.9376710793983659,0.8070677002248198,0.42540391363287694,1.5707947782065466,1.6308494532220708,0.6494067842258042,0.8138727945778776,1.3457499818614689,-0.414530922998032,1.4311276448288268,0.7420429040921181,1.6246539817954908,0.5915650791157177,0.46594725796103226,1.4600569192200104,0.4126344018780712,0.9856728154734336,0.4455091327125517,0.9648866168229137,1.0509835374593108,0.7306161846414487,1.2512079099477866,0.24445363069150577,0.7782206416308383,0.7312071185158527,0.8717407119879899,-0.04147991808924789,0.669947343702846,0.17483201590986006,0.17543153173758677,-0.38553799680557077,1.6099644428297397,1.4795051616314796,1.2401231180873624
0.3594908844398588,0.9376710793983659,0.4862615837677331,0.42540391363287694,0.7046868140359634,0.5889699372040293,0.3785740433372085,0.9623632580133611,1.0624150286409229,1.3771638441823513,1.4311276448288268,1.8543923826733661,1.6246539817954908,0.2502494206787454,0.46594725796103226,1.4600569192200104,0.4126344018780712,0.3945920173708564,0.06423844140370448,0.7977167654826128,1.4331790108087439,0.8721615104305629,0.3850228939997437,0.3242803455906533,0.1396187293184364,0.3875413496457996,0.549963882495138,-0.13358983619455705,0.3252991467820715,-0.46269192777914897,0.5280924641215607,-0.7592553920596167,1.4020743002564955,1.3933584625826776,1.6129200657194627
0.7709117554228101,0.9376710793983659,0.14448937359632094,-0.8925609872123891,-0.6810859286369695,-1.5642477292332562,0.10774130244861274,0.30900521889723426,-0.33189118852334315,-1.3103783065882237,1.597507995647241,0.7420429040921181,0.2611364005259204,0.659991473039362,0.46594725796103226,0.4004260580696671,0.4126344018780712,-0.6397993793086537,-1.1277539576216333,-0.5093378965779305,0.09145186357281672,0.2506479031074222,-1.4025783135776475,-0.4259941222766717,-1.2388327432036663,0.410546164523095,1.0691445049549664,-0.5517046728432383,0.5437767458963871,0.2610140326420753,1.0709537799645763,-0.1426111010497212,-0.23760384587704927,-0.05986237733166944,0.5799078658118131
-0.13421416073968268,-1.0664720518431965,0.10502149475375885,0.2703492194157866,1.0511299997041967,-1.5642477292332562,-1.381838772438664,-0.13646617140921632,-0.6413227821720974,0.4813164605921596,-1.2309579682658,-0.3703065744891299,0.2611364005259204,-0.0672530788239569,-0.40756350515627643,0.4004260580696671,-0.9711137216613229,1.650638713338833,-1.3948050553014664,-0.931800958081606,-0.760904371925738,-0.14161862698356478,-1.3361677041351203,-0.6367766440506684,-1.372648695032348,0.023219084461300263,-0.008966343399771285,-0.03753677536619887,-0.01849395162627534,-0.7229925237693459,-1.1232563462478433,-0.5224166355497972,-0.39127976423393834,-0.33713795068394453,0.12869645000399213
-0.7924875543124047,0.9376710793983659,1.9455920512045697,1.1231500376097834,0.7046868140359634,-0.9391200196224314,-1.381838772438664,0.16051475546175073,0.12293597322542812,-0.414530922998032,0.9319865923735845,0.7420429040921181,0.2611364005259204,1.4233979031151645,-1.2810742682735852,-1.7188356642310194,-0.27923965989162586,1.3550983142875443,-0.8459643038290575,-0.41757390282866563,0.16294249007307463,0.520653789945769,-0.049604506419888436,-1.1141585294061755,-0.6487574059544438,1.760266792005789,0.3335746953258645,1.7663403936903872,1.6022491971230832,-0.09078229792448163,-1.0884566586833284,-0.2790191711089359,-0.08165861690667567,-0.00346021652594788,0.5799078658118131
-1.1216242510987657,-1.0664720518431965,-0.3428733938350652,-0.1172875161269392,-0.07481035371756128,1.6308494532220708,-0.16309143843998303,-0.403749005593086,0.11547979024594007,-0.414530922998032,-1.397338319084214,-0.3703065744891299,-1.10238118074365,-0.3209591051154901,-1.2810742682735852,0.4004260580696671,-0.9711137216613229,0.02516651855674566,1.3635945301133179,0.42785992770997605,0.17122138131821263,-0.39940347819190514,1.3447948824368197,0.2910466625785089,1.5454719084689938,-0.3445170990690996,-1.1078786067186677,0.5652960728739191,-0.3324180749020247,-0.8571549498455727,-0.9415054088581168,-0.48728514474054907,-0.5697008677751575,-0.561627999557642,-0.8760410563540361
0.8531959296194004,0.9376710793983659,0.5658543236721988,1.743368814478143,0.27163283195067195,1.0751803780124487,1.4619050068915915,1.942400316687551,2.233035756420547,1.3771638441823513,1.4311276448288268,1.8543923826733661,1.6246539817954908,-0.36281031760482935,0.46594725796103226,1.4600569192200104,-0.9711137216613229,-0.5659142795458315,0.5710947008011739,2.0444461496866846,2.0736051470322345,1.8045548259002244,0.7860002101887946,1.043988603544533,0.6753765058725022,0.11929278041098097,0.4794021009790608,-0.3597143899044269,-0.12048525732148793,-0.46269192777914897,0.43762726842306215,-0.9974007823149431,1.6761206262248658,1.9745537496793333,1.6129200657194627
1.5114693231921223,-1.0664720518431965,-1.7296003802615179,0.19282187230724143,0.011800442699497022,1.1446390124136514,1.4619050068915915,0.3980994969585237,0.36153382856904587,-1.3103783065882237,-1.5637186699026284,-1.4826560530703778,-1.10238118074365,-1.9522507559920188,1.3394580210783409,-0.6592048030806762,1.7963825254174652,-0.787569578834298,0.7838074077935246,0.839613593777796,-0.3623417670964703,-0.02343651953672483,0.007274109976121686,2.0182760220239833,0.48363830129838115,-1.9122093582856625,-0.1669608407228264,-1.721923435395897,-1.9647236597765012,0.08749315907529455,0.10462328973642138,-0.2767850854149559,-0.7517478380991087,-0.4101546064598737,-1.3925471563078609
-1.3684767736885364,0.9376710793983659,0.009546141405845397,1.5883141202610527,-1.5471938928075526,-0.31399231001160655,-1.2464224019943662,0.4871937750198138,0.6784216051972881,1.3771638441823513,0.43284553991834157,0.7420429040921181,0.2611364005259204,-0.8705748379919985,-1.2810742682735852,0.4004260580696671,-0.9711137216613229,-0.6397993793086537,0.6198926248574068,0.8070279428172943,0.9638702897696557,0.8667753011986746,0.5279812074755961,0.45208577977055625,0.5990912580530513,-0.4350467282840027,-1.760036028904287,1.1087533836054857,-0.6586024545885105,-0.36770269129951977,0.3003458788942816,-0.5594358963936943,0.6432771396779103,0.6488358233935357,0.5799078658118131
0.5240592328330393,0.9376710793983659,-1.1762615785685029,1.1231500376097834,-0.2480319465516779,1.005721743611246,-0.7047569202171745,0.5465899603940072,0.8275452647870493,-1.3103783065882237,1.2647472940104123,0.7420429040921181,0.2611364005259204,-1.8721501953094564,0.46594725796103226,-0.6592048030806762,1.7963825254174652,0.17293671808238997,0.9782642008479002,1.1110950566905484,1.129099013044646,0.47427033554300385,0.7280737495472611,1.8486341446014791,0.9525816124124684,-1.5770115245652596,-0.6823192325370038,-1.1091907377053465,-1.7526132327529818,0.08749315907529455,2.7745731666976843,-0.3347375897603469,0.802022977779305,0.7876729156565291,0.5799078658118131
-1.0393400769021754,-1.0664720518431965,-1.6889169012100593,-0.9700883343209342,0.5314652212018469,-0.5223682132152149,-0.16309143843998303,-0.5225413763414728,-0.6338665991926093,-1.3103783065882237,-1.0645776174473858,-0.3703065744891299,-1.10238118074365,-1.2372634263696107,-1.2810742682735852,-0.6592048030806762,1.7963825254174652,0.5423622168965007,-0.6658759322521731,-0.7604337671452716,-0.622903649323671,-0.5147722414517628,-0.4652565726292873,0.7158920935854712,-0.6645762825960735,-1.5267899564719587,-1.5919521043701517,-0.3427916636529322,-1.3989491837776222,-0.5915406360112303,0.7146240543492925,-0.2611600713598403,-1.2472737920756278,-1.057898755824563,-0.8760410563540361
1.3469009747989418,0.9376710793983659,2.200689312857199,0.03776717809015112,0.6180760176189052,0.7973458404076377,-0.2985078088842809,-1.6807669911382437,-1.3981253545901349,1.3771638441823513,0.7656062415551702,-0.3703065744891299,-1.10238118074365,2.302122176529575,1.3394580210783409,-1.7188356642310194,1.1045084636477682,0.690132416422145,0.3412324414306304,-1.1979808392951943,-0.9912433449983904,-1.6494283572229278,0.5498841539281394,-1.8736285966572508,0.40582407172853935,2.338283270620923,2.4108708142409774,0.364680066947605,2.3292868082786042,0.7023117350374117,-1.3349951128799702,1.6376542952321946,-0.8965663671552173,-1.2683734197417604,-0.8760410563540361
1.1000484522091711,-1.0664720518431965,0.4140317819714299,-1.0476156814294795,-1.2007507071393193,1.3530149156172597,-0.4339241793285788,0.3980994969585237,0.4323675668741824,0.4813164605921596,-1.8964793715394566,-0.3703065744891299,0.2611364005259204,1.0451518435839806,1.3394580210783409,0.4004260580696671,-0.27923965989162586,-0.787569578834298,1.8647116525644405,1.5724336724422165,0.7561456824837085,-0.022625217308539936,0.16670077237439473,-0.05548429272733495,1.3085065005973173,0.7482026362331755,1.500362621327345,-0.5626042152634192,0.906835602939944,-1.2770843337303666,-1.813911148448694,-1.0191334818602582,1.1693660921784568,0.9847338349826354,0.12869645000399213
0.2772067102432686,0.9376710793983659,-0.4050506474507496,0.34787656652433174,0.27163283195067195,-0.6612854820176204,-0.4339241793285788,0.19021284814884742,-0.10447760764895753,-0.414530922998032,1.098366943191998,-0.3703065744891299,0.2611364005259204,-0.64985341710207,0.46594725796103226,0.4004260580696671,-0.9711137216613229,0.46847711713367857,-0.6329565525015596,-0.26140223107099814,-0.2589330061650819,0.1372919754224344,-0.651791135536357,0.15018457506882496,-0.7058181146991855,-0.5439997394938931,-0.07093914847901193,-0.5881301888249002,-0.6006155420555023,0.9122217818761421,1.3874199493280157,0.28670242134691154,0.03227951309861458,0.08972351063868808,0.12869645000399213
1.676037671585303,-1.0664720518431965,-0.2817332619374231,-1.5903071111892955,-1.6338046892246108,1.283556281216057,-0.16309143843998303,0.4277975896456204,0.4360956583639264,1.3771638441823513,-0.8981972666289715,-0.3703065744891299,0.2611364005259204,0.6491217374673214,1.3394580210783409,0.4004260580696671,0.4126344018780712,-1.304765277174053,2.1234928452831237,1.7813943872133067,0.8498411931335096,0.00299428315037996,0.11389818230940303,0.5125964022250593,1.4592668066164525,0.17637015485947516,1.55745718089198,-1.1480340760267818,0.4207827750110853,-0.46269192777914897,-0.5456120112374078,-0.5900981291428896,1.2704842424791605,1.0691676307820237,0.12869645000399213
1.1000484522091711,-1.0664720518431965,-0.13584859459334417,-0.7375062929953005,-0.07481035371756128,0.3111353995992183,0.6494067842258042,-0.25525854215760313,-0.46610248215412814,0.4813164605921596,-0.3990562141737293,-0.3703065744891299,-1.10238118074365,0.2667536459537516,1.3394580210783409,0.4004260580696671,0.4126344018780712,-0.4181440800201872,0.17239255925451444,-0.10287439030553967,-0.1533871498458331,-0.5911412534969831,-0.6264163933757189,-0.3505779352592568,-0.18821811127651686,0.0622617756500055,1.016172793883361,-0.851980118798753,0.17036967162815359,-0.09078229792448163,-0.24421577129694905,-0.08515554187882313,-0.9532388343389239,-0.7713241327441747,-0.8760410563540361
0.6886275812262198,-1.0664720518431965,-0.5385689840609327,0.2703492194157866,-1.5471938928075526,0.6584285716052322,-1.1110060315500683,0.8435708872649743,0.5814912264639435,-0.414530922998032,0.10008483828151368,1.8543923826733661,1.6246539817954908,-0.7470922148262068,0.46594725796103226,0.4004260580696671,-0.9711137216613229,-0.7136844790714758,1.4885145869824052,1.7736516556726147,1.9475157275341233,0.3607691866552898,-0.3639949527654488,0.8833673193746054,0.776989090094396,-0.6647766257016111,0.137482579692874,-0.8712406823087866,-0.7112314085203739,-1.1058468948732931,0.629447381269486,-1.0483539687749635,2.1285548771920655,1.8592001231396948,1.6129200657194627
-0.9570559027055852,0.9376710793983659,1.4753753585632305,1.0456226905012382,0.18502203553361363,-1.4253304604308508,-1.6526715133272598,0.24960903352304084,0.011093228533107312,-1.3103783065882237,0.7656062415551702,-1.4826560530703778,-1.10238118074365,0.9642507341870683,-1.2810742682735852,-1.7188356642310194,-0.27923965989162586,1.0595579152362558,-0.9854266791242878,-0.45162950011325975,-1.0585380764900612,0.6157489481583145,-0.49749349630529316,-0.9510704462868297,-0.8806454692041468,1.276672072294379,-0.12201889437925045,1.615331193687729,1.1304250100247566,2.1755264576669635,-0.827379337592938,0.9965081060743033,-1.3653653535048043,-0.9192574858904111,-1.3925471563078609
0.03035418765349783,-1.0664720518431965,-0.3484824903146557,-0.2723422103440295,0.8779084068700801,0.3111353995992183,-0.5693405497728766,-0.0176738006608295,0.0781988753484998,-0.414530922998032,-1.2309579682658,0.7420429040921181,0.2611364005259204,-0.23685108920011488,-0.40756350515627643,0.4004260580696671,-0.9711137216613229,1.0595579152362558,-0.10923914737816738,-0.08259281499196958,0.4081341221492811,-0.027010634758186183,0.2388623143020338,0.2634985415578001,-0.03951890581718482,-0.3050979779140236,0.011003913231403824,-0.4097023060477427,-0.2697866689121678,-1.3864423220305988,-0.7875420126685457,-0.9544215818030447,0.2992327500955664,0.19235381319558886,0.5799078658118131
0.9354801038159906,0.9376710793983659,1.0792987567392511,-0.8925609872123891,-0.5944751322199111,-0.7307441164188231,-1.6526715133272598,-0.28495663484469985,-0.5220238545002885,0.4813164605921596,1.597507995647241,0.7420429040921181,0.2611364005259204,1.6594843113501816,1.3394580210783409,1.4600569192200104,-0.27923965989162586,0.3945920173708564,-0.15700833849201573,-0.3132438088926258,0.24186275443308575,-0.3161646180884586,-0.7102905411086646,-1.0580063570775684,-0.42779340079687306,1.4138564361888555,1.786271944819359,-0.10635687757014223,1.5476702931814097,0.2610140326420753,0.0009071457923080982,0.14753937710421167,0.27561515936777453,0.05917082232610059,0.5799078658118131
-0.3810666833294534,-1.0664720518431965,-1.4843485010415733,-0.8925609872123891,1.39757318537243,1.2140976468148543,0.9202395251144,-0.700729932464053,-0.309522639584879,0.4813164605921596,-1.5637186699026284,-0.3703065744891299,0.2611364005259204,-1.068493690687133,-0.40756350515627643,-0.6592048030806762,1.7963825254174652,0.690132416422145,0.18052365839614082,-0.4588069069458983,-0.3967729082905179,-0.6850030270819157,0.9958345857449795,0.9099497620318289,0.46775495493884073,-1.3323329129300028,-0.8420881399212579,-0.7579782826713876,-1.2135421691541186,-0.994142054558969,-0.14244669887790412,-0.43119515451770557,0.4395549339934277,-0.028648005328785153,0.12869645000399213
1.1823326264057614,0.9376710793983659,0.5439180293940539,-0.8925609872123891,1.39757318537243,-1.4253304604308508,-0.2985078088842809,1.823607945939165,0.8760104541537216,0.4813164605921596,1.4311276448288268,1.8543923826733661,1.6246539817954908,1.0868253543225874,1.3394580210783409,1.4600569192200104,-0.27923965989162586,1.3550983142875443,-1.5963325187327415,-0.036211841964122894,0.8929376417782127,1.6943762410091507,-1.2879721711352083,0.1503397039145314,-1.4760359321657555,0.8390190163582765,1.571902644204301,-0.5294721878120304,0.9732357091551052,-0.46269192777914897,0.46235955157272024,-0.9724059633838881,0.3427073312097825,0.9133038049342801,1.6129200657194627
1.3469009747989418,-1.0664720518431965,-0.4221927387116883,-0.19481486323548436,0.6180760176189052,-1.5642477292332562,0.6494067842258042,0.19021284814884742,-0.6897879715387698,0.4813164605921596,-0.23267586335531493,-0.3703065744891299,-1.10238118074365,-0.3593059148874713,1.3394580210783409,0.4004260580696671,-0.9711137216613229,0.17293671808238997,-1.6863767045211837,-0.9396226970869989,-0.7673847465119625,-0.20305796302191234,-2.0390192270505176,-0.352564962363103,-1.715282726364656,-0.40670343413471616,0.758698646902805,-1.094169238842179,-0.38325904671087707,0.02860907268544545,0.1883864231312813,-0.22342145157836635,-1.637430478279464,-1.1419835982706346,-0.8760410563540361
-0.7102033801158144,0.9376710793983659,1.9214963599395676,1.820896161586688,-0.7676967250540278,-0.5223682132152149,0.3785740433372085,-1.7698612691995335,-1.5286085567311758,1.3771638441823513,-0.06629551253690062,-1.4826560530703778,-1.10238118074365,1.0340474335977201,-0.40756350515627643,-1.7188356642310194,-0.27923965989162586,-0.8614546785971201,-0.19092588729678453,-1.4437559129817545,-1.7621573890045912,-1.523934186335025,0.33782380872852186,-1.8665753883380773,-0.06020067981546197,1.5510603393768152,0.17392764817699274,1.6605477320573512,1.302487126488591,1.5041430422255015,-1.5518657831138023,2.3941454008743572,-1.078009134734188,-1.394782401249788,-1.3925471563078609
-0.3810666833294534,0.9376710793983659,1.6127027913332217,1.0456226905012382,0.7046868140359634,-0.31399231001160655,-0.027675067995685147,0.4871937750198138,0.6784216051972881,-1.3103783065882237,1.597507995647241,-1.4826560530703778,-1.10238118074365,1.1099254541068062,-0.40756350515627643,-1.7188356642310194,-0.27923965989162586,0.6162473166593229,-0.5902832824544682,-0.03114219631247968,-0.8103610205332521,0.8667753011986746,0.5279812074755961,-0.6809347869979678,-0.2796428326487929,1.4239672679808364,0.5211571369427149,1.126169851173215,1.2771940711881289,2.784067515401162,-0.4957139096412238,1.2155768394911326,-1.219845358002604,-0.741943327564391,-1.3925471563078609
1.1823326264057614,0.9376710793983659,0.6265866167108415,0.2703492194157866,-1.2873615035563777,-0.45290957881401206,0.9202395251144,1.2296460921972308,0.8536419052152574,-1.3103783065882237,1.4311276448288268,1.8543923826733661,1.6246539817954908,0.4866754915999016,1.3394580210783409,1.4600569192200104,0.4126344018780712,-1.6003056762253416,0.07115240327544625,1.0145874385583527,1.5567621100138214,1.1281851463098254,-0.4790952855534347,0.07085963964481296,-0.19442460798838615,0.5816847423223938,1.1990086484625584,-0.4841759638880617,0.542121742784039,-0.46269192777914897,0.36993953292418913,-0.8321547989200228,1.4059429124772505,1.5045602555069644,1.6129200657194627
1.429185148995532,-1.0664720518431965,-0.8661226200264522,-1.5127797640807503,0.8779084068700801,-1.355871826029648,0.5139904137815063,1.942400316687551,0.6038597754024077,-1.3103783065882237,0.10008483828151368,1.8543923826733661,1.6246539817954908,-0.025150120814467682,1.3394580210783409,-0.6592048030806762,-0.9711137216613229,0.46847711713367857,-1.565672312102269,0.053837553085744144,0.9570935870627341,1.3150119838809269,-1.8825183222053368,1.2483212570600783,-1.6123189607077757,-0.4753436921858289,1.0114951864375206,-1.3309162546890287,-0.24803968240655594,-1.1058468948732931,1.0350595136245608,-1.2738154767095071,0.36506730496231865,0.9697627968527435,1.6129200657194627
-1.286192599491946,0.9376710793983659,-0.739054651227265,-0.1172875161269392,-0.07481035371756128,0.3805940340004211,-0.5693405497728766,-0.3146547275317966,0.14157643067414827,0.4813164605921596,1.2647472940104123,-0.3703065744891299,0.2611364005259204,-0.7393794811100639,-1.2810742682735852,-0.6592048030806762,-0.9711137216613229,0.24682181784521212,0.36868132448335356,-0.04077109504077034,-0.11320067039790825,0.014247608066739385,1.1617858166708015,0.6655323619792657,0.6806662134474614,-0.7679401022306188,-1.5707950128044883,0.5035793504388199,-0.7593615040031477,1.0146907836794479,2.0416094569738292,0.635108369206164,0.5280829988038575,0.2157675628069574,0.12869645000399213
-0.7924875543124047,0.9376710793983659,0.7865323869410694,1.2782047318268719,1.657405574623605,-0.45290957881401206,-1.1110060315500683,1.4672308336940045,1.5470669223076465,-1.3103783065882237,1.4311276448288268,1.8543923826733661,1.6246539817954908,0.10947601952048434,-1.2810742682735852,1.4600569192200104,-0.9711137216613229,2.0200642121529437,-0.8535542351981977,0.4133338211958778,1.1982659548483672,1.9045768907674594,0.39881640325260137,0.3884406094489978,-0.5117563525050303,0.4764470371303057,-0.4826163063967365,0.9571325745439098,0.2985943533323028,-0.46269192777914897,0.19707208895205697,-0.89155214842714,0.8517927456243233,1.1833579507265084,1.6129200657194627
0.2772067102432686,0.9376710793983659,1.1731478111946718,1.4332594260439624,1.1377407961212551,-0.5223682132152149,1.4619050068915915,-0.7304280251511498,-0.8351835396387868,0.4813164605921596,0.2664651890999273,-0.3703065744891299,0.2611364005259204,0.4382025416226589,0.46594725796103226,1.4600569192200104,0.4126344018780712,0.17293671808238997,-1.1761263183866784,-1.1511651838237607,-0.9491955924521941,-0.741833679050497,-0.5394621408019064,-1.2781822078217897,-1.0153998936745483,0.8495375588829658,0.6107352232238953,0.3347200152383012,0.6517557350427521,0.3741759655923245,-0.8788769635651953,0.4978232083275839,-0.2650016983326755,-0.4941011582844557,0.12869645000399213
0.5240592328330393,0.9376710793983659,0.36353507583715367,1.820896161586688,-1.2007507071393193,1.6308494532220708,-0.027675067995685147,0.10111857008755733,0.6038597754024077,-1.3103783065882237,-0.7318169158105572,-0.3703065744891299,-1.10238118074365,-0.6160914501249516,0.46594725796103226,0.4004260580696671,-0.9711137216613229,-1.0092248781227644,2.12087617663628,1.4110833614113676,0.6813693925367552,0.04918008493285075,1.2460667600679662,0.10365156018910365,2.0904998325616675,-0.11667222178770166,0.11579684657972082,-0.2996474146146736,-0.3682125285031838,-0.3363452950012915,-0.9273722115005744,-0.39505474801349233,-0.3438591087687052,-0.21393894365285726,-0.8760410563540361
0.11263836185008808,0.9376710793983659,-0.09895567807053303,2.0534782029123235,0.011800442699497022,0.3805940340004211,-1.517255142882962,-0.28495663484469985,0.1751292540818445,-1.3103783065882237,-0.3990562141737293,0.7420429040921181,0.2611364005259204,-1.215501701449314,0.46594725796103226,0.4004260580696671,1.7963825254174652,0.8379026159477893,0.42054866251483614,0.01353070659671734,0.4743526562506696,0.048789392757374046,1.1699169161138008,0.14267283697698388,0.7244252274207934,-0.6687762878166935,-0.5457131943794004,-0.32045951687746016,-0.9535055324696324,-0.8571549498455727,-0.2786477529616612,-0.5401621543536713,0.5521428469974184,0.24584770109207987,0.5799078658118131
-0.2987825091328632,0.9376710793983659,1.3397921361774736,1.6658414673695978,0.27163283195067195,1.005721743611246,0.24315767289291063,-1.2352956008317935,-0.6487789651515855,-1.3103783065882237,-0.3990562141737293,-1.4826560530703778,-1.10238118074365,0.4937544983113234,-0.40756350515627643,-1.7188356642310194,0.4126344018780712,0.09905161831956781,0.6261866701724569,-0.708902310168566,-1.2232091989227405,-0.9589951102279081,1.7439858596355047,-1.2416932473083602,1.1356270919247322,0.9674601987324312,0.20801650705928837,0.8707241218430377,0.7388014861105558,1.2149111084913304,-1.3783212668894924,1.515221229329109,-0.8027196550098438,-1.034227223593128,-1.3925471563078609
-0.7924875543124047,0.9376710793983659,0.7451133718513975,1.0456226905012382,-0.2480319465516779,-1.4253304604308508,1.3264886364472936,0.7841747018907809,0.4621922987921346,1.3771638441823513,1.4311276448288268,0.7420429040921181,1.6246539817954908,0.18812563607171215,-1.2810742682735852,1.4600569192200104,0.4126344018780712,-0.9353397783599423,-1.4434003301714193,-0.4608374609993145,0.12948643812668983,1.178308872446897,-0.5039069474366247,-0.268973785487083,-1.1766843677511438,0.4941821635062171,-0.4334968063421729,0.9292511722856621,0.34732138537436485,0.17483201590986006,0.24109942949184396,-0.37509206950524876,0.4530043473216634,0.6286021975502083,1.2401231180873624
0.6886275812262198,-1.0664720518431965,-0.21076742687598596,0.19282187230724143,1.657405574623605,0.1722181307968128,-0.8401732906614724,-0.37405091290598996,-0.6040418672746571,0.4813164605921596,-0.23267586335531493,-0.3703065744891299,0.2611364005259204,-0.35755486612442283,0.46594725796103226,0.4004260580696671,-0.9711137216613229,1.8722940126272993,-0.4660575992204785,-0.5507534808265138,-0.4636079433234201,-0.6948316158641531,-0.733424985237094,-0.41574921286180583,-0.6291119996179602,-0.2925252268392315,0.3827455516093707,-0.7013250488814814,-0.32486714124124255,0.02860907268544545,-0.029015272262938607,0.05202581171977485,0.11932018784405804,-0.0857369534398101,0.12869645000399213
-1.1216242510987657,0.9376710793983659,2.0257651001961725,2.0534782029123235,0.011800442699497022,-1.5642477292332562,1.3264886364472936,-0.37405091290598996,-0.5667609523772169,-0.414530922998032,-0.06629551253690062,-0.3703065744891299,-1.10238118074365,1.026627301440777,-1.2810742682735852,-1.7188356642310194,-0.27923965989162586,-0.7136844790714758,-1.6611791545886156,-1.2094507462550808,-1.0016516108019777,-0.04709657153995375,-0.6302097729717928,-1.458784669387328,-1.348260816351645,1.6036576524047375,-0.26790363253326777,2.220178297924558,1.3249951595924494,0.14584912995505098,-1.6107110387045447,0.12558563387339297,-1.6273197766088683,-1.2741339837804797,-0.8760410563540361
1.5114693231921223,-1.0664720518431965,-0.4857419776498812,-1.5903071111892955,-1.0275291143052028,-0.03615777240679549,-1.517255142882962,-0.9977108593350198,-1.1632555907362612,-0.414530922998032,-0.06629551253690062,-0.3703065744891299,-1.10238118074365,0.4310242786072988,1.3394580210783409,0.4004260580696671,0.4126344018780712,-0.048718581206076486,0.6017546566631795,-0.5101705322915517,-0.43389266618895095,-1.2337119137243668,-0.8869015182576722,-0.7356909301322736,-0.030233887774460372,-0.042406821294773335,1.338905214952164,-1.1855072803235922,0.2008016971917845,0.14584912995505098,0.4118844606002574,0.5383660356387474,-0.8106795566761377,-0.9449617708051716,-0.8760410563540361
1.3469009747989418,0.9376710793983659,-0.04688741857042872,0.6579859549585124,-0.07481035371756128,1.6308494532220708,-0.7047569202171745,-0.16616426409631302,0.3279810051613496,0.4813164605921596,-0.8981972666289715,0.7420429040921181,0.2611364005259204,-0.4406956465593502,1.3394580210783409,0.4004260580696671,-0.9711137216613229,0.32070691760803427,1.386278626190429,0.6796055022589202,0.8913181666714051,-0.2042182637025077,1.2496832930868749,0.22330002485919717,1.515958164206942,-0.2475280548693404,0.7075375226488275,-0.9095800333470687,-0.3445659318032899,-1.1695339984876092,-0.7399733262273391,-0.7760559904294784,0.9753417118469033,0.5883045980072975,0.5799078658118131
0.03035418765349783,-1.0664720518431965,-0.4050506474507496,-0.1172875161269392,-0.1614211501346196,-1.2864131916284451,-0.8401732906614724,1.853306038626261,1.0102217477845066,0.4813164605921596,0.10008483828151368,0.7420429040921181,1.6246539817954908,-0.3856642062320156,-0.40756350515627643,0.4004260580696671,-0.9711137216613229,0.32070691760803427,-0.9000892242483397,0.6175911184903804,0.8552480425503112,1.7743434368584374,-1.1024193690855426,1.1289958818608847,-1.0152819455922468,-0.4110036087481231,-0.08241439661202267,-0.4412994756310074,-0.39884641508997776,-0.5590884633101237,0.47456058799394757,-1.0212859772166487,0.8217484008899475,1.2971212904407603,1.2401231180873624
-1.0393400769021754,-1.0664720518431965,0.2888207677414247,-0.7375062929953005,1.657405574623605,-0.31399231001160655,1.3264886364472936,-0.5225413763414728,-0.5704890438669609,0.4813164605921596,-1.5637186699026284,-1.4826560530703778,-1.10238118074365,0.7192518294384629,-1.2810742682735852,0.4004260580696671,0.4126344018780712,0.690132416422145,-1.158716200224609,-1.0200460750923412,-1.4376881966835446,-0.5114446690915363,-0.2816672922944336,-0.6885313144298564,-0.9289504580667236,0.5174224290347474,-0.3645729165979448,0.8883932320631365,0.6272281769045601,0.08749315907529455,-1.4987390483709557,0.1749482416481364,-1.4309079183597155,-1.1806528829364622,-1.3925471563078609
1.0177642780125808,-1.0664720518431965,-1.6486800116275602,-0.7375062929953005,1.5707947782065466,-0.45290957881401206,0.9202395251144,-0.5225413763414728,-0.8873768204952032,1.3771638441823513,-0.8981972666289715,0.7420429040921181,0.2611364005259204,-1.3344494909253048,1.3394580210783409,-0.6592048030806762,1.7963825254174652,0.8379026159477893,-1.1616230774371186,-1.0215773239595718,-0.34919435004053867,-0.8211425131617607,-1.1996136939687008,0.36304271355763235,-1.1988505772448435,-1.5549066915089564,-0.038762496215693075,-1.525896888519558,-1.4632624129267093,-1.1695339984876092,0.8810682723380299,-0.630743540713346,-0.25676724037765786,-0.4002008347847056,0.5799078658118131
-1.3684767736885364,0.9376710793983659,1.1133618769385267,-0.7375062929953005,0.011800442699497022,1.283556281216057,-0.027675067995685147,0.27930712621013754,1.1146083094973394,-1.3103783065882237,-0.3990562141737293,0.7420429040921181,0.2611364005259204,1.6009543720681882,-1.2810742682735852,1.4600569192200104,-0.27923965989162586,0.02516651855674566,1.0176620649373815,0.8856747079126317,1.007642571632433,0.6454525254279135,2.001319405516627,-0.12886827803186518,1.5794130971824503,1.4023375823313626,-0.21930603301986035,1.890340360630117,1.5126263499864838,-0.8571549498455727,-1.2331404913864428,-0.7549988401052797,0.8190931348589506,0.6854846337466148,0.5799078658118131
-0.46335085752604366,-1.0664720518431965,-1.5616835179168105,-1.745361805406386,0.7912976104530218,0.03330086199440727,-0.027675067995685147,-0.9977108593350198,-0.9022891864541793,1.3771638441823513,-1.5637186699026284,-0.3703065744891299,-1.10238118074365,-0.612357680203424,-0.40756350515627643,-0.6592048030806762,-0.9711137216613229,0.690132416422145,-0.3551722850521594,-0.9395704401812127,-0.7673413966054435,-0.9721655488780194,0.0005249263276821328,0.2711586089639942,-0.297533506446626,-1.1436332202682733,-0.6255652223164854,-0.7423209431192501,-0.8844436065548669,-0.994142054558969,-0.0663931076114231,-0.2647869913286775,-1.1357299001254608,-1.1419586636586485,-0.8760410563540361
0.9354801038159906,0.9376710793983659,0.8518444726487657,-0.3498695574525747,0.18502203553361363,-0.31399231001160655,1.5973213773358894,1.5860232044423912,1.222722962699916,-1.3103783065882237,1.4311276448288268,1.8543923826733661,1.6246539817954908,1.0868253543225874,1.3394580210783409,1.4600569192200104,-0.27923965989162586,-0.7136844790714758,-0.6532771572858889,0.6641673860917201,1.353988315492589,1.467432362877393,-0.36450267905084277,0.13177048275877368,-0.6228637514417906,1.0039672992216375,1.4320878621476474,-0.23858108319383323,1.055753210775918,-0.46269192777914897,0.1286724706134671,-0.9195384745991378,0.9785595352805305,1.3223598764613316,1.6129200657194627
0.5240592328330393,-1.0664720518431965,0.01971409198719858,-0.3498695574525747,-0.6810859286369695,0.03330086199440727,0.10774130244861274,0.338703311584331,-0.0597405097720292,0.4813164605921596,-1.7300990207210423,-0.3703065744891299,-1.10238118074365,0.2003234817994276,0.46594725796103226,0.4004260580696671,0.4126344018780712,-0.6397993793086537,0.30781287798614926,0.4675857802535401,0.19393581753809153,-0.0746655043776734,-0.8321198232426008,-0.13307519997178444,-0.18727026069822406,0.11193871500619597,0.6278467985996667,-0.492288080174266,0.16170785021743175,-1.13407534322061,-1.4691118723746541,-0.9250923358649731,-0.9077197728592432,-0.546611212559005,-0.8760410563540361
-1.1216242510987657,0.9376710793983659,0.27937348458883604,1.820896161586688,0.011800442699497022,-1.633706363634459,-0.4339241793285788,-1.7401631765124368,-1.7224693141978653,0.4813164605921596,-0.5654365649921436,-0.3703065744891299,-1.10238118074365,-0.7048553469870186,-1.2810742682735852,0.4004260580696671,-0.9711137216613229,0.24682181784521212,-1.318096811498483,-1.7898788317538676,-1.5929108165067756,-1.4947806190383979,-0.6976847923332898,-1.5202327587520066,-1.1503266543954058,-0.2065513954572174,-1.3492619201920595,0.977611818750649,-0.458770316568986,-0.21240541170104382,-0.7378121062745667,0.9712370683901752,-1.492161882734099,-1.5842754350001775,-0.8760410563540361
0.5240592328330393,-1.0664720518431965,-0.7704110771211825,-1.35772506986366,1.2243515925383133,-1.5642477292332562,-0.5693405497728766,1.2296460921972308,0.018549411512595367,-1.3103783065882237,0.10008483828151368,1.8543923826733661,1.6246539817954908,-0.021929744317233782,0.46594725796103226,-0.6592048030806762,-0.9711137216613229,1.3550983142875443,-1.5963325187327415,-0.34364382960924394,0.6608975030446415,0.6949015636923953,-2.043516514810489,0.5755543997602198,-1.6698695120130085,-0.42293673257127334,0.4888907217072637,-0.9092910893964082,-0.2199940350605602,-1.1058468948732931,0.9126373269558434,-1.1375611931780434,0.3427073312097825,0.7104397909906622,1.6129200657194627
-0.6279192059192241,-1.0664720518431965,-0.4164697963561199,-0.6599789458867553,0.35824362836773027,-1.2864131916284451,-1.517255142882962,0.8435708872649743,0.2161382604690288,-1.3103783065882237,0.10008483828151368,0.7420429040921181,1.6246539817954908,-0.07866474875837898,-0.40756350515627643,0.4004260580696671,-0.9711137216613229,1.133443014999078,-0.9625628735634646,-0.06743018624003341,0.4186942908933387,0.7998966628791588,-1.1062061609641076,0.4416972630496058,-1.0535206667816923,-0.2618737262482116,-0.4403772948606662,0.03300649132579925,-0.16766709293531137,-0.5590884633101237,0.48758076905894043,-0.7735895211370164,0.7810521050617852,0.8934319949181977,1.2401231180873624
1.5114693231921223,0.9376710793983659,1.6778697314185123,-0.8925609872123891,1.3109623889553716,1.4919321844196654,-0.16309143843998303,-0.04737189334792621,0.4062709264459742,-1.3103783065882237,0.10008483828151368,-0.3703065744891299,0.2611364005259204,2.302122176529575,1.3394580210783409,-1.7188356642310194,1.1045084636477682,1.2073281147619002,0.5323239794666658,0.282804381083735,0.08652169336647277,-0.09026164352586931,1.136185404029768,-0.8516031541042983,0.7969297780291889,2.0571641621346894,2.4965926228862174,-0.03380557684836224,2.189351027213842,0.2610140326420753,-1.32194663511149,0.022612976338065863,0.6035011230154688,0.3899325680277836,0.12869645000399213
-0.3810666833294534,-1.0664720518431965,-0.8339402900877495,0.34787656652433174,1.0511299997041967,-0.3834509444128093,-0.4339241793285788,1.6454193898165848,1.2861005180255645,-1.3103783065882237,0.10008483828151368,1.8543923826733661,1.6246539817954908,-1.0999947741602902,-0.40756350515627643,-0.6592048030806762,1.7963825254174652,1.133443014999078,-0.7067982689847647,0.6568603506867771,1.3495837617197635,1.5746073746271947,-0.3436592527324941,1.8877933711304622,-0.6509815032266956,-1.0018193260503452,-0.8620468703871416,-0.4045274215541442,-1.0623497929349022,-1.1058468948732931,0.9935260078271082,-1.220930170601838,0.9450779771937586,1.318417018940141,1.6129200657194627
0.03035418765349783,-1.0664720518431965,-0.11472148230701013,-0.6599789458867553,-1.5471938928075526,0.7278872060064349,-1.2464224019943662,0.21991094083594415,0.4472799328331585,-1.3103783065882237,-1.8964793715394566,-0.3703065744891299,0.2611364005259204,0.24272489114852486,-0.40756350515627643,0.4004260580696671,0.4126344018780712,-0.6397993793086537,1.556131865471178,1.1787399432570664,0.5696917729846603,0.20136140276896794,0.5878849426042598,0.3756918886298966,1.3096550664493436,0.061223621462109724,0.3110667379845629,-0.27723157511414476,0.15769080874241906,-1.2770843337303666,-1.5274757226869637,-0.967295761069772,1.045316751716959,0.8175479006325989,0.12869645000399213
1.429185148995532,0.9376710793983659,-0.677135208707268,1.0456226905012382,0.6180760176189052,1.0751803780124487,0.3785740433372085,-0.49284328365437613,-0.17158325446435002,-1.3103783065882237,1.098366943191998,-0.3703065744891299,0.2611364005259204,-1.3099303332103573,1.3394580210783409,-0.6592048030806762,1.7963825254174652,0.32070691760803427,0.4940375138240796,-0.12386155761943818,-0.16711204687128212,-0.5152482612370852,0.7888573563931489,0.31136696263501135,0.619024356955855,-1.0251504144620218,0.20113639520188192,-1.2448291464783103,-1.1821358542503777,0.9122217818761421,1.7808669994430404,0.6868826630482838,0.5859841773557224,0.1690347498802251,0.12869645000399213
-0.05192998654309242,0.9376710793983659,-1.4843485010415733,0.11529452519869628,1.5707947782065466,1.6308494532220708,0.24315767289291063,-0.6710318397769564,0.15648879663312437,0.4813164605921596,-0.06629551253690062,0.7420429040921181,0.2611364005259204,-1.6531498607609985,-0.40756350515627643,-0.6592048030806762,1.7963825254174652,1.2073281147619002,0.48155279676671486,-0.2835376349150633,0.2638947612559056,-0.3617361560974599,2.320141954712643,1.4622416564768639,1.2615559520107433,-1.6294202244398912,-0.9474081530045703,-0.9625000807264348,-1.6656846515136556,-0.6569346250336902,1.70565556889757,-0.2240781708370494,0.5802553501879905,0.07672329158109703,0.5799078658118131
1.5937534973887126,0.9376710793983659,0.539514973207993,1.1231500376097834,-0.7676967250540278,-0.03615777240679549,-0.9755896611057703,0.9326651653262644,0.7716238924408888,-0.414530922998032,1.4311276448288268,0.7420429040921181,1.6246539817954908,-0.07051022960824811,1.3394580210783409,1.4600569192200104,-0.9711137216613229,-0.12260368096889863,0.4132743096874705,1.041524897428371,1.0922273792115942,0.8417742959970839,-0.1385240579831439,0.08324270372204963,0.16903709181319987,0.25336399296675927,1.067280186403372,-0.7067428423119948,0.09542442068227332,0.17483201590986006,0.46734211372549156,-0.4262282900115346,1.5928041196063247,1.518036696124394,1.2401231180873624
0.3594908844398588,-1.0664720518431965,-0.9910590775764252,-0.03976016901839404,-0.5944751322199111,1.1446390124136514,1.1910722660029958,-0.6710318397769564,-0.6040418672746571,0.4813164605921596,-0.5654365649921436,0.7420429040921181,0.2611364005259204,-1.0476301811579158,0.46594725796103226,-0.6592048030806762,1.7963825254174652,-1.1569950776484088,1.188367301020932,0.07155201613899478,0.5135071611777114,-0.9491323618952671,0.010125378848854333,0.1404367433032068,0.7616272251196436,-1.0593828585140699,-0.26584875247763745,-0.9379473920959422,-1.064581871885295,-0.9596239516488788,0.48389279336074725,-0.42362655703269003,0.8922178590913802,0.27759693000160024,0.5799078658118131
-0.9570559027055852,0.9376710793983659,-0.5032665233839857,0.5804586078499673,-0.9409183178881444,0.03330086199440727,1.3264886364472936,0.6653823311423941,0.9990374733152745,1.3771638441823513,0.7656062415551702,-1.4826560530703778,-1.10238118074365,-0.8805405697432194,-1.2810742682735852,0.4004260580696671,-0.9711137216613229,-1.5264205764625194,0.302021707425652,0.7346546242585575,-0.41235833873005817,1.053166409950195,0.8440940022231022,1.225057391989741,0.4982267181786891,-0.7136220923522408,-1.2756887351323474,0.2861168632063947,-0.8041803788721859,2.1755264576669635,1.2132949899826395,0.7690119594015506,-0.9096557060419851,-0.4479114503203038,-1.3925471563078609
-1.286192599491946,0.9376710793983659,1.951591305954779,0.9680953433926931,1.39757318537243,1.6308494532220708,-1.2464224019943662,-1.5916727130769535,-0.9060172779439233,1.3771638441823513,1.597507995647241,-1.4826560530703778,-1.10238118074365,1.5131629143903822,-1.2810742682735852,-1.7188356642310194,-0.27923965989162586,1.8722940126272993,0.6757614466749181,-1.0060353774150523,-1.4276327757246632,-1.3376622285444475,2.3155810559721717,-1.5883000509386564,1.4288941503180592,1.808670720451473,-0.16690200200796193,2.3912686548317734,1.6713556380740402,2.784067515401162,-0.7750708790260195,3.1120429767389752,-0.7866172535061989,-1.1738734802549844,-1.3925471563078609
1.1823326264057614,0.9376710793983659,1.7703502967376425,1.5107867731525075,1.1377407961212551,1.2140976468148543,-1.6526715133272598,0.30900521889723426,0.6709654222178001,1.3771638441823513,-0.7318169158105572,0.7420429040921181,0.2611364005259204,1.0315755878733928,1.3394580210783409,-1.7188356642310194,-0.27923965989162586,1.8722940126272993,0.5330340659379939,0.5923243084676457,0.8404044297569783,0.24915081465163816,0.9043575740902425,-0.7710008705737833,0.6978207622815475,1.469332156326392,1.5376505747580655,0.18138047250336656,1.2604637271683692,-1.0637325268862174,-1.7973043043383183,-0.877804836922134,0.603825273903479,0.5459882393083476,0.5799078658118131
1.1000484522091711,-1.0664720518431965,-0.010874768424948904,-1.1251430285380246,0.09841123911655533,1.4224735500184624,0.6494067842258042,-0.700729932464053,-0.5630328608874728,-0.414530922998032,-1.0645776174473858,-0.3703065744891299,0.2611364005259204,0.6395863870450215,1.3394580210783409,0.4004260580696671,0.4126344018780712,-0.2703738804945429,1.0409265289696814,-0.030754089468334626,-0.10677759910410688,-0.9754587715753009,0.2182799866797182,-0.5073532752834431,0.7588718341840109,0.31687022791471137,1.248494670793352,-0.7877639234502924,0.48649882387569066,-0.5915406360112303,-0.9050724694330281,-0.16414564555473604,0.8291386564443555,0.22134345373565056,0.12869645000399213
0.9354801038159906,-1.0664720518431965,-0.5032665233839857,0.19282187230724143,1.0511299997041967,1.561390818820868,1.5973213773358894,-0.10676807872211962,0.02600559449208342,0.4813164605921596,-0.7318169158105572,0.7420429040921181,0.2611364005259204,-0.6668420505067544,1.3394580210783409,0.4004260580696671,-0.9711137216613229,0.02516651855674566,0.556418778036134,0.24563389726076088,0.6275027846632933,-0.46279432200145,0.31725511404385937,0.34706390488425665,0.46201200999932,-0.6051211427736701,0.3365105781340941,-0.9657154021986977,-0.6401172658090886,-1.0637325268862174,-0.19378287298277563,-0.735756624892195,0.6144854912612,0.37052578242861023,0.5799078658118131
1.5937534973887126,-1.0664720518431965,-0.4221927387116883,0.42540391363287694,-0.3346427429687362,0.7278872060064349,1.4619050068915915,0.9623632580133611,0.7119744286049844,-0.414530922998032,0.10008483828151368,0.7420429040921181,1.6246539817954908,-0.7105886812671562,1.3394580210783409,0.4004260580696671,-0.9711137216613229,-1.0831099778855866,0.602319202218054,1.2123841605626797,1.181846849113278,0.46501042170275514,-0.3088707671914077,0.8841761402910601,0.22185909067707715,-0.5840230704490696,0.664935267744601,-1.1851304960040316,-0.6518318964852716,-0.5590884633101237,0.4941218600225351,-0.8074295320525559,1.6923991308435535,1.6018792645749969,1.2401231180873624
-1.4507609478851267,0.9376710793983659,1.0140806625118692,0.03776717809015112,0.5314652212018469,0.1722181307968128,1.3264886364472936,-0.7601261178382465,-0.3766282864002715,-1.3103783065882237,1.597507995647241,-1.4826560530703778,-1.10238118074365,1.0328117019956742,-1.2810742682735852,1.4600569192200104,-0.27923965989162586,-0.2703738804945429,-0.3316768489360055,-0.75670794144148,-1.2550136845597513,-0.4559044613335727,0.9736514104187062,-0.9416486003308787,0.06835345643287204,1.0639345271759497,-0.6821004611379343,1.941064553644945,1.0585931299555082,2.784067515401162,0.06684271956459709,2.1370506482380214,-1.127421245651906,-1.0561797917139089,-1.3925471563078609
0.11263836185008808,-1.0664720518431965,-1.0722183450167477,-0.504924251669665,1.5707947782065466,-1.633706363634459,1.1910722660029958,0.04172238471336391,-0.5294800374797766,0.4813164605921596,-1.5637186699026284,-0.3703065744891299,0.2611364005259204,-0.8646073151277895,0.46594725796103226,-0.6592048030806762,-0.9711137216613229,0.690132416422145,-2.122968898431548,-1.2847273029006965,-1.0710345391905283,0.030175208785198485,-1.3940023437350157,0.28442774232790596,-1.8032435514460068,-1.009650753223093,-0.32346410150644894,-0.8471196189687148,-0.945594808765731,-0.994142054558969,-0.5207337917115445,-0.7497090691982041,-0.8433656636005806,-0.5946819475934332,0.12869645000399213
-0.13421416073968268,0.9376710793983659,0.269901789824742,0.34787656652433174,0.011800442699497022,-1.078037288424837,-0.7047569202171745,0.30900521889723426,0.19749780302030867,-0.414530922998032,-0.8981972666289715,0.7420429040921181,0.2611364005259204,0.06405300276794651,-0.40756350515627643,0.4004260580696671,-0.9711137216613229,0.3945920173708564,-0.8207486781791771,-0.305689924462682,0.24748325485314354,0.6744094774536439,-0.18479059592396596,-0.11842787922105573,-0.6748501988049559,0.1777394615540155,0.0731867533678744,0.06142926365638635,0.12572220053762487,-1.1695339984876092,-0.9826644475301544,-0.9353728664650581,-0.06799856891137812,0.0636457684592512,0.5799078658118131
1.2646168006023515,-1.0664720518431965,-1.5073781715647085,-1.745361805406386,-0.4212535393857945,1.4919321844196654,-0.5693405497728766,0.36840140427142704,0.4510080243229025,0.4813164605921596,-1.0645776174473858,-1.4826560530703778,-1.10238118074365,-0.5549262723518046,1.3394580210783409,-0.6592048030806762,-0.9711137216613229,-0.048718581206076486,1.4739775389443845,1.2771809024864893,-0.1637819115774874,-0.04867193913068056,0.2709786999155998,1.8404454569492767,1.08909267626446,-1.0855431305204675,0.5916354241303016,-1.552755435865895,-0.8257271719127897,0.5947613997946539,0.5000266216792364,0.019652912383942227,-0.5359696607245527,-0.2585651846572307,-1.3925471563078609
0.19492253604667834,-1.0664720518431965,0.33103479093149984,0.2703492194157866,-1.5471938928075526,1.2140976468148543,1.1910722660029958,0.04172238471336391,0.05955841789977966,0.4813164605921596,-0.7318169158105572,0.7420429040921181,0.2611364005259204,0.17282574517066432,0.46594725796103226,0.4004260580696671,0.4126344018780712,-1.9697311750394524,1.9806974991268005,1.2572467113927144,1.2048658781030346,-0.33336336802631933,0.0570247427096067,-0.26077240465075285,1.3292420230551172,0.265129851759935,0.3873741701588338,-0.12351088271906746,0.22469677287482445,-1.0637325268862174,-0.9029630101016574,-0.7895393380469181,1.215006582812069,0.8517823397413613,0.5799078658118131
1.429185148995532,0.9376710793983659,0.8070677002248198,0.9680953433926931,-1.6338046892246108,0.03330086199440727,-0.4339241793285788,0.9326651653262644,0.801448624358841,-1.3103783065882237,1.4311276448288268,0.7420429040921181,1.6246539817954908,0.2951012584272942,1.3394580210783409,1.4600569192200104,0.4126344018780712,-1.1569950776484088,0.921569713499622,1.4307592588705431,1.2919912882729152,0.8426907357974586,-0.0790931332138248,-0.09740069862130207,0.5379711748790268,0.5814355612070494,1.2116666409229755,-0.49463500112316533,0.4451829270747901,0.17483201590986006,0.17543153173758677,-0.4262282900115346,1.8551090198113886,1.705136676367039,1.2401231180873624
1.5937534973887126,0.9376710793983659,0.1883886268441935,0.19282187230724143,1.1377407961212551,-0.45290957881401206,-0.5693405497728766,-0.49284328365437613,-0.6152261417438892,-0.414530922998032,0.43284553991834157,-1.4826560530703778,-1.10238118074365,0.06562794526130433,1.3394580210783409,0.4004260580696671,-0.9711137216613229,1.2812132145247221,-0.7666661319824459,-0.7941085043222491,-1.2801750572617745,-0.5164296242079583,-0.48447746868161423,-0.6647484410306248,-0.7358421535377384,0.13449242701906639,1.1524920830173087,-0.8877723991026075,0.1048047283017818,1.9152258616767657,0.11051814831984474,1.334693614898394,-1.2841428291575117,-1.0734884285678141,-1.3925471563078609
0.8531959296194004,0.9376710793983659,0.6050118408646488,1.1231500376097834,0.27163283195067195,1.005721743611246,-1.2464224019943662,0.10111857008755733,0.3913585604869981,-0.414530922998032,-0.5654365649921436,0.7420429040921181,0.2611364005259204,-0.0010603636229349232,0.46594725796103226,1.4600569192200104,-0.9711137216613229,0.9117877157106115,0.7471251370433807,0.5467265038398942,0.8133964660046475,0.050805544747052886,0.7307108048735478,-0.21947594471017393,0.7821614212371697,0.32344073703455306,0.7062290844322335,-0.3376096007963672,0.16582697352075587,-0.9596239516488788,-0.9868868961012098,-0.7510924024417853,0.7003673573761331,0.523595738783873,0.5799078658118131
1.676037671585303,-1.0664720518431965,-0.5742147479574042,0.2703492194157866,1.2243515925383133,-1.633706363634459,-1.2464224019943662,1.3781365556327143,0.0931112413074759,-1.3103783065882237,0.10008483828151368,1.8543923826733661,1.6246539817954908,-0.7839325179561016,1.3394580210783409,0.4004260580696671,-0.9711137216613229,1.7245238131016551,-1.5150869767880872,-0.19862681474588642,0.7729835586302886,0.8260115314306379,-2.0924452830116613,0.4697036284770532,-1.640758741185343,-0.7028413085492402,0.6596450553494297,-1.2838934318282442,-0.7492842475693681,-1.1058468948732931,0.6717926188782096,-1.1687075236452251,0.40168479786923583,0.8081658745222952,1.6129200657194627
-0.05192998654309242,0.9376710793983659,0.6947847482480611,0.5804586078499673,-1.0275291143052028,0.3805940340004211,0.7848231546701021,1.3781365556327143,1.8863232478743528,-1.3103783065882237,1.4311276448288268,0.7420429040921181,1.6246539817954908,0.3862287063315058,-0.40756350515627643,1.4600569192200104,0.4126344018780712,-1.304765277174053,0.7628251489244426,1.7123734660505674,1.4273581360847638,1.8104204119797678,1.1692154334161673,0.6878589012054838,0.9905307071917653,0.5675230351811922,0.33827515353378057,0.262685290898086,0.4842856583868937,0.17483201590986006,0.2952869255408091,-0.5647684916232462,1.7750377529574672,1.8323486532564819,1.2401231180873624
-1.3684767736885364,0.9376710793983659,1.4890019312603286,0.7355133020670576,-0.854307521471086,-0.9391200196224314,-1.6526715133272598,-0.7601261178382465,-0.7047003374977459,1.3771638441823513,-0.5654365649921436,0.7420429040921181,0.2611364005259204,1.1461293887661115,-1.2810742682735852,-1.7188356642310194,-0.27923965989162586,0.17293671808238997,-0.21232003346594616,-0.6984919148197364,-0.06254865910906177,-0.4559044613335727,-0.05272066034743934,-1.3302164911421457,-0.2195980665593284,1.3759715968764348,-0.5003981584039887,2.1665545719602535,1.2714191394763659,-0.9596239516488788,-1.559286650109435,-0.37691681383562103,0.2480914869122804,-0.18026010126031558,0.5799078658118131
-0.46335085752604366,0.9376710793983659,0.521849667527705,2.0534782029123235,0.35824362836773027,-0.45290957881401206,-1.517255142882962,0.9920613507004579,1.0959678520486191,0.4813164605921596,1.4311276448288268,0.7420429040921181,1.6246539817954908,-0.5641337162284749,-0.40756350515627643,1.4600569192200104,-0.9711137216613229,1.133443014999078,-0.3487278225745859,0.5009245650928201,0.7859768346040547,1.399504841953622,0.39584031826426597,0.3173311068637943,-0.15156508220245463,-0.006308039885296203,-0.5952031432787787,0.4757736523575949,-0.28621035423394076,0.17483201590986006,0.48739418537211393,-0.44594154123030716,1.1638753162437028,1.232771864803698,1.2401231180873624
0.19492253604667834,0.9376710793983659,1.02953081745802,-0.8150336401038439,-0.6810859286369695,-0.31399231001160655,-1.6526715133272598,-0.37405091290598996,-0.4735586651336162,-1.3103783065882237,0.7656062415551702,0.7420429040921181,0.2611364005259204,1.558925270295149,0.46594725796103226,1.4600569192200104,-0.27923965989162586,0.32070691760803427,0.2152121662095962,-0.17526821784862254,0.34262220152383255,-0.4044783430391619,-0.3721717423085433,-1.0064526365565014,-0.058431085321008,1.3362754884684762,1.2480051519262148,0.29959085135567,1.4585991496763668,-0.18178583924822353,-0.4606109575172522,-0.07976122110125697,0.45602522620684915,0.1396825910358016,0.5799078658118131
-1.6976134704748975,0.9376710793983659,0.7700209003097084,1.5883141202610527,-1.6338046892246108,-0.31399231001160655,1.3264886364472936,1.3781365556327143,1.5321545563486703,-0.414530922998032,1.4311276448288268,0.7420429040921181,1.6246539817954908,-0.0688813221248641,-1.2810742682735852,1.4600569192200104,-0.9711137216613229,-2.1175013745650966,0.3737353413701898,1.3859558123148539,1.2697774628941667,1.8089017883522818,0.5250204894231446,0.3931609054406619,0.4191169141325582,0.37755837691644567,-1.7370690250459924,2.173272595904597,0.15855663231266323,0.17483201590986006,0.21456240231717674,-0.5647684916232462,1.5716534402096811,1.684293307914347,1.2401231180873624
-1.533045122081717,0.9376710793983659,0.19807302834046212,0.19282187230724143,0.35824362836773027,-1.5642477292332562,1.4619050068915915,0.21991094083594415,-0.07092478424126128,1.3771638441823513,1.098366943191998,-0.3703065744891299,0.2611364005259204,0.07506457818407061,-1.2810742682735852,0.4004260580696671,-0.9711137216613229,-0.49202917978300936,-1.8058948129851222,-1.0022222331727477,-0.819850345942373,0.5814750971600621,-0.6310634326221085,-0.265770404235799,-1.4399023522142533,0.14485869326609457,-1.3946993309577589,1.4806034433745843,0.11479361267648751,0.9122217818761421,0.6155168129058282,0.2717440012747834,-0.640141597653966,-0.3864710958264025,0.12869645000399213
-0.2987825091328632,0.9376710793983659,-0.3823185198101423,0.11529452519869628,1.5707947782065466,-0.03615777240679549,1.1910722660029958,-0.6710318397769564,-0.3505316459720633,-0.414530922998032,0.10008483828151368,0.7420429040921181,0.2611364005259204,-0.4946838502431617,-0.40756350515627643,0.4004260580696671,-0.9711137216613229,0.690132416422145,-0.8908682285004589,-0.9730148598845391,-0.3039993534185735,-0.36192772544059765,0.7801309041367843,-0.08252484142759724,-0.4187349562273277,-0.453795291522261,-0.4104318707741584,-0.20616863472049615,-0.4759595229244636,-0.5590884633101237,0.448765504000212,-0.1595371120238434,-0.10610158273274592,-0.3658929076303336,0.5799078658118131
0.5240592328330393,0.9376710793983659,-0.6956014635514864,-0.03976016901839404,1.2243515925383133,0.45005266840162383,0.3785740433372085,0.16051475546175073,0.2571472668562131,-0.414530922998032,0.7656062415551702,0.7420429040921181,0.2611364005259204,-0.7374536230355315,0.46594725796103226,-0.6592048030806762,-0.9711137216613229,0.8379026159477893,-0.26505909146434475,-0.046404723601994304,0.4332657755481538,0.10832919496115784,0.27091418327113526,0.7349791504862074,-0.13729940627843337,-0.7439705957621312,0.03927475208333403,-0.8713743543357693,-0.7462743087611121,-0.18178583924822353,1.4788621969959,-0.3310978595833866,0.22166876968015,0.21262622506401388,0.5799078658118131
0.9354801038159906,0.9376710793983659,-0.06243038391192238,1.820896161586688,-1.2007507071393193,-0.31399231001160655,0.7848231546701021,-0.8492203958995366,-0.8836487290054592,0.4813164605921596,-1.0645776174473858,-0.3703065744891299,-1.10238118074365,-1.0622231843369432,1.3394580210783409,0.4004260580696671,1.7963825254174652,-1.4525354766996974,0.18107028690986346,-0.5787391718944571,-0.4843027627032047,-0.8570281840299772,-0.3719589274378936,-0.731645845556965,-0.08063505078854273,-0.5713104257954922,0.08659209298885928,-0.7408392293768942,-0.8255633874548883,-0.5915406360112303,-0.8658737040799248,-0.07601893917575457,-0.9503062460397659,-0.9754057052094637,-0.8760410563540361
1.1000484522091711,0.9376710793983659,0.5483158029679436,-0.03976016901839404,-1.2007507071393193,-0.45290957881401206,-1.2464224019943662,-0.7304280251511498,-0.8165430821900667,0.4813164605921596,0.10008483828151368,0.7420429040921181,0.2611364005259204,0.5805072205020444,1.3394580210783409,1.4600569192200104,0.4126344018780712,-0.34425898025736507,0.3094699385890059,-0.419322883795041,0.161598459895433,-0.741833679050497,-0.4817229379010203,-0.994862085451278,-0.04199628999476215,0.5870412431367334,1.2117329113153217,-0.4892791282043822,0.5921628938572622,-0.5590884633101237,-0.4776270589315723,-0.1254171861071259,0.5004367111061447,-0.004523517810876077,0.5799078658118131
0.5240592328330393,-1.0664720518431965,-1.3861921317526829,-0.6599789458867553,-1.0275291143052028,1.0751803780124487,0.6494067842258042,-0.0176738006608295,-0.03737196083356504,0.4813164605921596,-0.23267586335531493,0.7420429040921181,0.2611364005259204,-1.1042137567398995,0.46594725796103226,-0.6592048030806762,1.7963825254174652,-1.2308801774112308,1.4492213779291427,0.8675768409354914,0.997636158004374,-0.3857708796294214,-0.05038799655024302,1.1259531844501323,0.9095153257129223,-1.2983114588832994,-0.1926934007599733,-1.2087196433671719,-1.214635051501238,-0.756274678886085,1.361852311614302,-0.5900981291428898,1.0014167592222998,0.6770981790672718,0.5799078658118131
-1.4507609478851267,0.9376710793983659,0.4817886804254641,1.3557320789354173,1.2243515925383133,-0.45290957881401206,-0.9755896611057703,1.615721297129488,1.6850063074281754,1.3771638441823513,1.4311276448288268,0.7420429040921181,1.6246539817954908,-0.25387271190463995,-1.2810742682735852,1.4600569192200104,-0.9711137216613229,1.5767536135760107,-0.7343987658817469,0.6129183194105101,0.8525093884207608,2.0590204098262377,0.3943732341150866,0.755799564546428,-0.42793957290746715,0.12998282711760395,-1.4836009223760875,1.5567156000342277,-0.05967943209009076,0.17483201590986006,0.5332363442230846,-0.630743540713346,0.9277005750928745,1.2945752238614459,1.2401231180873624
-1.533045122081717,-1.0664720518431965,-1.1762615785685029,-1.1251430285380246,0.7046868140359634,1.7697667220244764,0.24315767289291063,-2.2450307521930806,-1.7970311439927458,1.3771638441823513,-1.7300990207210423,-1.4826560530703778,-1.10238118074365,-0.5993169098169057,-1.2810742682735852,-0.6592048030806762,-0.9711137216613229,0.46847711713367857,1.0130124350291032,-1.5057698001107727,-1.8133056618823016,-2.1731716564973493,1.4518474888438422,-1.0062156172816374,1.3177993546644016,-0.9310294432321566,-1.8173802328233857,0.5461650592743366,-0.7702129514664193,-0.09078229792448163,-0.6178337357942721,1.8132469626504477,-0.6787773620743656,-1.4277039118225054,-1.3925471563078609
1.1000484522091711,0.9376710793983659,0.1591809517172034,-0.7375062929953005,-0.5078643358028528,0.45005266840162383,-1.6526715133272598,0.012024292026267206,0.1192078817356841,-1.3103783065882237,1.7638883464656554,-0.3703065744891299,0.2611364005259204,0.5805072205020444,1.3394580210783409,0.4004260580696671,0.4126344018780712,0.46847711713367857,0.7386842704406589,0.4611337767585478,0.19026041287156192,-0.03272921911252455,0.27218608283340257,-0.09645145483387287,0.5711031532110358,0.37842716885754446,1.2117329113153217,-0.6989107916933192,0.4875837696675624,1.3127572702148969,1.1820265930278553,0.6204027141905701,0.6966052375820392,0.4810180911490466,0.12869645000399213
-0.3810666833294534,-1.0664720518431965,-0.12526981716665483,-1.745361805406386,1.0511299997041967,-0.8002027508200259,-0.16309143843998303,0.338703311584331,-9.104593612476914e-05,-1.3103783065882237,-0.8981972666289715,0.7420429040921181,0.2611364005259204,0.9187285189031474,-0.40756350515627643,0.4004260580696671,-0.27923965989162586,0.9856728154734336,-1.0605734319592712,-0.446789813153404,0.14039774127717117,0.31523797432722334,-0.6959058788808037,0.02119260211482835,-0.9884937135166757,0.395575003997637,0.40262273941268356,0.007525772786798165,0.6665629009461904,-1.1695339984876092,-0.6765230364952767,-0.9442645923198163,-0.19986460884003052,-0.021281195884149964,0.5799078658118131
-0.3810666833294534,-1.0664720518431965,0.2365567816577449,-0.9700883343209342,1.1377407961212551,-0.9391200196224314,-1.517255142882962,-1.8292574545737268,-1.81939969293121,-0.414530922998032,0.10008483828151368,-1.4826560530703778,-1.10238118074365,0.8065253687588315,-0.40756350515627643,0.4004260580696671,0.4126344018780712,1.7984089128644773,-0.9629231054008989,-1.7291943669971566,-2.0065773134342026,-1.7711788628314247,-0.8108363944360696,-1.577245646463014,-0.9627278610150597,0.5334514322000155,0.33297753193358853,0.22824062710908377,0.6792217438974918,1.6440763308871427,-0.19378287298277563,2.5949687080983237,-1.3569328888387169,-1.5500070047436947,-1.3925471563078609
-1.6153292962783072,-1.0664720518431965,0.08013651231931802,0.19282187230724143,-0.9409183178881444,-0.2445336756104038,0.24315767289291063,-0.16616426409631302,-0.2386889012797425,-1.3103783065882237,-1.5637186699026284,0.7420429040921181,0.2611364005259204,-0.04938608418425993,-1.2810742682735852,0.4004260580696671,-0.9711137216613229,-0.9353397783599423,0.17644216549367717,-0.028508614155781757,0.4456032995760212,-0.16997524361664834,-0.22767044513712323,-0.3132943980802235,-0.02581723054332644,0.018636910217720376,-1.5953631412491083,1.528576749901839,-0.01172870135072374,-1.6108317008829456,-1.3719622499532038,-1.036990242641148,0.4376125108685736,0.2225916922895259,0.5799078658118131
-0.6279192059192241,-1.0664720518431965,-0.2215962200813821,-0.42739690456111984,0.35824362836773027,-0.45290957881401206,1.1910722660029958,-0.700729932464053,-0.7643498013336503,1.3771638441823513,-1.8964793715394566,0.7420429040921181,0.2611364005259204,-0.010678834688671519,-0.40756350515627643,0.4004260580696671,-0.9711137216613229,-0.34425898025736507,-0.7742476956789704,-0.9338083070298927,-0.26808641703542996,-0.683395590757987,-0.399189841989755,-0.5426276763851413,-0.7131345089384481,-0.12332956998178048,-0.39783187494558997,0.1516276226013412,-0.06346082142480551,-1.8432366608395752,-1.4642375600646633,-0.9937095172178418,-0.042930421025876284,-0.33853091519493306,0.5799078658118131
-0.9570559027055852,0.9376710793983659,0.24133896607270153,0.2703492194157866,-1.114139910722261,-0.8002027508200259,0.5139904137815063,-1.7104650838253401,-1.5286085567311758,-1.3103783065882237,-0.5654365649921436,-0.3703065744891299,-1.10238118074365,0.07820517342274706,-1.2810742682735852,0.4004260580696671,-0.9711137216613229,-1.2308801774112308,-0.3021330827305452,-1.4361869594887717,-1.2166243892003386,-1.460988984217307,0.08106446919761204,-1.3652360309986995,-0.2321506205522108,0.16910735276980107,-0.6734748971194924,0.765806479280284,0.1285614435702173,-0.21240541170104382,-0.7072124293209593,0.9368125230356825,-1.1169983897384759,-1.3907934935054431,-0.8760410563540361
-0.3810666833294534,0.9376710793983659,1.325598337864697,-0.1172875161269392,0.44485442478478854,-0.5918268476164176,1.3264886364472936,-0.8789184885866334,-0.7121565204772339,-0.414530922998032,0.9319865923735845,-1.4826560530703778,-1.10238118074365,1.4557683759888371,-0.40756350515627643,-1.7188356642310194,-0.27923965989162586,-0.34425898025736507,-0.9548673013903001,-1.1346690544571982,-1.5214750150945933,-0.580866119446895,0.2704504698890605,-1.2704142517959045,-0.6238916753294391,1.4435318103191723,0.7351341737735472,0.931638650099294,1.4604757994488509,2.30187309044482,-0.6148802854493018,1.9238693329307528,-1.3539186000832273,-1.2368106049522503,-1.3925471563078609
-0.7102033801158144,0.9376710793983659,1.9605718180029341,2.131005550020869,-0.07481035371756128,1.1446390124136514,-0.2985078088842809,-0.04737189334792621,0.6970620626460082,-1.3103783065882237,1.098366943191998,0.7420429040921181,0.2611364005259204,0.9187285189031474,-0.40756350515627643,-1.7188356642310194,-0.27923965989162586,0.09905161831956781,0.9692121398427129,0.5470375287009343,0.8135816599261769,0.29823385039481504,1.8698457918574745,-0.8583181095138136,1.4772347393525471,1.5142007920301104,0.10242254492782968,1.6885214885598823,1.2261025678721897,-0.0010340179412842185,-1.0197211214924484,-0.13326622637711685,0.7980905267293009,0.5237491540517903,0.5799078658118131
-1.0393400769021754,-1.0664720518431965,0.10005799523549481,-0.42739690456111984,-1.4605830963904942,-1.5642477292332562,-1.6526715133272598,0.338703311584331,-0.2796979076669268,0.4813164605921596,-1.2309579682658,-1.4826560530703778,-1.10238118074365,0.33062350873924423,-1.2810742682735852,0.4004260580696671,0.4126344018780712,-0.34425898025736507,-0.4732150194934218,-0.054308396876707354,-0.8234237524453624,0.31681334191795013,-1.3344087430767293,-0.35781503967080946,-0.8427011799530724,0.22111468278479604,-0.606411489226527,0.762642169805277,0.28244814754281655,0.43002735691979954,-1.1198084751053128,-0.06013379405946913,-1.1777387996735162,-0.7513946353534819,-1.3925471563078609
-1.286192599491946,0.9376710793983659,1.5497022962823999,1.5107867731525075,1.4841839817894882,-0.6612854820176204,-1.6526715133272598,-1.08680513739631,-0.9246577353926435,1.3771638441823513,1.4311276448288268,-1.4826560530703778,-1.10238118074365,0.7973589877931087,-1.2810742682735852,-1.7188356642310194,0.4126344018780712,2.167834411678588,-0.8602570317319848,-1.2231014804339648,-1.5880503479822268,-0.801580082752541,0.20478969703962274,-1.4657882374232203,-0.5779560991346668,1.2327360781096557,-0.6100177306721888,2.092023651943031,1.0244871996133804,2.666827458131557,-0.5295006524420922,2.3891329531116474,-1.3186882089524523,-1.281007010710327,-1.3925471563078609
-1.3684767736885364,0.9376710793983659,1.3433320146120704,0.8905679962841478,-1.4605830963904942,0.6584285716052322,0.3785740433372085,-0.0176738006608295,0.5516664945459913,0.4813164605921596,0.10008483828151368,-0.3703065744891299,0.2611364005259204,0.9059908154708203,-1.2810742682735852,-1.7188356642310194,-0.27923965989162586,-1.4525354766996974,1.3612412480372909,0.8139366951696487,0.38385068315271464,0.3308680919920821,1.423855523277493,-0.5927923424652531,1.5829240264972753,1.1771653739506134,-0.6491847673773679,2.058870784887447,1.051407594366231,0.2610140326420753,-1.0989206795687154,0.007887573102588342,0.9649216958162244,0.6520766572409058,0.12869645000399213
1.1823326264057614,0.9376710793983659,-1.1342892440138936,-0.19481486323548436,-0.4212535393857945,0.5889699372040293,1.3264886364472936,-0.3146547275317966,-0.14548661403614183,-0.414530922998032,1.4311276448288268,-0.3703065744891299,0.2611364005259204,-1.110550600132862,1.3394580210783409,-0.6592048030806762,1.7963825254174652,-1.0831099778855866,0.5362673722977297,0.053229593985305065,-0.0535523156294574,-0.34679989141527257,0.3808505454356915,0.7495223199811946,0.47508091844189554,-1.1673076925620551,0.1957040803381246,-1.3622864031396575,-1.1515181079370118,1.115571054638936,2.886486869584535,0.6984333940777703,0.6053009268293291,0.2676139912849602,0.12869645000399213
-0.7924875543124047,0.9376710793983659,0.7325958508621967,-0.8150336401038439,-0.5078643358028528,-1.4947890948320535,-0.9755896611057703,0.7841747018907809,0.4323675668741824,0.4813164605921596,1.4311276448288268,0.7420429040921181,1.6246539817954908,1.241098588626729,-1.2810742682735852,1.4600569192200104,-0.27923965989162586,0.09905161831956781,-0.9174279433436939,-0.07089379521887315,0.4162858717253382,1.1799856531452244,-0.5652928368365129,-0.27962200308578444,-0.8580873040255865,1.0174497995138336,0.22084191443293186,0.9208398682692488,1.1399608120446874,0.17483201590986006,0.25450567851433736,-0.37509206950524876,0.8104955224758233,0.8912175862781377,1.2401231180873624
-0.545635031722634,0.9376710793983659,0.8599272627687435,1.5107867731525075,1.657405574623605,1.7003080876232737,0.6494067842258042,2.0017965020617443,3.276901373548875,0.4813164605921596,1.4311276448288268,0.7420429040921181,1.6246539817954908,0.06562794526130433,-0.40756350515627643,1.4600569192200104,-0.9711137216613229,1.0595579152362558,0.4577057261046167,1.98959342169386,1.5539497768069261,2.4680621817478308,2.382979193175257,1.3968965460080487,1.267388666335014,0.4939034496324579,-0.273986561783018,0.7679801552617116,0.28512104217214,0.17483201590986006,0.12029389821118458,-0.7280890784205747,1.6164380173382975,1.9516094240000597,1.2401231180873624
-1.6153292962783072,-1.0664720518431965,-0.5682496631029126,-1.0476156814294795,0.35824362836773027,-1.078037288424837,-1.2464224019943662,-0.34435282021889324,-0.6487789651515855,-1.3103783065882237,-0.7318169158105572,-1.4826560530703778,-1.10238118074365,-0.002661834123705574,-1.2810742682735852,0.4004260580696671,-0.9711137216613229,0.9856728154734336,-0.852837905797641,-0.7449314169721962,-1.2471420494947583,-0.33974571663607217,-0.9233771916691994,-0.21716388463494193,-0.9304738203777734,-0.3047958660477137,-1.566153775065861,1.0754954471226865,-0.15071310909784655,0.9122217818761421,-0.13124607907320623,0.5895499505251525,-1.3159387167121213,-1.0507542058661952,-1.3925471563078609
0.3594908844398588,0.9376710793983659,1.7004071821623417,0.8130406491756027,-1.6338046892246108,-0.6612854820176204,0.10774130244861274,0.576288053081104,0.2161382604690288,1.3771638441823513,0.43284553991834157,0.7420429040921181,0.2611364005259204,1.3292742410494418,0.46594725796103226,-1.7188356642310194,-0.27923965989162586,-1.4525354766996974,0.18107028690986346,0.5752212839661008,0.8303076236848334,0.5043055981635611,-0.6539848632453186,-0.9565002038497918,-0.1937939564854164,1.581458862313332,1.2203325241269893,0.6162671120650166,1.4658874066886516,-0.36770269129951977,-1.1660863825309304,-0.5900981291428898,0.4398150076774014,0.5376124288193358,0.5799078658118131
0.19492253604667834,-1.0664720518431965,0.01971409198719858,-0.6599789458867553,-1.2873615035563777,0.24167676519801556,-1.1110060315500683,0.4871937750198138,0.13039215620491618,-0.414530922998032,-0.5654365649921436,-0.3703065744891299,0.2611364005259204,0.38477528806608985,0.46594725796103226,0.4004260580696671,0.4126344018780712,-0.49202917978300936,0.9522153823365289,1.0371953178156814,0.4991822454324148,0.051765782367905085,-0.6794187157208134,0.01535479804204484,0.28015207915990026,0.20524992914936285,0.5196325391326281,-0.30369785496041407,0.30185622310699856,-0.21240541170104382,-0.5222767061594743,-0.4753750075192779,0.7906961348354307,0.7546261710187203,0.12869645000399213
-1.0393400769021754,-1.0664720518431965,-0.9777055333576589,-1.5127797640807503,-0.4212535393857945,0.3111353995992183,-1.1110060315500683,-0.34435282021889324,-0.22377653532076638,0.4813164605921596,-1.5637186699026284,-0.3703065744891299,-1.10238118074365,-0.14284803813997723,-1.2810742682735852,-0.6592048030806762,-0.9711137216613229,0.24682181784521212,0.5373591380815366,0.028063342387104454,-0.06938549002663885,-0.3399872109077926,0.2429547069286932,0.5212671819767626,0.4165324116541415,-0.5948322619185931,-0.9022292996993214,0.07704916593455423,-0.36803325768971445,-0.994142054558969,-0.6014301221711162,-0.5986236932830699,-0.8317364077810231,-0.7179483462313313,-0.8760410563540361
1.5114693231921223,0.9376710793983659,0.5920057580266962,-0.5824515987782102,-0.6810859286369695,1.561390818820868,0.6494067842258042,0.9326651653262644,1.4389522691050696,-0.414530922998032,1.4311276448288268,0.7420429040921181,1.6246539817954908,0.9478719554840136,1.3394580210783409,1.4600569192200104,-0.27923965989162586,-0.9353397783599423,1.666697261505566,2.001351168940718,1.5591825918690845,0.8428342745613727,1.1912428837303766,0.48769678212921846,1.7055345074413193,0.7952468862233414,1.6603175309150993,-0.6456213076946523,0.8814776960615431,0.17483201590986006,0.4083399748516055,-0.4262282900115346,2.210739390113374,1.9565451611854372,1.2401231180873624
0.19492253604667834,-1.0664720518431965,-0.21076742687598596,0.11529452519869628,-1.3739722999734358,0.3805940340004211,-0.7047569202171745,0.24960903352304084,-0.022459594874588932,1.3771638441823513,-0.5654365649921436,-0.3703065744891299,-1.10238118074365,-0.31402634879057734,0.46594725796103226,0.4004260580696671,-0.9711137216613229,-0.787569578834298,1.1017204209614408,0.9124924420580076,0.43540636827658385,-0.15462333930969915,-0.5758292208379869,0.06817754360737507,0.4233436874192771,-0.2703954988667766,0.08251205438280798,-0.43364171942586605,-0.2915718563265224,-0.21240541170104382,-0.3173585735226509,-0.3848601472819458,-0.6508927039493078,-0.38426628427619164,-0.8760410563540361
0.5240592328330393,0.9376710793983659,-1.0790634335309712,1.2006773847183267,1.2243515925383133,0.6584285716052322,1.1910722660029958,-0.5225413763414728,-0.3207069140541111,0.4813164605921596,0.43284553991834157,0.7420429040921181,0.2611364005259204,-1.8112218681533296,0.46594725796103226,-0.6592048030806762,1.7963825254174652,0.3945920173708564,-0.21232003346594616,-0.5215151938896351,0.08181261934189948,-0.5437389269067457,0.44189045961351864,0.5111802864586611,-0.03698155854424807,-1.4940471024534903,-0.6432580616773572,-1.0622123486976858,-1.6788599053145756,-0.36770269129951977,1.686490063898415,-0.11762087715496279,0.2480914869122804,-0.06744270727661741,0.5799078658118131
-0.3810666833294534,-1.0664720518431965,-0.3484824903146557,-0.8150336401038439,-0.5078643358028528,0.10275949639561004,-0.027675067995685147,1.4969289263811012,1.3867589882486533,1.3771638441823513,0.10008483828151368,1.8543923826733661,1.6246539817954908,0.08761216632457924,-0.40756350515627643,0.4004260580696671,-0.9711137216613229,-0.4181440800201872,0.293880746429397,1.417327989871385,1.7715046926079514,1.4312283755981283,0.06391252951234992,1.3946679272081552,0.17190458477657342,-0.14168019343943702,-0.11486876290632073,-0.12520290730998304,-0.022857613081750616,-1.1058468948732931,0.4106746295802126,-1.1924995470098458,1.5285893285157872,1.6989062553878336,1.6129200657194627
-1.0393400769021754,0.9376710793983659,0.3356953685894247,-0.8150336401038439,-0.2480319465516779,-1.2169545572272424,1.4619050068915915,-0.28495663484469985,-0.37290019491052745,1.3771638441823513,0.5992258907367559,-0.3703065744891299,0.2611364005259204,0.8169755327604161,-1.2810742682735852,0.4004260580696671,0.4126344018780712,-1.0092248781227644,-1.2807930642604233,-0.949067127867404,-0.7752315227448674,0.04787558892957996,-0.3081071277990466,-0.5732972911361253,-1.0170093479222584,0.5915747206366215,-0.3038869225803582,0.9198679300765462,0.7136100496803861,0.5947613997946539,0.08509742418154186,0.3546563607848674,-0.32494072962450193,-0.34914471440920014,0.12869645000399213
1.429185148995532,0.9376710793983659,0.5527083065902152,1.1231500376097834,0.6180760176189052,-1.355871826029648,1.5973213773358894,0.7544766092036842,0.08565505832798785,1.3771638441823513,1.4311276448288268,1.8543923826733661,1.6246539817954908,-0.057497536577516335,1.3394580210783409,1.4600569192200104,-0.9711137216613229,-0.34425898025736507,-1.737552259472727,-0.6935976470948992,0.36823254940083455,0.6739771248058863,-1.231797245254515,-0.3891050403960666,-1.5439368335230519,0.2674788369570693,0.9912406572836985,-0.6323869544908545,0.10911260066518406,-0.46269192777914897,0.45243066408282195,-0.6975065601568649,0.2380575754632966,0.4577443610130282,1.6129200657194627
1.429185148995532,-1.0664720518431965,-1.051759442598498,-0.6599789458867553,-0.9409183178881444,0.7973458404076377,-1.2464224019943662,-0.4631451909672794,-0.5108395800310565,-1.3103783065882237,-0.5654365649921436,-0.3703065744891299,0.2611364005259204,-0.750954175127362,1.3394580210783409,-0.6592048030806762,-0.9711137216613229,-0.12260368096889863,1.2343668850763299,0.2989092171462436,0.09606538988855838,-0.7713489531374055,-0.259479496917066,0.2869895618189379,0.6617976307987221,-0.9412245444692151,0.5552833265648514,-1.4133763274500823,-0.8528351450642858,-0.21240541170104382,0.5539396628925664,-0.05101197397068591,0.9116940304967943,0.398294822820914,0.12869645000399213
0.19492253604667834,0.9376710793983659,-0.19997053001487733,0.34787656652433174,-1.6338046892246108,0.3805940340004211,-1.6526715133272598,-0.10676807872211962,-0.015003411895100877,-0.414530922998032,-0.06629551253690062,-0.3703065744891299,0.2611364005259204,-0.4317681520291337,0.46594725796103226,0.4004260580696671,-0.9711137216613229,-0.49202917978300936,1.3199634083794158,0.6999829171245432,0.32291246608448654,-0.14694738715622507,0.21209404121945882,0.06604774731981494,0.9513960672529216,-0.324857513181831,0.008544042266488557,-0.4276210255441424,-0.3789434974936825,0.14584912995505098,0.10396693682549352,-0.016612479667157384,0.9476827117538572,0.598082809603944,0.12869645000399213
-0.6279192059192241,0.9376710793983659,0.3865743964009876,-0.1172875161269392,-0.2480319465516779,-1.5642477292332562,-0.4339241793285788,0.6950804238294908,0.3279810051613496,-0.414530922998032,-0.23267586335531493,0.7420429040921181,0.2611364005259204,0.4539494460724616,-0.40756350515627643,0.4004260580696671,0.4126344018780712,0.02516651855674566,-1.1732435478435452,-0.31285514050488633,0.24215224701460322,1.0871680937833823,-0.626884719153851,-0.10884655492921676,-1.0389961887760077,0.4363392088317892,-0.10782597203292328,0.534206170423853,0.45274494080571265,-0.756274678886085,-0.5778921147624009,-0.8312269070021665,-0.26336359419466837,0.05940126448626286,0.5799078658118131
0.5240592328330393,0.9376710793983659,0.8518444726487657,0.6579859549585124,-0.1614211501346196,0.6584285716052322,1.0556558955586979,1.318740370258521,1.4277679946358375,1.3771638441823513,1.4311276448288268,1.8543923826733661,1.6246539817954908,0.5106930884603663,0.46594725796103226,1.4600569192200104,0.4126344018780712,-0.7136844790714758,0.48061258967967857,1.4246142338382481,1.7752281007048907,1.2092127477238104,0.4378248146510868,0.25897020969814605,0.4595847655555814,0.7142691962793744,0.8213977549879796,-0.014825686006312743,0.6206554409392544,-0.46269192777914897,0.1286724706134671,-0.8549883347579492,1.6285677679091493,1.7022880655026675,1.6129200657194627
1.1823326264057614,-1.0664720518431965,-0.3428733938350652,-1.35772506986366,1.2243515925383133,-0.31399231001160655,-0.027675067995685147,1.5266270190681979,0.7567115264819128,-0.414530922998032,0.10008483828151368,0.7420429040921181,1.6246539817954908,0.43389713242915506,1.3394580210783409,0.4004260580696671,0.4126344018780712,1.0595579152362558,-0.7792649069487295,0.5154577803101766,0.7947091813557503,0.9531711799332848,-1.0974772847694494,0.8444911661945601,-0.9419882076020315,0.03515130557512985,1.1661232109906445,-0.9904113532827427,0.24123675044483264,-0.5590884633101237,0.4043951557174977,-0.9501305426802861,0.899289034750271,1.2408779398969285,1.2401231180873624
-0.2164983349362729,-1.0664720518431965,-0.6404794648992158,0.19282187230724143,-0.1614211501346196,-1.078037288424837,-0.5693405497728766,-0.7898242105253431,-1.006675748167012,0.4813164605921596,-0.5654365649921436,-0.3703065744891299,-1.10238118074365,-0.811297154146483,-0.40756350515627643,-0.6592048030806762,-0.9711137216613229,0.17293671808238997,-0.7792649069487295,-0.9943748701247491,-0.8132139350311275,-0.7686395432114587,-0.9227571321803116,-0.502032430758665,-0.8855429822506833,-0.7516612650585074,-0.5424085751558588,-0.411537056464448,-0.7879305614182138,-0.21240541170104382,0.10202776262659384,0.14396713641308004,-1.2887756676809112,-1.1682451234383322,-0.8760410563540361
-0.7924875543124047,-1.0664720518431965,-0.8339402900877495,0.34787656652433174,0.9645192032871384,-1.4253304604308508,-0.16309143843998303,-1.7104650838253401,-1.8119435099517218,1.3771638441823513,-0.06629551253690062,-0.3703065744891299,-1.10238118074365,-1.0999947741602902,-1.2810742682735852,-0.6592048030806762,1.7963825254174652,0.9117877157106115,-1.5032098992421308,-1.834546327251809,-1.6446333171770333,-1.6577370268591818,-1.2224829468823855,-1.176259164799981,-1.4048859755440841,-1.0018193260503452,-1.2432747099882613,-0.07309554066162291,-1.0623497929349022,0.14584912995505098,0.8221618394627935,1.2288599719794553,-1.5645144918050282,-1.60979975545113,-0.8760410563540361
-1.0393400769021754,-1.0664720518431965,-0.35972649862258455,-1.745361805406386,1.2243515925383133,-0.6612854820176204,-0.2985078088842809,2.0017965020617443,1.4501365435743017,0.4813164605921596,0.10008483828151368,1.8543923826733661,1.6246539817954908,0.6681244017979783,-1.2810742682735852,0.4004260580696671,0.4126344018780712,1.2073281147619002,-0.9908115015318577,0.6260269583353028,1.3309137777783702,1.9168812856904567,-0.5781743317623963,1.4624553357121568,-0.9087814189642397,0.14399587279169973,-0.39634243596578733,0.46323478066768375,0.4141041137664878,-1.1058468948732931,0.4232923555321338,-1.2838065849023426,0.7625124217687282,1.3017112300274893,1.6129200657194627
-0.05192998654309242,0.9376710793983659,-0.10945867618522792,1.5107867731525075,-0.854307521471086,0.45005266840162383,1.4619050068915915,0.16051475546175073,0.659781147748568,-1.3103783065882237,0.5992258907367559,0.7420429040921181,0.2611364005259204,-0.9550702820313607,-0.40756350515627643,0.4004260580696671,-0.9711137216613229,-1.5264205764625194,0.652709258033559,0.5400030375139162,0.8093898161211809,0.5200672684735292,1.2324702523442077,0.5431186112271017,0.9326339710612787,-0.5420020929750697,-0.5036454193275074,-0.22014186465690447,-0.7558058562003357,-0.27408025392974295,0.5722245808004308,-0.3838047741612931,0.6580810999229048,0.520277058530631,0.5799078658118131
1.2646168006023515,-1.0664720518431965,-0.3541001831140512,-0.2723422103440295,0.7046868140359634,-0.8696613852212286,0.9202395251144,1.2890422775714243,0.3428933711203257,1.3771638441823513,0.10008483828151368,0.7420429040921181,1.6246539817954908,-0.24194996195946156,1.3394580210783409,0.4004260580696671,-0.9711137216613229,0.09905161831956781,-1.2032825014022401,0.011088068153159254,0.4726910439952018,0.7467443857047884,-1.518227042993963,0.49731029278403494,-1.3151756589551036,-0.3111072344691309,0.7883663195650574,-1.0290675364143254,-0.2754047518278297,-0.5590884633101237,0.41697366566680066,-0.8933992633291234,0.6202161237545503,0.9431172170429295,1.2401231180873624
1.1000484522091711,0.9376710793983659,-0.38798834899032153,-0.8150336401038439,-1.0275291143052028,0.45005266840162383,-0.9755896611057703,0.13081666277465404,0.22732253493826088,0.4813164605921596,-0.5654365649921436,0.7420429040921181,0.2611364005259204,0.04510508280393632,1.3394580210783409,0.4004260580696671,-0.9711137216613229,-0.34425898025736507,0.971741826197213,0.7159514576581192,0.9122239773484366,0.07783007840468621,0.2657776658081385,0.4266353043156579,0.7324944790822612,-0.18398274724406982,0.8776696523067926,-0.9787269175129616,-0.06568375353465762,-0.9596239516488788,-0.1505184243660891,-0.7614671613984534,0.7991898812535713,0.6057190111592692,0.5799078658118131
1.5937534973887126,0.9376710793983659,-1.113481938374577,0.5029312607414221,-0.5944751322199111,1.7697667220244764,-1.381838772438664,-0.403749005593086,0.12293597322542812,-0.414530922998032,0.5992258907367559,-0.3703065744891299,-1.10238118074365,-1.4778537853392564,1.3394580210783409,-0.6592048030806762,1.7963825254174652,0.24682181784521212,1.8305557090009446,0.6829503407048969,0.3136778101548806,-0.43052612840011784,1.3656222377689256,1.0164401360792077,1.9267445800565186,-1.3428883347631229,0.17836500924127596,-1.4947135355227186,-1.4296310191576695,0.5947613997946539,1.922847074725877,0.42631015148876855,-0.4289263014666312,-0.46672074460083873,-0.8760410563540361
-0.46335085752604366,-1.0664720518431965,-0.13584859459334417,0.19282187230724143,-0.2480319465516779,0.45005266840162383,1.1910722660029958,-1.2055975081446968,-0.991763382208036,0.4813164605921596,-1.5637186699026284,-1.4826560530703778,-1.10238118074365,-0.2778255399185019,-0.40756350515627643,0.4004260580696671,-0.9711137216613229,-0.8614546785971201,0.32253362076309505,-0.8085806179926472,-1.2899781681632272,-1.1688213108411043,0.36235628003592874,-0.7789944829162155,0.3148107182262008,-0.2124141340781624,-0.41528815567936916,0.06620386898355775,-0.24397382521797892,0.08749315907529455,-1.2327005782547396,0.6668856018939314,-0.902803021322493,-1.0802179719772451,-1.3925471563078609
1.5937534973887126,-1.0664720518431965,-0.6404794648992158,-1.1251430285380246,-1.2007507071393193,1.4919321844196654,-0.8401732906614724,2.1205888728101314,2.0839120968307863,0.4813164605921596,0.10008483828151368,0.7420429040921181,1.6246539817954908,-0.031598675530554954,1.3394580210783409,-0.6592048030806762,-0.9711137216613229,-0.5659142795458315,1.9936109288125223,3.566948724460925,2.1746939610307185,1.4693522712937181,0.26964874005182565,2.3948531119344114,1.4548082547972152,-0.35777874200656096,1.0916479889767623,-1.2860047768330602,-0.1920733773017093,-0.5590884633101237,0.7516511192589239,-1.0743426661639601,2.357230715334397,2.5401326879807615,1.2401231180873624
-0.8747717285089949,0.9376710793983659,1.5463562952886296,0.5029312607414221,0.27163283195067195,-1.633706363634459,0.7848231546701021,0.21991094083594415,-0.09702142466946947,-0.414530922998032,-0.8981972666289715,0.7420429040921181,0.2611364005259204,1.3361532550505777,-1.2810742682735852,-1.7188356642310194,-0.27923965989162586,-0.1964887807317208,-1.671586838256416,-0.915096031958099,-0.2511225972371761,0.5829716963712522,-0.692449322021998,-1.0406454402896854,-1.3704229719188257,1.5022906016307764,0.1954764128693491,1.5718215151478334,1.4298374610885962,-1.1695339984876092,-1.7693066163175286,-0.908009230916832,-0.557104515237985,-0.3255755845241384,0.5799078658118131
-0.6279192059192241,-1.0664720518431965,-1.3861921317526829,-0.5824515987782102,-1.4605830963904942,1.561390818820868,-0.2985078088842809,-0.4631451909672794,0.033461777471571474,-1.3103783065882237,-0.23267586335531493,-1.4826560530703778,-1.10238118074365,-1.1509191621480757,-0.40756350515627643,-0.6592048030806762,1.7963825254174652,-1.0831099778855866,2.2536149502261624,0.8457588418397632,-0.3594434928206534,-0.4559044613335727,1.2885610230401359,1.207637384805314,2.2188630468459176,-1.3216047322804008,-1.1157276833110936,-0.5269175959232092,-1.2504386665292473,1.361134051715745,1.361852311614302,0.9550790640028239,-0.3055651596076635,-0.4079613855445356,-1.3925471563078609
1.676037671585303,0.9376710793983659,0.7906486634366928,0.2703492194157866,0.6180760176189052,1.7003080876232737,1.5973213773358894,0.27930712621013754,0.8163609903178172,0.4813164605921596,0.5992258907367559,-0.3703065744891299,0.2611364005259204,0.6613481119653202,1.3394580210783409,1.4600569192200104,0.4126344018780712,-0.34425898025736507,0.9115352909601032,0.8157945192447904,0.38483222468991424,0.2214754711148551,1.3101597619030612,-0.07609626325231367,1.1712076212369376,0.7575042972876201,1.5650626100607752,-0.6062179673629937,0.718305057564634,0.5947613997946539,-0.3538515111962696,0.06026054886428557,0.772942150187122,0.6529474363514414,0.12869645000399213
-0.46335085752604366,-1.0664720518431965,-0.8211460577820981,-1.4352524169722052,-1.2873615035563777,0.7973458404076377,0.10774130244861274,-0.5819375617156662,-0.30579454809513495,0.4813164605921596,-1.8964793715394566,-0.3703065744891299,-1.10238118074365,-0.026761283491215086,-0.40756350515627643,-0.6592048030806762,-0.9711137216613229,-1.1569950776484088,1.3884654916619152,0.26186705610978417,0.07406068559771761,-0.5684314437899104,0.6525800443707195,0.3026166924042285,1.2194080503941296,-0.4523014403777052,-0.25798287171973117,-0.3364971779562162,-0.23724304944289115,-1.2770843337303666,-1.0719591278831817,-0.6733263643253014,-0.5620756232787527,-0.6253600191265826,-0.8760410563540361
0.03035418765349783,-1.0664720518431965,-1.8375403875160665,0.19282187230724143,0.09841123911655533,-0.8696613852212286,-1.381838772438664,-0.37405091290598996,-0.6114980502541452,0.4813164605921596,-0.8981972666289715,-1.4826560530703778,-1.10238118074365,-2.063402530247713,-0.40756350515627643,-0.6592048030806762,1.7963825254174652,0.8379026159477893,-0.5814934394547355,-0.614376525656738,-1.1614652926733249,-0.37078049575372496,-0.7540680276901535,0.890561067760958,-0.7080803335986364,-2.026944632576588,-1.1481798919249975,-1.1796286299090657,-2.081045322797568,0.7554275168486474,1.1253756150156475,0.5094144969311016,-1.216668289371167,-0.9913746362512168,-1.3925471563078609
-1.1216242510987657,0.9376710793983659,-1.0314140961900076,-0.19481486323548436,0.8779084068700801,1.4224735500184624,-0.8401732906614724,-1.9777479180092103,-1.3869410801209028,0.4813164605921596,-0.8981972666289715,-0.3703065744891299,-1.10238118074365,-1.0021105866685374,-1.2810742682735852,-0.6592048030806762,1.7963825254174652,1.2073281147619002,0.7354087102664688,-1.3327685583024311,-1.116321096344567,-1.746072882739207,2.1247616893230323,-0.6453042127253913,1.3957106584523815,-1.057536046492288,-1.5369310984289273,0.13052603857124814,-1.0402908601382759,-0.46269192777914897,0.16827224965160043,1.0563160879784965,-0.7673295146090658,-1.3369133348065656,-0.8760410563540361
1.429185148995532,0.9376710793983659,1.8513256709438852,1.3557320789354173,1.657405574623605,-1.2169545572272424,0.7848231546701021,-1.7698612691995335,-1.834312058890186,-0.414530922998032,0.9319865923735845,-1.4826560530703778,-1.10238118074365,1.1998271944123076,1.3394580210783409,-1.7188356642310194,-0.27923965989162586,0.9856728154734336,-1.7357138919845714,-1.9410441215026413,-2.204424985200215,-1.7312395435312828,-1.1112552168021934,-1.9939897859046878,-1.5133081540582483,1.5970203201666275,1.7740339488196368,0.1087951295281632,1.4086944924426341,2.30187309044482,-1.0216004330400181,3.0164297471860007,-1.6573023935611058,-1.671717835243085,-1.3925471563078609
0.19492253604667834,0.9376710793983659,0.5527083065902152,0.5029312607414221,0.44485442478478854,-0.31399231001160655,-0.16309143843998303,1.2890422775714243,0.9654846499075782,-1.3103783065882237,1.4311276448288268,0.7420429040921181,1.6246539817954908,0.27871401922335903,0.46594725796103226,1.4600569192200104,0.4126344018780712,0.46847711713367857,-0.4683596537484935,0.6168804273351387,0.8548317070328455,1.1835601898922454,-0.3656978887581749,0.20366951518942988,-0.5024422203692845,0.4369715623367645,0.4534825955523566,0.007989939803932467,0.3644875791164784,0.17483201590986006,0.45243066408282195,-0.5386934158156655,1.0921101174337298,1.2967342219470908,1.2401231180873624
0.2772067102432686,0.9376710793983659,0.8029698307827712,1.5883141202610527,0.7046868140359634,1.005721743611246,0.3785740433372085,1.2593441848843274,1.5284264648589263,1.3771638441823513,1.4311276448288268,0.7420429040921181,1.6246539817954908,-0.034826862157572594,0.46594725796103226,1.4600569192200104,-0.9711137216613229,0.3945920173708564,0.3961086112472855,1.3043665854623847,1.22882170142952,1.154709486565558,0.7303879001397181,0.36266598051198645,0.52135293108374,0.41280827478812965,0.31533015805839754,0.10630516128111608,0.19351691907594784,0.17483201590986006,0.17974005896580544,-0.5298302738346578,1.5836354903666552,1.645888650740277,1.2401231180873624
-0.3810666833294534,0.9376710793983659,1.767199850618352,0.6579859549585124,0.09841123911655533,1.6308494532220708,0.6494067842258042,0.30900521889723426,1.2861005180255645,1.3771638441823513,-0.7318169158105572,-1.4826560530703778,-1.10238118074365,1.4856723291562912,-0.40756350515627643,-1.7188356642310194,-0.27923965989162586,-0.2703738804945429,1.2199617521747708,1.047988883832578,-0.26585684100576723,0.6758273525040741,2.3193925981244496,-0.47277071572283635,1.9050918119257207,1.6960141179910353,0.7536112644587061,1.2323139752504872,1.6014203931212465,0.9122217818761421,-1.795711934664714,0.2278946663816141,-0.6140269021753177,-0.33682929869341477,-1.3925471563078609
-0.7102033801158144,-1.0664720518431965,-0.43941537259213215,-0.42739690456111984,-1.3739722999734358,1.283556281216057,1.0556558955586979,-0.700729932464053,-0.29088218213615885,-0.414530922998032,-0.06629551253690062,0.7420429040921181,0.2611364005259204,-0.24194996195946156,-0.40756350515627643,0.4004260580696671,-0.9711137216613229,-1.748075875750986,1.910707577873841,0.4019643977722229,0.7257084729641209,-0.6853538335755488,1.0530077180291897,0.012379421092147512,1.8209618340997895,-0.35641487572633035,-0.6212956126921998,0.09082460834204668,-0.29822030172579284,-0.6569346250336902,0.36027117832134076,-0.20753577607012622,1.1875284474050096,0.451158992001669,0.5799078658118131
0.03035418765349783,0.9376710793983659,0.517420006766089,0.19282187230724143,-1.2873615035563777,1.4919321844196654,-0.9755896611057703,0.19021284814884742,1.0959678520486191,-1.3103783065882237,0.2664651890999273,0.7420429040921181,0.2611364005259204,0.41518653185360693,-0.40756350515627643,1.4600569192200104,0.4126344018780712,-0.5659142795458315,2.0554594604651895,1.4694729165740037,1.3110313006154182,0.550912965899961,2.1933518292251697,0.32104571458416975,2.5637993962159733,0.48683668301533084,0.41862816138210546,0.09594173596768235,0.4584807046788995,-0.46269192777914897,-0.33271100143550875,-0.502708211356521,1.2441493090077729,0.9420686390418737,0.5799078658118131
0.3594908844398588,0.9376710793983659,-0.23789962946729315,0.9680953433926931,-0.854307521471086,-1.5642477292332562,-0.5693405497728766,-0.22556044947050644,-0.7345250694156981,-1.3103783065882237,0.9319865923735845,-1.4826560530703778,-1.10238118074365,-0.809336306260215,0.46594725796103226,0.4004260580696671,-0.9711137216613229,-0.4181440800201872,-0.9210011253194257,-0.7081703292456013,-1.2227252881784576,-0.259771196288079,-1.403886512367201,-0.5077826979891286,-1.1216049782736437,-0.5359104792732975,-0.11512787147494925,-0.5434598908077792,-0.6780795498998387,2.30187309044482,1.0149788373508468,1.3825384562935241,-1.3412717054135321,-1.0338925743307994,-1.3925471563078609
-1.203908425295356,-1.0664720518431965,-0.6648758533530328,0.2703492194157866,0.7912976104530218,-0.9391200196224314,1.4619050068915915,-1.8589555472608237,-1.8417682418696741,-0.414530922998032,-1.5637186699026284,-0.3703065744891299,-1.10238118074365,-0.8805405697432194,-1.2810742682735852,-0.6592048030806762,-0.9711137216613229,-0.12260368096889863,-1.4048592501021469,-1.8834540435904081,-1.7024942168729629,-1.7975723290822179,-0.8015797920662444,-1.275055748624273,-1.232943500219362,-0.7996341772018449,-1.557895601734861,0.45270295248929204,-0.8476066838167328,-0.994142054558969,-0.8536575319776885,0.4415503142559109,-1.5259091352667093,-1.6380463350264582,-0.8760410563540361
-1.6153292962783072,-1.0664720518431965,-1.3270691752709742,-0.2723422103440295,-0.3346427429687362,0.24167676519801556,0.24315767289291063,-0.6116356544027629,-0.49219912258233633,1.3771638441823513,-0.3990562141737293,-0.3703065744891299,-1.10238118074365,-1.2679304629725814,-1.2810742682735852,-0.6592048030806762,1.7963825254174652,-0.4181440800201872,0.293880746429397,-0.3286382206884698,-0.3050502938634344,-0.5978965218324537,0.1833227000830859,0.5472675648339803,0.22091279082398754,-1.3503054782026873,-2.3625139165836972,0.5679721330422891,-1.3251728275826224,-0.09078229792448163,1.0837544883128012,0.11306300700047746,-0.9123787517729325,-0.8660922693540816,-0.8760410563540361
0.6886275812262198,0.9376710793983659,0.5351066217035375,0.8905679962841478,0.44485442478478854,-0.5223682132152149,0.3785740433372085,0.338703311584331,0.06701460087926772,0.4813164605921596,1.2647472940104123,0.7420429040921181,0.2611364005259204,0.04826931960987069,0.46594725796103226,1.4600569192200104,-0.9711137216613229,0.17293671808238997,-0.7225704196004513,-0.22093129443491594,0.3097141581302059,0.27573794870679247,-0.5426651914737813,-0.39038080470622544,-0.7265243330391451,0.3113169150981443,0.6371254101116273,-0.29158620143301117,0.18476124687022455,0.08749315907529455,0.3550327179045309,-0.25264732084528435,-0.01525654868648388,0.11332050256160514,0.5799078658118131
1.0177642780125808,0.9376710793983659,0.7947603226834531,-0.8150336401038439,-1.4605830963904942,-0.7307441164188231,1.3264886364472936,0.9029670726391678,0.45846420730239057,-1.3103783065882237,1.4311276448288268,0.7420429040921181,1.6246539817954908,1.3074121878380953,1.3394580210783409,1.4600569192200104,-0.27923965989162586,-1.9697311750394524,-0.18739937968648324,0.559306923219197,0.820876542599942,0.8146531903258429,-0.7136420695529128,-0.30463654577088184,-0.44804177495181924,1.0841826500868965,1.6162090968432588,-0.31222367070952733,1.2065966688698309,0.17483201590986006,0.1883864231312813,-0.41621622234499217,1.25864070689044,1.2651787265226646,1.2401231180873624
0.2772067102432686,-1.0664720518431965,-0.7515650518835297,-0.42739690456111984,1.0511299997041967,0.3805940340004211,-0.9755896611057703,-0.34435282021889324,-0.5220238545002885,1.3771638441823513,-0.3990562141737293,-1.4826560530703778,-1.10238118074365,-0.5715149875355473,0.46594725796103226,-0.6592048030806762,-0.9711137216613229,1.4289834140503666,-0.07989495352836103,-0.3151500028780753,-0.9753119731519234,-0.6689121335924894,-0.5755238184031607,0.03581865079464194,-0.32836249276730994,-0.6901885084227882,-0.021588016075100833,-0.7721574045869027,-0.6343655369899872,1.2149111084913304,0.38644981485649016,0.7803815995290967,-1.0394605957609038,-0.8603293075205252,-1.3925471563078609
0.3594908844398588,0.9376710793983659,-0.22702263681503163,0.8130406491756027,-0.1614211501346196,-0.5223682132152149,-0.4339241793285788,-0.43344709828018274,-0.585401409825937,1.3771638441823513,-0.3990562141737293,-0.3703065744891299,0.2611364005259204,-0.7144154823651472,0.46594725796103226,0.4004260580696671,-0.9711137216613229,0.09905161831956781,-0.3457188272266007,-0.5273710412733512,-0.4464448565218848,-0.46010930277058654,-0.5428952825960138,-0.38978491436067353,-0.48581137899466553,-0.48238727538545845,-0.055218111143028915,-0.53752174761973,-0.6025488545796573,-0.09078229792448163,-0.15757736071934364,0.009718050814978108,0.18091372774030462,-0.07109607673176904,0.12869645000399213
-0.8747717285089949,0.9376710793983659,1.3149168038345442,0.8905679962841478,-0.9409183178881444,-0.5223682132152149,0.24315767289291063,-0.5225413763414728,-0.35798782895155135,-1.3103783065882237,0.10008483828151368,-0.3703065744891299,-1.10238118074365,0.876538979954363,-1.2810742682735852,-1.7188356642310194,-0.27923965989162586,-0.9353397783599423,-0.08273263381273814,-0.45325274438802426,-0.39279114427452705,-0.20361397511275647,0.33389676529889917,-1.0727716287088218,0.015194586602917953,1.146696150289528,-0.0892120321549177,1.4083420662568913,1.0213613131547044,0.2610140326420753,-1.079004091290208,0.28670242134691154,-1.0404411481918054,-0.9199667049438228,-0.8760410563540361
1.1000484522091711,0.9376710793983659,-1.6247481932069208,-0.03976016901839404,1.39757318537243,-1.0085786540236341,1.0556558955586979,-0.9680127666479231,-1.155799407756773,-1.3103783065882237,1.098366943191998,-1.4826560530703778,-1.10238118074365,-1.7141542039087105,1.3394580210783409,-0.6592048030806762,1.7963825254174652,0.6162473166593229,-1.5621887798535268,-1.4656543970658444,-1.7801021621833515,-0.9679172465475999,-0.9425190281487358,0.011734554188048859,-1.3667052069489842,-1.7347235565418098,-0.2344479000139661,-1.545189015833879,-1.750809301571286,2.4258129737450678,3.4135224342402095,2.0965934125643866,-1.587846999494925,-1.4063587357010199,-1.3925471563078609
0.9354801038159906,-1.0664720518431965,0.009546141405845397,-0.3498695574525747,0.6180760176189052,1.2140976468148543,1.0556558955586979,-0.25525854215760313,-0.20886416936179028,1.3771638441823513,-0.23267586335531493,-1.4826560530703778,-1.10238118074365,0.18965240597757715,1.3394580210783409,0.4004260580696671,0.4126344018780712,-0.048718581206076486,0.5436064645110993,0.1089643744238506,-0.7327526647515676,-0.5891013018849349,0.06142036733585916,-0.2425387367561339,0.3427282784101853,0.10104971938489389,0.8739347917689733,-0.7030380646999717,0.15083624239566204,1.361134051715745,-0.242226868264839,0.8137683482075846,-0.8296886717987677,-0.6855250839996435,-1.3925471563078609
-0.6279192059192241,-1.0664720518431965,-0.45094224949408235,-0.8150336401038439,-1.0275291143052028,1.7697667220244764,1.5973213773358894,0.9029670726391678,1.5433388308179024,-0.414530922998032,0.10008483828151368,0.7420429040921181,1.6246539817954908,-0.021929744317233782,-0.40756350515627643,0.4004260580696671,-0.9711137216613229,-1.748075875750986,2.1278354017608643,2.3209380446659003,1.6974563427725846,0.8586931846193874,1.4620155105239256,1.6523502468821878,2.2168285767809826,-0.25138429987581623,-0.4048706288289545,0.012229255753143651,-0.133597724628344,-0.5590884633101237,0.5271412872067958,-0.7906936933508695,2.4158437219311093,2.087134650277797,1.2401231180873624
0.8531959296194004,0.9376710793983659,0.5351066217035375,1.0456226905012382,-1.5471938928075526,1.1446390124136514,0.24315767289291063,1.823607945939165,2.151017743646179,0.4813164605921596,1.4311276448288268,0.7420429040921181,1.6246539817954908,-0.034826862157572594,0.46594725796103226,1.4600569192200104,-0.9711137216613229,-1.4525354766996974,1.9166158179796102,3.1679076720307386,2.031342016022059,1.6921387867648212,0.8451054188138785,1.020531918884999,1.7127141148207983,0.2694226424783649,0.6850933603963841,-0.3770116114078653,0.12159307985557079,0.17483201590986006,0.4723368136667015,-0.6845742473724469,2.323213157739918,2.4037106062836067,1.2401231180873624
-1.4507609478851267,0.9376710793983659,0.16894272535380603,1.5883141202610527,0.6180760176189052,-0.175075041209201,-0.8401732906614724,0.19021284814884742,0.4472799328331585,-0.414530922998032,-0.23267586335531493,-0.3703065744891299,0.2611364005259204,-0.7029460633550708,-1.2810742682735852,0.4004260580696671,-0.9711137216613229,0.9856728154734336,-0.333499090393564,-0.06860339471546366,-0.13113251228045572,0.5519453344487776,0.6559143265279469,0.14224318754966517,-0.04721395790664761,-0.26488762292279666,-1.7657550139801308,1.3358015146621522,-0.48714820610761206,0.02860907268544545,-0.3884728917578687,-0.22342145157836635,0.18711500873236805,0.20020994421164748,0.12869645000399213
0.3594908844398588,-1.0664720518431965,-0.036561936153607505,-0.504924251669665,-0.9409183178881444,0.5195113028028266,-0.5693405497728766,-0.7898242105253431,-0.861280180066995,0.4813164605921596,-0.06629551253690062,-1.4826560530703778,-1.10238118074365,0.23216667291798923,0.46594725796103226,0.4004260580696671,0.4126344018780712,-0.49202917978300936,0.9522153823365289,-0.1582943899537011,-0.8828960778489031,-1.0523793194847724,-0.46329305091447537,-0.728073937779339,0.3804365596228996,0.09802698446601711,0.5386756003750844,-0.43245069696708516,0.17083707722772776,1.5041430422255015,-0.06130478602740743,1.3024293218234944,-0.6980023757084154,-0.7942601635168617,-1.3925471563078609
0.9354801038159906,-1.0664720518431965,-1.1273403436690186,-1.745361805406386,0.18502203553361363,-0.175075041209201,-0.5693405497728766,0.19021284814884742,-0.24614508425923054,-0.414530922998032,-0.7318169158105572,-0.3703065744891299,-1.10238118074365,-0.15115177712743785,1.3394580210783409,-0.6592048030806762,-0.9711137216613229,0.46847711713367857,-0.19403148916004992,0.021189629769001905,-0.07372716849261739,-0.2024211122937462,-0.9875533487690833,0.6348188377504536,-0.5537263620913178,-0.6787757357601156,0.660687357592557,-1.2642571742712083,-0.4146084435187088,-0.3363452950012915,0.4569378204006247,-0.43119515451770557,-1.079092769164859,-0.7207224664347902,-0.8760410563540361
-0.2164983349362729,0.9376710793983659,0.7865323869410694,-0.1172875161269392,0.44485442478478854,1.1446390124136514,1.4619050068915915,1.823607945939165,2.766152839453943,-0.414530922998032,1.4311276448288268,1.8543923826733661,1.6246539817954908,0.8791086496956403,-0.40756350515627643,1.4600569192200104,-0.27923965989162586,-0.4181440800201872,0.5368571207791614,1.9094457356273529,2.0115236032999597,2.281867798305978,1.8742217999296662,1.1584509895196702,1.117947795176028,0.8650853841812453,0.515141506080348,0.44354766399021345,0.881834386089371,-0.46269192777914897,0.19707208895205697,-0.9724059633838881,1.6581941048817528,1.9177049185429005,1.6129200657194627
0.9354801038159906,0.9376710793983659,0.9000760084410637,-0.1172875161269392,-0.5944751322199111,0.6584285716052322,-0.027675067995685147,-0.5522394690285696,-0.3505316459720633,1.3771638441823513,1.2647472940104123,0.7420429040921181,0.2611364005259204,1.0005477189472674,1.3394580210783409,1.4600569192200104,-0.27923965989162586,-0.49202917978300936,0.8296327069888997,0.00014760682493702984,0.4652354620999514,-0.5736400215699534,0.43724774004485284,-0.8689556669322875,0.7101920899842361,0.9868709378370765,1.378595508668033,-0.2107792294182734,1.0038407877750672,0.08749315907529455,-0.027109920051975735,0.19289567887286882,0.7369543906812922,0.23846744076237167,0.5799078658118131
0.11263836185008808,0.9376710793983659,-0.7079641863466888,1.9759508558037784,1.5707947782065466,-0.3834509444128093,1.5973213773358894,0.5168918677069105,0.6746935137075442,-1.3103783065882237,-0.23267586335531493,-0.3703065744891299,0.2611364005259204,-1.8112218681533296,0.46594725796103226,-0.6592048030806762,1.7963825254174652,0.46847711713367857,-1.2364785145961361,-0.46157146583266534,-0.3987571305080238,0.8950074948362436,0.4574475932001008,1.1456170785851922,-0.7690201882550474,-1.2978296428769436,-0.9256000405071322,-0.6563969680664311,-1.5793560278104783,0.02860907268544545,0.5035775951841255,-0.35546795162487427,-0.29945258451345297,-0.03034580275984473,0.12869645000399213
1.676037671585303,0.9376710793983659,0.34964165237863076,1.5107867731525075,0.011800442699497022,-1.1474959228260397,-1.2464224019943662,-1.5916727130769535,-1.681460307810681,-1.3103783065882237,0.10008483828151368,-0.3703065744891299,-1.10238118074365,-0.4730009011854904,1.3394580210783409,0.4004260580696671,-0.9711137216613229,0.690132416422145,-0.7837290398107991,-1.518576956295048,-1.2994527193302516,-1.5613473424281383,-1.0538222066439629,-1.5140338722923037,-0.930551641216462,-0.05178997276197831,0.8556340726572773,-0.8372653590285267,-0.2625833924113212,0.2610140326420753,-0.29961437036820826,1.1815209364854504,-1.290418524867331,-1.4345567193139395,-0.8760410563540361
0.5240592328330393,-1.0664720518431965,-0.3484824903146557,-1.4352524169722052,1.657405574623605,-0.7307441164188231,-0.5693405497728766,1.2296460921972308,0.3540776455895578,1.3771638441823513,0.10008483828151368,0.7420429040921181,1.6246539817954908,0.47674375207593744,0.46594725796103226,0.4004260580696671,0.4126344018780712,1.7245238131016551,-1.12908195654449,0.036949910853888844,0.4902289844902299,0.6942619407608224,-1.414954413769708,0.501978696937078,-1.2432341337897355,0.05418396720242525,0.8002534210483938,-0.6911291112343202,0.2724383240328479,-0.5590884633101237,0.4106746295802126,-0.8784898061557821,0.6704923950301055,0.9592703872823839,1.2401231180873624
0.19492253604667834,0.9376710793983659,0.5658543236721988,-0.504924251669665,-0.2480319465516779,-0.31399231001160655,1.5973213773358894,2.1205888728101314,1.6812782159384314,-0.414530922998032,1.4311276448288268,1.8543923826733661,1.6246539817954908,0.8739676555640727,0.46594725796103226,1.4600569192200104,-0.27923965989162586,-1.0831099778855866,-0.45451007650713476,1.2146393250890948,1.6656881929864888,1.9734653668943964,-0.369761640905394,0.6735955119772009,-0.49481356424367734,0.7437201462675607,0.8239303957073503,0.015870647476944652,0.818501025427947,-0.46269192777914897,0.43762726842306215,-1.0332384097271787,1.100485073727127,1.6029674853541263,1.6129200657194627
1.0177642780125808,-1.0664720518431965,-0.7578363003493184,0.34787656652433174,-0.2480319465516779,-1.4253304604308508,1.3264886364472936,-0.5225413763414728,-1.140887041797797,1.3771638441823513,-0.8981972666289715,0.7420429040921181,0.2611364005259204,-1.0206695665042644,1.3394580210783409,-0.6592048030806762,1.7963825254174652,-0.9353397783599423,-1.4434003301714193,-1.1700084641549344,-0.4925118385503463,-0.8208710237852569,-1.9339708153081143,-0.5586617379675746,-1.5613680175272708,-0.9206315172691549,0.16041213209628322,-1.1245362632735934,-0.9805780832765896,-1.1695339984876092,-0.10989205188456856,-0.630743540713346,-0.4198964438279266,-0.5080507954059387,0.5799078658118131
0.11263836185008808,0.9376710793983659,-0.4221927387116883,2.131005550020869,-0.3346427429687362,1.2140976468148543,1.1910722660029958,0.4871937750198138,1.3159252499435168,0.4813164605921596,0.43284553991834157,0.7420429040921181,0.2611364005259204,-1.5906787114637275,0.46594725796103226,0.4004260580696671,1.7963825254174652,-0.9353397783599423,1.083553963066131,1.128160669065951,1.1380628881869452,0.8636322390619231,1.9325076487448891,1.4170273600516314,1.6024963179694056,-1.0323543720107595,-0.7845579371598622,-0.5013856029694025,-1.330698586854524,-0.36770269129951977,0.7998572969137883,-0.5594358963936943,0.8474792394062556,0.7952432664819263,0.5799078658118131
0.9354801038159906,-1.0664720518431965,-0.8211460577820981,-1.0476156814294795,0.44485442478478854,1.3530149156172597,1.5973213773358894,0.012024292026267206,0.07447078385875577,-0.414530922998032,-0.06629551253690062,-0.3703065744891299,-1.10238118074365,-0.2709672013667945,1.3394580210783409,-0.6592048030806762,-0.9711137216613229,-0.49202917978300936,0.7070500316412712,0.44169256765899045,0.17915356066226773,-0.3594252774413589,0.1611068543955081,0.6773761200136132,0.49946655717572697,-0.5754917372020854,0.5855359874116542,-1.1207030562564189,-0.4233909303290043,0.14584912995505098,0.8063623062093456,-0.07460664676072697,-0.7764879682441311,-0.5563889719943451,-0.8760410563540361
0.6063434070296296,0.9376710793983659,0.6308863753670949,2.131005550020869,0.7912976104530218,1.283556281216057,0.5139904137815063,1.704815575190778,2.0988244627897625,-0.414530922998032,1.4311276448288268,1.8543923826733661,1.6246539817954908,-0.4892520652658032,0.46594725796103226,1.4600569192200104,-0.9711137216613229,0.3945920173708564,0.5620436961690761,1.8288219901698803,1.973714678162164,1.5773699757645558,0.9577816485197506,0.8885656488234233,0.7428665531075149,0.09078670746953076,0.2483686042851192,-0.19167791933169528,-0.19923143663641513,-0.46269192777914897,0.3651907238246237,-0.9464700778149807,1.6713894715879363,1.8831332147083855,1.6129200657194627
-0.6279192059192241,-1.0664720518431965,-0.5326615793429407,0.2703492194157866,0.7912976104530218,0.45005266840162383,0.6494067842258042,1.6454193898165848,1.6924624904076635,1.3771638441823513,0.10008483828151368,0.7420429040921181,1.6246539817954908,-0.7413062684285793,-0.40756350515627643,0.4004260580696671,-0.9711137216613229,0.32070691760803427,-0.11937825092778478,1.175448579495972,1.1627381094165825,1.5760991792413694,0.35871741548391645,1.8881373476747014,-0.0014837133316436889,-0.6584679107676613,-0.8567082985651272,-0.03677413904204093,-0.7050894705563492,-0.5590884633101237,0.6224706972772147,-0.9768699265235289,1.2979275140796036,1.5839890450699292,1.2401231180873624
-0.2987825091328632,0.9376710793983659,0.6863290493792713,0.9680953433926931,0.44485442478478854,-0.5918268476164176,-0.9755896611057703,1.5563251117552945,1.5582511967768784,0.4813164605921596,1.4311276448288268,1.8543923826733661,1.6246539817954908,0.16668933729366223,-0.40756350515627643,1.4600569192200104,0.4126344018780712,0.9117877157106115,-0.561209186378428,0.7241286495799235,1.3898477053278389,1.9988508226213557,0.27031396100579674,0.4827855321207797,-0.3463474446544964,0.4521635937009014,0.0040551199810562304,0.4447449229124343,0.31540334103119216,-0.46269192777914897,0.304465882231354,-0.9126431800579063,1.0355015091932136,1.3544842471016665,1.6129200657194627
-0.3810666833294534,-1.0664720518431965,0.16894272535380603,-1.2026703756465698,-0.1614211501346196,1.005721743611246,-1.381838772438664,0.6356842384552973,0.9580284669280902,-1.3103783065882237,-0.3990562141737293,-0.3703065744891299,-1.10238118074365,0.8803928647381114,-0.40756350515627643,0.4004260580696671,-0.27923965989162586,0.6162473166593229,0.975564463355125,1.19294679012072,0.576662449161413,0.6009478370631604,0.8196479944201687,0.5248460025769089,0.9932427279548204,0.5343667260083406,0.3788346667917054,0.1864822118766214,0.7168627088347389,-0.09078229792448163,-0.518266237607927,-0.46315835657071003,-0.6906079838145451,-0.2870480206453007,-0.8760410563540361
0.3594908844398588,-1.0664720518431965,-0.23789962946729315,0.34787656652433174,-0.2480319465516779,0.9362631092100432,-0.7047569202171745,0.6653823311423941,0.5292979456075271,-0.414530922998032,-1.5637186699026284,0.7420429040921181,0.2611364005259204,-0.4730009011854904,0.46594725796103226,0.4004260580696671,-0.9711137216613229,0.17293671808238997,0.921569713499622,1.1818857450625893,1.166078706474938,0.20883543972806662,-0.14886423577240057,0.5517580632743482,0.5057707385275989,-0.3653979444002539,0.09684103536304228,-0.5434598908077792,-0.4203726492534047,-1.6108317008829456,-1.1639049323492474,-1.2587187673446187,0.7773288611003396,0.8189286582435622,0.5799078658118131
1.1823326264057614,-1.0664720518431965,-0.1464579908107024,-0.19481486323548436,0.09841123911655533,-0.31399231001160655,-0.7047569202171745,-0.5819375617156662,-0.8985610949644353,-0.414530922998032,-0.3990562141737293,0.7420429040921181,0.2611364005259204,-0.0672530788239569,1.3394580210783409,0.4004260580696671,-0.9711137216613229,0.46847711713367857,-0.24889712207773865,-0.584670193092514,0.031228301052405674,-0.873484541884189,-1.0969178035261193,-0.6971091924243356,-0.6268497166879063,-0.11173821167068126,0.8530384893347321,-0.8923050005455483,-0.08633692860893606,-0.8571549498455727,-0.2342478572772064,-0.4018508519089411,0.2297847896746067,-0.10712594145128898,0.5799078658118131
-0.8747717285089949,-1.0664720518431965,-1.113481938374577,-0.8925609872123891,-1.0275291143052028,1.4224735500184624,1.0556558955586979,0.19021284814884742,0.6635092392383121,1.3771638441823513,-1.0645776174473858,-0.3703065744891299,0.2611364005259204,-0.6763115039367579,-1.2810742682735852,-0.6592048030806762,-0.9711137216613229,-1.4525354766996974,1.777772175494029,1.2906903107364525,0.6241117495291664,0.17174504097187104,1.1683934940936869,1.5942649096443557,1.7800475919211969,-0.9362187014882375,-1.059693491752027,-0.1636656382869605,-0.8121534856172643,-0.5915406360112303,0.0707958704808026,-0.5754112237662397,1.134807397864115,0.8662262143131305,0.12869645000399213
0.3594908844398588,0.9376710793983659,-0.8790750852143934,0.7355133020670576,-1.7204154856416691,-1.355871826029648,0.5139904137815063,-0.5225413763414728,-0.8985610949644353,0.4813164605921596,-1.0645776174473858,-0.3703065744891299,-1.10238118074365,-1.3568710357386249,0.46594725796103226,-0.6592048030806762,1.7963825254174652,-1.748075875750986,-0.5500744261790937,-0.6994332803565981,-0.575526989786885,-0.5435279312790818,-1.2320118022630873,-0.24206545182550032,-0.851867216696646,-1.1568839045281485,-0.4621689753074874,-0.8813983159877844,-1.2729840260772054,-0.5915406360112303,-0.1627961732978534,-0.2611600713598403,-1.205332735029872,-1.0299015657470523,-0.8760410563540361
-0.6279192059192241,-1.0664720518431965,-0.7265868030363768,-1.280197722755115,-1.6338046892246108,-1.355871826029648,-1.6526715133272598,1.615721297129488,0.7902643498896089,1.3771638441823513,0.10008483828151368,1.8543923826733661,1.6246539817954908,-0.025150120814467682,-0.40756350515627643,-0.6592048030806762,-0.9711137216613229,-0.49202917978300936,-0.21232003346594616,1.0712752944812756,1.5881028548276057,1.5456000626848978,-1.1607359640154373,1.2765800082302639,-0.6286909425931099,-0.4008189354248782,-0.40688549734350343,-0.15163829481105764,-0.21048345578192437,-1.1058468948732931,0.8576777292792344,-1.2153558340147141,1.2441493090077729,1.5328372632154035,1.6129200657194627
-1.6153292962783072,0.9376710793983659,1.067873675798876,0.9680953433926931,0.8779084068700801,-0.03615777240679549,-1.6526715133272598,-0.13646617140921632,0.17885734557158853,1.3771638441823513,-0.5654365649921436,0.7420429040921181,0.2611364005259204,0.572193685285249,-1.2810742682735852,1.4600569192200104,0.4126344018780712,1.650638713338833,-0.22851845842259708,-0.24348792560703433,0.29330036442511054,0.2059316999552523,0.7844357478610487,-0.64312524407349,0.07739019359742842,0.8608093185642116,-1.2078406837353008,2.249116121417809,0.7250424906629882,-0.9596239516488788,-1.304123320052341,-0.6629223188454285,0.2399946650861183,0.10019585332392819,0.5799078658118131
0.8531959296194004,-1.0664720518431965,-0.47410532078438555,-0.504924251669665,-0.5944751322199111,0.5889699372040293,1.4619050068915915,0.338703311584331,0.12293597322542812,-0.414530922998032,-1.397338319084214,-0.3703065744891299,0.2611364005259204,-0.23175871872447878,0.46594725796103226,0.4004260580696671,-0.9711137216613229,-1.304765277174053,0.6267583792885744,0.6807097934786588,0.31246054888481795,-0.07591957989397523,-0.4149646186345962,0.40914819209692155,0.19152220021622718,-0.37034556037625166,0.5616772043345256,-0.9146791086546038,-0.3000552559063752,-0.8571549498455727,-0.8418090707414047,-0.7746695553121592,0.6463789378484194,0.5888354700454653,0.12869645000399213
1.1000484522091711,0.9376710793983659,1.4341890394796102,-0.8150336401038439,0.7912976104530218,-0.175075041209201,-0.16309143843998303,0.30900521889723426,0.16767307110235644,-0.414530922998032,0.9319865923735845,-0.3703065744891299,-1.10238118074365,1.992745095302186,1.3394580210783409,-1.7188356642310194,1.1045084636477682,0.7640175161849672,-0.49579247020733785,-0.09013443662251305,-0.14509150281741043,0.24776531560098594,-0.25339835466501837,-0.8481906351204963,-0.4814950828824256,1.771033044839495,2.085876133832761,0.01970305112362898,1.8924367421924622,0.8081132066388039,-0.7038263061996463,0.1682845980878832,-1.1858246091536098,-0.7660809313420802,-0.8760410563540361
1.676037671585303,0.9376710793983659,0.7409456126370181,0.2703492194157866,1.2243515925383133,-1.4253304604308508,-0.2985078088842809,-0.37405091290598996,-0.8053588077208346,0.4813164605921596,0.7656062415551702,-0.3703065744891299,0.2611364005259204,0.6080946645257606,1.3394580210783409,1.4600569192200104,0.4126344018780712,1.2073281147619002,-1.5492945112313166,-1.1477849614720408,-0.9461862678509289,-0.40243802224829406,-1.2907871314697148,-1.0769130194231553,-1.4495670286965574,0.7042321122673506,1.531930334069007,-0.6328242328693203,0.6647785976479029,0.7023117350374117,-0.19774089791376456,0.4758813297646827,-0.48298023107947746,-0.4916069230116416,0.12869645000399213
-0.9570559027055852,0.9376710793983659,0.01971409198719858,1.8984235086952332,0.09841123911655533,0.5195113028028266,1.4619050068915915,-1.5322765277027601,-1.0775094864721486,-0.414530922998032,1.597507995647241,-0.3703065744891299,-1.10238118074365,-1.0144736511570598,-1.2810742682735852,0.4004260580696671,1.7963825254174652,-0.7136844790714758,0.16564321552257655,-1.1372467021256123,-0.9368270340937535,-1.2720335529626747,1.3011700165384923,-0.9276122481634588,0.5785112925876587,-0.5033131895780916,-1.3603595470893324,0.6202695888226167,-0.766775677624563,1.2149111084913304,1.2361314596687136,1.8494322645824441,-0.9555212374572767,-1.2380879606991984,-0.8760410563540361
-1.533045122081717,0.9376710793983659,0.5614775543950085,2.0534782029123235,-0.07481035371756128,0.1722181307968128,-0.4339241793285788,1.2890422775714243,1.6887343989179195,-0.414530922998032,1.4311276448288268,1.8543923826733661,1.6246539817954908,-0.5237788178616781,-1.2810742682735852,1.4600569192200104,-0.9711137216613229,0.17293671808238997,0.18454137797200262,1.1550627107966205,1.633732543651461,1.7140241224359631,0.9731683143660332,0.6827073587590337,0.46172439616557354,0.036026796701901016,-1.769881134646962,1.7405952384142436,-0.24434810186407208,-0.46269192777914897,0.4425498002325395,-0.847454042547695,1.4688552319096357,1.5740603069142038,1.6129200657194627
0.11263836185008808,0.9376710793983659,0.517420006766089,0.11529452519869628,-1.2007507071393193,-0.7307441164188231,-0.5693405497728766,-1.0274089520221166,-0.8873768204952032,1.3771638441823513,0.10008483828151368,-1.4826560530703778,-1.10238118074365,0.4596602323731133,0.46594725796103226,1.4600569192200104,0.4126344018780712,-0.7136844790714758,-0.023338408971684807,-0.813711134175271,-1.293462532419098,-0.7375339915660322,0.14401774232813908,-1.0282932915278684,-0.015643145135892593,0.5090696347719128,0.5070675224060518,0.040505538468209486,0.49209011116705675,1.6440763308871427,-0.4505894134559998,1.6129736337931488,-1.0199680705200418,-1.082607980397889,-1.3925471563078609
-0.7102033801158144,-1.0664720518431965,-0.6465633564770191,-0.7375062929953005,-0.5078643358028528,-0.175075041209201,1.5973213773358894,1.7642117605649714,1.491145549961486,0.4813164605921596,0.10008483828151368,0.7420429040921181,1.6246539817954908,-0.2761098506804455,-0.40756350515627643,-0.6592048030806762,-0.9711137216613229,-1.304765277174053,-0.18964223852663428,1.202348678420132,1.1766690971032627,1.6875507381472006,-0.17092997439452398,1.846935351169768,-0.2480658097962737,-0.4844868806176567,-0.6427199950006212,-0.03418886358185487,-0.38012077395788724,-0.5590884633101237,0.7590581423286406,-1.0026071062267898,1.2573386486520346,1.5970309842418362,1.2401231180873624
-1.286192599491946,-1.0664720518431965,-0.1570981835769598,-0.8925609872123891,0.5314652212018469,1.1446390124136514,0.5139904137815063,0.24960903352304084,0.6262283243408717,-0.414530922998032,-1.397338319084214,-1.4826560530703778,-1.10238118074365,0.33945491662960015,-1.2810742682735852,0.4004260580696671,0.4126344018780712,0.17293671808238997,0.5814027894099514,0.5724221623595533,-0.4916488402164226,0.23032566118704584,0.9386614534607693,0.5588941354388606,0.7493061135206818,0.08727732787284541,-0.894808015330195,0.8866050881042911,0.21970361445544284,0.2610140326420753,-1.0764924861311942,-0.11671772697593306,-0.8173223812500783,-0.507405717074528,-1.3925471563078609
-0.9570559027055852,-1.0664720518431965,-1.0449651054648004,-1.1251430285380246,-1.2007507071393193,-0.10561640680799825,-0.027675067995685147,0.012024292026267206,-0.03364386934382101,-1.3103783065882237,-1.397338319084214,0.7420429040921181,0.2611364005259204,-0.4604066729127632,-1.2810742682735852,-0.6592048030806762,-0.9711137216613229,-1.0092248781227644,0.48545827235901906,0.3055106366106456,0.6655646426568975,0.0031931558457144278,-0.10733461432940367,0.7817763601134526,0.23082210213720755,-0.7906314692962693,-1.0109925197747682,-0.04553758684829753,-0.6284193801429254,-1.497669767932696,-0.36251422258786065,-1.0273978123656293,0.5820483350208709,0.4017145455218334,0.5799078658118131
-0.545635031722634,-1.0664720518431965,-0.6587615169325652,-0.504924251669665,0.35824362836773027,1.1446390124136514,0.24315767289291063,-2.2153326595059837,-1.849224424849162,-1.3103783065882237,-1.397338319084214,-1.4826560530703778,-1.10238118074365,-0.42820273514928503,-0.40756350515627643,-0.6592048030806762,-0.9711137216613229,0.17293671808238997,0.6947917641065086,-1.5568290113307273,-1.8562018004428638,-2.1428868458634263,0.9386614534607693,-1.2845249791801618,0.8354309295277941,-0.5678427819767266,-0.5834869242237698,-0.17892720161400041,-0.4995691190794809,0.2610140326420753,-0.695137169918859,2.0816247434690855,-0.7804533441681949,-1.4551359773729626,-1.3925471563078609
-0.6279192059192241,-1.0664720518431965,-1.854432324479552,-0.9700883343209342,-1.4605830963904942,1.3530149156172597,1.0556558955586979,-0.49284328365437613,-0.0597405097720292,-1.3103783065882237,-1.2309579682658,-0.3703065744891299,0.2611364005259204,-1.4112020322104029,-0.40756350515627643,-0.6592048030806762,1.7963825254174652,-1.821960975513808,2.0554594604651895,0.7062608075629423,0.32630778002362437,-0.48572529999116626,1.1098661358237616,1.632645249214005,1.9637450328136274,-1.7033226237581858,-1.2810636868242653,-0.7783764080194705,-1.578255338928673,-0.7229925237693459,0.6925246435370724,-0.3601934258366136,1.2441493090077729,0.6010876713765816,0.12869645000399213
0.6063434070296296,-1.0664720518431965,-1.113481938374577,-0.5824515987782102,-1.2873615035563777,0.24167676519801556,0.10774130244861274,-1.651068898451147,-1.6441793929132407,-1.3103783065882237,-1.2309579682658,-1.4826560530703778,-1.10238118074365,-0.8626201209389086,0.46594725796103226,-0.6592048030806762,-0.9711137216613229,-1.1569950776484088,0.8548703166192939,-0.997790781098584,-1.4217341215497188,-1.7999662942750334,-0.6775413203105959,-0.8724491237130704,0.21989180335931746,-1.0305074817358875,0.012942701339335491,-1.1169887466244515,-0.9551278864367776,0.43002735691979954,-0.11440924994370316,1.3847831777585489,-0.7289799855550374,-1.1698926343566594,-1.3925471563078609
-1.286192599491946,0.9376710793983659,1.502578035054061,1.5883141202610527,-1.114139910722261,-0.31399231001160655,-0.9755896611057703,-0.3146547275317966,-0.09329333317972545,-0.414530922998032,0.7656062415551702,0.7420429040921181,0.2611364005259204,0.707201728170014,-1.2810742682735852,-1.7188356642310194,0.4126344018780712,-0.4181440800201872,0.3546248400168379,-0.048655517654521106,0.43170985502093273,0.015158782243230584,0.5228387765693479,-1.0183773874230129,0.4043387798400222,1.1619995157740703,-0.6660026623117943,2.0572836050761403,0.9437247197445997,-0.18178583924822353,-0.8483190928199293,-0.1107851391866175,0.5215373442929578,0.211370077808866,0.5799078658118131
-1.4507609478851267,-1.0664720518431965,-1.2329829244402428,-1.5903071111892955,-0.7676967250540278,0.7278872060064349,0.6494067842258042,-0.5225413763414728,-0.2685136331976947,-1.3103783065882237,-0.06629551253690062,-0.3703065744891299,-1.10238118074365,-0.36456367290858394,-1.2810742682735852,-0.6592048030806762,-0.9711137216613229,-1.0092248781227644,0.9433752855566521,0.08726770911751586,-0.03229252038181621,-0.5116049582914151,0.5930816316539859,0.7100706040501704,0.8641392015301648,-0.8428446898115353,-1.5530171802079193,0.39681069334969377,-0.6059811483396008,0.14584912995505098,1.3447714503392454,0.21251812261064462,-0.7008055393484914,-0.6941798120538508,-0.8760410563540361
0.8531959296194004,-1.0664720518431965,0.3911649340506137,0.03776717809015112,0.18502203553361363,0.5195113028028266,0.24315767289291063,0.36840140427142704,0.12666406471517214,-1.3103783065882237,-0.5654365649921436,-1.4826560530703778,-1.10238118074365,0.36875267563734576,0.46594725796103226,0.4004260580696671,0.4126344018780712,0.02516651855674566,0.26814172372285416,0.46554247104360913,-0.5452647659310048,-0.04878670100815051,-0.4643174970265505,-0.2539763559374219,-0.06150159148658206,0.39616477920407495,0.9372449832040713,-0.4572791935078482,0.3895537169614486,1.0653264255183903,-0.8258879825250476,0.28670242134691154,-0.921000449550636,-0.5473814290045014,-1.3925471563078609
-0.6279192059192241,-1.0664720518431965,-1.0111810521734743,0.2703492194157866,-0.6810859286369695,-0.7307441164188231,0.9202395251144,-0.10676807872211962,-0.34680355448231925,0.4813164605921596,-1.397338319084214,0.7420429040921181,0.2611364005259204,-1.243815136846926,-0.40756350515627643,-0.6592048030806762,1.7963825254174652,-1.0831099778855866,-0.5205619064274598,-0.3952259804103883,0.1800540794270242,-0.11407930631860322,-0.6387546389052322,0.4237181720902075,-0.6305140526566059,-1.1690788698266923,-1.1746671251485372,-0.31651704536257763,-1.220931626625705,-1.497669767932696,-0.3930823750684272,-0.9898602083303709,0.09110490999385344,0.010087023907802065,0.5799078658118131
1.676037671585303,0.9376710793983659,2.0110499305577454,1.2006773847183267,-0.2480319465516779,1.2140976468148543,0.6494067842258042,0.13081666277465404,0.4920170307100868,-0.414530922998032,-0.06629551253690062,0.7420429040921181,0.2611364005259204,1.4524318488707784,1.3394580210783409,-1.7188356642310194,-0.27923965989162586,-0.5659142795458315,1.0658829540225119,0.7756437265639474,0.9461911368035468,0.07865885874589465,0.9027743181192955,-0.9763855103958546,1.1003099091077087,1.809714598989565,2.0555597826768133,0.09064643640929436,1.64144867786304,-0.6569346250336902,-1.6025091104835198,-0.5900981291428898,0.8398865303686934,0.6340611514702421,0.5799078658118131
-0.2987825091328632,-1.0664720518431965,-1.2258445700242808,-0.9700883343209342,1.3109623889553716,0.8668044748088404,-0.4339241793285788,-0.6710318397769564,-0.3766282864002715,-1.3103783065882237,-1.2309579682658,0.7420429040921181,0.2611364005259204,-0.7470922148262068,-0.40756350515627643,-0.6592048030806762,-0.9711137216613229,1.3550983142875443,0.10450210171560989,-0.4729604593329851,0.12003243981262253,-0.6575212174160191,0.7008656294747905,0.5840361785432086,0.29314523856182506,-1.0323543720107595,-0.5694259788169369,-0.676304058482907,-0.8969502476267908,-1.3864423220305988,-0.002698224925751842,-0.7047106082548271,0.40321832193769563,-0.037352189834324694,0.5799078658118131
-1.203908425295356,0.9376710793983659,-0.9313475408747014,0.11529452519869628,-1.7204154856416691,1.6308494532220708,-1.2464224019943662,-1.2352956008317935,-0.49219912258233633,1.3771638441823513,1.597507995647241,-0.3703065744891299,-1.10238118074365,-1.0726795051586036,-1.2810742682735852,-0.6592048030806762,1.7963825254174652,-0.787569578834298,2.500537678900271,0.059034610282939444,-0.049914026435727794,-0.9575647055914103,2.3271518089344507,0.20706291212012734,3.0262668699597084,-1.0400696648532117,-1.6793792185064098,0.283824742993284,-1.0676698827161062,1.2149111084913304,2.7049747313631984,1.515221229329109,-0.23529973898229112,-0.7054865223801995,-0.8760410563540361
-0.7102033801158144,0.9376710793983659,-0.35972649862258455,1.1231500376097834,0.18502203553361363,-0.10561640680799825,0.6494067842258042,-1.8292574545737268,-1.5062400077927116,1.3771638441823513,-0.8981972666289715,-1.4826560530703778,-1.10238118074365,-1.018603193035053,-0.40756350515627643,0.4004260580696671,1.7963825254174652,-0.1964887807317208,-0.31091914189773434,-1.5256657191669483,-1.8299351185570245,-1.5875398159597098,0.7199742224736645,-1.1011233788752288,-0.00744549669398274,-0.7073436417378685,-1.1104921155173726,0.13951319434179763,-0.8717937963476793,0.7554275168486474,-0.4781740652548619,1.8809901837437086,-1.1200951938331207,-1.4383577641943919,-1.3925471563078609
-1.286192599491946,-1.0664720518431965,-1.8884515369583952,-1.1251430285380246,-1.4605830963904942,-0.8002027508200259,0.6494067842258042,-2.0668421960705,-1.990891901459435,-0.414530922998032,-1.397338319084214,-0.3703065744891299,-1.10238118074365,-1.3523766439978484,-1.2810742682735852,-0.6592048030806762,1.7963825254174652,-1.6003056762253416,-0.1414519242805977,-1.6525070510835629,-1.4401084617986817,-1.9981893326551645,-0.6858722624434388,-0.8876377693123385,-0.408909255316032,-1.691571724472282,-1.9587061147148954,-0.2041660678141499,-1.5419562422352258,-0.8571549498455727,0.503972524456981,0.8202118683778115,-1.0607860719271849,-1.5073568595951994,-0.8760410563540361
0.6063434070296296,0.9376710793983659,0.8152497211089756,-0.7375062929953005,-1.2007507071393193,0.1722181307968128,0.5139904137815063,-1.5025784350156635,-1.3496601652234625,0.4813164605921596,1.4311276448288268,-1.4826560530703778,-1.10238118074365,1.2807864528065231,0.46594725796103226,1.4600569192200104,-0.27923965989162586,-1.304765277174053,0.6947917641065086,-0.9197128159823624,-1.3665382453255732,-1.4781993356365486,0.03669811854506532,-1.4512892407360247,0.43581178325479436,1.08223348664363,1.352145844796962,-0.08380446560244863,1.1922654924844553,2.666827458131557,0.1668436217719764,2.8988616614317055,-0.7804533441681949,-1.132501299234845,-1.3925471563078609
-0.9570559027055852,0.9376710793983659,0.839686770511157,1.1231500376097834,-0.9409183178881444,0.6584285716052322,-0.027675067995685147,1.0811556287617479,1.7111029478563835,0.4813164605921596,1.4311276448288268,1.8543923826733661,1.6246539817954908,0.2472413100731124,-1.2810742682735852,1.4600569192200104,0.4126344018780712,-0.787569578834298,1.0381378183278576,1.661128781413027,1.8932333330810756,1.4932731470242844,1.42103328806607,0.4453269388313315,1.3234193838110815,0.5746283249058836,-0.567930529887036,1.1697511437798782,0.41755873159089246,-0.46269192777914897,0.14131069796605727,-0.7925042226253448,1.912893107568615,1.8096723218134967,1.6129200657194627
1.0177642780125808,-1.0664720518431965,-0.37100510393366265,0.5804586078499673,0.9645192032871384,-0.9391200196224314,1.3264886364472936,-0.5522394690285696,-1.0365004800849642,-0.414530922998032,0.10008483828151368,0.7420429040921181,0.2611364005259204,-0.7413062684285793,1.3394580210783409,0.4004260580696671,-0.9711137216613229,0.09905161831956781,-1.431966147849078,-1.1801585996200432,-0.5026125819509557,-0.8474075440536692,-1.5684071136188134,-0.6874616296947978,-1.4566809765111652,-0.5724180436959249,0.33703531711101364,-0.9353824033855993,-0.661684216983828,-0.5590884633101237,0.43598906568405704,-0.22468587751483574,-0.4131444951668909,-0.5155969913373055,0.5799078658118131
1.1000484522091711,-1.0664720518431965,-1.4161151047322964,-1.4352524169722052,1.5707947782065466,0.1722181307968128,0.10774130244861274,0.24960903352304084,-0.08956524168998142,-1.3103783065882237,-1.2309579682658,-0.3703065744891299,0.2611364005259204,-0.6573949994005581,1.3394580210783409,-0.6592048030806762,-0.9711137216613229,1.2812132145247221,-0.5650857325219003,-0.17690219007852098,-0.2021313521136962,-0.1543078892212004,-0.7325006699033758,1.097423974636586,-0.6905351305385152,-1.0889682163990464,0.4365419603109011,-1.456102261317182,-0.8797631435481148,-0.7229925237693459,0.19478256197838678,-0.6705403218693873,0.06790623602978732,0.13874400537751147,0.12869645000399213
-0.46335085752604366,-1.0664720518431965,-0.35972649862258455,-0.7375062929953005,0.5314652212018469,-1.633706363634459,1.5973213773358894,0.9623632580133611,0.16394497961261242,0.4813164605921596,0.10008483828151368,1.8543923826733661,1.6246539817954908,0.0292461793541198,-0.40756350515627643,0.4004260580696671,-0.9711137216613229,-0.4181440800201872,-1.953650716305925,-0.7573524760219351,0.3111034737408198,0.9165557837076643,-1.3940023437350157,0.34715312066468146,-1.7067890858249937,-0.1775024446946008,-0.22294704067594598,-0.06813166490120968,-0.07046373327241479,-1.1058468948732931,0.4232923555321338,-1.0771664938335586,0.0723712369588196,0.4088541412161501,1.6129200657194627
-0.8747717285089949,-1.0664720518431965,0.3819781025897896,-0.7375062929953005,0.44485442478478854,0.7278872060064349,-0.4339241793285788,-0.4631451909672794,-0.21259226085153432,0.4813164605921596,-1.397338319084214,-0.3703065744891299,0.2611364005259204,0.818279882482987,-1.2810742682735852,0.4004260580696671,0.4126344018780712,0.6162473166593229,0.3816222149445894,-0.15860757269665948,-0.1899982463645556,-0.4559044613335727,0.5887618838814003,-0.48732206370700953,0.4514577914960856,0.617326952271071,-0.1253706340239158,0.7717876383130957,0.7271689434345664,-0.8571549498455727,-1.4306128567216863,-0.45966007757233013,0.534099614415227,0.14923292065761867,0.12869645000399213
1.1000484522091711,0.9376710793983659,0.07513917843806367,1.6658414673695978,-0.7676967250540278,-1.5642477292332562,-0.8401732906614724,0.6059861457682006,-0.11193379062844558,1.3771638441823513,0.43284553991834157,-0.3703065744891299,0.2611364005259204,-0.840826004305078,1.3394580210783409,0.4004260580696671,-0.9711137216613229,-0.1964887807317208,-0.9025137924884656,-0.17237090205470723,-0.1991207960657862,0.5294879666660759,-1.4099794930308769,-0.21252125645758532,-1.1129955586331026,-0.384980338970769,0.3207628655348843,-0.743033546161169,-0.618148439248817,0.4854034114944222,0.2296163056996027,-0.14172838619680866,-0.11246541342798827,0.1413460082878648,0.12869645000399213
-1.0393400769021754,-1.0664720518431965,-0.6404794648992158,-1.6678344582978408,0.09841123911655533,-1.0085786540236341,1.1910722660029958,1.318740370258521,0.7157025200947285,0.4813164605921596,0.10008483828151368,1.8543923826733661,1.6246539817954908,0.3173396673408228,-1.2810742682735852,-0.6592048030806762,0.4126344018780712,-0.5659142795458315,-1.1606641854735118,0.06371464464058561,0.9640334148751887,1.2574543394042768,-0.8725833773030164,1.1123959416468856,-1.1027919350942923,-0.18277585921771924,-0.614692686416267,0.28541176770810645,0.0727497622486703,-1.1058468948732931,0.7516511192589239,-1.1564423540421989,0.6491710428638483,0.9758793465476149,1.6129200657194627
0.3594908844398588,0.9376710793983659,-1.5383112144967468,-0.7375062929953005,-0.3346427429687362,-0.31399231001160655,0.3785740433372085,-0.22556044947050644,-0.34307546299257524,0.4813164605921596,-0.8981972666289715,-1.4826560530703778,-1.10238118074365,-1.2176725450146793,0.46594725796103226,-0.6592048030806762,1.7963825254174652,-0.49202917978300936,-0.21232003346594616,-0.3002942927270087,-0.9664144720637191,-0.2604852118148114,-0.36604880598771994,0.9245436569395881,-0.3352826711112535,-1.4371916014466701,-0.37369414013432856,-1.2035365750780735,-1.3433871435173548,0.7554275168486474,0.7442690356608314,0.4193180708870761,-1.08548018860615,-0.853997263181236,-1.3925471563078609
0.5240592328330393,-1.0664720518431965,-0.3038482239453181,0.42540391363287694,0.011800442699497022,1.005721743611246,0.5139904137815063,0.6059861457682006,0.49947321368957487,-1.3103783065882237,-0.5654365649921436,-0.3703065744891299,-1.10238118074365,-0.584465133923976,0.46594725796103226,0.4004260580696671,-0.9711137216613229,-0.2703738804945429,0.7425344902945318,0.9990874214703133,0.4798615118789559,0.1557669031494682,-0.09985325077023055,0.586556134032917,0.4075389993871967,-0.4576071187557653,0.1357196393357793,-0.6674413969975931,-0.5236815928015138,-0.21240541170104382,-0.23076699841317228,-0.5175487603548178,-0.7650315624325085,-0.35384694162768565,-0.8760410563540361
-1.0393400769021754,0.9376710793983659,0.7116378530355805,-0.3498695574525747,0.7912976104530218,0.9362631092100432,1.3264886364472936,2.1205888728101314,2.971197871389865,0.4813164605921596,1.4311276448288268,1.8543923826733661,1.6246539817954908,0.9364933187645248,-1.2810742682735852,1.4600569192200104,-0.27923965989162586,-0.048718581206076486,0.19471731159861663,1.8384580350516664,1.9782631279288025,2.594614262716416,1.6787197647538485,1.3716042776418609,0.7533584525791969,0.8535528323764369,-0.229732224336197,1.1757610956522428,0.9049354013723392,-0.46269192777914897,0.2770567934593697,-1.0332384097271787,1.4744526807041063,1.8872901836573808,1.6129200657194627
-0.2987825091328632,0.9376710793983659,1.3006261664973682,0.2703492194157866,1.1377407961212551,-1.5642477292332562,0.24315767289291063,-1.2352956008317935,-1.2862826098978142,-0.414530922998032,0.43284553991834157,-1.4826560530703778,-1.10238118074365,1.2057492875044442,-0.40756350515627643,-1.7188356642310194,-0.27923965989162586,0.8379026159477893,-1.7417527154195023,-1.6790664209033788,-1.9619236007092797,-0.9592344065708032,-0.6303326482244909,-1.5751371816808022,-1.3992004572281653,1.304441762250333,0.6500345842640919,0.8446343155591736,1.2656371050799093,1.9152258616767657,-0.8789739778500049,2.020326897688112,-1.659741554759076,-1.522046584183516,-1.3925471563078609
-0.3810666833294534,-1.0664720518431965,-1.1833039320010617,-0.8150336401038439,-1.5471938928075526,1.005721743611246,-1.2464224019943662,0.4871937750198138,0.8126328988280731,1.3771638441823513,-0.3990562141737293,-0.3703065744891299,0.2611364005259204,-0.7975913959107965,-0.40756350515627643,-0.6592048030806762,-0.9711137216613229,-0.6397993793086537,1.8057956629681837,1.6283866464917434,0.7815733850538746,0.45979290679784307,0.8236709845849207,1.8413348128239366,1.617949278144939,-1.0346128519881175,-0.6707880190277997,-0.597397423126034,-0.9239212342505122,-0.09078229792448163,0.898771702966837,-0.40927162515255416,1.1459797601754853,1.0076208385273664,0.12869645000399213
-1.6976134704748975,-1.0664720518431965,0.09508776554633631,-1.35772506986366,-0.6810859286369695,-1.2864131916284451,-0.8401732906614724,-1.2352956008317935,-1.413037720549111,-1.3103783065882237,-1.0645776174473858,-0.3703065744891299,-1.10238118074365,0.9008843356954814,-1.2810742682735852,0.4004260580696671,-0.27923965989162586,-0.12260368096889863,-0.7010656140545525,-1.2526884137667988,-1.041273254840745,-1.199320427397576,-1.1024193690855426,-1.2210734506448826,-0.897181344218729,0.5048699731226693,-1.1333504898500475,1.6792236457144265,0.7123885168501635,-0.5915406360112303,-0.9838797809049754,0.1910891917939374,-1.2601072395717152,-1.2959683357833356,-0.8760410563540361
1.5114693231921223,-1.0664720518431965,-1.1204045916770222,-1.2026703756465698,-0.9409183178881444,0.5195113028028266,0.6494067842258042,-0.6116356544027629,-0.7121565204772339,-0.414530922998032,-0.06629551253690062,-0.3703065744891299,0.2611364005259204,-0.4910618394368865,1.3394580210783409,-0.6592048030806762,-0.9711137216613229,-1.1569950776484088,0.8548703166192939,-0.04133570842487504,-0.11356319153141797,-0.9008936412241504,-0.4720447477004913,0.12927505984456658,0.3136158678376444,-0.8468892589380356,0.7615380833296028,-1.4708674463198348,-0.6724651311806812,0.14584912995505098,1.1913046915462255,0.2677464253000741,0.7480785961951971,0.21545290796518818,0.12869645000399213
0.8531959296194004,0.9376710793983659,1.767199850618352,1.4332594260439624,-1.6338046892246108,-1.2864131916284451,-0.16309143843998303,0.36840140427142704,-0.18649562042332612,-0.414530922998032,0.9319865923735845,-1.4826560530703778,-1.10238118074365,1.0697183107294208,0.46594725796103226,-1.7188356642310194,-0.27923965989162586,-1.304765277174053,-0.3937423929804367,0.020033572156474593,-0.7817392912927096,0.3058109746643137,-1.1742586526948324,-1.1826741669312666,-0.7402787476805849,1.4863071135014883,1.3730097403393375,0.3562081219247528,1.2881056845216334,2.30187309044482,-0.9604416604171456,1.0019825226016699,-1.1494072665169686,-0.721189332437522,-1.3925471563078609
-0.3810666833294534,0.9376710793983659,2.0491871852185737,-0.7375062929953005,-1.6338046892246108,-0.5223682132152149,0.5139904137815063,0.45749568233271715,0.5628507690152234,-0.414530922998032,0.2664651890999273,-0.3703065744891299,0.2611364005259204,2.605115415796544,-0.40756350515627643,-1.7188356642310194,1.1045084636477682,-1.6741907759881638,0.2651072284142928,0.5368521700936675,0.23306383268239914,0.8349818598296007,0.33481586056966184,-0.9629527238810369,0.26264785868094276,2.4082296789923734,1.4427952675847948,1.4285927102032696,2.514985419086792,0.3741759655923245,-1.4691118723746541,-0.14215407038755037,0.4795962872472015,0.5187202980376838,0.12869645000399213
1.0177642780125808,-1.0664720518431965,-0.3149559410335901,-0.9700883343209342,-0.9409183178881444,-1.2864131916284451,-0.9755896611057703,0.6950804238294908,-0.24614508425923054,1.3771638441823513,-0.23267586335531493,0.7420429040921181,0.2611364005259204,0.21855067193993435,1.3394580210783409,0.4004260580696671,0.4126344018780712,-0.2703738804945429,-0.570390479876125,0.125264861877939,0.5492265411040439,0.23261309492878096,-1.8323552720671101,-0.0418440485897689,-1.067863617929976,-0.05774414820687514,0.9394913800267362,-0.9072352305509818,0.08566388465532127,-0.756274678886085,0.07650327018572034,-0.8312269070021665,0.06513317808528893,0.30663676534991524,0.5799078658118131
-0.9570559027055852,-1.0664720518431965,-0.3823185198101423,-1.5903071111892955,1.3109623889553716,-1.633706363634459,-0.2985078088842809,-0.19586235678340974,-0.7084284289874899,0.4813164605921596,-0.8981972666289715,0.7420429040921181,0.2611364005259204,0.5415617826115086,-1.2810742682735852,0.4004260580696671,0.4126344018780712,1.2812132145247221,-1.7241730294200364,-1.1556817772224979,-0.47832254564852844,-0.19856816538834068,-1.3940023437350157,-0.3948185965986276,-1.5760639186713419,0.06849135923681936,-0.3845567007553551,0.36220671379166697,0.31234471818006593,-1.1695339984876092,-0.4583616164463632,-0.764895447361364,-0.5894094757935746,-0.4974377633094571,0.5799078658118131
0.11263836185008808,0.9376710793983659,-0.3766574471263929,-0.8150336401038439,0.44485442478478854,-0.03615777240679549,1.3264886364472936,0.13081666277465404,0.4398237498536704,-0.414530922998032,1.2647472940104123,-1.4826560530703778,-1.10238118074365,0.0577470138694219,0.46594725796103226,0.4004260580696671,-0.9711137216613229,-0.34425898025736507,-0.4732150194934218,-0.20025546043134299,-0.9072926688800732,0.485862402615178,0.7771693444241372,0.6019128533808545,-0.10792601530708415,-0.1718501504630321,0.2562250845878474,-0.47625461943084657,-0.05317109337476016,2.5474360875216293,1.4990234449143125,1.2921433067657555,-1.1777387996735162,-0.8117658209864653,-1.3925471563078609
1.3469009747989418,-1.0664720518431965,0.2173654088443283,-0.42739690456111984,0.7046868140359634,1.6308494532220708,-1.517255142882962,0.338703311584331,0.4696484817716226,-0.414530922998032,-0.7318169158105572,-1.4826560530703778,-1.10238118074365,0.4553779084880325,1.3394580210783409,0.4004260580696671,0.4126344018780712,1.4289834140503666,1.0126119559567108,0.9385427537836997,-0.3160792066454064,-0.07409478737624259,0.376778932968353,0.1207481466526151,0.8133502318547035,0.34680259827271503,1.2683824086971813,-0.7745918424562097,0.40856096787210466,0.9122217818761421,-0.8158243868705651,0.21361021445455922,-0.6789036954206348,-0.37507663422474985,-1.3925471563078609
1.1823326264057614,-1.0664720518431965,-1.6566921324877804,0.5029312607414221,-1.3739722999734358,1.1446390124136514,1.3264886364472936,0.24960903352304084,0.22732253493826088,1.3771638441823513,-0.8981972666289715,-0.3703065744891299,0.2611364005259204,-2.044661049999423,1.3394580210783409,-0.6592048030806762,1.7963825254174652,-1.8958460752766302,1.759662135169824,1.3425113559067574,0.6489148725312175,-0.1521046675093406,0.00733672846095939,1.7560362332748911,1.1508959028906385,-1.9208207487694136,-0.40084595734136585,-1.587051382422565,-2.0172009660708183,-0.46269192777914897,0.891167544844392,-0.5253658305775768,1.127570525058291,0.8884450699387516,0.12869645000399213
-0.6279192059192241,-1.0664720518431965,0.2888207677414247,-0.8150336401038439,-0.5078643358028528,-1.1474959228260397,1.5973213773358894,0.3980994969585237,-0.07838096722074933,1.3771638441823513,-0.5654365649921436,0.7420429040921181,0.2611364005259204,0.7670918688519427,-0.40756350515627643,0.4004260580696671,0.4126344018780712,-1.304765277174053,-1.1421096259777113,-0.46609935814839704,0.1253873003255698,0.37486625785969574,-0.9828493722868379,-0.3319077253680229,-1.1238002041102535,0.5413012346459706,0.08693619469474387,0.4714810655667934,0.6632972046837546,-0.9596239516488788,-0.7453622873221091,-0.8490983987023929,-0.24571507679245425,-0.03312898493913528,0.5799078658118131
0.3594908844398588,0.9376710793983659,1.0256743796124081,0.5029312607414221,0.6180760176189052,0.8668044748088404,-0.027675067995685147,0.16051475546175073,0.40254283495623017,-0.414530922998032,1.2647472940104123,-1.4826560530703778,-1.10238118074365,0.7815960726931582,0.46594725796103226,1.4600569192200104,0.4126344018780712,0.5423622168965007,0.3682315169804247,0.35823608585389805,-0.600252033831798,0.10862245569727796,0.6181427637697456,-0.4865825727967108,0.45390456902972337,0.9437561284246498,0.8808283128228381,0.1902499786006668,0.8720991179785343,2.5474360875216293,-0.14987406023775834,1.2732018123551099,-0.887578592555253,-0.5881640029933016,-1.3925471563078609
0.03035418765349783,0.9376710793983659,-0.4857419776498812,0.34787656652433174,1.657405574623605,1.561390818820868,0.9202395251144,0.19021284814884742,1.1220644924768273,0.4813164605921596,-0.5654365649921436,-0.3703065744891299,-1.10238118074365,-0.7336046910362083,-0.40756350515627643,0.4004260580696671,-0.9711137216613229,0.9117877157106115,0.32845815354840185,0.3575826333458487,0.13053643967951456,0.5500151961765706,2.255202763241725,1.3164223206239707,1.1012208446616307,-0.6301846534584785,-0.30145873996836026,-0.48605834120850094,-0.686882035065237,-0.21240541170104382,-0.054868346931629036,-0.3608337268731745,-0.9008259380230204,-0.5884143821613453,-0.8760410563540361
-0.6279192059192241,-1.0664720518431965,-1.8207259367743243,0.2703492194157866,0.18502203553361363,-1.5642477292332562,0.3785740433372085,0.6059861457682006,-0.07838096722074933,0.4813164605921596,-0.7318169158105572,-0.3703065744891299,-1.10238118074365,-2.0903295819749528,-0.40756350515627643,-0.6592048030806762,1.7963825254174652,-0.048718581206076486,-1.4915802608117148,-0.5918520957977522,-0.494057515660263,0.5720228916157007,-1.3380823211995,1.5676298146955556,-1.4287411740437912,-2.0307624409584513,-1.715552933542971,-0.7606992845579121,-2.097022582089314,-0.3363452950012915,1.328629241045379,-0.5834527282640644,-1.5599298841157034,-0.9812698025519148,-0.8760410563540361
-0.2164983349362729,0.9376710793983659,1.5896178685741833,-0.8150336401038439,1.1377407961212551,-0.175075041209201,0.7848231546701021,-1.2352956008317935,-0.9432981928413636,-0.414530922998032,1.4311276448288268,-0.3703065744891299,-1.10238118074365,2.1592941146842626,-0.40756350515627643,-1.7188356642310194,1.1045084636477682,0.5423622168965007,-0.7747293479608677,-1.2828690473309308,-1.06929887331851,-0.9608432926209072,0.6470784788112962,-1.4889044285879818,-0.3750533594521648,1.9380987879838714,1.306014309482837,0.9696015473193741,2.0588216528351966,1.115571054638936,-0.5634220282406467,1.4432368955129757,-1.2871072218951742,-1.3113218088874685,-0.8760410563540361
-1.4507609478851267,0.9376710793983659,-0.445174280036168,0.6579859549585124,-1.3739722999734358,0.45005266840162383,-0.027675067995685147,0.13081666277465404,0.6262283243408717,0.4813164605921596,1.4311276448288268,0.7420429040921181,0.2611364005259204,-0.8606339151580223,-1.2810742682735852,0.4004260580696671,-0.9711137216613229,-1.1569950776484088,1.1216679041406046,0.8110154107605387,0.9661077432305737,0.48575576234749807,1.2257585361925587,0.8310549531358977,1.2968417084980235,-0.6729475586669259,-1.86518147044954,0.91374678285159,-0.7734579457622822,0.17483201590986006,1.7512512762495034,-0.11296817707143568,0.8638063187487767,0.6507068166518457,0.5799078658118131
0.19492253604667834,0.9376710793983659,-0.32052244754625653,-0.1172875161269392,-1.3739722999734358,-0.8696613852212286,-1.1110060315500683,-0.16616426409631302,-0.46983057364387215,0.4813164605921596,0.2664651890999273,-0.3703065744891299,0.2611364005259204,-0.29674693351142545,0.46594725796103226,0.4004260580696671,-0.9711137216613229,-0.5659142795458315,0.014457915927167313,-0.12331757179690743,-0.1667553654026084,-0.20489789616222695,-0.8302752594127006,-0.22958523983262785,-0.3670868139715072,-0.3206141280010745,0.09335918970797727,-0.49447052743679243,-0.3080618018093951,0.3741759655923245,0.5280924641215607,0.15225026730241245,0.3597437408234795,0.16934353668649557,0.12869645000399213
1.2646168006023515,0.9376710793983659,-0.8985900053141478,-0.1172875161269392,-1.3739722999734358,0.5889699372040293,0.6494067842258042,-1.4431822496414701,-1.2117207801029335,-1.3103783065882237,0.2664651890999273,-1.4826560530703778,-1.10238118074365,-0.9065684715269442,1.3394580210783409,-0.6592048030806762,-0.9711137216613229,-1.5264205764625194,1.2138093390062112,-0.6716945376170468,-1.1987266822148186,-1.422796684402646,0.37821625543321,-0.5439466437491961,0.9576649785415028,-0.9382940099088513,0.3697236299640056,-1.2863124700478226,-0.9310035856897345,1.7810634356005381,1.251814029709552,2.1653313310178794,-0.6159366949677696,-1.0172724104276876,-1.3925471563078609
1.5114693231921223,-1.0664720518431965,0.2365567816577449,-0.42739690456111984,0.5314652212018469,0.6584285716052322,0.3785740433372085,-0.6116356544027629,-0.6748756055797936,-1.3103783065882237,-1.397338319084214,-0.3703065744891299,0.2611364005259204,0.47674375207593744,1.3394580210783409,0.4004260580696671,0.4126344018780712,0.24682181784521212,0.20000351088516974,-0.37671605858318846,-0.3385454446846736,-0.8988144260323373,-0.36096551926259685,-0.7357573518822782,-0.06384637007893362,0.36736837955138835,1.3673954191998607,-0.8312811766296112,0.42966675673072974,-0.8571549498455727,-1.3402907613249657,-0.3868358878697915,0.44881249827359926,0.021252884038229836,0.12869645000399213
-0.9570559027055852,0.9376710793983659,0.8070677002248198,1.9759508558037784,-1.6338046892246108,0.6584285716052322,-1.2464224019943662,1.615721297129488,2.2777728542974756,-1.3103783065882237,1.4311276448288268,0.7420429040921181,1.6246539817954908,-0.22667283396973273,-1.2810742682735852,1.4600569192200104,-0.9711137216613229,-0.7136844790714758,1.5515084618138268,2.6198216026196617,1.8203274064178538,2.061393945625232,1.4246330778765575,0.829820632939464,1.735355511602107,0.31803454969294104,-0.8642878950100252,1.147330599754075,0.04853658187131188,0.17483201590986006,0.17543153173758677,-0.630743540713346,2.157805142097208,2.2034372352259854,1.2401231180873624
1.1000484522091711,0.9376710793983659,1.8048276626533435,-0.2723422103440295,1.5707947782065466,0.3111353995992183,-1.517255142882962,-2.1559364741317903,-1.9237862546440427,-1.3103783065882237,-0.3990562141737293,-1.4826560530703778,-1.10238118074365,2.060200527668882,1.3394580210783409,-1.7188356642310194,1.1045084636477682,2.167834411678588,-0.2586012476278061,-1.750194137795937,-2.0255184694355632,-2.101929417379651,0.14643601290370922,-2.0273632419470133,-0.17823527227173874,2.0042102769140238,2.127416769162542,0.24518038827528024,2.04230901800044,1.2149111084913304,-1.6493066213588272,2.8072227398494194,-1.1016904071355986,-1.5618129717997835,-1.3925471563078609
1.5937534973887126,-1.0664720518431965,0.226973655064344,0.42540391363287694,-1.6338046892246108,-0.2445336756104038,0.10774130244861274,-0.6116356544027629,-0.9022891864541793,-1.3103783065882237,-0.23267586335531493,0.7420429040921181,0.2611364005259204,-0.023539607931114467,1.3394580210783409,0.4004260580696671,-0.9711137216613229,-1.4525354766996974,0.5976012143666023,-0.17309227455849807,0.3441798004251759,-0.8970523972396846,-1.0385488127337532,-0.8981454929536608,-0.09875967675343106,0.10998334763506434,1.0966936339512878,-0.8682345151166906,0.04727706123029818,-0.756274678886085,-0.44011480655232144,-0.3211301348645444,0.6331895982041569,0.14093195382743243,0.5799078658118131
0.5240592328330393,0.9376710793983659,1.7068210837710756,-0.1172875161269392,0.8779084068700801,-1.0085786540236341,0.10774130244861274,-1.2649936935188901,-1.394397263100391,0.4813164605921596,-0.5654365649921436,-1.4826560530703778,-1.10238118074365,1.8633612217139215,0.46594725796103226,-1.7188356642310194,-0.27923965989162586,0.690132416422145,-1.212285794569439,-1.4793842769552126,-1.7914178315341764,-1.2516299587008273,-0.9443322141551052,-1.7490152440538702,-1.1550401288177718,1.8529609517380776,1.6592040133413621,0.5140274911930376,1.8686410217464335,1.0653264255183903,-1.6799968023152452,1.4371113509297624,-1.4513906146214643,-1.4136440247491198,-1.3925471563078609
0.03035418765349783,0.9376710793983659,1.44452908536061,2.0534782029123235,1.657405574623605,-0.7307441164188231,1.1910722660029958,-1.3243898788930832,-1.1595274992465172,-0.414530922998032,-0.23267586335531493,-1.4826560530703778,-1.10238118074365,0.4094117417797513,-0.40756350515627643,-1.7188356642310194,0.4126344018780712,0.7640175161849672,-1.4525119442095356,-1.6087813573381378,-1.9006009554818302,-1.0514111779319792,0.14670769515355794,-1.5527506817647194,-1.0080039704994328,0.980688660369107,0.41502930666235,0.6805181871985974,0.7028140713680731,1.361134051715745,-1.3511581346741874,1.7167523492500971,-1.5445671844882933,-1.4833573234736899,-1.3925471563078609
-1.6976134704748975,-1.0664720518431965,-1.2045125379419348,-1.5127797640807503,0.09841123911655533,0.24167676519801556,-1.381838772438664,0.10111857008755733,0.16394497961261242,1.3771638441823513,-0.8981972666289715,-0.3703065744891299,0.2611364005259204,-0.3839015636785035,-1.2810742682735852,-0.6592048030806762,-0.9711137216613229,0.8379026159477893,0.2623314885196404,0.24169691512142624,0.06199847209725848,0.08677752331283477,0.1791895194900489,1.1571412347881742,0.19720365590451205,-0.8376004487553916,-1.9343822427760082,0.776857349689102,-0.6131764113435361,-0.46269192777914897,0.35572682498004476,-0.4676369857405793,0.4782886683288776,0.3684615090524093,0.12869645000399213
1.1823326264057614,0.9376710793983659,-0.5385689840609327,-0.7375062929953005,-0.854307521471086,-1.355871826029648,1.5973213773358894,-2.1262383814446935,-2.136287469559452,-1.3103783065882237,1.2647472940104123,-0.3703065744891299,-1.10238118074365,-0.16113911032054037,1.3394580210783409,0.4004260580696671,-0.9711137216613229,-1.6003056762253416,-1.2044735620608173,-1.9774252496661706,-1.8174892899483202,-2.074632774537451,-1.2428111716945487,-1.5930805626273892,-1.2363992073932928,-0.3689351089933959,0.7942088017401082,-1.0858698707518586,-0.2634558895848632,1.0146907836794479,1.7346058047862136,2.5800344572882117,-1.4483969538005899,-1.693222868465787,-0.8760410563540361
0.44177505863644906,-1.0664720518431965,-0.5742147479574042,-0.5824515987782102,-0.3346427429687362,1.7697667220244764,-1.1110060315500683,0.04172238471336391,0.2310506264280049,-0.414530922998032,-0.8981972666289715,0.7420429040921181,0.2611364005259204,-0.29157765558549414,0.46594725796103226,0.4004260580696671,-0.9711137216613229,0.32070691760803427,1.6651039738049123,1.0617555425869825,1.1030044890929946,-0.33239657439075904,0.479475666611205,0.5966429827062543,1.3327191968857561,-0.45412558726824787,0.26597282193130234,-0.7671162041294605,-0.3726864366062258,-1.1695339984876092,-0.28489608265235244,-0.8499739147225492,1.0895684334715445,0.7656571752862116,0.5799078658118131
0.19492253604667834,-1.0664720518431965,-1.7296003802615179,0.34787656652433174,0.18502203553361363,1.4919321844196654,-0.5693405497728766,-0.19586235678340974,-0.0746528757310053,-1.3103783065882237,-1.7300990207210423,-0.3703065744891299,-1.10238118074365,-2.0366558352099764,0.46594725796103226,-0.6592048030806762,1.7963825254174652,0.46847711713367857,1.1227437008644805,0.49672536529237366,0.2104696716542124,-0.5373509657741512,0.27218608283340257,1.4647433622270443,0.8419795906527593,-1.9554988203834947,-1.0111179619945656,-1.2131428488325253,-2.030698736368172,-1.13407534322061,-0.11525493542508998,-0.7437158119229774,-0.644312858770954,-0.5356526748546515,-0.8760410563540361
0.3594908844398588,-1.0664720518431965,-0.7641182964612648,0.5029312607414221,-0.4212535393857945,1.561390818820868,-0.027675067995685147,2.150286965497228,2.143561560666691,1.3771638441823513,0.10008483828151368,0.7420429040921181,1.6246539817954908,-1.1126651178630473,0.46594725796103226,-0.6592048030806762,1.7963825254174652,-0.34425898025736507,1.5136006433312004,3.136264732944449,2.019622471675829,1.4939261076758148,0.3201521132952206,2.6311573305376847,1.142099019348774,-0.9705155651692813,-0.307065948218976,-0.82257684783191,-1.0530287608451974,-0.5590884633101237,0.9047037425492688,-1.0799778720982118,2.1402290915397275,2.3925704237522036,1.2401231180873624
-1.533045122081717,-1.0664720518431965,0.1932340258764484,-1.1251430285380246,-0.6810859286369695,1.561390818820868,-0.027675067995685147,-0.6413337470898597,-0.15294279701562988,0.4813164605921596,-0.3990562141737293,-0.3703065744891299,0.2611364005259204,0.8572135673043211,-1.2810742682735852,0.4004260580696671,-0.27923965989162586,-0.5659142795458315,1.6843682705491854,0.3521062557925915,0.12733865280692722,-0.6281509780305152,1.2863180770812945,-0.32351692249366215,1.7691022303321668,0.535789728639836,-0.9079104929895738,1.4771753022445395,0.7059107146421474,-0.09078229792448163,-0.5391165742906632,0.13119311697821381,1.0973401956195974,0.4257215140235323,0.12869645000399213
0.9354801038159906,0.9376710793983659,-1.211609430447604,-0.2723422103440295,-1.5471938928075526,0.8668044748088404,-0.2985078088842809,0.16051475546175073,0.40254283495623017,-1.3103783065882237,0.5992258907367559,-1.4826560530703778,-1.10238118074365,-1.1466505709985426,1.3394580210783409,-0.6592048030806762,1.7963825254174652,-1.1569950776484088,1.6552630791832235,1.1805844456439853,-0.20630639294150296,0.10862245569727796,0.6181427637697456,1.4268949752323818,1.3978913354583897,-1.2271647702953297,0.03305713974467022,-1.3027733973432465,-1.2003830301572185,2.0466777494348816,2.076574645038717,0.972784535331169,-0.481187246246597,-0.2912553925518955,-1.3925471563078609
-0.6279192059192241,-1.0664720518431965,-0.7079641863466888,0.03776717809015112,0.9645192032871384,-0.8696613852212286,1.0556558955586979,-0.25525854215760313,-0.5145676715208005,1.3771638441823513,-1.397338319084214,-0.3703065744891299,0.2611364005259204,-0.7936840896889312,-0.40756350515627643,-0.6592048030806762,-0.9711137216613229,0.24682181784521212,-1.318096811498483,-0.9534444327298875,-0.778876543141144,-0.2572818749805946,-0.7560088265532623,0.009824052883251683,-1.1666105923056798,-0.7794844026083843,-0.8897539408190076,-0.14069556659785398,-0.7929666471576763,-0.8571549498455727,-0.6547499621100556,-0.5529119452375391,-0.3465243124605749,-0.35219775685468857,0.12869645000399213
-0.2164983349362729,-1.0664720518431965,-0.6526573625924456,0.42540391363287694,0.35824362836773027,-1.5642477292332562,-0.2985078088842809,-1.2055975081446968,-1.4540467269362953,-1.3103783065882237,-0.7318169158105572,-1.4826560530703778,-1.10238118074365,-0.9530375679940107,-0.40756350515627643,-0.6592048030806762,-0.9711137216613229,0.46847711713367857,-1.4010754133492027,-1.5231641854844467,-1.8278383167071146,-1.1719090313189289,-1.3391161367421733,-0.9152861712241197,-1.3770534923095565,-0.8300636007849476,-0.6319839068505118,-0.4183609317036616,-0.9001266584733936,0.9122217818761421,-0.04828694806625592,1.2663653544995204,-1.524431360117043,-1.437015770392689,-1.3925471563078609
-1.6976134704748975,0.9376710793983659,-0.14114945427947673,0.5804586078499673,-0.5078643358028528,0.6584285716052322,-1.6526715133272598,-0.4631451909672794,0.08192696683824383,1.3771638441823513,1.098366943191998,0.7420429040921181,0.2611364005259204,-0.4983091493030046,-1.2810742682735852,0.4004260580696671,-0.9711137216613229,0.46847711713367857,0.9032811691937258,0.12127424714983531,0.5465898765556801,-0.1400741489534407,1.4264002474198874,0.10020063463092985,1.2181622874655575,-0.3268747141337988,-2.0062064224334453,1.5101634124875924,-0.41387667471237544,-0.0010340179412842185,1.0335361440531317,0.08344018007381268,0.7693300836013978,0.3044906932901354,0.5799078658118131
1.2646168006023515,0.9376710793983659,-0.19997053001487733,-0.3498695574525747,0.9645192032871384,1.4224735500184624,0.10774130244861274,-2.096540288757597,-1.707556948238889,1.3771638441823513,0.2664651890999273,-0.3703065744891299,-1.10238118074365,-0.033212442632794825,1.3394580210783409,0.4004260580696671,-0.9711137216613229,0.7640175161849672,0.6203802494618929,-1.4706047085260128,-1.25089899202805,-2.0459498671740297,1.065897660580539,-1.3380991651172438,0.8345134066299907,-0.12326047338938519,0.9191977403051405,-0.9530201032226202,-0.07485756426509732,0.3741759655923245,0.3914495118127914,1.973241047341377,-0.8046099277328745,-1.4089830248484692,-0.8760410563540361
-0.8747717285089949,-1.0664720518431965,0.02478750986860544,-0.42739690456111984,1.0511299997041967,-0.2445336756104038,0.10774130244861274,0.6059861457682006,0.4398237498536704,0.4813164605921596,-1.8964793715394566,0.7420429040921181,0.2611364005259204,0.2517526266592838,-1.2810742682735852,0.4004260580696671,0.4126344018780712,0.8379026159477893,-0.6869715554515328,-0.018880727759667707,0.45221614882084604,0.5734407224473549,-0.22767044513712323,0.25274564573036173,-0.5996488534744325,0.14048582226916448,-0.47792342738462434,0.5383239850520702,0.20207328084594467,-1.8432366608395752,-1.607219666605199,-1.3628485760614215,0.0036953351972488844,0.227936756382387,0.5799078658118131
-1.533045122081717,0.9376710793983659,2.1527730248685035,0.8905679962841478,-1.3739722999734358,-0.8002027508200259,-0.5693405497728766,-1.2649936935188901,-1.122246584349077,-0.414530922998032,-0.5654365649921436,-0.3703065744891299,-1.10238118074365,1.7709509277065174,-1.2810742682735852,-1.7188356642310194,-0.27923965989162586,-0.8614546785971201,0.0016214282256703245,-0.9879573770013996,-0.807799540852743,-0.9887725488969317,0.08147776894906521,-1.7428262475329792,-0.02247913526503279,2.045862340223228,-0.34301226952188363,2.9318611080791435,1.918547163895285,-0.21240541170104382,-1.9054958981676098,0.4969201514800464,-1.0113959212373338,-1.1651528396001543,-0.8760410563540361
-1.3684767736885364,-1.0664720518431965,-0.9051181349722093,-0.8925609872123891,-1.2007507071393193,0.03330086199440727,0.7848231546701021,1.0811556287617479,0.9766689243768103,-0.414530922998032,0.10008483828151368,0.7420429040921181,1.6246539817954908,-0.4550212821570207,-1.2810742682735852,-0.6592048030806762,-0.9711137216613229,-1.4525354766996974,0.5281793931238123,1.258184382402352,1.2053447905613335,1.0293389751404505,0.0027161027340644665,1.6675859879897275,0.30689927332088346,-0.7134668157734753,-1.4983590341783057,0.4997350446499022,-0.5867104995874085,-0.5590884633101237,1.0858947156387206,-0.8398432581193498,1.6536376074584704,1.6238885022732745,1.2401231180873624
0.3594908844398588,-1.0664720518431965,-0.11472148230701013,-1.5903071111892955,-0.5944751322199111,-0.45290957881401206,0.7848231546701021,0.4871937750198138,-0.10820569913870155,1.3771638441823513,-0.06629551253690062,0.7420429040921181,0.2611364005259204,0.8273984206096154,0.46594725796103226,0.4004260580696671,0.4126344018780712,-0.9353397783599423,-0.2771137332925498,0.18575963011316196,0.5888664165976771,0.05125466206214,-1.2050894305818354,-0.07439219155335158,-0.6829738371891412,0.3555425654084455,0.9092775195096943,-0.4758180089833573,0.6005221952231972,-0.6569346250336902,0.01680020854946394,-0.7149452007623918,0.21560447792729728,0.33894808811077526,0.5799078658118131
1.0177642780125808,0.9376710793983659,-0.5563485363037176,-0.1172875161269392,-1.0275291143052028,1.7697667220244764,-0.2985078088842809,-0.34435282021889324,0.18631352855107658,0.4813164605921596,-0.23267586335531493,-1.4826560530703778,-1.10238118074365,-0.5457400096391697,1.3394580210783409,0.4004260580696671,-0.9711137216613229,-0.7136844790714758,2.11845333529661,0.9072031261189945,-0.3306441285023394,-0.373001907084287,1.3683626792599932,0.5392972999951151,2.1569557926895544,-0.5727354883596645,0.46031161487372985,-1.0271283343154078,-0.5619583614516074,1.361134051715745,0.33319521737549046,0.8727603097534212,-0.34456152665366063,-0.38613626586309113,-1.3925471563078609
0.6886275812262198,0.9376710793983659,-0.24335025327334017,-0.1172875161269392,0.09841123911655533,1.7697667220244764,1.1910722660029958,0.4871937750198138,1.058686937151179,-0.414530922998032,0.43284553991834157,-0.3703065744891299,-1.10238118074365,-0.21483089922458565,0.46594725796103226,0.4004260580696671,-0.9711137216613229,-0.5659142795458315,1.3132770806331813,1.2872673379800583,0.6224648946911059,0.4188020804395038,1.3657689092853502,1.0011863807274615,1.515938278541735,-0.23807127992586943,0.47233420895500094,-0.718495996811972,-0.2248526327603276,0.4854034114944222,0.5855653894854768,-0.09297219256558505,-0.5851728180887262,-0.2551760172055236,-0.8760410563540361
1.1000484522091711,-1.0664720518431965,-1.106572334379213,-0.42739690456111984,-0.9409183178881444,-1.355871826029648,-1.381838772438664,0.7247785165165874,-0.24987317574897458,1.3771638441823513,-1.8964793715394566,-1.4826560530703778,-1.10238118074365,-0.9469456268580675,1.3394580210783409,-0.6592048030806762,-0.9711137216613229,-0.048718581206076486,-0.561209186378428,0.15235770503652007,-0.7091868894914458,0.25891858295873815,-1.8838617411461307,0.6115382889917993,-1.0805149773381124,-1.0693959490121079,0.2536584976045692,-1.3190824102734067,-1.018005068334772,-0.27408025392974295,-0.8605619328055917,-0.5900981291428898,-1.2093462978087945,-0.6683041573507198,-1.3925471563078609
1.1000484522091711,-1.0664720518431965,0.4367568630301161,-1.6678344582978408,0.8779084068700801,-0.10561640680799825,-1.1110060315500683,-1.5025784350156635,-1.5845299290773363,0.4813164605921596,-0.06629551253690062,-0.3703065744891299,-1.10238118074365,1.469086676183611,1.3394580210783409,0.4004260580696671,-0.27923965989162586,1.3550983142875443,-0.3457188272266007,-1.3003428959239405,-1.0856667826657904,-1.672110429650631,-0.9430206762771645,-1.4752212842479038,-0.6291975591578575,0.973260090630866,1.76278706194639,-0.5502678410757117,1.2321793904242828,0.14584912995505098,-0.49942264797262037,0.9941556504047403,-1.1323847940845877,-1.320253974479641,-0.8760410563540361
-0.2164983349362729,0.9376710793983659,0.880056604041873,-0.5824515987782102,-0.9409183178881444,1.005721743611246,1.1910722660029958,0.36840140427142704,1.099695943538363,-1.3103783065882237,1.2647472940104123,0.7420429040921181,0.2611364005259204,1.2563199723467724,-0.40756350515627643,1.4600569192200104,-0.27923965989162586,-1.4525354766996974,1.291819426794501,1.1545717358374072,1.1518737955647036,0.7384834101421864,1.7415710937998992,0.03395487878679146,1.6836591113138992,1.1043444388805614,0.7489149041857179,0.5032439176488057,1.1910424513354292,0.08749315907529455,-0.007142053950328957,-0.2647869913286772,0.9358857204899768,0.8069147035807129,0.5799078658118131
0.2772067102432686,-1.0664720518431965,-0.739054651227265,-1.2026703756465698,-1.114139910722261,-1.4947890948320535,-1.381838772438664,1.704815575190778,0.37644619452802197,-1.3103783065882237,0.10008483828151368,0.7420429040921181,1.6246539817954908,-0.08683595406532521,0.46594725796103226,-0.6592048030806762,-0.9711137216613229,-0.1964887807317208,-0.6067164671930996,0.7856117829799713,0.9518195572664175,1.1096751897722097,-1.9867283905634527,0.8917863461063708,-1.1393012202461084,-0.43882068605141566,0.2827659553817336,-0.7656349858908278,-0.2609337780211806,-0.5590884633101237,0.8732443991831738,-0.9898602083303709,1.007458517870149,1.3870047975761157,1.2401231180873624
0.5240592328330393,0.9376710793983659,-1.085921328579345,0.9680953433926931,0.5314652212018469,1.2140976468148543,1.4619050068915915,-0.16616426409631302,0.19376971153056463,0.4813164605921596,-0.23267586335531493,-0.3703065744891299,-1.10238118074365,-1.6969788370433372,0.46594725796103226,-0.6592048030806762,1.7963825254174652,-0.34425898025736507,0.5502960795374446,0.19030710401063922,0.031006066067111513,-0.20549440109701156,0.8997837235075071,1.0630737437588798,0.7089112883138069,-1.4397897732371927,-0.5701218539553004,-1.0655455079631975,-1.5920962598076989,0.02860907268544545,0.9614769839727122,-0.05751882585910512,-0.8274971357155652,-0.6533394073277086,-0.8760410563540361
-0.7924875543124047,-1.0664720518431965,-1.3270691752709742,-1.2026703756465698,-1.0275291143052028,-0.8002027508200259,-1.2464224019943662,0.21991094083594415,-0.09702142466946947,1.3771638441823513,-0.06629551253690062,-0.3703065744891299,0.2611364005259204,-0.7105886812671562,-1.2810742682735852,-0.6592048030806762,-0.9711137216613229,-0.1964887807317208,-0.07428128166144182,0.12108343248754279,-0.011345514454490191,0.202599191590253,-0.692449322021998,0.9955392259023966,-0.36927477564654865,-1.0678472786547273,-0.9971921606567427,-0.35988435737884905,-0.8962498808889907,0.14584912995505098,1.4768429071729883,-0.1693427679796836,0.3164275402126114,0.3043880312877455,0.12869645000399213
0.9354801038159906,-1.0664720518431965,-0.19458398410190222,0.19282187230724143,-1.6338046892246108,-1.633706363634459,-0.4339241793285788,-1.7401631765124368,-2.0207166333773876,-1.3103783065882237,0.10008483828151368,-0.3703065744891299,-1.10238118074365,-0.34008648026247723,1.3394580210783409,0.4004260580696671,-0.9711137216613229,-1.1569950776484088,-0.6792158116282386,-1.5810982454876858,-1.364150462864887,-1.876019575994297,-2.0903198951367434,-1.5995658357938738,-1.2114134136719585,-0.2752216927353677,0.5421377307569132,-0.8094552878625414,-0.30726419141433337,0.2610140326420753,0.24192429769867949,1.3590169188929508,-1.2521338698219486,-1.4682801484539905,-0.8760410563540361
1.0177642780125808,0.9376710793983659,-1.305141629317907,-0.8925609872123891,0.9645192032871384,-1.0085786540236341,-0.9755896611057703,0.30900521889723426,-0.13430233956690973,-1.3103783065882237,0.43284553991834157,-1.4826560530703778,-1.10238118074365,-0.8785454327343689,1.3394580210783409,-0.6592048030806762,-0.9711137216613229,1.3550983142875443,-1.04606249447004,-0.45514892354084713,-1.0607205460876337,0.2467278023584044,-0.9480519119181757,0.9309122081349842,-1.0553850191300758,-1.1409859975175427,0.2503474988599314,-1.3767964106349408,-1.0191975987442625,1.9152258616767657,2.0317912632108897,0.8091193256453757,-1.38817631089197,-0.9207954256729581,-1.3925471563078609
0.19492253604667834,0.9376710793983659,-1.1482266898326263,0.5804586078499673,-1.2007507071393193,-1.2169545572272424,-0.2985078088842809,-0.49284328365437613,-0.8351835396387868,0.4813164605921596,-0.8981972666289715,0.7420429040921181,0.2611364005259204,-1.5550772871836553,0.46594725796103226,-0.6592048030806762,1.7963825254174652,-0.8614546785971201,-0.5118380798342093,-0.6586304128177911,-0.029313632160647342,-0.5149057284815093,-1.1157947348951518,0.018604264969817506,-0.7895059660081556,-1.4012254538915532,-0.7026422800949379,-0.930834891173892,-1.499107190805301,-1.1695339984876092,0.2937612581763311,-0.6438754262792651,0.09563450237885762,-0.1544059709653636,0.5799078658118131
-1.6153292962783072,-1.0664720518431965,-0.3653614633512947,-1.5127797640807503,-1.2007507071393193,1.6308494532220708,-0.5693405497728766,0.21991094083594415,0.7716238924408888,-0.414530922998032,-0.5654365649921436,-0.3703065744891299,0.2611364005259204,0.5092842803172833,-1.2810742682735852,0.4004260580696671,0.4126344018780712,-0.7136844790714758,2.11845333529661,1.543520468213161,0.7429062088753248,0.20327367531921706,1.350823853717167,0.8797048771622824,2.1471525293804734,0.0612973642625491,-1.2469623706284807,1.215437975579015,0.29244007112726467,-0.21240541170104382,-0.17228585007635827,-0.372920747969946,1.2685394961665948,0.9728253425181376,0.12869645000399213
0.03035418765349783,0.9376710793983659,0.7116378530355805,0.7355133020670576,0.9645192032871384,1.1446390124136514,1.3264886364472936,2.0908907801230345,3.0606720671437215,0.4813164605921596,1.4311276448288268,1.8543923826733661,1.6246539817954908,0.3188178337986203,-0.40756350515627643,1.4600569192200104,0.4126344018780712,0.09905161831956781,0.28316120050220156,1.8989017247132198,2.0066106481178987,2.5642229008014406,1.8729171069294892,1.4292989186058824,0.9053971880470346,0.5426909292934214,0.35854601249618573,0.21483858348548673,0.4377638693500616,-0.46269192777914897,0.2770567934593697,-1.0273978123656293,1.5227726888824025,1.9132104408322783,1.6129200657194627
1.1000484522091711,-1.0664720518431965,-0.6162443760605171,-0.1172875161269392,-0.9409183178881444,0.5195113028028266,-0.5693405497728766,-0.07706998603502291,-0.2536012672387186,0.4813164605921596,-1.0645776174473858,-0.3703065744891299,-1.10238118074365,-0.6086273981571544,1.3394580210783409,-0.6592048030806762,-0.9711137216613229,-0.49202917978300936,0.9522153823365289,0.5089556794989779,0.21737739463612957,-0.43507518057273725,-0.46472977412043526,0.18426966654078566,0.37976990561673213,-0.6367411282990916,0.4672793998378944,-1.090201450467514,-0.6263376738746382,-0.5915406360112303,-0.40695268136800783,-0.4694224345377236,-0.6980023757084154,-0.53106735342148,-0.8760410563540361
0.2772067102432686,0.9376710793983659,-0.031410081708699224,1.1231500376097834,0.7046868140359634,1.4919321844196654,0.3785740433372085,0.36840140427142704,0.8312733562767932,-0.414530922998032,1.2647472940104123,-0.3703065744891299,0.2611364005259204,-0.6744158159637513,0.46594725796103226,0.4004260580696671,-0.9711137216613229,0.3945920173708564,0.7832904760647963,0.8122849711689322,0.3829777131287359,0.3048405482284259,1.1330501032270857,0.6092323326906397,0.9901755176381335,-0.3569086890571169,-0.08642238892716009,-0.3819706404920314,-0.5188926506318987,1.0146907836794479,1.0311187171264011,0.25782359688189227,0.7164460524721125,0.651302226747593,0.12869645000399213
0.2772067102432686,-1.0664720518431965,-0.8020380536043052,-1.5127797640807503,1.0511299997041967,0.3805940340004211,1.5973213773358894,-0.5522394690285696,-0.6972441545182578,0.4813164605921596,-1.2309579682658,-0.3703065744891299,-1.10238118074365,0.04352202365926069,0.46594725796103226,-0.6592048030806762,-0.9711137216613229,0.02516651855674566,-0.423723206629018,-0.6539665215772585,-0.5407780177039345,-0.8492970091991393,-0.5764799849047182,-0.09710336935031898,-0.5474739996350334,-0.40670343413471616,0.36435354939446774,-0.7983788460319446,-0.17862407971401673,-0.7229925237693459,-0.40609914860170254,-0.3302818876390178,-1.1600714782227464,-1.0092340078381112,-0.8760410563540361
-0.7924875543124047,-1.0664720518431965,-0.5981726360825277,-0.8150336401038439,0.09841123911655533,1.2140976468148543,0.9202395251144,-1.2055975081446968,-0.8202711736798107,0.4813164605921596,-1.2309579682658,-1.4826560530703778,-1.10238118074365,-0.17784037531858238,-1.2810742682735852,0.4004260580696671,-0.9711137216613229,-0.4181440800201872,0.8405775887163667,-0.5938070240909935,-1.1482249533419022,-1.171615484562893,0.9935476604536119,-0.35519632641130294,0.9711317950852185,-0.40897238919728685,-0.6623837312345284,0.06863786191814097,-0.2921101459359903,0.43002735691979954,-0.5835955550191254,0.9166307308703916,-0.7335487386897577,-0.9821452143748601,-1.3925471563078609
-1.6976134704748975,-1.0664720518431965,0.07013502225588304,-1.4352524169722052,1.2243515925383133,-1.2864131916284451,-1.1110060315500683,-0.8492203958995366,-1.111062309879845,0.4813164605921596,-1.5637186699026284,-1.4826560530703778,-1.10238118074365,0.9238122454206233,-1.2810742682735852,0.4004260580696671,-0.27923965989162586,1.650638713338833,-1.2976145055615609,-1.2783276982599205,-1.6305250943386256,-0.8287561612364421,-1.1054253791334752,-0.9782337221479697,-1.252017712936188,0.5032062355117453,-1.1191369349077283,1.6612680255339054,0.7230890601080568,0.08749315907529455,-1.3656981383519424,0.387896157728002,-1.4842368036127884,-1.309005558477815,-1.3925471563078609
-1.4507609478851267,0.9376710793983659,1.3042040524175018,1.743368814478143,-0.7676967250540278,-0.8696613852212286,0.9202395251144,-0.8492203958995366,-0.7643498013336503,1.3771638441823513,0.7656062415551702,-0.3703065744891299,-1.10238118074365,0.41662892545431635,-1.2810742682735852,-1.7188356642310194,0.4126344018780712,-1.1569950776484088,-0.6125164147479113,-0.9541972505753608,-0.7795039460743999,-0.5497590900498149,0.01281035869749361,-1.2904420879910625,-0.46921118172123827,0.9093471632030776,-1.0647765725148803,2.1547644921581472,0.6707793765020108,0.7023117350374117,-0.691920783090077,0.8072487358775902,-1.227892859052684,-1.148947543544877,-0.8760410563540361
-1.533045122081717,0.9376710793983659,2.158442854048683,1.5107867731525075,-1.114139910722261,0.10275949639561004,-0.7047569202171745,-1.8589555472608237,-1.4987838248132237,-1.3103783065882237,-1.0645776174473858,-1.4826560530703778,-1.10238118074365,1.4457504195817452,-1.2810742682735852,-1.7188356642310194,-0.27923965989162586,-0.5659142795458315,0.6947917641065086,-1.2382709136565448,-1.5996470053833518,-1.6213125142349678,0.9016350439814717,-1.9073445281326955,0.8190262026692973,1.8857425641872432,-0.5436472744073899,2.9362416393151722,1.6759894990538984,0.5947613997946539,-2.1332027588700355,1.7918547523026522,-0.7804533441681949,-1.2886667099367568,-1.3925471563078609
-0.8747717285089949,-1.0664720518431965,-0.18383458099022895,-0.42739690456111984,-0.7676967250540278,0.9362631092100432,1.5973213773358894,-1.918351732635017,-1.5845299290773363,0.4813164605921596,-0.5654365649921436,-0.3703065744891299,-1.10238118074365,0.0292461793541198,-1.2810742682735852,0.4004260580696671,-0.9711137216613229,-1.5264205764625194,1.073534318763048,-1.178678108013458,-0.9738224923344139,-1.8564112665839856,0.7665796979299333,-1.242639491274883,1.0415584573095615,-0.0829073000439903,-0.6168916447961219,0.40477327619713777,-0.022885045328195363,-0.21240541170104382,-0.3419941453241896,1.194765415361329,-0.6597315373164931,-1.258708538062727,-0.8760410563540361
-1.0393400769021754,0.9376710793983659,-1.423634171644008,0.34787656652433174,1.5707947782065466,-1.633706363634459,0.9202395251144,-0.3146547275317966,-0.5406643119490087,0.4813164605921596,0.10008483828151368,-0.3703065744891299,0.2611364005259204,-1.7166138693022435,-1.2810742682735852,-0.6592048030806762,1.7963825254174652,0.8379026159477893,-2.0581870634098935,-1.4020258272380892,-1.1830544054509187,0.015878747899352574,-0.6942032045762803,0.5797695210358079,-1.6131176185813785,-1.6301106738586129,-1.8972029315866397,-0.18937765597026068,-1.6989006002542437,0.2610140326420753,1.8180139876931398,0.16410739869174315,-0.8009891046470202,-0.6864471575499002,0.12869645000399213
1.5114693231921223,0.9376710793983659,0.504098815239386,1.0456226905012382,-1.5471938928075526,0.10275949639561004,1.0556558955586979,1.615721297129488,1.4464084520845577,-1.3103783065882237,1.4311276448288268,1.8543923826733661,1.6246539817954908,-0.0672530788239569,1.3394580210783409,1.4600569192200104,-0.9711137216613229,-1.8958460752766302,0.7983208279598858,1.9585634741444184,2.0342860910116687,1.4943299960597936,-0.02032255205305417,0.5715400278689768,0.48110220280288146,0.2362475640047903,1.027594564870114,-0.6922241647729733,0.08848755393748037,-0.46269192777914897,0.5076433289759527,-0.9263678723608431,1.7930828258133762,1.9385369462093542,1.6129200657194627
0.44177505863644906,0.9376710793983659,-0.2983069623697849,0.5804586078499673,1.0511299997041967,-0.31399231001160655,0.7848231546701021,-1.5619746203898568,-1.4987838248132237,-0.414530922998032,0.10008483828151368,-1.4826560530703778,-1.10238118074365,-0.6649508514943057,0.46594725796103226,0.4004260580696671,-0.9711137216613229,0.46847711713367857,-0.8524190841723144,-1.523699397342098,-1.8282867899725401,-1.5358529455162007,-0.371464788799877,-1.1220371547402164,-0.7552046057003308,-0.49477797257972767,0.031107442929598227,-0.6211067504325498,-0.5835148492726675,1.6440763308871427,0.3548528036472237,2.2133361012516493,-1.3157835603024832,-1.4373028346511765,-1.3925471563078609
0.8531959296194004,-1.0664720518431965,-0.031410081708699224,-0.42739690456111984,0.5314652212018469,1.561390818820868,-1.6526715133272598,-0.9680127666479231,-0.7792621672926264,0.4813164605921596,-1.397338319084214,-0.3703065744891299,-1.10238118074365,0.1911785923673167,0.46594725796103226,0.4004260580696671,0.4126344018780712,1.3550983142875443,1.0549685072602766,-0.27849752746539685,-0.2705799474662486,-1.2068992741322417,0.32414249613499735,-0.6659671675910671,0.8187207541260344,0.080297516300691,0.826421465218523,-0.6860991641710773,0.14118430133975604,-0.8571549498455727,-1.1639049323492474,-0.1864867410679382,-0.6655643461771551,-0.8447353483544571,-0.8760410563540361
-0.9570559027055852,-1.0664720518431965,-0.7203687458469765,0.5029312607414221,-1.3739722999734358,-0.03615777240679549,1.4619050068915915,0.3980994969585237,0.33543718814083767,-1.3103783065882237,-1.8964793715394566,-1.4826560530703778,-1.10238118074365,-1.0664024276698956,-1.2810742682735852,-0.6592048030806762,1.7963825254174652,-1.9697311750394524,0.48545827235901906,0.6373419883545852,-0.45962333581537534,0.3738901215512076,-0.05146202880218888,0.8338172766099846,0.2546246163774532,-0.9238502864526488,-1.3932280144909175,0.1513810920392561,-1.005678264787645,-0.27408025392974295,-1.142616987472867,-0.4763334716105958,-0.8487893974685254,-0.48342959081396486,-1.3925471563078609
1.5114693231921223,0.9376710793983659,-0.8661226200264522,2.0534782029123235,-0.854307521471086,-1.2169545572272424,1.0556558955586979,-0.37405091290598996,-0.7419812523951861,0.4813164605921596,0.5992258907367559,-0.3703065744891299,0.2611364005259204,-2.012736030070811,1.3394580210783409,-0.6592048030806762,1.7963825254174652,-1.304765277174053,-0.9380094715239089,-0.8108721326103504,-0.6627523182227901,-0.40144175319701586,-1.1153212706187041,-0.09470191502745473,-1.0417851928219117,-1.4852323275900743,-0.20584324134339557,-1.3594574188255166,-1.779135329579968,0.5947613997946539,1.553766852694993,0.408032913110136,-0.13192564682219626,-0.25460882832709647,0.12869645000399213
0.11263836185008808,-1.0664720518431965,-0.445174280036168,-1.5127797640807503,1.4841839817894882,-0.03615777240679549,1.4619050068915915,2.0017965020617443,1.774480503182032,-1.3103783065882237,0.10008483828151368,1.8543923826733661,1.6246539817954908,0.42383308876519177,0.46594725796103226,0.4004260580696671,0.4126344018780712,0.46847711713367857,-0.9072847170900031,0.7046551719899871,1.3782568784755589,1.917507996218799,-0.05241850182448672,1.8506034353898815,-0.6912800617639141,-0.024275978622236512,0.4847454651942421,-0.5140243870837705,0.20628419238210224,-1.1058468948732931,0.5204952044189041,-1.2838065849023426,0.8170823829993304,1.3440960575135763,1.6129200657194627
-1.6976134704748975,-1.0664720518431965,-0.37100510393366265,-1.0476156814294795,0.44485442478478854,-1.2864131916284451,-1.6526715133272598,1.823607945939165,0.9878531988460424,0.4813164605921596,0.10008483828151368,0.7420429040921181,1.6246539817954908,0.20792825774119894,-1.2810742682735852,0.4004260580696671,0.4126344018780712,1.2812132145247221,-0.9682465314429909,0.5366581166715954,0.8073941649749703,1.7468942319576126,-1.100860101841428,1.0734212483350465,-1.0552467380935742,-0.09354486927380111,-1.5642050215694108,1.3477213937976964,0.0622858684666093,-0.5590884633101237,0.43598906568405704,-1.0151174494881552,0.7773288611003396,1.2526561871087312,1.2401231180873624
-0.2987825091328632,0.9376710793983659,1.1358960288543833,-0.1172875161269392,0.7046868140359634,0.10275949639561004,1.3264886364472936,0.24960903352304084,0.6150440498716396,0.4813164605921596,0.43284553991834157,-0.3703065744891299,0.2611364005259204,1.2528124915414325,-0.40756350515627643,1.4600569192200104,-0.27923965989162586,-0.12260368096889863,-0.4664677353720216,-0.11244723441219198,-0.15963831416604482,0.6148511608753234,0.9125495452832039,-0.4314549673221123,-0.05570659749844473,1.2399002511206862,0.6791650261161408,0.73566595011447,1.2570205582441598,0.4854034114944222,-0.7510637970376545,0.011424894946051948,0.11910862070997047,0.17550604186216734,0.12869645000399213
-0.6279192059192241,-1.0664720518431965,-1.0246573314488943,-0.6599789458867553,0.27163283195067195,-0.175075041209201,1.0556558955586979,-2.0371441033834037,-1.8715929737876262,0.4813164605921596,-0.3990562141737293,-0.3703065744891299,-1.10238118074365,-0.7220801039891266,-0.40756350515627643,-0.6592048030806762,-0.9711137216613229,-0.34425898025736507,-0.4732150194934218,-1.722274837501113,-1.5165698342650498,-1.9707209551955762,-0.16628455573723372,-1.1546064521671704,-0.43622384096193934,-0.9122693333254106,-0.8445836798782422,-0.32421411867814515,-0.8234351555357438,-0.09078229792448163,0.7032035987596154,1.4698956129624325,-1.1777387996735162,-1.5461289448077034,-0.8760410563540361
-1.1216242510987657,-1.0664720518431965,0.17381388066754552,-0.1172875161269392,-1.5471938928075526,0.9362631092100432,0.24315767289291063,0.5168918677069105,0.8163609903178172,1.3771638441823513,-1.7300990207210423,-0.3703065744891299,0.2611364005259204,0.2276331625273926,-1.2810742682735852,0.4004260580696671,0.4126344018780712,-1.4525354766996974,1.7083503542512404,1.5923859580873199,0.7652420374451462,0.48930104181982687,0.7673819438764637,0.41450156308073793,1.515263254996235,0.20842994496369704,-0.7646644294773802,0.9064340750133818,0.22398302860286315,-1.13407534322061,-1.5594080158937285,-0.9767674632824471,1.106994000175084,0.9929189469777635,0.12869645000399213
0.11263836185008808,-1.0664720518431965,-0.739054651227265,-0.2723422103440295,0.35824362836773027,0.8668044748088404,-1.2464224019943662,-0.22556044947050644,0.05955841789977966,-0.414530922998032,-0.3990562141737293,0.7420429040921181,0.2611364005259204,-0.64985341710207,0.46594725796103226,-0.6592048030806762,-0.9711137216613229,0.9856728154734336,0.6013107773337742,0.1679847598867041,0.5772829576406676,-0.22862739084063263,0.7014414062883167,0.5865230341888477,0.6611309719675341,-0.7226560581352633,-0.18794023280453434,-0.6729777259656774,-0.6907476010175974,-0.8571549498455727,0.3725165172728917,-0.5654820063684625,0.6348700700993721,0.32949705618979286,0.5799078658118131
-1.4507609478851267,0.9376710793983659,-0.19997053001487733,-0.8925609872123891,-1.6338046892246108,0.5889699372040293,1.5973213773358894,0.19021284814884742,0.7455272520126807,1.3771638441823513,-0.8981972666289715,-0.3703065744891299,0.2611364005259204,0.2936142851685748,-1.2810742682735852,0.4004260580696671,0.4126344018780712,-2.265271574090741,1.3516658244175959,1.0163514845374515,0.48863252758534115,0.552372253773476,1.3627821438600032,0.6969860075338232,1.5449482225268234,0.04134140682370204,-1.141415857760896,1.0803557853319752,0.17344473888438752,-0.46269192777914897,-0.6147395006427476,-0.502708211356521,0.9609293581273668,0.7452263796492712,0.12869645000399213
1.1823326264057614,-1.0664720518431965,-0.8596635102773379,-1.35772506986366,-0.7676967250540278,-0.175075041209201,-1.1110060315500683,-0.403749005593086,-0.719612703456722,0.4813164605921596,-1.397338319084214,0.7420429040921181,0.2611364005259204,-0.11639151642096017,1.3394580210783409,-0.6592048030806762,-0.9711137216613229,-0.048718581206076486,0.3110136959027778,-0.14714136115288207,0.3626832738763877,-0.7174992775426735,-0.9878689147589641,-0.07712056441438889,-0.2494400786991547,-0.5185056064310332,0.8222552555846966,-1.2375172465062947,-0.3161048711261207,-1.497669767932696,-0.5266400018563168,-0.8859825489023464,0.5011599579887152,0.15578472993598144,0.5799078658118131
-0.3810666833294534,0.9376710793983659,1.6746387538323728,0.9680953433926931,-1.5471938928075526,-0.6612854820176204,0.5139904137815063,-0.22556044947050644,-0.12684615658742168,-0.414530922998032,1.597507995647241,0.7420429040921181,0.2611364005259204,1.2175671908921175,-0.40756350515627643,-1.7188356642310194,-0.27923965989162586,-1.6003056762253416,0.07115240327544625,-0.13714387811957154,0.3697760254201343,0.1116863738358442,0.2072329746790412,-1.113576982957842,0.0748137779904082,1.5114271438195628,0.5878143505362583,1.168600915163611,1.3748970579127053,0.2610140326420753,-0.5487515074517165,0.11506408339706209,0.38717217489650346,0.16148345883601486,0.5799078658118131
0.8531959296194004,-1.0664720518431965,-2.054499790091092,-0.5824515987782102,0.7046868140359634,0.3111353995992183,1.5973213773358894,-0.6710318397769564,-0.8128149907003227,1.3771638441823513,-0.23267586335531493,-0.3703065744891299,0.2611364005259204,-1.8517372862448878,0.46594725796103226,-0.6592048030806762,1.7963825254174652,-0.2703738804945429,-0.3316768489360055,-0.6920881518913444,-0.5698811792634197,-0.9504847298169014,-0.6239968184470872,0.8363182066644163,-0.5059949860127172,-2.03373439265631,-0.46506510743914453,-1.6351033279230442,-1.9744399823507892,0.02860907268544545,2.385859875787155,0.22846943719442098,0.18803893038827751,-0.1760887294840792,0.12869645000399213
-1.1216242510987657,0.9376710793983659,0.517420006766089,1.743368814478143,0.7046868140359634,-0.5223682132152149,1.5973213773358894,2.031494594748841,2.039174998953858,1.3771638441823513,1.4311276448288268,0.7420429040921181,1.6246539817954908,-0.41397281669650204,-1.2810742682735852,1.4600569192200104,-0.9711137216613229,-0.2703738804945429,-1.047817741756364,0.5904109145856715,0.839276835674374,2.5000990688869837,0.3314474237783611,0.9627426479419623,-0.6710640716839665,0.06752537769328372,-1.16626642949407,1.1398977282744065,-0.1725447896973472,0.17483201590986006,0.4924378827079584,-0.7351204445448953,0.7248328233677191,1.2822755115799658,1.2401231180873624
0.6886275812262198,0.9376710793983659,0.44128502152337906,0.34787656652433174,-0.7676967250540278,0.3805940340004211,0.7848231546701021,-1.5916727130769535,-1.3906691716106467,-0.414530922998032,1.4311276448288268,-0.3703065744891299,-1.10238118074365,0.2472413100731124,0.46594725796103226,1.4600569192200104,0.4126344018780712,-1.0831099778855866,0.602319202218054,-1.031826709581286,-0.8450429356689004,-1.5631605594722662,0.2097040168370865,-1.3420811896761924,0.4477124768841264,0.3612214519349981,0.7614581451514917,-0.34485676815032207,0.31057614198043354,1.115571054638936,0.5801099516482044,1.8473463571405413,-0.8104954483074842,-1.1863673446643996,-0.8760410563540361
0.11263836185008808,0.9376710793983659,-1.106572334379213,-0.8925609872123891,1.5707947782065466,-1.078037288424837,1.0556558955586979,-1.1462013227705032,-1.0886937609413807,-0.414530922998032,1.098366943191998,-1.4826560530703778,-1.10238118074365,-0.6687341456097425,0.46594725796103226,-0.6592048030806762,-0.9711137216613229,0.7640175161849672,-1.6651162717655794,-1.6025595194929387,-1.895242808011195,-0.8669277118016514,-0.18745210380616156,-0.28336539102835273,-1.2396388561435603,-0.9288342360394816,-0.19984084294043908,-0.8647058201262898,-0.8045491589210115,2.4258129737450678,2.466731593438923,2.2851784010383924,-1.6288978745415188,-1.4799608412413634,-1.3925471563078609
1.676037671585303,0.9376710793983659,0.6820938740564245,-0.42739690456111984,0.8779084068700801,0.03330086199440727,1.1910722660029958,2.1799850581843248,1.9161479797923051,-1.3103783065882237,1.4311276448288268,1.8543923826733661,1.6246539817954908,0.9516576406847296,1.3394580210783409,1.4600569192200104,-0.27923965989162586,0.09905161831956781,-0.5744024736734378,1.1401512137087995,1.6256713420958349,2.030091237149685,-0.08114633727306582,0.7191965391111305,-0.4750548323188626,0.8450657631038574,1.7454194003626127,-0.6641428555757072,0.9083156444550682,-0.46269192777914897,0.30907146400940666,-1.0447663932151692,1.0273918016577643,1.5667729936853065,1.6129200657194627
-0.545635031722634,0.9376710793983659,0.3216958206972462,1.5107867731525075,-0.5078643358028528,-0.45290957881401206,-1.6526715133272598,0.3980994969585237,0.5330260370972711,-1.3103783065882237,1.098366943191998,-0.3703065744891299,0.2611364005259204,-0.5019377425923398,-0.40756350515627643,0.4004260580696671,-0.9711137216613229,0.46847711713367857,0.02543104251070566,0.32545757084388854,0.11172042119472012,0.7692083182272638,0.393254450519309,0.08558774891862933,0.11508998394916418,-0.08165072457144242,-0.6298424381377091,0.41922658577342065,-0.29234932358648347,0.9122217818761421,0.4727914807045381,0.18552207600534948,0.3650673049623191,0.41201956003914675,0.12869645000399213
-1.533045122081717,-1.0664720518431965,0.09011078741017461,0.03776717809015112,1.657405574623605,1.1446390124136514,0.7848231546701021,0.04172238471336391,0.41745520091520627,-0.414530922998032,-0.23267586335531493,-0.3703065744891299,0.2611364005259204,0.04985049826452153,-1.2810742682735852,0.4004260580696671,-0.9711137216613229,0.9856728154734336,0.030038080389289568,0.04893076345948884,-0.056249949970605076,0.030175208785198485,0.9386614534607693,0.1824337549161439,0.33051597766930535,0.07379078986232918,-1.4104497322019711,1.404335697054293,0.06631738065085108,0.02860907268544545,-0.31696140644103393,-0.15735165513939509,0.36730025961486157,0.2652660511002033,0.12869645000399213
0.2772067102432686,0.9376710793983659,0.7158390498669969,0.34787656652433174,-0.6810859286369695,-1.1474959228260397,-0.9755896611057703,1.5266270190681979,0.7790800754203768,-0.414530922998032,1.4311276448288268,0.7420429040921181,1.6246539817954908,0.5387653772870447,0.46594725796103226,1.4600569192200104,0.4126344018780712,-0.048718581206076486,-0.561209186378428,0.7037082587033733,0.9052009240333981,1.4105153928973746,-1.0579406102407074,-0.04501476082568887,-0.7990316803803178,0.6553244669644698,0.6733671441247474,0.05357000078361532,0.6053065033726348,0.17483201590986006,0.2725256656129425,-0.6065862628052441,1.0355015091932136,1.343589831806282,1.2401231180873624
-1.533045122081717,0.9376710793983659,1.2862795969732987,1.4332594260439624,-0.07481035371756128,-0.03615777240679549,-0.5693405497728766,0.30900521889723426,0.6187721413613837,-1.3103783065882237,0.10008483828151368,-0.3703065744891299,0.2611364005259204,0.5582992153167978,-1.2810742682735852,-1.7188356642310194,0.4126344018780712,0.24682181784521212,0.03132569728698592,0.2595225662481674,0.07266155009744399,0.6778148844391269,0.7842939962934011,-0.5222032708665132,0.2714379453655185,0.9707364240949187,-1.0935549404593847,2.273223971934347,0.7730205051458179,0.2610140326420753,-1.0587719927023311,-0.1426111010497212,0.367924121241443,0.3777945580757718,0.12869645000399213
1.3469009747989418,0.9376710793983659,0.7200354370844991,0.34787656652433174,-0.3346427429687362,0.9362631092100432,-0.16309143843998303,-0.7601261178382465,-0.4735586651336162,1.3771638441823513,0.2664651890999273,-0.3703065744891299,0.2611364005259204,0.5429592512662429,1.3394580210783409,1.4600569192200104,0.4126344018780712,-0.1964887807317208,0.9314296243428003,-0.14063051188789563,-0.17813165973608047,-0.7709729623847059,0.6704051167832541,-0.8539631587350281,0.8911499409271776,0.659821179899388,1.3229352851916893,-0.5065500719971175,0.6096752545249837,0.3741759655923245,-0.5122572864111613,0.5187578490935615,0.7816345572386185,0.15949748145046322,0.12869645000399213
0.6886275812262198,-1.0664720518431965,-0.4857419776498812,-1.4352524169722052,0.8779084068700801,-0.8696613852212286,-0.16309143843998303,2.061192687435938,0.9170194605409059,1.3771638441823513,0.10008483828151368,0.7420429040921181,1.6246539817954908,0.33062350873924423,0.46594725796103226,0.4004260580696671,0.4126344018780712,0.8379026159477893,-1.056144961440322,0.6005377954956864,0.8452391209243397,1.4190054472071754,-1.5136261282065948,1.132301229609953,-1.23146194168403,-0.09295557413415415,0.8134904353307169,-0.8442848145828609,0.12464859587421986,-0.5590884633101237,0.5674687297775434,-1.0629211806827028,0.719298645732931,1.2878170077197844,1.2401231180873624
-0.7102033801158144,0.9376710793983659,-0.4279246301598075,1.5107867731525075,-0.854307521471086,-1.1474959228260397,1.0556558955586979,-0.37405091290598996,-0.42882156725668785,-0.414530922998032,1.597507995647241,-1.4826560530703778,-1.10238118074365,-1.289980583273797,-0.40756350515627643,0.4004260580696671,1.7963825254174652,-1.304765277174053,-0.8699760867059755,-0.7733751898632857,-1.2661960164841737,-0.04839904080787759,-0.24831348759018268,-0.11819472135298473,-0.7277916434897889,-0.8815854026048426,-1.2825614680202722,0.09782496324820461,-1.0992867838844116,2.784067515401162,1.8786805118265575,1.8013332531954553,-1.3222929321709136,-1.0638785824036148,-1.3925471563078609
0.03035418765349783,0.9376710793983659,-0.7017776130061478,1.5883141202610527,-1.2873615035563777,-0.5223682132152149,-0.5693405497728766,0.27930712621013754,0.3950866519767421,-1.3103783065882237,1.7638883464656554,0.7420429040921181,0.2611364005259204,-1.614590559201659,-0.40756350515627643,-0.6592048030806762,1.7963825254174652,-0.787569578834298,0.21156398409127544,0.3548917220247334,0.696533253898209,0.6457639951639889,0.33389676529889917,0.8724128597582609,0.2242398676455473,-1.1931904878996629,-0.8605147420862755,-0.6040671655500737,-1.424458186138332,0.34606945476693357,2.4787801120207202,-0.08146053088857648,0.4542962665721384,0.4271494324965403,0.5799078658118131
-0.9570559027055852,0.9376710793983659,1.3433320146120704,0.8130406491756027,1.657405574623605,-1.4253304604308508,-0.5693405497728766,0.45749568233271715,0.18631352855107658,-0.414530922998032,1.4311276448288268,-0.3703065744891299,0.2611364005259204,0.9491342493589624,-1.2810742682735852,-1.7188356642310194,-0.27923965989162586,1.7245238131016551,-1.6115882318489871,-0.7537971401103931,-0.6177064100253553,0.8342639600720614,-0.5006417405536507,-0.790721699599621,-1.283847759335305,1.1983800263656086,-0.1313923921279987,1.5214613835971105,1.0837117903016429,1.115571054638936,-0.34799153632704555,0.2725940776859071,-0.5205646918946585,-0.21657538905911294,0.12869645000399213
0.44177505863644906,-1.0664720518431965,-0.4974156939946924,-1.35772506986366,1.39757318537243,-1.0085786540236341,0.5139904137815063,0.45749568233271715,-0.31697882256436705,0.4813164605921596,-0.06629551253690062,0.7420429040921181,0.2611364005259204,0.2682506531465958,0.46594725796103226,0.4004260580696671,0.4126344018780712,0.9117877157106115,-1.4508765263052583,-0.6432717744910653,-0.016622773520366518,0.029510257116089407,-1.6173424945303572,0.03311432206791512,-1.4803187774719457,-0.1304882609131112,0.6163464952481175,-0.7269194755761927,0.07422888451117114,-0.6569346250336902,0.42499691116300375,-0.7052253943854188,-0.42431740681335356,-0.14451463030220774,0.5799078658118131
1.429185148995532,0.9376710793983659,1.522848375194179,0.03776717809015112,0.44485442478478854,-1.2169545572272424,-1.6526715133272598,-0.49284328365437613,-0.8351835396387868,1.3771638441823513,0.2664651890999273,-0.3703065744891299,0.2611364005259204,1.5762215253386263,1.3394580210783409,-1.7188356642310194,-0.27923965989162586,1.2812132145247221,-0.9178514315778544,-0.8744854317446699,-0.7139133923785185,-0.5149057284815093,-1.1157947348951518,-1.4103647663498753,-1.0299922004611106,1.6099891961387758,2.006816541448809,-0.08742358956372605,1.6038677470519083,0.3741759655923245,-1.131834781626392,0.34102575145167224,-0.12086243543649287,-0.29768578617890934,0.12869645000399213
-1.286192599491946,0.9376710793983659,0.504098815239386,0.9680953433926931,1.2243515925383133,0.45005266840162383,1.5973213773358894,1.0217594433875545,1.5507950137973905,-1.3103783065882237,1.4311276448288268,0.7420429040921181,1.6246539817954908,-0.026761283491215086,-1.2810742682735852,1.4600569192200104,-0.9711137216613229,0.17293671808238997,-0.43909798285905965,0.4518567712259219,0.7562715805810037,1.4312283755981283,1.2302444281102425,0.6428196068159268,0.07645598846511965,0.2571328702101108,-1.1234272270905734,1.3399525227915792,0.11951830900806042,0.17483201590986006,0.5076433289759527,-0.45564597509839083,1.1097841396113182,1.2052097665194477,1.2401231180873624
1.0177642780125808,0.9376710793983659,1.5730391707780562,0.42540391363287694,0.18502203553361363,0.9362631092100432,0.24315767289291063,-2.1262383814446935,-1.804487326972234,0.4813164605921596,1.098366943191998,-0.3703065744891299,-1.10238118074365,1.4088013829063912,1.3394580210783409,-1.7188356642310194,-0.27923965989162586,0.02516651855674566,0.6140741888987898,-1.49844919046459,-1.2789684161251575,-2.071313481173776,0.6794765871056814,-1.9212328984487044,0.6609916835472871,1.55277153352966,1.6789232719567757,0.14620688596247486,1.491451125808926,0.9122217818761421,-0.7256030920033596,2.492116999478797,-0.8066638793123184,-1.4237951674468918,-0.8760410563540361
-0.7924875543124047,0.9376710793983659,0.4773103123251578,1.9759508558037784,-1.7204154856416691,0.10275949639561004,-1.6526715133272598,1.1702499068230374,1.5358826478384144,0.4813164605921596,1.4311276448288268,1.8543923826733661,1.6246539817954908,-0.5733624391716199,-1.2810742682735852,1.4600569192200104,-0.9711137216613229,-0.5659142795458315,1.1277314856751797,1.8178958359051405,1.9685474413154014,1.588982426752293,0.9103867407674877,0.6575140886143966,1.1507474046612707,-0.03439976228395132,-0.9107561387371914,0.750830653447241,-0.30503821986872304,-0.46269192777914897,0.5383929567010987,-0.8165400016255161,1.956740047383777,1.8784113973089098,1.6129200657194627
0.6886275812262198,0.9376710793983659,0.728413826638861,2.0534782029123235,0.18502203553361363,0.6584285716052322,1.0556558955586979,2.150286965497228,2.2218514819513153,0.4813164605921596,1.4311276448288268,0.7420429040921181,1.6246539817954908,-0.3470646675168908,0.46594725796103226,1.4600569192200104,-0.9711137216613229,-0.4181440800201872,0.293880746429397,1.9583316044110586,1.539984223799311,2.0053293931317175,0.4438539813283306,0.871756162754087,0.3278397858365283,0.21442444180751627,0.38933513390376856,-0.1802944975708088,-0.06470747811728236,0.17483201590986006,0.25899506906459774,-0.7626442492923099,1.5285893285157872,1.9384390074567748,1.2401231180873624
-0.13421416073968268,0.9376710793983659,0.2982437647922889,0.7355133020670576,1.0511299997041967,-1.5642477292332562,-1.6526715133272598,0.6950804238294908,0.3279810051613496,0.4813164605921596,0.2664651890999273,0.7420429040921181,0.2611364005259204,-0.11803992372616083,-0.40756350515627643,0.4004260580696671,-0.9711137216613229,1.7984089128644773,-1.3462097804315136,-0.4385573559536501,0.1467705726674599,1.0871680937833823,-0.626884719153851,-0.044393394891082655,-1.1483299331326644,0.1002108636091668,-0.04077142031793103,0.07858509624550346,-0.00559923647209728,-0.46269192777914897,-0.12669203426314948,-0.6789693332558074,-0.3628682238913352,-0.01624685538554648,0.5799078658118131
1.429185148995532,0.9376710793983659,-1.3787494005983802,1.1231500376097834,-1.2873615035563777,0.8668044748088404,-1.517255142882962,-1.7104650838253401,-1.413037720549111,-0.414530922998032,1.098366943191998,-0.3703065744891299,-1.10238118074365,-2.0822323842560366,1.3394580210783409,-0.6592048030806762,1.7963825254174652,-0.2703738804945429,1.5183537908499196,-0.8323887760497468,-0.6799425988654114,-1.6766022754327496,0.6127745994407694,-0.46511297898993265,1.2947355065347619,-1.7922090285481966,-0.29301039302648024,-1.5535627338492255,-1.9713057582981324,0.9122217818761421,2.9466517776936594,1.8428029957708167,-0.5224895100110141,-1.091327972459351,-0.8760410563540361
0.44177505863644906,0.9376710793983659,0.5527083065902152,0.5029312607414221,-1.114139910722261,0.7973458404076377,1.0556558955586979,0.7544766092036842,0.9505722839486022,-0.414530922998032,1.4311276448288268,1.8543923826733661,1.6246539817954908,0.27871401922335903,0.46594725796103226,1.4600569192200104,0.4126344018780712,-1.5264205764625194,1.2138093390062112,1.4800778360627271,1.8033944218043945,0.6748994771211023,0.5601828903395991,0.19362248882357394,1.045974264296597,0.4369715623367645,0.6228764473441722,-0.1434277945053796,0.3644875791164784,-0.46269192777914897,0.45243066408282195,-0.6975065601568649,1.9984143231241709,1.7278832724553421,1.6129200657194627
-1.3684767736885364,-1.0664720518431965,-0.4107557751925621,-1.4352524169722052,0.9645192032871384,0.7973458404076377,-1.2464224019943662,-0.700729932464053,-0.42509347576694384,-1.3103783065882237,-0.3990562141737293,0.7420429040921181,0.2611364005259204,0.41085622240325875,-1.2810742682735852,0.4004260580696671,0.4126344018780712,1.5028685138131888,0.28067550869299623,-0.40898108329821214,0.16953550932188202,-0.686492540137544,0.641361165582875,-0.12725441573594798,0.39919001366568313,-0.012577503499288508,-0.9568738692656245,0.8242205717350619,0.20560931979190947,-0.8571549498455727,0.023908498221430114,-0.34035300016642994,0.4869223390659865,0.001757331841965647,0.5799078658118131
-1.4507609478851267,0.9376710793983659,1.128400026581203,-0.03976016901839404,-1.6338046892246108,0.5195113028028266,-0.027675067995685147,0.012024292026267206,0.5292979456075271,0.4813164605921596,0.2664651890999273,-0.3703065744891299,-1.10238118074365,1.1998271944123076,-1.2810742682735852,1.4600569192200104,-0.27923965989162586,-1.3786503769368752,1.3682535532133304,0.8480432942171711,0.4018103125892533,0.3602246302955294,1.2904123435141017,-0.47601389643928566,1.522088884181899,1.2091529664179541,-0.5786976561689889,2.024928852909085,1.215065620170708,0.3741759655923245,-0.8446958313073525,0.06026054886428557,-0.5682713301923057,-0.40714655692179086,-0.8760410563540361
-0.13421416073968268,0.9376710793983659,1.375038021525722,1.2782047318268719,-0.4212535393857945,1.7003080876232737,-0.7047569202171745,-2.1262383814446935,-1.5099680992824558,-1.3103783065882237,0.7656062415551702,-1.4826560530703778,-1.10238118074365,0.7325983212747599,-0.40756350515627643,-1.7188356642310194,0.4126344018780712,0.02516651855674566,1.6518715844265979,-1.2251101447907682,-1.5895828995815398,-1.9025701462108682,2.3857769572766725,-1.718443115861011,2.3162790194466893,1.1068061943456255,0.48987556794489545,0.760331132056268,0.9289401581783017,2.1755264576669635,-0.7487591551658093,3.551543844006037,-0.48220519742863804,-1.2820199374305783,-1.3925471563078609
-1.6976134704748975,-1.0664720518431965,-0.17847167756959553,-0.9700883343209342,0.18502203553361363,1.4224735500184624,1.1910722660029958,-1.9480498253221137,-1.536064739710664,0.4813164605921596,-0.3990562141737293,-0.3703065744891299,-1.10238118074365,0.36437169150056514,-1.2810742682735852,0.4004260580696671,0.4126344018780712,-0.49202917978300936,0.9522153823365289,-1.2425757528143042,-1.0319510801849416,-1.8855505499181944,1.171927833180348,-1.2048594830641373,1.1391954832826077,0.0884902698433886,-1.466707628262413,1.4836476454898275,0.23290804673611928,-0.09078229792448163,-0.20398917465941535,1.3404239111106344,-0.6980023757084154,-1.2908446496300032,-0.8760410563540361
-1.0393400769021754,-1.0664720518431965,0.01971409198719858,-1.745361805406386,0.18502203553361363,-0.10561640680799825,-1.1110060315500683,-0.3146547275317966,-0.32816309703359914,-1.3103783065882237,-0.06629551253690062,-1.4826560530703778,-1.10238118074365,1.0733902803124304,-1.2810742682735852,0.4004260580696671,-0.27923965989162586,0.7640175161849672,-0.07058381509524995,-0.2871593017204779,-0.9585733072879951,-0.3149534385153704,-0.11610826353210713,-0.3426234324618966,-0.14751534011859269,0.5512052234606412,-0.1448802192021386,0.7096097522797147,0.8223456057807746,1.5041430422255015,-0.11649020635297025,0.9429363505771055,-1.036244860975577,-0.8484118540878455,-1.3925471563078609
-0.46335085752604366,-1.0664720518431965,-0.292774064965845,-0.1172875161269392,-0.6810859286369695,-0.5918268476164176,1.5973213773358894,-0.22556044947050644,-0.40272492682847966,-0.414530922998032,-0.23267586335531493,0.7420429040921181,0.2611364005259204,-0.2675424441756171,-0.40756350515627643,0.4004260580696671,-0.9711137216613229,-1.4525354766996974,-0.5131479255180351,-0.47343350822877833,0.11966282667012099,-0.22927908136534372,-0.5241955041026883,-0.19151480403019677,-0.5863435105785435,-0.2909367647933684,-0.40883698136104657,-0.028235604452180027,-0.2782642311190031,-0.756274678886085,0.053778554668445055,-0.504541684689442,0.09495473341989986,-0.037643625594329565,0.5799078658118131
0.3594908844398588,-1.0664720518431965,-1.0381833388047657,-1.0476156814294795,0.6180760176189052,-0.5223682132152149,1.3264886364472936,-1.2946917862059868,-1.4987838248132237,0.4813164605921596,-0.23267586335531493,-1.4826560530703778,-1.10238118074365,-0.5019377425923398,0.46594725796103226,-0.6592048030806762,-0.9711137216613229,-0.1964887807317208,-0.9616732575475384,-1.3963957664875701,-1.7237740993790325,-1.4902954548389162,-1.2517667463450284,-0.7584751664933299,-1.0978565627718309,-0.8076536179318481,0.0786375528159941,-0.961521517278806,-0.6581873795250969,1.361134051715745,0.900905449784627,1.6842991396876392,-1.356465075460389,-1.369926236607023,-1.3925471563078609
-0.13421416073968268,0.9376710793983659,0.2125518246540272,0.7355133020670576,0.7912976104530218,-1.1474959228260397,-0.2985078088842809,-0.07706998603502291,-0.16785516297460598,1.3771638441823513,0.9319865923735845,0.7420429040921181,0.2611364005259204,-0.20976651472822558,-0.40756350515627643,0.4004260580696671,-0.9711137216613229,0.8379026159477893,-1.2143621354355172,-0.7908387793748327,-0.1412481920488384,0.2667985220296778,-0.24663519145578813,-0.3473048621269365,-0.9556118857897032,0.008552890771596162,-0.09825793782332866,0.026843345914535233,-0.09825282761835406,-0.09078229792448163,0.4703062500915977,-0.17257824536516608,-0.2867930878115445,-0.24119369235205582,0.5799078658118131
1.0177642780125808,-1.0664720518431965,0.3170173978105235,-1.1251430285380246,-0.7676967250540278,1.7003080876232737,0.7848231546701021,-0.8492203958995366,-0.6375946906823534,-1.3103783065882237,-1.0645776174473858,-1.4826560530703778,-1.10238118074365,0.9893184037013798,1.3394580210783409,0.4004260580696671,-0.27923965989162586,-1.0831099778855866,1.8573039707042165,0.21431277444352853,-0.6759133498356071,-1.106053039713722,0.4216277252163428,-0.7525331487128568,1.440416600332632,0.6686006630165093,1.4191452310878547,-0.5770804629430119,0.8389072159450863,0.5947613997946539,-1.141542951444171,0.7339357703668847,-0.42101194985991414,-0.6439187603265449,-1.3925471563078609
-0.8747717285089949,0.9376710793983659,1.963560439313334,1.6658414673695978,0.44485442478478854,-1.1474959228260397,-1.381838772438664,-0.6710318397769564,-0.6897879715387698,0.4813164605921596,-0.06629551253690062,0.7420429040921181,0.2611364005259204,1.1581247917186575,-1.2810742682735852,-1.7188356642310194,-0.27923965989162586,1.133443014999078,-0.9114099526477243,-0.9833346165046968,-0.3135367818779856,-0.36359660364543195,-0.25031766646912107,-1.4932542501970192,-0.7558852060464925,1.6361776494391613,0.08532113622743176,1.8716551824070706,1.4072859769182249,-0.6569346250336902,-1.575810048166011,-0.2240781708370494,-0.11733369950666586,-0.37314458649221155,0.5799078658118131
-0.3810666833294534,0.9376710793983659,0.7865323869410694,-0.6599789458867553,1.4841839817894882,0.24167676519801556,1.0556558955586979,1.9127022240004543,2.3560627755821004,1.3771638441823513,1.4311276448288268,0.7420429040921181,1.6246539817954908,1.2033815040729932,-0.40756350515627643,1.4600569192200104,-0.27923965989162586,0.690132416422145,-0.6230202567763088,0.9118917318326115,1.0220688985394784,2.374211265048229,1.036878876500592,0.8994260910249484,-0.1325363353345669,1.0276135159726603,0.5790329220618219,0.5763907038521625,1.1261124197638916,0.17483201590986006,0.19707208895205697,-0.7066210408136043,0.9973631456807404,1.452512595109655,1.2401231180873624
1.429185148995532,-1.0664720518431965,-0.6404794648992158,-1.280197722755115,0.18502203553361363,0.7973458404076377,-0.7047569202171745,0.012024292026267206,-0.09329333317972545,-1.3103783065882237,-0.06629551253690062,0.7420429040921181,0.2611364005259204,0.06720226684296057,1.3394580210783409,-0.6592048030806762,-0.9711137216613229,0.5423622168965007,0.5859383483978139,0.36726189862133335,0.704232535384727,-0.3581351159206889,-0.25544025224659717,0.3541038273351877,0.23427971379815202,-0.30860226996850115,1.0692851495088898,-1.2278821684567063,-0.11720836690272322,-0.6569346250336902,0.5892452801008438,-0.5441045440784754,0.6279015481795512,0.4334810357896967,0.5799078658118131
-0.7924875543124047,0.9376710793983659,-0.1464579908107024,-0.19481486323548436,0.8779084068700801,0.45005266840162383,-0.2985078088842809,-1.4728803423285668,-1.0327723885952202,-0.414530922998032,0.43284553991834157,-1.4826560530703778,-1.10238118074365,-0.0672530788239569,-1.2810742682735852,0.4004260580696671,-0.9711137216613229,0.9117877157106115,-0.037875457009704856,-1.1647575065009643,-1.543932424284593,-1.210757596106253,1.2302444281102425,-0.8068138553162176,0.3907287545679949,-0.11173821167068126,-0.5931293496779659,0.3482222574516597,-0.08633692860893606,1.9152258616767657,0.47388936787532404,2.302255536180978,-1.024969197878237,-1.2517613884805898,-1.3925471563078609
-1.3684767736885364,-1.0664720518431965,-1.812347547219964,-1.280197722755115,-0.5078643358028528,-0.7307441164188231,0.5139904137815063,0.6356842384552973,0.2757877243049332,0.4813164605921596,-0.06629551253690062,-0.3703065744891299,0.2611364005259204,-1.1744783257047084,-1.2810742682735852,-0.6592048030806762,1.7963825254174652,-0.7136844790714758,-0.5272894076230482,0.11541665070776044,-0.014843811358558607,0.6039685035870568,-0.6323162058751671,2.0175685755381028,-0.6325480063485301,-1.561696226416614,-1.9522616239141268,-0.0647882128106242,-1.3843920330124742,0.14584912995505098,2.2170982006339757,-0.3366849759117482,0.08760831258533698,0.30133728732020204,0.12869645000399213
-0.13421416073968268,-1.0664720518431965,0.01971409198719858,-0.6599789458867553,-1.5471938928075526,-1.633706363634459,1.4619050068915915,-0.43344709828018274,-0.8873768204952032,-0.414530922998032,-1.5637186699026284,-0.3703065744891299,0.2611364005259204,0.38477528806608985,-0.40756350515627643,0.4004260580696671,0.4126344018780712,-2.1175013745650966,-1.1551047668979912,-0.965572654481806,-0.7890030936518608,-0.4273115395618804,-1.3940023437350157,-0.7791822501496295,-1.2518862404423248,0.20524992914936285,0.2734046836521835,-0.08817400274003581,0.30185622310699856,-0.994142054558969,-1.3338497057724827,-0.5595888264811615,-0.25307192548372465,-0.3606761809571541,0.12869645000399213
-1.4507609478851267,-1.0664720518431965,-0.5208752546087618,-1.2026703756465698,0.9645192032871384,0.5889699372040293,0.24315767289291063,2.031494594748841,2.1249211032179707,-0.414530922998032,0.10008483828151368,0.7420429040921181,1.6246539817954908,0.14513734474694065,-1.2810742682735852,0.4004260580696671,-0.9711137216613229,0.690132416422145,-0.03375471898317942,1.5499485514851319,1.3501618446001598,1.9443960768690292,0.4697238859832667,2.265239834308284,0.10210807859687536,-0.2051684205036355,-1.2340343784569625,0.862840226178355,-0.025657507644677828,-0.5590884633101237,0.6085856165748039,-1.0571335351061508,1.3468336250706943,1.759761916011473,1.2401231180873624
-0.6279192059192241,-1.0664720518431965,0.3216958206972462,-0.1172875161269392,0.8779084068700801,-0.45290957881401206,-1.381838772438664,0.012024292026267206,-0.15294279701562988,-1.3103783065882237,-1.397338319084214,0.7420429040921181,0.2611364005259204,0.38477528806608985,-0.40756350515627643,0.4004260580696671,0.4126344018780712,1.5028685138131888,-0.5574169129772059,-0.3354010879115124,0.22530478710104176,0.0011648720971311627,-0.4035458901637894,-0.407028078709575,-0.5735404500792389,0.36682854003596566,-0.1509219464026858,0.49252430800965763,0.3829380147635951,-1.497669767932696,-1.3936167096199576,-1.0273978123656293,0.0719116865025694,0.04599882103040415,0.5799078658118131
0.7709117554228101,0.9376710793983659,1.7545709188008531,1.0456226905012382,-0.4212535393857945,-0.175075041209201,-0.8401732906614724,0.30900521889723426,0.16767307110235644,-1.3103783065882237,1.597507995647241,-0.3703065744891299,-1.10238118074365,1.2609918262170565,0.46594725796103226,-1.7188356642310194,-0.27923965989162586,0.09905161831956781,0.11164846566707352,0.31280363335227135,0.10427062185040939,0.24776531560098594,-0.25339835466501837,-1.0060003289930628,-0.07905720346368825,1.5761770883268085,1.4420126817633983,0.3953867472398219,1.428996723014443,1.2149111084913304,-0.6158654115108427,0.40199539627887215,-0.9738279346949509,-0.6056315047150594,-0.8760410563540361
0.5240592328330393,-1.0664720518431965,-0.28724950652120945,-0.3498695574525747,1.39757318537243,-1.0085786540236341,0.5139904137815063,-1.4728803423285668,-1.7261974056876093,-0.414530922998032,-0.06629551253690062,-0.3703065744891299,-1.10238118074365,-0.12629218258395003,0.46594725796103226,0.4004260580696671,-0.9711137216613229,0.9117877157106115,-1.4508765263052583,-1.6885405324844753,-1.4793129751120209,-1.646167949038909,-1.6241994289845996,-1.3201947739409963,-1.482159102837676,-0.21666498699396972,0.4235332873437699,-0.6586028516277537,-0.16909513458857325,0.14584912995505098,0.19539870379392488,0.9632262791837527,-1.5439253914490012,-1.5273073795466732,-0.8760410563540361
-0.6279192059192241,0.9376710793983659,0.23176835010265306,1.5883141202610527,-1.0275291143052028,-0.5918268476164176,0.7848231546701021,-1.9480498253221137,-1.707556948238889,-1.3103783065882237,1.2647472940104123,-1.4826560530703778,-1.10238118074365,-0.6366898231328417,-0.40756350515627643,0.4004260580696671,-0.9711137216613229,-1.304765277174053,-0.18964223852663428,-1.5767388924353634,-1.8731259054413125,-1.7118750250827293,0.27774004425529736,-1.493396330710758,-0.0815830489079303,-0.19779492972541476,-0.7907680811083532,0.43508669692630086,-0.41953361292252966,2.5474360875216293,0.7036822422625645,3.509530537272505,-1.0775613190277638,-1.4659140818293348,-1.3925471563078609
-1.286192599491946,0.9376710793983659,0.7575882920061286,1.4332594260439624,-1.3739722999734358,-1.0085786540236341,-0.5693405497728766,1.823607945939165,1.5768916542255986,-0.414530922998032,1.4311276448288268,1.8543923826733661,1.6246539817954908,-0.002661834123705574,-1.2810742682735852,1.4600569192200104,-0.9711137216613229,-0.8614546785971201,-0.19092588729678453,1.2456432783693652,1.682161143223549,2.2814799098323304,-0.1154032035608555,0.43233431113810156,-0.22832699176154225,0.40464659092260896,-1.1083575370754637,1.5185178732740523,0.20574365566444075,-0.46269192777914897,0.2277853196378883,-0.9724059633838881,1.2565932529994928,1.6178809477740848,1.6129200657194627
-0.13421416073968268,-1.0664720518431965,-0.9379343240202358,-1.2026703756465698,-0.854307521471086,0.45005266840162383,-0.027675067995685147,0.16051475546175073,0.29070009026390936,0.4813164605921596,-0.3990562141737293,-0.3703065744891299,-1.10238118074365,-0.29847151425088225,-0.40756350515627643,-0.6592048030806762,-0.9711137216613229,-0.7136844790714758,0.7955819638367806,0.6312915021689407,0.2854635515414076,0.14264070108718904,0.3510438556938915,1.0094189483544422,0.6468183129626002,-0.6516882073358928,-0.1539046301990937,-0.6291559279153561,-0.4758216713207648,-0.09078229792448163,0.5999533574079677,-0.27901917110893615,-0.7479663351832118,-0.48565455050661444,-0.8760410563540361
-1.6976134704748975,0.9376710793983659,0.5439180293940539,0.8905679962841478,0.8779084068700801,0.3111353995992183,0.5139904137815063,1.407834648319811,1.8788670648948649,-0.414530922998032,1.4311276448288268,1.8543923826733661,1.6246539817954908,0.0577470138694219,-1.2810742682735852,1.4600569192200104,-0.9711137216613229,0.46847711713367857,-0.24889712207773865,0.8855567798761991,1.483957416755696,1.8392570970968745,1.1004647226304194,0.827644177256744,0.17790818729486613,0.32074696003663605,-1.65793373685339,2.0060159683758676,0.19429719151527797,-0.46269192777914897,0.46235955157272024,-0.8771437256900592,1.2227832577737396,1.4389909339767526,1.6129200657194627
0.6886275812262198,-1.0664720518431965,-1.2616761733739588,-0.2723422103440295,-0.1614211501346196,0.24167676519801556,0.24315767289291063,0.6653823311423941,0.27951581579467727,-0.414530922998032,-1.5637186699026284,-0.3703065744891299,0.2611364005259204,-1.2003387505044627,0.46594725796103226,-0.6592048030806762,1.7963825254174652,-0.2703738804945429,0.20542882067926352,0.6649274286615043,0.30386970336982944,0.2073735199009253,-0.6768658385160417,1.3479936033462139,-0.18767644867760208,-1.2805685841909966,-0.14940278733705595,-1.2235095537241298,-1.255043780887687,-0.994142054558969,-0.35231803189182326,-0.9453033309695286,0.45138696598704175,0.5812376996558984,0.12869645000399213
0.03035418765349783,0.9376710793983659,1.519477759936768,1.2006773847183267,-1.5471938928075526,1.1446390124136514,-0.4339241793285788,-1.5916727130769535,-1.006675748167012,0.4813164605921596,1.597507995647241,-1.4826560530703778,-1.10238118074365,0.9276207975835637,-0.40756350515627643,-1.7188356642310194,-0.27923965989162586,-1.0831099778855866,1.9233558006245415,-0.5679071498616033,-1.1316506024667976,-1.3351368058131152,1.8782065939979604,-1.497657267753519,2.2788229207732,1.282314064872265,0.7372547827062077,0.7295985133251419,1.1148178306973038,2.784067515401162,-0.4141423278452046,3.1120429767389752,-0.40153577845449956,-0.9705718818713586,-1.3925471563078609
0.5240592328330393,0.9376710793983659,-1.5073781715647085,0.5029312607414221,-0.3346427429687362,1.7003080876232737,-0.9755896611057703,0.6059861457682006,1.1556173158845235,1.3771638441823513,-0.3990562141737293,-0.3703065744891299,0.2611364005259204,-1.8900974913183946,0.46594725796103226,-0.6592048030806762,1.7963825254174652,0.24682181784521212,1.6056519575366996,1.6137235703073192,0.7749342354331642,0.5312321236415233,1.306135887265585,2.680886758502966,1.7173351999477269,-1.7620989456111504,-0.6938328165647707,-1.2649663028449691,-1.8560100877867638,-0.09078229792448163,1.3266932536169473,-0.45262408533441306,1.0654872683306107,1.00164309318617,0.12869645000399213
1.676037671585303,-1.0664720518431965,0.2461149196267224,0.34787656652433174,-1.114139910722261,-1.078037288424837,-1.2464224019943662,0.6059861457682006,-0.23496080978999848,0.4813164605921596,-1.397338319084214,-0.3703065744891299,-1.10238118074365,0.03876907728563384,1.3394580210783409,0.4004260580696671,-0.9711137216613229,-0.2703738804945429,-0.2719984412009755,0.276626531094473,0.08285122103259661,0.15616277034171847,-1.6736024564125922,-0.4184011354160307,-0.8506858833482833,0.15227996113857992,1.1767037070836572,-0.8898489910100874,0.10012064071583084,-0.8571549498455727,-1.3463409348782218,-0.8574829681317783,-1.106395239281493,-0.6196275631046397,-0.8760410563540361
0.5240592328330393,0.9376710793983659,1.863626165151557,1.743368814478143,-0.1614211501346196,1.7003080876232737,-0.4339241793285788,-0.5819375617156662,-0.08583715020023738,1.3771638441823513,-0.3990562141737293,-0.3703065744891299,0.2611364005259204,1.0117455451855681,0.46594725796103226,-1.7188356642310194,-0.27923965989162586,0.09905161831956781,1.4837503443480962,0.3111305340997803,0.10328398258270409,-0.60227298945057,1.3017647803827541,-1.1756051873463418,1.6188806738709096,1.508936318266621,1.1327468403715826,0.6149729493787365,1.270258201555425,-0.09078229792448163,-1.6811444578591368,0.0952015606224982,1.0156484066797085,0.40462216504732373,0.12869645000399213
0.5240592328330393,0.9376710793983659,0.4773103123251578,0.2703492194157866,0.27163283195067195,-0.8696613852212286,-1.1110060315500683,1.318740370258521,0.7380710690331925,1.3771638441823513,1.4311276448288268,0.7420429040921181,1.6246539817954908,0.3276753604767658,0.46594725796103226,1.4600569192200104,0.4126344018780712,0.8379026159477893,-0.6869715554515328,0.4564869761339763,0.7590894869608794,1.2094695319337037,-0.8314187220583852,0.10868905616023451,-0.799232216423882,0.42177091943963685,0.7073331261749163,-0.23444724436770878,0.3816282704059255,0.17483201590986006,0.5383929567010987,-0.5474699838470861,0.9575141119828326,1.2078235197731468,1.2401231180873624
-1.203908425295356,-1.0664720518431965,-0.6344056543394136,-1.745361805406386,1.657405574623605,-0.8002027508200259,-0.2985078088842809,-0.0176738006608295,-0.2946102736259029,1.3771638441823513,-1.0645776174473858,-0.3703065744891299,0.2611364005259204,0.3745865212916608,-1.2810742682735852,-0.6592048030806762,0.4126344018780712,1.5767536135760107,-1.2238475775215603,-0.7621526058017871,-0.6242514238330427,-0.027010634758186183,-0.6942032045762803,0.16055102703596505,-1.0902951722715157,-0.1505865915930228,-0.7708989315380446,0.47223496215117106,0.11788233634325135,-0.5915406360112303,-0.3906579649203288,-0.4940645878936103,-0.2922176382388237,-0.22210759190208318,0.12869645000399213
-1.286192599491946,-1.0664720518431965,-1.4462843600941153,-0.9700883343209342,1.39757318537243,0.7278872060064349,-1.6526715133272598,-1.4728803423285668,-1.1893522311644693,0.4813164605921596,-1.7300990207210423,-0.3703065744891299,-1.10238118074365,-0.9795439029065786,-1.2810742682735852,-0.6592048030806762,-0.9711137216613229,2.093949311915766,0.09833469173009975,-1.1142659920733302,-0.9165356480299417,-1.428806474863887,0.5856925894114067,-0.16004237757072284,0.24314429832098955,-1.267819854669249,-1.7224036308933486,0.060057862572383165,-1.1352028978304554,-1.13407534322061,-0.3824487280264327,-0.038709712716610584,-0.9783549402190923,-1.2267225941736943,-0.8760410563540361
1.2646168006023515,-1.0664720518431965,0.3542786470946004,-0.9700883343209342,1.5707947782065466,0.10275949639561004,1.4619050068915915,-0.4631451909672794,-0.6935160630285138,1.3771638441823513,-0.3990562141737293,0.7420429040921181,0.2611364005259204,0.9326932233404165,1.3394580210783409,0.4004260580696671,-0.27923965989162586,0.5423622168965007,-0.829156055815215,-0.8082174817963989,-0.15633376399989884,-0.7694406380024761,-0.779027342656128,-0.812459845044648,-0.870028336102494,0.6597369134578592,1.521162549158855,-0.6679331331909788,0.805990983131244,-0.8571549498455727,-0.6738188262323268,-0.45966007757233013,-0.07254786350886241,-0.25282706407525957,0.5799078658118131
1.676037671585303,0.9376710793983659,-1.2329829244402428,1.743368814478143,0.7046868140359634,1.6308494532220708,-0.9755896611057703,-0.5522394690285696,-0.07092478424126128,0.4813164605921596,1.2647472940104123,-0.3703065744891299,-1.10238118074365,-2.2417642497860584,1.3394580210783409,-0.6592048030806762,1.7963825254174652,1.133443014999078,0.9812481212346513,0.07927420084676065,-0.037269284616654824,-0.5706185786212008,1.2547700988751505,0.9284136596401544,1.2004340848240433,-1.7972346289601453,-0.2707588467115683,-1.5709752284369731,-2.0571279167445415,1.0146907836794479,2.8764877544465044,0.7943200441927282,-0.6888101190046334,-0.6973758922071599,-0.8760410563540361
-1.6153292962783072,-1.0664720518431965,0.15429029877802425,0.34787656652433174,1.5707947782065466,-0.45290957881401206,0.24315767289291063,0.07142047740046062,-0.1007495161592135,0.4813164605921596,-0.06629551253690062,-0.3703065744891299,0.2611364005259204,-0.057497536577516335,-1.2810742682735852,0.4004260580696671,-0.9711137216613229,1.2073281147619002,-1.0415826842318088,-0.5967963363748272,-0.4977452535534867,0.0596029603896413,-0.4007978363352479,-0.2583441478564162,-0.8875599856690575,0.05401395275116019,-1.6004353515044618,1.5814508976513493,0.0019304402630876303,0.14584912995505098,-0.24498011292227787,-0.1025176812127756,-0.18926122000526194,-0.11481728684815684,0.12869645000399213
0.6886275812262198,0.9376710793983659,2.1414069883689373,-0.5824515987782102,1.5707947782065466,0.9362631092100432,-0.2985078088842809,-1.4431822496414701,-1.140887041797797,-1.3103783065882237,1.4311276448288268,-1.4826560530703778,-1.10238118074365,2.60844869365298,0.46594725796103226,-1.7188356642310194,1.1045084636477682,1.5028685138131888,0.034177737613525404,-1.1147238495072431,-1.506696472291346,-1.4229644269876291,0.6660124382041196,-1.7478828103868043,0.22752394901006207,2.459717624248332,2.2218193168454796,0.6927865007205309,2.542254378960753,2.666827458131557,-0.9958001282080639,2.818687848069292,-1.0002426474093988,-1.2269485337091977,-1.3925471563078609
1.2646168006023515,0.9376710793983659,0.3819781025897896,-0.504924251669665,1.3109623889553716,-0.8696613852212286,-0.9755896611057703,0.4871937750198138,0.0632865093895237,1.3771638441823513,-0.06629551253690062,-0.3703065744891299,0.2611364005259204,0.6775919308664643,1.3394580210783409,0.4004260580696671,0.4126344018780712,1.650638713338833,-1.0546381312117965,-0.3527552492884316,-0.3217973494108576,0.4193445180899894,-0.8272636042754757,-0.2924774132510056,-1.0242672479054535,0.5465400147081955,1.3626860250462136,-0.6532133341967777,0.6208259724335343,0.14584912995505098,-0.45163788726050363,-0.27999147745403413,-0.19654761489771588,0.0356339426509503,0.12869645000399213
-1.4507609478851267,0.9376710793983659,1.293459900609444,0.8905679962841478,0.09841123911655533,-0.8002027508200259,-1.6526715133272598,0.13081666277465404,0.14903261365363632,1.3771638441823513,1.098366943191998,-1.4826560530703778,-1.10238118074365,0.853337236334851,-1.2810742682735852,-1.7188356642310194,0.4126344018780712,0.9856728154734336,-0.48930073501478655,-0.21045496492661328,-0.913258156882416,0.48852840930717734,0.07737020526540161,-0.7845428933391544,-0.3625283432710719,1.1236894879444608,-0.793363571817767,2.146800049869796,0.9981854895701441,2.4258129737450678,-0.49287188733291226,1.2187071203908009,-1.183497991590179,-0.8160393394482409,-1.3925471563078609
0.2772067102432686,0.9376710793983659,-0.32052244754625653,-0.5824515987782102,-1.6338046892246108,1.561390818820868,0.6494067842258042,-0.4631451909672794,-9.104593612476914e-05,-1.3103783065882237,0.2664651890999273,-0.3703065744891299,0.2611364005259204,-0.023539607931114467,0.46594725796103226,0.4004260580696671,-0.9711137216613229,-1.748075875750986,2.4173391669435613,0.9336005847151736,0.44631419418463697,-0.4869088343390222,1.193133867700309,0.17334238004804958,2.2922230300736235,-0.18265738457162506,0.3223950825832779,-0.542186517350422,-0.09982879279052906,0.3741759655923245,0.5280924641215607,0.3226643546879143,1.3822605967412314,0.707559550603141,0.12869645000399213
0.19492253604667834,-1.0664720518431965,-0.4625054888439495,0.5029312607414221,0.09841123911655533,1.283556281216057,1.4619050068915915,2.1799850581843248,2.039174998953858,1.3771638441823513,0.10008483828151368,1.8543923826733661,1.6246539817954908,-0.7956372649003554,0.46594725796103226,0.4004260580696671,-0.9711137216613229,-0.7136844790714758,0.8585758386682013,2.5310259909029957,2.2856129740348003,1.5208901302896076,0.11226548510748895,2.1087582714303656,0.5826767148235052,-0.6486547588049114,-0.22068956727901443,-0.5721443247376391,-0.7279293595944513,-1.1058468948732931,0.5404974600004178,-1.31270321155255,1.8235280327541104,2.1694408633277398,1.6129200657194627
0.6063434070296296,0.9376710793983659,1.0525846282560725,0.7355133020670576,-1.3739722999734358,-1.633706363634459,0.9202395251144,0.6356842384552973,-0.1156618821181896,-1.3103783065882237,0.9319865923735845,-0.3703065744891299,0.2611364005259204,0.681642582074463,0.46594725796103226,1.4600569192200104,0.4126344018780712,-1.6741907759881638,-1.095560467944388,-0.2920276169467211,-0.27983575167983127,0.559144261561509,-1.4654104191593762,-0.8072289644771075,-1.239196552946424,0.907978942819676,0.9805017476003369,0.057750108713879734,0.8038390987360947,0.8081132066388039,-0.379015932028556,0.02214996939302427,-0.21947402968904445,0.07171926693747911,0.12869645000399213
1.676037671585303,-1.0664720518431965,-0.5563485363037176,0.03776717809015112,0.44485442478478854,0.7278872060064349,-0.9755896611057703,-0.6710318397769564,-0.7084284289874899,1.3771638441823513,-0.23267586335531493,-0.3703065744891299,0.2611364005259204,-0.6348128470042086,1.3394580210783409,0.4004260580696671,-0.9711137216613229,0.9117877157106115,0.43312489942214616,-0.30786685434372935,-0.2907140354072258,-0.9497822010264418,-0.30693571979911577,-0.28002363099313166,0.1113457045837584,-0.6175419978542247,0.7537315632426544,-1.2757424528477601,-0.630022508046931,0.02860907268544545,0.33319521737549046,0.22846943719442098,0.5579546869295987,0.06235696159254275,0.12869645000399213
0.11263836185008808,-1.0664720518431965,-0.7578363003493184,-0.1172875161269392,-1.0275291143052028,-0.03615777240679549,-0.16309143843998303,1.823607945939165,1.6141725691230389,0.4813164605921596,0.10008483828151368,1.8543923826733661,1.6246539817954908,-0.7586893187375463,0.46594725796103226,-0.6592048030806762,-0.9711137216613229,-0.787569578834298,0.4658943946256084,1.844721454527431,1.9812152756080397,1.745550564584845,-0.05303251379626335,2.1092044639501855,0.24067513456479092,-0.7880000658268501,-0.25657768590599833,-0.682966960140686,-0.7793659656178433,-1.1058468948732931,0.8967978012939436,-1.253264088715745,1.620778384274041,1.8899885423397946,1.6129200657194627
0.44177505863644906,0.9376710793983659,1.176852251968928,0.8130406491756027,1.2243515925383133,-0.9391200196224314,-0.8401732906614724,0.07142047740046062,-0.29833836511564693,-1.3103783065882237,1.4311276448288268,0.7420429040921181,0.2611364005259204,0.7710527883105786,0.46594725796103226,1.4600569192200104,0.4126344018780712,1.5028685138131888,-1.099712009352042,-0.633087474476003,-0.008242131799504988,0.023576842222500255,-0.8837321380984379,-0.975164491624792,-1.0687934330859739,1.0198761954804654,0.9294312228761947,0.23201036042361342,0.9048560919893858,0.17483201590986006,-0.19378287298277563,-0.0855887555968999,-0.22180732457164612,-0.1379770011673952,0.5799078658118131
1.0177642780125808,0.9376710793983659,-1.3565114527107014,0.34787656652433174,1.657405574623605,0.7973458404076377,1.5973213773358894,0.6356842384552973,0.8350014477665373,0.4813164605921596,1.4311276448288268,-1.4826560530703778,-1.10238118074365,-1.6483095369681897,1.3394580210783409,-0.6592048030806762,1.7963825254174652,0.5423622168965007,-0.33931568512608934,0.25019179772607114,-0.6568406585201811,0.5605277900343325,0.5578183845308456,2.0920453318608034,-0.08670220251243496,-1.558669381508829,-0.23890000943747206,-1.3995450218119296,-1.627237428484461,2.666827458131557,3.3023584655421696,1.064373162427461,-1.1301206449767474,-0.6299038326699038,-1.3925471563078609
-0.545635031722634,-1.0664720518431965,-0.445174280036168,-0.7375062929953005,0.8779084068700801,1.2140976468148543,-0.5693405497728766,1.2296460921972308,1.640269209551247,-0.414530922998032,0.10008483828151368,1.8543923826733661,1.6246539817954908,-0.0623723286052549,-0.40756350515627643,0.4004260580696671,-0.9711137216613229,1.0595579152362558,0.5607866121923955,1.413413529120292,1.7695020844262608,1.1726489091410832,0.9945336402199506,1.7314354309705853,0.7577920099263911,-0.2689770288603438,-0.3540546095317899,-0.052905056211376915,-0.162973640737804,-1.1058468948732931,0.5204952044189041,-1.1375611931780434,1.67073191988083,1.697087539268292,1.6129200657194627
-1.203908425295356,-1.0664720518431965,-0.4279246301598075,0.5029312607414221,0.011800442699497022,-0.5918268476164176,-0.4339241793285788,0.4871937750198138,0.20122589451005268,-1.3103783065882237,-0.5654365649921436,0.7420429040921181,0.2611364005259204,-0.7586893187375463,-1.2810742682735852,0.4004260580696671,-0.9711137216613229,0.24682181784521212,-0.4747077435075648,0.04890564216606306,0.49829609196396535,0.4569510411552748,-0.523360222246448,0.4385646789091196,-0.5614331855692807,-0.6117310282400982,-1.4810059404624882,0.6057660602703745,-0.6904010875843328,-0.9596239516488788,-0.11175925616974304,-0.8761941353019582,0.11485565016500869,0.2652523239018722,0.5799078658118131
-0.6279192059192241,0.9376710793983659,0.7409456126370181,-0.2723422103440295,0.44485442478478854,-0.9391200196224314,0.3785740433372085,1.3781365556327143,1.215266779720428,1.3771638441823513,1.4311276448288268,0.7420429040921181,1.6246539817954908,0.9225419204090677,-0.40756350515627643,1.4600569192200104,-0.27923965989162586,0.17293671808238997,-1.062737343690122,0.18086116730170404,0.5856794483648194,1.809534725192828,-0.05136446046534907,0.2155288216276076,-0.7964966342465017,0.8619216442387316,0.1834298893726507,0.7653983544587377,0.9021050478559702,0.17483201590986006,0.24555789435663417,-0.5647684916232462,0.7149119348197134,1.0473158149890842,1.2401231180873624
-1.4507609478851267,0.9376710793983659,0.8029698307827712,-0.9700883343209342,1.5707947782065466,-1.5642477292332562,0.6494067842258042,1.3484384629456176,0.8722823626639775,-0.414530922998032,1.4311276448288268,0.7420429040921181,1.6246539817954908,1.4121745493523379,-1.2810742682735852,1.4600569192200104,-0.27923965989162586,0.9856728154734336,-1.9434494181462016,-0.5716698562142913,0.04172323699843145,1.7771790985217457,-0.6300890534252845,-0.04989856369680097,-1.5265828070240253,1.1413398646248487,-0.44740981382497713,1.7873967547127425,1.287695521827069,0.17483201590986006,0.17974005896580544,-0.5561612576766981,0.0803504951144225,0.548686278306417,1.2401231180873624
0.7709117554228101,0.9376710793983659,0.749276397664174,0.2703492194157866,0.27163283195067195,0.8668044748088404,0.6494067842258042,1.6454193898165848,1.8415861499974246,0.4813164605921596,1.4311276448288268,1.8543923826733661,1.6246539817954908,0.61770541920132,0.46594725796103226,1.4600569192200104,0.4126344018780712,-0.12260368096889863,0.47192377935810376,1.6974639401429001,1.9108883557510097,1.5236055074759036,0.6164703212514066,0.6084833556486001,0.5292481022645602,0.7131606942627151,1.0428402847700025,-0.2124137190150223,0.6740967472741513,-0.46269192777914897,0.23665120220424718,-0.9331323217156864,1.6239711969033728,1.825772014813662,1.6129200657194627
-0.05192998654309242,0.9376710793983659,0.9279207509528485,0.34787656652433174,-0.1614211501346196,-0.2445336756104038,1.5973213773358894,-1.35408797158018,-1.0737813949824044,1.3771638441823513,1.2647472940104123,-1.4826560530703778,-1.10238118074365,0.7644490715085265,-0.40756350515627643,1.4600569192200104,0.4126344018780712,-1.0092248781227644,-0.4303757540362476,-1.226018679130615,-1.590276386771852,-1.084948740310806,0.5887618838814016,-1.3224490839815377,-0.14216854447601127,0.8826396334986498,0.5736362321006694,0.4088965628198721,0.8328884171057674,2.5474360875216293,-0.05469830947897619,2.6168702588958377,-1.162441692330357,-1.2824782255336271,-1.3925471563078609
0.44177505863644906,-1.0664720518431965,0.3356953685894247,0.5029312607414221,1.5707947782065466,1.4919321844196654,-1.2464224019943662,0.45749568233271715,0.5330260370972711,-0.414530922998032,-0.7318169158105572,-0.3703065744891299,-1.10238118074365,0.04826931960987069,0.46594725796103226,0.4004260580696671,-0.9711137216613229,2.0200642121529437,0.5071134611604832,0.7032857678576511,0.32469933213511726,0.027575852260499505,0.26864100107474687,0.07476500316727108,0.4062601662700505,0.204642060221792,0.4789075756012251,-0.26907750105047706,0.13122671795101662,-0.3363452950012915,-0.9064769657360291,-0.53195327578866,-0.8416652621073238,-0.4593062678825662,-0.8760410563540361
0.8531959296194004,-1.0664720518431965,-0.07803953667236434,-0.8150336401038439,0.9645192032871384,-1.4947890948320535,-0.027675067995685147,-0.34435282021889324,-1.0365004800849642,-0.414530922998032,-1.2309579682658,0.7420429040921181,0.2611364005259204,0.3760436519920643,0.46594725796103226,0.4004260580696671,0.4126344018780712,0.8379026159477893,-1.5835355414243073,-1.1512230613851115,-0.4739226337019786,-0.6668358514526151,-1.98739927460061,-0.8456467027588266,-1.6488009113823663,0.14802076192698713,0.9417912940997019,-0.7107169416077527,0.26870801834174385,-1.3864423220305988,-0.9928641284939997,-0.8398432581193498,-0.5035951810188493,-0.49414388708118656,0.5799078658118131
1.429185148995532,0.9376710793983659,2.189471113330938,1.743368814478143,-1.7204154856416691,-1.0085786540236341,0.5139904137815063,-0.7601261178382465,-0.9880352907182919,0.4813164605921596,1.4311276448288268,-1.4826560530703778,-1.10238118074365,1.3589980921850777,1.3394580210783409,-1.7188356642310194,-0.27923965989162586,-1.748075875750986,-0.1881947197007209,-0.6867248456089582,-1.208588294623237,-0.7684317458148622,-0.9391329032818377,-1.6950051141155837,-0.5322357297723788,1.8585177923576646,1.8725506356166917,0.3166762333308536,1.618933686032826,2.666827458131557,-1.0304237644757268,2.058321486975252,-1.077056396050396,-1.024107705117911,-1.3925471563078609
-1.6153292962783072,0.9376710793983659,0.7782859406414873,0.42540391363287694,1.3109623889553716,1.2140976468148543,1.3264886364472936,0.07142047740046062,0.8536419052152574,-1.3103783065882237,1.098366943191998,-1.4826560530703778,-1.10238118074365,0.5610819796385718,-1.2810742682735852,1.4600569192200104,0.4126344018780712,0.3945920173708564,0.17486183135156533,0.16265091019380526,-0.7036286994675509,0.42319468630541845,1.9318659608605373,-0.04346959663287147,0.8385243990051836,0.7003635055511845,-1.214749223537616,2.034356227625345,0.6391240547968186,2.4258129737450678,-0.013580038596424373,1.2567267558668611,-0.9524041370956707,-0.6642364159710755,-1.3925471563078609
-1.3684767736885364,-1.0664720518431965,0.03996576689406235,0.34787656652433174,1.4841839817894882,1.005721743611246,-0.8401732906614724,0.6950804238294908,1.0176779307639945,1.3771638441823513,-1.397338319084214,-0.3703065744891299,-1.10238118074365,-0.1795143500402852,-1.2810742682735852,0.4004260580696671,-0.9711137216613229,1.7245238131016551,0.1736849867776519,0.6660174308620813,0.3044639567260061,0.658857552043803,0.8212454905146728,0.6888910744932311,0.3925823646841421,-0.068295232872982,-1.3255504825477662,1.1296419663292827,-0.12150428499176733,-0.8571549498455727,-1.2121893212867385,-0.8831817431170955,-0.9528019283245376,-0.4729112968258861,-0.8760410563540361
-0.2164983349362729,0.9376710793983659,0.6179719386348913,1.6658414673695978,-1.0275291143052028,-1.4253304604308508,-1.6526715133272598,1.615721297129488,1.1705296818434996,-0.414530922998032,1.4311276448288268,1.8543923826733661,1.6246539817954908,-0.2692544556231249,-0.40756350515627643,1.4600569192200104,-0.9711137216613229,0.02516651855674566,-0.5390340283543297,0.784438024329735,1.4254142056300154,2.0616674312471512,-0.4998145548099653,0.28718542185560664,-0.5945694582852069,0.1949172755765697,-0.20127288822132727,0.3370409609742136,-0.03490126791029475,-0.46269192777914897,0.3794710711883151,-0.9263678723608431,1.049094958801078,1.386387863442896,1.6129200657194627
0.8531959296194004,0.9376710793983659,-1.515086994246417,-0.03976016901839404,-0.9409183178881444,-1.633706363634459,1.3264886364472936,0.4277975896456204,-0.2685136331976947,1.3771638441823513,-0.06629551253690062,0.7420429040921181,0.2611364005259204,-1.597837243360128,0.46594725796103226,-0.6592048030806762,1.7963825254174652,-1.5264205764625194,-1.3812785354923043,-0.6118280566323157,0.00916403923058331,0.36375929612161056,-1.460649880797752,0.9901734259423562,-1.398994341136837,-1.6179747029083098,-0.30257913449334456,-1.4061406855761835,-1.6312511124326112,-0.6569346250336902,1.7515821246559058,-0.6953887718115487,-0.3833509201530836,-0.12438422730476753,0.5799078658118131
0.6063434070296296,-1.0664720518431965,-0.7893544982705245,-0.9700883343209342,0.44485442478478854,-0.03615777240679549,0.3785740433372085,-1.1165032300834066,-1.2601859694696058,-1.3103783065882237,-1.7300990207210423,-0.3703065744891299,-1.10238118074365,-0.2846956777681565,0.46594725796103226,-0.6592048030806762,-0.9711137216613229,0.17293671808238997,-0.32570900816250253,-1.0126255944706657,-0.8286750126832463,-1.3376861747123394,-0.8903590238859265,-0.6562296917480156,-0.5981068459996751,-0.5656387383417045,0.3769120176327653,-0.9585103201520769,-0.4254040984857864,-1.13407534322061,-0.9252105767933456,-0.29158742437584856,-1.1253136184256964,-1.1770600422376731,-0.8760410563540361
0.2772067102432686,0.9376710793983659,-1.2329829244402428,-0.6599789458867553,-0.2480319465516779,0.45005266840162383,-0.027675067995685147,-1.8589555472608237,-1.6255389354645204,0.4813164605921596,-0.3990562141737293,-0.3703065744891299,-1.10238118074365,-0.9428894897494046,0.46594725796103226,-0.6592048030806762,-0.9711137216613229,-0.1964887807317208,0.458153903870216,-1.3109852620386953,-1.0956872514780382,-1.8169275376661325,0.27218608283340257,-0.7894930230206636,0.3732455815144726,-1.134773682451864,-0.255966991974349,-1.0161383362019742,-1.049017639605653,-0.09078229792448163,0.9618423743124287,1.2198824667961592,-0.8577902936280578,-1.3257095983828042,-0.8760410563540361
-1.533045122081717,0.9376710793983659,0.5745922153764285,0.5804586078499673,-1.114139910722261,1.1446390124136514,1.4619050068915915,-1.3837860642672766,-0.7792621672926264,1.3771638441823513,0.43284553991834157,-1.4826560530703778,-1.10238118074365,0.2592601803655505,-1.2810742682735852,1.4600569192200104,0.4126344018780712,-1.748075875750986,1.5488278713954673,-0.4844489258756845,-1.0789628997635325,-1.1171157773039602,1.8687742333552915,-0.982348658959487,1.9608698041469887,0.4387993212923851,-1.279753894308024,1.7500697130536054,0.35556188284690265,1.9152258616767657,-0.2683749524652858,2.1920117532367653,-0.5132588964518365,-0.9336356337905822,-1.3925471563078609
-1.3684767736885364,0.9376710793983659,1.5093472776688175,0.11529452519869628,1.3109623889553716,-0.3834509444128093,0.10774130244861274,0.24960903352304084,0.4211832924049503,0.4813164605921596,-0.7318169158105572,-1.4826560530703778,-1.10238118074365,1.516449103005529,-1.2810742682735852,-1.7188356642310194,-0.27923965989162586,1.0595579152362558,-0.8823457930365083,-0.38425768021373236,-1.0171151385149606,0.613222178825362,0.459943136872081,-0.755281264600245,-0.513125053542861,1.5730161611215268,-0.27146549896311634,2.1816506336141908,1.5554906690707906,0.9122217818761421,-1.6605443614205537,0.25695860168266815,-1.326885508473299,-0.8899961752267833,-1.3925471563078609
-1.6976134704748975,0.9376710793983659,1.8697609679796245,-0.6599789458867553,0.7046868140359634,-0.6612854820176204,0.6494067842258042,-0.9383146739608267,-0.7867183502721145,-1.3103783065882237,0.10008483828151368,-0.3703065744891299,-1.10238118074365,2.3645879563642604,-1.2810742682735852,-1.7188356642310194,1.1045084636477682,0.24682181784521212,-0.9807411843021154,-1.1835324526581232,-0.9781923959234828,-0.6436788729685676,0.2066020702982631,-1.5066821213790018,-0.6617165611103432,2.1913534832845367,-0.23045711032147503,3.0093452341843774,2.287294868726884,0.2610140326420753,-1.440827709375216,0.5729174590454701,-1.363608140926479,-1.2611356282315218,-0.8760410563540361
-0.7102033801158144,0.9376710793983659,0.6736088150959422,1.743368814478143,-1.7204154856416691,0.7973458404076377,0.7848231546701021,1.0514575360746512,1.748383862753824,1.3771638441823513,1.4311276448288268,1.8543923826733661,1.6246539817954908,-0.2504625779312618,-0.40756350515627643,1.4600569192200104,-0.9711137216613229,-1.8958460752766302,1.6857128038459832,2.1414314038554814,2.1172910552980055,1.4644330589458996,1.554426741540402,0.6179356204962292,1.9105752916003738,0.2344899342365294,-0.6266338121328051,0.7994730262161647,-0.005480485259737079,-0.46269192777914897,0.31831502321696115,-0.7843234484033212,2.2194102689473802,2.014618145849432,1.6129200657194627
0.9354801038159906,0.9376710793983659,-1.0996757305871918,0.8905679962841478,1.3109623889553716,-1.355871826029648,-1.381838772438664,0.36840140427142704,-0.21259226085153432,0.4813164605921596,0.7656062415551702,0.7420429040921181,0.2611364005259204,-1.6701373470179295,1.3394580210783409,-0.6592048030806762,1.7963825254174652,1.8722940126272993,-1.3224218836420258,-0.6050531565664311,0.014686150148330865,0.30503619871953264,-1.23342041566719,0.6448581169418046,-1.302423198916303,-1.4336812255845877,-0.3003388680290075,-1.2515192621852078,-1.5750959498517128,-0.18178583924822353,2.086054652111465,-0.4142662289018301,-0.34903437771577367,-0.12006785167510256,0.5799078658118131
1.5114693231921223,-1.0664720518431965,-1.155215336056678,-0.7375062929953005,0.27163283195067195,-0.6612854820176204,1.4619050068915915,-0.16616426409631302,-0.6711475140900496,1.3771638441823513,-1.0645776174473858,0.7420429040921181,0.2611364005259204,-0.813258965357714,1.3394580210783409,-0.6592048030806762,-0.9711137216613229,-0.5659142795458315,-0.9751185905155095,-0.7025141130226932,-0.06592637686319264,-0.5113832647711849,-1.3551246137817523,0.20131413254918562,-1.1374145716896642,-1.0282425341678019,0.5583954008075538,-1.4858153025169663,-0.9287150240577842,-1.2770843337303666,0.1140344199962504,-0.8398432581193498,-0.15237311903028763,-0.182883665901866,0.5799078658118131
0.7709117554228101,-1.0664720518431965,-1.0927920781714122,-0.504924251669665,-0.5078643358028528,-0.9391200196224314,1.1910722660029958,-1.5322765277027601,-1.7560221376055616,1.3771638441823513,-1.397338319084214,-0.3703065744891299,-1.10238118074365,-0.8865319686768401,0.46594725796103226,-0.6592048030806762,-0.9711137216613229,-1.0831099778855866,-0.8508210560290813,-1.5041225946847967,-1.2847257002875765,-1.6963973751208443,-1.5673760043374056,-1.0018968072114323,-1.133547111156448,-1.0316199631470127,0.0998966762731758,-1.1798777317473879,-0.967936366688032,-0.8571549498455727,-0.3187368875822185,0.23269246002890961,-1.3151916115439357,-1.426823879937461,-0.8760410563540361
-0.8747717285089949,-1.0664720518431965,0.4231387278587486,-1.0476156814294795,0.09841123911655533,-0.9391200196224314,-1.1110060315500683,0.6950804238294908,0.23850680940749297,-0.414530922998032,-1.8964793715394566,-0.3703065744891299,0.2611364005259204,1.054996573723125,-1.2810742682735852,0.4004260580696671,-0.27923965989162586,0.690132416422145,-0.6765898511211387,0.04808507918263973,-0.05678097584200927,0.6570200322415329,-0.8147502598676061,-0.1975425791465758,-0.7873184441676946,0.7579757402452549,0.021443938964522298,0.7990705525870992,0.9166761021973648,-1.2770843337303666,-1.8184824936485962,-1.0974084825795063,0.009205252263108227,0.2648038970651279,0.12869645000399213
1.3469009747989418,0.9376710793983659,-1.106572334379213,-0.3498695574525747,0.011800442699497022,1.6308494532220708,-1.6526715133272598,-1.4431822496414701,-0.99549147369778,1.3771638441823513,0.5992258907367559,-0.3703065744891299,-1.10238118074365,-0.9918371911381563,1.3394580210783409,-0.6592048030806762,1.7963825254174652,0.9117877157106115,1.3751256122858488,-0.6111096588604986,-0.5084511991298263,-1.419845476750509,1.2567519712601944,-0.18393164880389098,1.510727782310831,-1.092315886548152,0.3597747933320849,-1.4089865871959681,-1.052621525112904,0.5947613997946539,1.9121826723981727,1.2750866153502465,-0.5661637029660962,-0.9899065547763553,-0.8760410563540361
-0.2164983349362729,0.9376710793983659,1.6028270498385893,0.34787656652433174,0.9645192032871384,0.8668044748088404,1.5973213773358894,-0.19586235678340974,0.4360956583639264,-0.414530922998032,1.2647472940104123,-1.4826560530703778,-1.10238118074365,1.4845687595375086,-0.40756350515627643,-1.7188356642310194,-0.27923965989162586,-0.048718581206076486,0.020272735142375334,-0.1431707295935537,-0.8741598794149255,0.1416142885107691,1.6149379324797162,-0.7976164942358992,0.5855928778355405,1.6067175787479455,0.8900521365475872,0.9785006307466751,1.5563325115986884,2.5474360875216293,-0.6619576005272261,1.515221229329109,-1.005002440760591,-0.7879804026678491,-1.3925471563078609
0.6063434070296296,-1.0664720518431965,-1.408611429984697,-0.03976016901839404,-0.7676967250540278,0.24167676519801556,-0.7047569202171745,0.45749568233271715,0.10802360726645201,-1.3103783065882237,-1.0645776174473858,-0.3703065744891299,-1.10238118074365,-1.4871350600348938,0.46594725796103226,-0.6592048030806762,1.7963825254174652,-0.2703738804945429,0.6231776748244724,0.7831059627036432,0.3675065830963571,0.028424621737952304,-0.6743507467278045,1.3187426167794707,0.07578690569798767,-1.5045674485899752,-0.3834295956361507,-1.2558058069845566,-1.5164471612107036,-0.5915406360112303,0.38784847747057044,-0.6700169022159737,-0.8036991169956732,-0.4304118565838348,-0.8760410563540361
-0.8747717285089949,0.9376710793983659,0.7409456126370181,0.42540391363287694,-1.3739722999734358,-0.6612854820176204,0.7848231546701021,0.10111857008755733,0.1751292540818445,-0.414530922998032,1.7638883464656554,0.7420429040921181,0.2611364005259204,0.521945696512596,-1.2810742682735852,1.4600569192200104,0.4126344018780712,-1.6003056762253416,-0.07058381509524995,0.0322283743330647,0.4870361012469059,0.45736199525481247,0.20631351713185953,-0.4497687312380063,-0.024753188485098544,0.6603513546037885,-0.30956225035624185,1.0122849922637873,0.5993348882484982,0.34606945476693357,0.46720729049182885,0.0003980449504448945,0.3182418652181964,0.25612273448618317,0.5799078658118131
-1.3684767736885364,-1.0664720518431965,0.06512402511985113,-0.8150336401038439,0.27163283195067195,-1.4253304604308508,-0.4339241793285788,0.36840140427142704,-0.20513607787204624,-0.414530922998032,-0.8981972666289715,-0.3703065744891299,-1.10238118074365,0.5275601320809051,-1.2810742682735852,0.4004260580696671,0.4126344018780712,0.46847711713367857,-1.2364785145961361,-0.5472053630569081,-0.4609961295135521,0.3460921249456053,-1.2165170548179447,-0.2774241904527212,-1.247509220860199,0.3014554230430645,-0.884234483138834,1.1469470867458713,0.4222520476102003,-0.46269192777914897,-0.8282581121624341,-0.569040978818691,-1.4606756758755408,-0.9613593207671048,-0.8760410563540361
0.6886275812262198,0.9376710793983659,-1.5616835179168105,1.5883141202610527,-1.2007507071393193,1.0751803780124487,0.3785740433372085,0.10111857008755733,0.4137271094254622,-1.3103783065882237,-1.0645776174473858,-0.3703065744891299,0.2611364005259204,-2.505662258628442,0.46594725796103226,-0.6592048030806762,1.7963825254174652,-1.2308801774112308,1.5839409518260434,1.073246569838171,0.517326625153866,0.04941698632967078,0.7849588001571702,1.8648107077637628,1.4315621968521761,-2.1066168133021708,-0.9867384712235703,-1.3604387185574442,-2.3529763810837787,-0.5915406360112303,0.5630622036352697,-0.5414453326059915,1.0566565789305367,0.7708017577664121,0.12869645000399213
0.9354801038159906,-1.0664720518431965,-0.021128044576529243,-1.35772506986366,-1.7204154856416691,-0.03615777240679549,-0.5693405497728766,-1.5619746203898568,-1.6180827524850325,0.4813164605921596,0.10008483828151368,-1.4826560530703778,-1.10238118074365,0.7763279101346878,1.3394580210783409,0.4004260580696671,0.4126344018780712,-1.1569950776484088,0.921569713499622,-0.8920602033370343,-1.3472724193847778,-1.7215911383602378,-0.8827335662674465,-1.3340749655409012,0.16707876147260323,0.3801844888298541,1.2394059985497297,-0.7191847263800636,0.5871682543943005,1.6440763308871427,0.06027285227486786,2.2133361012516493,-0.7077284981488368,-1.1193902621767222,-1.3925471563078609
-1.1216242510987657,-1.0664720518431965,-1.4614626171195724,-0.1172875161269392,0.44485442478478854,-0.10561640680799825,-0.8401732906614724,-1.08680513739631,-1.0141319311465,-1.3103783065882237,-0.23267586335531493,-1.4826560530703778,-1.10238118074365,-1.4987670712895578,-1.2810742682735852,-0.6592048030806762,1.7963825254174652,0.8379026159477893,-0.21232003346594616,-0.9418349060986256,-1.3820562859424323,-1.0559531013310617,-0.10972676999801056,0.057136189972158934,-0.2406454232801671,-1.5385704136739289,-1.8521472282450728,-0.12877355328641915,-1.5397182510372218,1.361134051715745,1.4676819482588706,1.4716869910513892,-1.08548018860615,-1.143039389525481,-1.3925471563078609
0.3594908844398588,-1.0664720518431965,-2.0100684117302676,0.11529452519869628,0.6180760176189052,-0.03615777240679549,-1.517255142882962,0.7247785165165874,0.22732253493826088,-0.414530922998032,-0.7318169158105572,-0.3703065744891299,0.2611364005259204,-2.199891094630212,0.46594725796103226,-0.6592048030806762,1.7963825254174652,1.3550983142875443,-0.14562063658561814,0.4564113191910343,0.18756689150293415,0.25791883044923847,-0.8885918543425952,2.2199588619816533,-0.48747157516968315,-2.1884445951150013,-1.0021028325567292,-1.4180271226730752,-2.23463204263929,-0.3363452950012915,1.5981664932409376,-0.6225841541487945,0.28125814828776463,0.4786478900439638,0.12869645000399213
0.19492253604667834,0.9376710793983659,0.17381388066754552,-0.8925609872123891,-1.7204154856416691,-0.5223682132152149,-1.517255142882962,-0.5819375617156662,-0.7084284289874899,0.4813164605921596,1.4311276448288268,0.7420429040921181,0.2611364005259204,0.6910781532091308,0.46594725796103226,0.4004260580696671,0.4126344018780712,-0.6397993793086537,0.5574766754831549,-0.16776470698462764,0.3479894096476747,-0.5988690701920348,-0.5357581164648688,-0.7261841271948065,0.0943654255483017,0.4419906068476173,0.7103155885408762,-0.21517099882483998,0.575214571582634,0.17483201590986006,0.9033464791185606,0.2679256402561323,0.6149670699866392,0.14398827851635515,0.5799078658118131
0.6886275812262198,-1.0664720518431965,-0.10945867618522792,0.2703492194157866,-1.6338046892246108,-0.45290957881401206,0.5139904137815063,0.338703311584331,-0.22004844383102237,0.4813164605921596,-0.3990562141737293,-0.3703065744891299,0.2611364005259204,-0.29330000482079915,0.46594725796103226,0.4004260580696671,-0.9711137216613229,-1.6741907759881638,0.3367213176963289,0.48690281925221185,0.20490829759778467,-0.07396981285038158,-1.1981947987149322,-0.16872856251093998,-0.3210006904002026,-0.20620706851134815,0.42309614775329774,-0.6475415935437888,-0.24872272210602675,-0.09078229792448163,-0.2688816429615284,-0.352181243003242,0.5131845637398839,0.4939125057040615,0.12869645000399213
-0.2987825091328632,0.9376710793983659,2.1214312232146457,-0.8150336401038439,0.6180760176189052,-1.078037288424837,0.9202395251144,-0.700729932464053,-0.6935160630285138,0.4813164605921596,1.2647472940104123,0.7420429040921181,0.2611364005259204,2.730671796949806,-0.40756350515627643,-1.7188356642310194,1.1045084636477682,0.02516651855674566,-1.3462097804315136,-1.2183610325519085,-0.5409914936531782,-0.3933574449579955,-0.18193193930975537,-1.5468983519391195,-1.025118404508199,2.5100173805460044,1.5893780755799716,1.4053377527214135,2.628071014419915,0.08749315907529455,-1.0570464836385411,0.28670242134691154,-0.3628682238913352,-0.5442028857550688,0.5799078658118131
-0.13421416073968268,-1.0664720518431965,-0.8725931315639192,-1.2026703756465698,0.18502203553361363,-1.4253304604308508,-1.2464224019943662,-0.8492203958995366,-1.144615133287541,-1.3103783065882237,-0.3990562141737293,-1.4826560530703778,-1.10238118074365,-0.228367409272118,-0.40756350515627643,-0.6592048030806762,-0.9711137216613229,0.8379026159477893,-1.056144961440322,-1.1640847416852642,-1.5434281208490324,-0.8255202793578896,-1.2136417408590525,-0.4924981574982898,-1.141310142351576,-0.5817639821932789,-0.10992227639463113,-0.5938877918616128,-0.40489431126563064,1.2149111084913304,0.5238155895047764,1.1564240826758014,-1.3919820583329905,-1.2514261255819525,-1.3925471563078609
0.6063434070296296,-1.0664720518431965,-0.6648758533530328,-0.19481486323548436,0.011800442699497022,0.7973458404076377,-1.2464224019943662,0.7841747018907809,0.5814912264639435,0.4813164605921596,0.10008483828151368,0.7420429040921181,1.6246539817954908,-0.6160914501249516,0.46594725796103226,-0.6592048030806762,-0.9711137216613229,0.690132416422145,0.7162196018444403,1.1402544101193866,1.1443962373918226,0.3096479602956119,-0.25836338983706797,1.0117515046398233,0.31927095162193,-0.6661138785450583,0.16851010161185256,-0.89598358827094,-0.6449689650791439,-0.5590884633101237,0.7814301186291719,-0.7561045848247253,1.7512192691355846,1.5668234985914316,1.2401231180873624
-0.6279192059192241,0.9376710793983659,-1.305141629317907,-0.8150336401038439,0.18502203553361363,0.9362631092100432,-1.381838772438664,-2.0668421960705,-1.565889471628616,0.4813164605921596,0.9319865923735845,-1.4826560530703778,-1.10238118074365,-0.9246876857555555,-0.40756350515627643,-0.6592048030806762,-0.9711137216613229,0.9117877157106115,0.7471251370433807,-1.409802197019566,-1.7345809783336659,-1.838199214500105,1.6884462454165567,-0.6831334068260406,1.2105707530972338,-1.1647434398063017,-0.9725002852824618,-0.4821146315435836,-1.0548647775401079,2.30187309044482,2.617835863337115,3.5365854239339094,-0.7635518562717748,-1.376937568629285,-1.3925471563078609
-1.3684767736885364,0.9376710793983659,-1.57734825899701,0.34787656652433174,-1.3739722999734358,-0.31399231001160655,1.4619050068915915,-0.6413337470898597,-0.4064530183182237,-0.414530922998032,-0.3990562141737293,-0.3703065744891299,-1.10238118074365,-1.8772697686262618,-1.2810742682735852,-0.6592048030806762,1.7963825254174652,-1.9697311750394524,0.18641042700546234,-0.4077444447202841,-0.3603981986669038,-0.3304247326952102,0.5237164510749804,0.8873070028757624,0.28261772179490807,-1.7936372004309007,-2.399951957458386,0.07741825444346995,-1.8653918317860858,-0.09078229792448163,1.4243737746774294,0.13119311697821381,-0.9485026542427769,-0.9001586062160658,-0.8760410563540361
0.8531959296194004,0.9376710793983659,0.5439180293940539,0.8905679962841478,1.0511299997041967,0.1722181307968128,1.1910722660029958,0.10111857008755733,0.10429551577670798,0.4813164605921596,1.2647472940104123,0.7420429040921181,0.2611364005259204,0.0577470138694219,0.46594725796103226,1.4600569192200104,-0.9711137216613229,0.24682181784521212,-0.5309336813736257,-0.25742131642730925,0.28310846252835586,0.04936771791962224,0.03452819873372089,-0.3708574186945316,-0.40593836734657734,0.32074696003663605,0.7430214366028233,-0.3720601418221831,0.19429719151527797,0.08749315907529455,0.3453405204418017,-0.15011110329556876,0.08571292396930556,0.09205443134014372,0.5799078658118131
1.1000484522091711,0.9376710793983659,0.6820938740564245,0.7355133020670576,-0.5078643358028528,0.7278872060064349,-0.7047569202171745,1.5563251117552945,1.6887343989179195,1.3771638441823513,1.4311276448288268,0.7420429040921181,1.6246539817954908,0.28766084889605037,1.3394580210783409,1.4600569192200104,0.4126344018780712,-0.048718581206076486,0.8924956174235819,1.9862222523667035,1.552447448569228,1.4379124352330686,0.49964888488740505,0.5713554274556638,0.7840252575131779,0.5110522062949968,1.0292218199015846,-0.415209669347144,0.40614964803880427,0.17483201590986006,0.30907146400940666,-0.6147142519173175,1.8405644423678078,1.9501924721060118,1.2401231180873624
1.5114693231921223,0.9376710793983659,0.2841001697494632,1.0456226905012382,-0.5944751322199111,-0.175075041209201,-0.9755896611057703,-0.34435282021889324,-0.40272492682847966,1.3771638441823513,0.2664651890999273,0.7420429040921181,0.2611364005259204,-0.30019684011057923,1.3394580210783409,0.4004260580696671,-0.9711137216613229,0.02516651855674566,0.2104863128601976,-0.15368857687177676,0.3580276253823089,-0.3727619228485098,-0.24813240827041885,-0.5641475865651652,-0.011450289782103691,0.0009569049400412838,0.8815127755646943,-0.8068771293077831,-0.1480608692586394,-0.46269192777914897,-0.11295855709442568,-0.2699462199781394,0.45378538839335814,0.1520457251344461,0.5799078658118131
0.2772067102432686,-1.0664720518431965,-1.2045125379419348,0.19282187230724143,-1.4605830963904942,1.283556281216057,-1.517255142882962,0.10111857008755733,0.1341202476946602,0.4813164605921596,-1.2309579682658,-0.3703065744891299,0.2611364005259204,-1.4020953768608204,0.46594725796103226,-0.6592048030806762,1.7963825254174652,-0.4181440800201872,1.9947153668777484,1.331703650001743,0.6437618290094979,-0.2829349345665444,0.10685885911188424,1.1244438117040285,1.3662359105749486,-1.3532994529247215,-0.5473672112168471,-1.0020922022305763,-1.3958170173130902,-0.7229925237693459,-0.024181114352278113,-0.6165219260024359,1.2204871915288802,0.88382726025465,0.12869645000399213
-1.286192599491946,-1.0664720518431965,-0.5921684679355691,-1.0476156814294795,0.9645192032871384,-1.4253304604308508,-1.381838772438664,1.615721297129488,0.7567115264819128,-0.414530922998032,0.10008483828151368,0.7420429040921181,1.6246539817954908,-0.028373096485911433,-1.2810742682735852,0.4004260580696671,-0.9711137216613229,1.5767536135760107,-1.2727924586855413,0.14023768886878343,0.5590951257427997,1.5456000626848978,-1.219052558945332,1.0993426909462114,-1.2694378875812726,-0.33040592781125416,-1.1244352441386412,0.5987704387725619,-0.17665107892909623,-0.5590884633101237,0.6932822985299015,-0.9702813096899098,0.5725323810966412,1.0227717799182534,1.2401231180873624
-0.6279192059192241,-1.0664720518431965,-0.4107557751925621,0.5804586078499673,-1.2007507071393193,0.9362631092100432,0.5139904137815063,-1.9777479180092103,-1.6441793929132407,-1.3103783065882237,-0.06629551253690062,-1.4826560530703778,-1.10238118074365,-0.7819850579613237,-0.40756350515627643,0.4004260580696671,-0.9711137216613229,-1.304765277174053,1.443158997103783,-1.1290983989327885,-1.517338779525231,-1.9146898332524034,0.7607464180814306,-1.199420767733087,1.314190023255465,-0.6148630112650764,-0.8823710585408364,0.03645647934977392,-0.7038974345255493,1.5041430422255015,0.3286764179073366,2.725122169204496,-0.5453584430885693,-1.2340522676184131,-1.3925471563078609
-0.3810666833294534,0.9376710793983659,-1.113481938374577,0.42540391363287694,-0.7676967250540278,-0.9391200196224314,-1.2464224019943662,0.36840140427142704,0.3093405477126295,0.4813164605921596,0.10008483828151368,0.7420429040921181,0.2611364005259204,-1.4363529501889896,-0.40756350515627643,-0.6592048030806762,1.7963825254174652,0.02516651855674566,-0.30841238490370565,0.07746851730917133,0.5174662560055739,0.7405993420357105,-0.050185156220052096,1.2156900579982242,-0.28391401012690803,-1.3214261104056646,-1.0757052618185061,-0.5594067746176167,-1.3973299858596706,-0.5590884633101237,1.3672317134523604,-0.6218753618306578,0.19981570241809485,0.2808121092933621,0.5799078658118131
0.9354801038159906,-1.0664720518431965,-0.6956014635514864,0.5029312607414221,-1.3739722999734358,-0.8696613852212286,-0.8401732906614724,1.0217594433875545,0.14530452216389228,-0.414530922998032,0.10008483828151368,0.7420429040921181,1.6246539817954908,-1.039315203369331,1.3394580210783409,-0.6592048030806762,1.7963825254174652,-0.7136844790714758,-0.023338408971684807,0.7763140929311073,0.9465700457875049,0.5153818125903307,-1.5179251079610419,0.6285305620637192,-0.6548199557827673,-0.897429098295081,0.10110731992680395,-1.0602140936859032,-0.9784199725403896,-0.5590884633101237,0.8192275215113471,-0.823808927333879,1.3527422089226129,1.3821137405621449,1.2401231180873624
0.11263836185008808,0.9376710793983659,0.7824114828149115,1.1231500376097834,1.39757318537243,-0.6612854820176204,-1.1110060315500683,2.0908907801230345,2.0168064500153937,0.4813164605921596,1.4311276448288268,1.8543923826733661,1.6246539817954908,0.18659828220335117,0.46594725796103226,1.4600569192200104,0.4126344018780712,1.7984089128644773,-0.9150122710220722,0.7534649857687696,1.40721025028544,2.5655565258840767,0.20672868036107214,0.6890128980642553,-0.6156694843523102,0.5133083854102083,0.3367491100680593,0.20190583222569985,0.35613424197907706,-0.46269192777914897,0.20142974381776768,-1.0273978123656293,0.8120652175897161,1.370053527111332,1.6129200657194627
-0.7102033801158144,-1.0664720518431965,-0.5032665233839857,-1.5903071111892955,-0.1614211501346196,-0.3834509444128093,1.1910722660029958,1.5563251117552945,1.20781059674094,-1.3103783065882237,0.10008483828151368,0.7420429040921181,1.6246539817954908,0.4123001807050702,-0.40756350515627643,0.4004260580696671,0.4126344018780712,-0.787569578834298,-0.4878446448781402,0.7878230930850507,0.9530664839713577,1.4875854388003047,-0.3456141202762359,1.4134391363495395,-0.5082084477021357,-0.061195396150064627,-0.212400295360276,0.05205062907778956,0.181896713068514,-0.5590884633101237,0.5879270508868982,-0.9569125581012404,1.0802973347283376,1.3881666650595805,1.2401231180873624
0.11263836185008808,-1.0664720518431965,-0.9051181349722093,-0.8925609872123891,0.35824362836773027,1.005721743611246,0.24315767289291063,0.873268979952071,1.1928982307819638,1.3771638441823513,0.10008483828151368,0.7420429040921181,1.6246539817954908,-0.4550212821570207,0.46594725796103226,-0.6592048030806762,-0.9711137216613229,0.17293671808238997,0.5814027894099514,1.1182847359783337,1.1328792982559917,0.828967339799442,0.8182659026377606,1.8857122183010722,0.697075579942175,-0.7134668157734753,-0.06529252504064041,-0.7605891044924615,-0.5867104995874085,-0.5590884633101237,1.0858947156387206,-0.7821884128193927,1.6815020159253153,1.5560485559913373,1.2401231180873624
-1.3684767736885364,-1.0664720518431965,-2.0277763873968095,-1.280197722755115,1.0511299997041967,-1.5642477292332562,-0.7047569202171745,0.576288053081104,-0.1007495161592135,-0.414530922998032,-0.8981972666289715,0.7420429040921181,0.2611364005259204,-1.4020953768608204,-1.2810742682735852,-0.6592048030806762,1.7963825254174652,1.2812132145247221,-1.5225926299594907,-0.62966763445803,-0.005434111226308306,0.5436662749826171,-1.3376966658716685,1.7919722515227094,-1.4464477204813273,-1.7915509038455593,-2.0967506487410748,-0.19258453113556018,-1.6184478381455687,-1.1695339984876092,1.3851547896224756,-1.0115668159327826,-0.466978338694038,-0.13578548862493162,0.5799078658118131
-1.533045122081717,0.9376710793983659,1.6291034622470741,1.6658414673695978,-0.854307521471086,0.8668044748088404,-1.6526715133272598,-0.700729932464053,-0.10820569913870155,-1.3103783065882237,1.098366943191998,0.7420429040921181,0.2611364005259204,0.8012900135151354,-1.2810742682735852,-1.7188356642310194,0.4126344018780712,0.17293671808238997,1.2617366375892918,0.079099552766896,0.5185566033225494,-0.3935865549080894,1.6133044144144526,-1.0840130498155505,1.596094592472961,1.277502127621251,-0.9426079735848459,2.531150162186296,1.0488272332575765,-0.0010340179412842185,-0.7701354871223648,0.2278946663816141,0.9232371009977655,0.28169773629250017,0.5799078658118131
0.9354801038159906,-1.0664720518431965,-0.23789962946729315,-1.2026703756465698,1.0511299997041967,-0.8002027508200259,1.4619050068915915,-0.0176738006608295,-0.6040418672746571,-0.414530922998032,-1.7300990207210423,-1.4826560530703778,-1.10238118074365,0.4467994591306704,1.3394580210783409,0.4004260580696671,0.4126344018780712,0.09905161831956781,-1.374795236237368,-0.85418309525982,-1.3211168836051466,-0.3865882873415911,-1.4686475852452807,-0.3983905839943743,-1.397532241254246,0.09806215553720415,1.0343645573028315,-0.8317221337204811,0.2793620698168239,-0.09078229792448163,-1.3091638503292549,-0.2002160539684117,-1.5141828278290286,-1.1015412761363201,-1.3925471563078609
-1.6153292962783072,0.9376710793983659,2.1442518032840607,1.5883141202610527,0.44485442478478854,1.7003080876232737,1.0556558955586979,0.04172238471336391,1.0027655648050184,0.4813164605921596,0.5992258907367559,0.7420429040921181,0.2611364005259204,1.3907628806794838,-1.2810742682735852,-1.7188356642310194,-0.27923965989162586,-0.1964887807317208,1.0497485544609466,0.6805799464279763,0.8918808960509073,0.39167143404159566,2.3805048241683986,-0.8170423784200936,1.785516498236171,1.850231092445101,-0.7005838455703285,3.0698517455257535,1.6307310529265922,-0.27408025392974295,-1.37435432642036,-0.3339864680250612,0.8329413307430815,0.5887730537458696,0.5799078658118131
-0.7924875543124047,0.9376710793983659,0.517420006766089,2.0534782029123235,-1.5471938928075526,-1.2169545572272424,-1.1110060315500683,0.576288053081104,0.37644619452802197,0.4813164605921596,0.9319865923735845,-1.4826560530703778,-1.10238118074365,-0.5696683902123992,-1.2810742682735852,1.4600569192200104,-0.9711137216613229,-0.7136844790714758,-0.21232003346594616,0.29700214041208267,-0.6321693938715687,0.9601259502169098,-0.3081071277990466,-0.16847012785873103,-0.3138898909809072,-0.01103995233322468,-0.9084312745466967,0.7773464204450073,-0.29141302065585867,2.30187309044482,0.13880264664647532,0.8872356640686522,-1.08548018860615,-0.6117351811068115,-1.3925471563078609
-0.8747717285089949,-1.0664720518431965,-0.4221927387116883,-0.8150336401038439,1.39757318537243,0.24167676519801556,-0.9755896611057703,-1.7104650838253401,-1.5062400077927116,0.4813164605921596,-1.2309579682658,-1.4826560530703778,-1.10238118074365,0.010131982635389452,-1.2810742682735852,0.4004260580696671,-0.9711137216613229,1.7245238131016551,-0.30882128852684493,-1.438405226793457,-1.7577918647107476,-1.65602913705699,0.18397610730919134,-1.0729008705579475,-0.19957593317594696,-0.2206050320764793,-0.6288437393530469,0.2548045832250738,-0.1018446796426093,0.43002735691979954,-0.7288198875424688,1.4581544594589937,-1.1193555478655943,-1.3919618877391629,-1.3925471563078609
1.2646168006023515,-1.0664720518431965,-1.7296003802615179,-0.5824515987782102,-0.7676967250540278,-1.0085786540236341,-0.16309143843998303,0.10111857008755733,-0.577945226846449,1.3771638441823513,-1.5637186699026284,0.7420429040921181,0.2611364005259204,-1.5104330645126003,1.3394580210783409,-0.6592048030806762,1.7963825254174652,-0.5659142795458315,-0.5421788689468384,-0.26449672872069274,0.27791736794737015,-0.28080052180150294,-1.6200356574167782,0.8260518316921147,-0.9801093250322772,-1.6877625009945,-0.013791751793990836,-1.6444435554807169,-1.6215531631129823,-1.6108317008829456,0.10462328973642138,-1.1174535607401652,0.07985857592482555,0.08791012002943213,0.5799078658118131
0.11263836185008808,0.9376710793983659,-1.1342892440138936,0.7355133020670576,-1.6338046892246108,1.1446390124136514,1.1910722660029958,-1.0571070447092132,-0.4176372927874558,0.4813164605921596,0.5992258907367559,-0.3703065744891299,-1.10238118074365,-1.6241955347046706,0.46594725796103226,-0.6592048030806762,1.7963825254174652,-2.0436162748022744,1.9798668106674844,0.04259810407506259,-0.06022906801784481,-0.7704266008221894,1.8717269723390835,0.45692939789044534,2.322519419250595,-1.4286885777448806,-0.8059609470961793,-0.8788436592870965,-1.548783106491798,0.5947613997946539,1.9550878113568397,0.9031242278878955,-0.3849484643165051,-0.7120923709755876,-0.8760410563540361
-1.1216242510987657,0.9376710793983659,-1.2616761733739588,1.9759508558037784,-1.2873615035563777,-1.4947890948320535,0.7848231546701021,-0.3146547275317966,-0.49219912258233633,1.3771638441823513,-0.8981972666289715,-0.3703065744891299,0.2611364005259204,-2.38460017223,-1.2810742682735852,-0.6592048030806762,1.7963825254174652,-1.5264205764625194,-0.9604534747628152,-0.7862960869306758,-0.6432583767743851,0.017519325378056342,-0.5623569899521702,0.4883839201653344,-0.8845947549244162,-1.8858916853506684,-2.4203958371345076,-0.009520986198923942,-2.176996977641942,-0.46269192777914897,0.4196792636652472,-0.2844245535330518,-0.1442798914809738,-0.2381616157168505,0.12869645000399213
-0.7102033801158144,-1.0664720518431965,0.34499878433023073,0.34787656652433174,-1.2007507071393193,-0.9391200196224314,-0.027675067995685147,0.45749568233271715,0.04464605194080355,-1.3103783065882237,-0.06629551253690062,0.7420429040921181,0.2611364005259204,0.14513734474694065,-0.40756350515627643,0.4004260580696671,-0.9711137216613229,-1.0092248781227644,-0.29954232169406647,0.14852888174716614,0.5645434798843312,0.42827665806799325,-0.8149723231545007,-0.2808738035466818,-0.5548293982596779,0.2581277240975882,-0.3790550027430957,0.584014047526979,0.20716025732029003,-0.6569346250336902,-0.41896349803586774,-0.7052253943854188,0.20429664456355728,0.3191114878809352,0.5799078658118131
0.3594908844398588,-1.0664720518431965,-0.8985900053141478,0.03776717809015112,-1.114139910722261,1.4919321844196654,-0.027675067995685147,1.2296460921972308,1.2525476946178682,-1.3103783065882237,0.10008483828151368,1.8543923826733661,1.6246539817954908,-0.9959433782764641,0.46594725796103226,-0.6592048030806762,1.7963825254174652,-0.9353397783599423,1.9258720608119806,2.5253286748373385,2.2832297707405007,0.6964769312831226,0.26819521235060406,1.937436804149514,1.4062564850650943,-0.9829778394373605,-0.23311689960327986,-0.8913062954624014,-0.999413496063443,-1.1058468948732931,1.0773454380053007,-1.1375611931780434,2.3273181740628557,2.1672438705188233,1.6129200657194627
1.5937534973887126,-1.0664720518431965,-1.5460854355108953,-0.42739690456111984,0.6180760176189052,-1.0085786540236341,1.0556558955586979,0.07142047740046062,-0.6003137757849131,1.3771638441823513,-1.397338319084214,0.7420429040921181,0.2611364005259204,-1.4089234206563392,1.3394580210783409,-0.6592048030806762,1.7963825254174652,-0.048718581206076486,-1.3171356843554736,-0.7688288167278535,-0.122269526018064,-0.30739858856586805,-1.6218015426799168,0.6222883491056106,-1.4078082559891782,-1.5382308393048059,0.22229331584668058,-1.67377955583767,-1.493180391125588,-1.497669767932696,0.12704037559887754,-1.0454009290410233,-0.3459667359949151,-0.22653668245842853,0.5799078658118131
-1.203908425295356,-1.0664720518431965,-1.8799170887860146,0.19282187230724143,-0.5078643358028528,0.03330086199440727,-0.9755896611057703,-1.2649936935188901,-1.140887041797797,0.4813164605921596,-0.5654365649921436,-0.3703065744891299,-1.10238118074365,-2.109287139777782,-1.2810742682735852,-0.6592048030806762,1.7963825254174652,0.09905161831956781,0.3403321121139106,-0.8508368967548393,-0.6947740870172517,-1.2263248535152855,0.011216811202204075,0.23291353836147397,0.18205251622123222,-2.0719735604675007,-2.34059001207659,-0.2878143836073475,-2.127921011058528,-0.21240541170104382,1.6406297483647252,0.4969201514800464,-0.8968664309707439,-1.0999704847628191,-0.8760410563540361
1.429185148995532,0.9376710793983659,2.075359366623026,0.5804586078499673,0.7912976104530218,-0.8696613852212286,1.4619050068915915,0.012024292026267206,-0.3244350055438551,0.4813164605921596,0.10008483828151368,0.7420429040921181,0.2611364005259204,1.8583388758875705,1.3394580210783409,-1.7188356642310194,-0.27923965989162586,-0.12260368096889863,-1.3462097804315136,-0.8201634104591808,-0.1667553654026084,-0.03464996500253145,-0.8293495991757184,-1.3685099850963112,-1.204394325783507,2.0485699852860475,2.1808980827302626,0.2458687772614759,1.963581942698257,-0.5590884633101237,-1.5613703700730275,-0.48728514474054907,-0.3628682238913352,-0.26085492757491363,0.5799078658118131
-0.7102033801158144,0.9376710793983659,0.9239558572897423,2.0534782029123235,-0.7676967250540278,0.5889699372040293,-0.2985078088842809,0.338703311584331,0.8983790030921858,-0.414530922998032,1.7638883464656554,-0.3703065744891299,0.2611364005259204,-0.14118936038398183,-0.40756350515627643,1.4600569192200104,-0.9711137216613229,-0.49202917978300936,0.8909240446627144,0.8572291252482478,0.40662580679942784,0.7066235422786592,1.355816658068774,-0.12158647484984902,1.1758864558940412,0.42350705725406723,-0.5581461845410981,0.9669270610264797,0.14487820371840351,1.3127572702148969,0.26532203635337065,0.4433267256541818,0.763916351158122,0.6722905514698355,0.12869645000399213
0.9354801038159906,0.9376710793983659,1.128400026581203,-0.03976016901839404,0.7046868140359634,-1.2864131916284451,-0.027675067995685147,0.6059861457682006,-0.003819137425868796,0.4813164605921596,0.10008483828151368,-0.3703065744891299,0.2611364005259204,1.1998271944123076,1.3394580210783409,1.4600569192200104,-0.27923965989162586,0.6162473166593229,-1.3462097804315136,-0.4883320587152411,-0.4180443059779156,0.5299794813543826,-1.1783108282408852,-0.7824507980710976,-1.3010249086486296,1.2091529664179541,1.5020955075868951,-0.07744458503530884,1.215065620170708,0.2610140326420753,-0.9442890708324203,-0.2634451769166421,-0.3628682238913352,-0.046839580960704584,0.12869645000399213
0.6063434070296296,0.9376710793983659,0.09011078741017461,1.1231500376097834,0.7046868140359634,1.2140976468148543,0.24315767289291063,0.16051475546175073,0.521841762628039,-0.414530922998032,1.2647472940104123,0.7420429040921181,0.2611364005259204,-0.5457400096391697,0.46594725796103226,0.4004260580696671,-0.9711137216613229,0.46847711713367857,0.5740873716875927,0.4897676111429036,0.7792528022049541,0.10707418473018532,0.9030482657173221,0.26235328282636083,0.7283210099897691,-0.2271030706153521,0.21281836987792632,-0.4972748703989664,-0.38785010831063393,0.08749315907529455,0.8769228409235682,-0.17668779048063737,0.6225209702132226,0.49534194101020207,0.5799078658118131
-1.6153292962783072,-1.0664720518431965,-1.4920089925113005,-0.7375062929953005,0.35824362836773027,-1.078037288424837,0.10774130244861274,0.27930712621013754,-0.14921470552588584,-0.414530922998032,-1.7300990207210423,0.7420429040921181,0.2611364005259204,-1.170184490194065,-1.2810742682735852,-0.6592048030806762,1.7963825254174652,0.24682181784521212,-1.0931930600342383,-0.5042380243360247,0.09547800598736134,0.25891858295873815,-0.9274695842958588,1.1080951001619557,-1.0778211814401155,-1.3877934589457563,-2.300551121234207,0.4611469670210624,-1.2939065031405717,-1.7259966035699696,-0.34077106379588384,-1.2278218916450927,-0.21814408784342476,-0.05669447429219438,0.5799078658118131
-1.1216242510987657,-1.0664720518431965,-0.6344056543394136,-1.6678344582978408,0.44485442478478854,1.2140976468148543,-1.1110060315500683,1.0811556287617479,1.491145549961486,-1.3103783065882237,0.10008483828151368,1.8543923826733661,1.6246539817954908,0.32324905301435647,-1.2810742682735852,-0.6592048030806762,0.4126344018780712,0.9856728154734336,0.8090463034954053,1.4801117843398404,1.8034115670834383,1.0305722792196303,0.996258090428566,1.8315668705237993,0.9482673438271879,-0.1762650082408717,-0.7050337495744525,0.37835361224639885,0.07901357562428304,-1.1058468948732931,0.7442690356608314,-1.1047334637344088,1.7985192525446934,1.7278988596042804,1.6129200657194627
0.2772067102432686,-1.0664720518431965,-1.3124362463206323,-1.745361805406386,-0.5944751322199111,-0.8696613852212286,0.10774130244861274,-0.3146547275317966,-0.8426397226182749,-0.414530922998032,-1.8964793715394566,-0.3703065744891299,0.2611364005259204,-0.3470646675168908,0.46594725796103226,-0.6592048030806762,-0.9711137216613229,-0.5659142795458315,-0.5421788689468384,-0.5516816804118116,-0.4642916438418101,-0.6414310529819588,-1.5157065418495783,0.13808816320986422,-0.9443911574745157,-0.8769421779687562,0.11955967160084245,-1.0550813613786558,-0.6143057167207541,-1.2770843337303666,-0.6971277995720364,-0.7843234484033208,0.07985857592482555,-0.08631990042424849,0.12869645000399213
1.1000484522091711,0.9376710793983659,-0.2817332619374231,0.11529452519869628,0.9645192032871384,-0.3834509444128093,1.0556558955586979,0.6653823311423941,0.3988147434664861,0.4813164605921596,0.2664651890999273,0.7420429040921181,0.2611364005259204,-0.38919182716826656,1.3394580210783409,0.4004260580696671,-0.9711137216613229,0.24682181784521212,-0.9245152464360544,-0.1507416504534313,0.3601242011478632,0.5883587685891076,-0.4246859685489292,0.48095977340127577,-0.8188407625221468,-0.3462742928911121,0.605366747657597,-0.9257741317717415,-0.36803931069487067,-0.46269192777914897,0.48361949768657814,-0.6695430493122604,-0.12451627951929731,0.15372935079313596,0.5799078658118131
-0.7102033801158144,0.9376710793983659,1.2862795969732987,-0.3498695574525747,0.18502203553361363,-0.6612854820176204,-0.16309143843998303,0.6059861457682006,0.6411406902998479,0.4813164605921596,0.43284553991834157,0.7420429040921181,0.2611364005259204,1.5513345371252936,-0.40756350515627643,-1.7188356642310194,-0.27923965989162586,0.24682181784521212,-0.6433855571057485,0.012157376766320898,0.47341857754900807,0.9908120283087761,0.2037125858511381,-0.5098931766806257,-0.42654674634501216,1.4702970437134881,0.4939226236524976,1.2141332302635375,1.5217061892977157,-0.36770269129951977,-0.8680657300869945,-0.6000852197437467,0.026776627494783673,0.24509135587032202,0.5799078658118131
-1.6153292962783072,-1.0664720518431965,-0.08325739354511903,-0.9700883343209342,0.5314652212018469,0.7973458404076377,1.5973213773358894,-0.25525854215760313,0.011093228533107312,-1.3103783065882237,-1.7300990207210423,-0.3703065744891299,-1.10238118074365,0.46536286331747384,-1.2810742682735852,0.4004260580696671,0.4126344018780712,-0.4181440800201872,0.17239255925451444,-0.10287439030553967,-0.1533871498458331,-0.2548316566165098,0.6495706409877883,-0.0014851008598983412,0.32285222546898323,0.19053461324155313,-1.2742885505084716,1.4128170277107956,0.3351777726450438,-1.13407534322061,-1.4065628935990893,-0.7206619228386028,-0.9532388343389239,-0.7713241327441747,-0.8760410563540361
-1.6153292962783072,-1.0664720518431965,-0.6526573625924456,-1.2026703756465698,0.35824362836773027,1.283556281216057,-1.6526715133272598,1.1702499068230374,1.610444477633295,-1.3103783065882237,0.10008483828151368,1.8543923826733661,1.6246539817954908,0.005339103516128633,-1.2810742682735852,-0.6592048030806762,-0.9711137216613229,1.2073281147619002,0.9384934410662717,1.6656001035748986,1.8954125200353038,1.1149412409384187,1.051760304233899,1.966858892229839,1.072887681395435,-0.346311828572604,-1.5611533983329775,1.0177854419413717,-0.1675619510156062,-1.1058468948732931,0.7664902314662635,-1.1246394217885913,1.863550754430866,1.8116590637660628,1.6129200657194627
-0.2164983349362729,-1.0664720518431965,-0.739054651227265,0.34787656652433174,-0.3346427429687362,0.24167676519801556,0.10774130244861274,1.1702499068230374,1.1518892243947796,0.4813164605921596,0.10008483828151368,0.7420429040921181,1.6246539817954908,-1.000053792062084,-0.40756350515627643,-0.6592048030806762,1.7963825254174652,-0.34425898025736507,0.3094699385890059,1.1593721135283395,1.1543760099043245,1.1176787844690923,0.18231288891547037,1.6387836270339564,0.23137932377558043,-0.900591843675437,-0.6617329025446692,-0.46653372977508734,-0.9598728549482879,-0.5590884633101237,0.8732443991831738,-0.8632714656472819,1.5370331303400944,1.5761624175421411,1.2401231180873624
-1.1216242510987657,-1.0664720518431965,0.3356953685894247,-1.35772506986366,0.35824362836773027,-1.633706363634459,-1.381838772438664,-2.096540288757597,-2.1400155610491964,1.3771638441823513,-1.5637186699026284,-1.4826560530703778,-1.10238118074365,1.1581247917186575,-1.2810742682735852,0.4004260580696671,-0.27923965989162586,1.0595579152362558,-1.2431288943437349,-1.9705120965048386,-2.2332014564519946,-2.028515158776657,-1.3940023437350157,-1.8374188034810215,-1.3020304131941673,0.7631048484620001,-0.18645679551339048,1.0157885178029333,0.971048593286509,0.08749315907529455,-1.5262109594345172,1.720607091657654,-1.4632318790634637,-1.6891223493543663,-1.3925471563078609
-0.7924875543124047,-1.0664720518431965,0.2365567816577449,0.5804586078499673,-0.4212535393857945,0.3805940340004211,-0.7047569202171745,0.16051475546175073,0.2683315413254452,1.3771638441823513,-1.2309579682658,0.7420429040921181,0.2611364005259204,-0.09994476071677745,-1.2810742682735852,0.4004260580696671,-0.9711137216613229,0.02516651855674566,0.556418778036134,0.4784782695014241,0.7724309067640319,0.14473879467580547,0.29762407407872066,-0.04228328501281146,0.4535355104314367,0.07698807595269229,-0.6135939620027505,0.5932395821010545,-0.008075499310270367,-1.3864423220305988,-1.2129009959536137,-1.0098783412772154,0.6144854912612,0.489704240179324,0.5799078658118131
-0.2987825091328632,-1.0664720518431965,0.3911649340506137,-0.6599789458867553,1.39757318537243,1.4224735500184624,1.0556558955586979,0.07142047740046062,0.5442103115665031,-1.3103783065882237,-0.06629551253690062,0.7420429040921181,0.2611364005259204,0.7815960726931582,-0.40756350515627643,0.4004260580696671,0.4126344018780712,0.6162473166593229,0.3276274650890864,0.2580251244929537,0.6354262242007794,0.06016290722868095,1.1755726203634662,0.04017612701729408,0.6544342458878475,0.6034367079065717,0.3870238294622803,0.25908505397747605,0.7017377974827342,-0.6569346250336902,-0.45970295354883406,-0.5674001547971659,0.5089351304782984,0.377011862861063,0.5799078658118131
-0.9570559027055852,0.9376710793983659,0.2888207677414247,-0.19481486323548436,1.39757318537243,0.45005266840162383,-0.8401732906614724,-0.8789184885866334,-0.4176372927874558,-0.414530922998032,-0.8981972666289715,-0.3703065744891299,-1.10238118074365,0.39493812448439997,-1.2810742682735852,0.4004260580696671,0.4126344018780712,1.650638713338833,-0.17992318355264436,-0.7718108420622071,-0.6318378946411516,-0.5817133171290193,1.2302444281102425,-0.5777618663121648,0.27946448333902585,0.35434569572951835,-0.47584807937916895,0.7972811772936945,0.3818122142336923,-0.46269192777914897,-0.9964878743383979,0.03111200690259952,-1.0741723552424103,-1.063154992971657,-0.8760410563540361
-1.6153292962783072,0.9376710793983659,-0.7893544982705245,1.1231500376097834,-0.1614211501346196,-0.3834509444128093,1.0556558955586979,-1.918351732635017,-1.6441793929132407,-1.3103783065882237,1.7638883464656554,-0.3703065744891299,-1.10238118074365,-1.4685940324593245,-1.2810742682735852,-0.6592048030806762,1.7963825254174652,-0.7136844790714758,-0.4642955327916275,-1.636222734747981,-1.4225867171040352,-1.6824993663221175,0.46065657698622364,-1.031337804858122,-0.2116366195422764,-1.1652844589143199,-2.4899822064342065,0.9249744588051405,-1.33487078752986,1.3127572702148969,2.629165372302653,2.470224227774361,-1.1745489460562692,-1.498392265190982,-0.8760410563540361
1.2646168006023515,-1.0664720518431965,-0.005758865523119583,-1.2026703756465698,1.5707947782065466,1.3530149156172597,0.3785740433372085,-0.34435282021889324,-0.2536012672387186,-1.3103783065882237,-0.8981972666289715,-0.3703065744891299,-1.10238118074365,0.6937699407327945,1.3394580210783409,0.4004260580696671,0.4126344018780712,1.133443014999078,0.2651072284142928,-0.1233175717969078,-0.1667553654026084,-0.6681586658964431,0.1611068543955081,-0.2672084627302674,0.19176125200095714,0.34696676081913985,1.3727463779544586,-0.8551844235599635,0.5289121874581882,-0.46269192777914897,-0.7727125987793261,-0.2699462199781391,-0.9220181393509354,-0.7797604713776956,-0.8760410563540361
-0.2164983349362729,-1.0664720518431965,-1.3491286831774005,-0.3498695574525747,1.2243515925383133,0.03330086199440727,-0.8401732906614724,-0.07706998603502291,-0.06719669275151725,1.3771638441823513,-1.7300990207210423,-0.3703065744891299,-1.10238118074365,-1.2481889233084371,-0.40756350515627643,-0.6592048030806762,1.7963825254174652,1.5028685138131888,-0.40951825032952327,-0.3079889327674481,-0.2907980583461992,-0.08260798264758819,0.009388883846188804,1.0524524114946316,-0.33153140599168907,-1.3510965762376388,-0.819049334181948,-0.7945416767502452,-1.3154136159635887,-1.13407534322061,-0.4692272732621107,-0.7879131218188089,-1.155015181008262,-0.857275015535314,-0.8760410563540361
-1.6976134704748975,-1.0664720518431965,-0.9247725725931709,-0.3498695574525747,-0.3346427429687362,1.005721743611246,1.1910722660029958,0.04172238471336391,0.3689900115485339,0.4813164605921596,-0.7318169158105572,0.7420429040921181,0.2611364005259204,-0.7995464836561629,-1.2810742682735852,-0.6592048030806762,-0.9711137216613229,-0.9353397783599423,0.8891728635863202,0.5811129834766569,0.8337903116704187,0.02908940162931168,0.819273148879882,1.0752261349402787,0.9282887879561597,-0.898212904917214,-2.1957698815033746,0.9651428459751846,-0.8559478068831395,-1.0637325268862174,0.23301933362635727,-0.7895393380469181,0.7631485493530307,0.5405008918027447,0.5799078658118131
-1.6976134704748975,-1.0664720518431965,-0.5444859245453211,0.5029312607414221,0.9645192032871384,-1.2169545572272424,0.9202395251144,-0.43344709828018274,-0.7643498013336503,-1.3103783065882237,-0.8981972666289715,-1.4826560530703778,-1.10238118074365,-0.8805405697432194,-1.2810742682735852,0.4004260580696671,-0.9711137216613229,0.32070691760803427,-1.5692700585231005,-1.1898017768690283,-1.5627768088258098,-0.4286731072652938,-1.0472550225302375,-0.33906787952966133,-1.3980999795250548,-0.7361721862636985,-2.2468542333025234,1.2265072011109959,-0.8155630638057779,0.7554275168486474,-0.3123871372940406,0.5471698875706829,-1.5906576673942878,-1.2642736418923275,-1.3925471563078609
0.3594908844398588,0.9376710793983659,0.2935352942230434,1.5107867731525075,1.0511299997041967,1.2140976468148543,-1.6526715133272598,-0.04737189334792621,0.3130686392023735,1.3771638441823513,-0.23267586335531493,-0.3703065744891299,-1.10238118074365,-0.5329146412016387,0.46594725796103226,0.4004260580696671,-0.9711137216613229,1.7984089128644773,0.5702235947215583,0.30572634496497486,0.10009448373051157,-0.09183309715984939,0.901037843828579,-0.0517054870083207,0.7245271313596168,-0.11173821167068126,0.05914392420171246,-0.24551466126619298,-0.32327736634380716,0.02860907268544545,-0.49832403082367166,-0.11566914163514172,-0.8209759997794951,-0.6083634390708498,-0.8760410563540361
0.44177505863644906,-1.0664720518431965,-0.06762605286707098,0.19282187230724143,1.0511299997041967,0.7973458404076377,0.9202395251144,-0.700729932464053,-0.719612703456722,-0.414530922998032,-0.8981972666289715,-0.3703065744891299,-1.10238118074365,-0.20639382310869286,0.46594725796103226,0.4004260580696671,-0.9711137216613229,0.3945920173708564,0.0089267464297748,-0.5441768471794648,-0.45876891312627494,-0.9779558717457637,-0.2619743245076501,-0.5975989076788814,-0.15043254896968514,-0.13944813587368907,0.3194178531148229,-0.49565691820543756,-0.17094498185578758,-0.46269192777914897,-0.7233210487494643,-0.07863704113890486,-1.008890502782257,-0.9600144074238265,-0.8760410563540361
-0.2164983349362729,0.9376710793983659,1.6746387538323728,-0.7375062929953005,-1.3739722999734358,-0.5918268476164176,-0.5693405497728766,-0.700729932464053,-0.5481204949284967,-1.3103783065882237,1.2647472940104123,0.7420429040921181,0.2611364005259204,2.201943757494443,-0.40756350515627643,-1.7188356642310194,1.1045084636477682,-0.8614546785971201,0.19416874374812518,-0.45201843909043277,0.13634193032877573,-0.39448262937956663,0.2640184925070861,-1.3219030579037745,0.18377147611327055,2.005464752910065,1.3322495387498177,1.0270144960809644,2.1136542674451966,0.08749315907529455,-0.7201156758160312,0.28670242134691154,0.4460418634837415,-0.02448384536839255,0.5799078658118131
-1.0393400769021754,0.9376710793983659,2.1357107264080724,0.03776717809015112,-1.114139910722261,1.1446390124136514,-0.027675067995685147,0.19021284814884742,0.9617565584178341,0.4813164605921596,0.43284553991834157,-0.3703065744891299,-1.10238118074365,2.232262043963731,-1.2810742682735852,-1.7188356642310194,1.1045084636477682,-0.9353397783599423,1.6019035616789616,1.1774613270393364,0.5690634774679677,0.5519960311185858,1.8752613114257433,-0.830437995975537,2.008555317261031,2.2684335394309034,0.5701759736273939,2.195907972657699,2.259700774562287,0.4854034114944222,-1.4445187511742577,0.03908091342589886,-0.49723339328778915,-0.2923194182666033,-0.8760410563540361
1.1000484522091711,-1.0664720518431965,-0.25975092418719264,-1.5903071111892955,0.7046868140359634,-0.31399231001160655,-1.2464224019943662,0.04172238471336391,-0.41018110980796774,-1.3103783065882237,-0.5654365649921436,0.7420429040921181,0.2611364005259204,0.6721846630935343,1.3394580210783409,0.4004260580696671,0.4126344018780712,1.2812132145247221,-0.41390043292649104,-0.2260623903368825,0.3059896737876666,-0.33453882215876307,-1.1001234401512954,-0.22080210290096164,-0.7259675283019299,0.19994953424460715,1.2687707223288431,-0.9147353329766187,0.4442483640054915,-0.9596239516488788,-0.27207248599552497,-0.7299292697531875,0.14613363548339506,0.11034094894433555,0.5799078658118131
1.676037671585303,0.9376710793983659,0.843743819994663,-0.03976016901839404,0.7046868140359634,0.5889699372040293,0.6494067842258042,-0.5225413763414728,-0.33934737150283123,1.3771638441823513,0.9319865923735845,-0.3703065744891299,-1.10238118074365,0.8957713175319607,1.3394580210783409,1.4600569192200104,-0.27923965989162586,0.24682181784521212,0.03132569728698592,-0.3931705057771027,-0.3501107241612772,-0.5424356719584313,0.38789361245620824,-0.8330538035806259,0.11721995527013875,0.9037758708812985,1.7107332810327827,-0.5776383417329989,0.9095773980523453,0.8081132066388039,-0.1860881891684024,0.6398307152325277,-1.001218457707082,-0.8938478278440948,-0.8760410563540361
-0.2987825091328632,0.9376710793983659,-0.6465633564770191,-0.504924251669665,1.4841839817894882,1.2140976468148543,-0.4339241793285788,0.13081666277465404,0.9207475520306498,0.4813164605921596,0.9319865923735845,-0.3703065744891299,-1.10238118074365,-0.4157487858786087,-0.40756350515627643,-0.6592048030806762,-0.9711137216613229,1.5028685138131888,0.28067550869299623,0.2777655403109847,0.08352834237293055,0.48712916977007237,1.934529459186662,1.3113838718496,0.9285407849602314,-0.5547996398082536,-0.3608065301731374,-0.35774341689540073,-0.4866471077929946,0.8081132066388039,1.5724590090578932,0.25604018859771566,-0.9167997147583599,-0.6191857221865381,-0.8760410563540361
-0.8747717285089949,-1.0664720518431965,-0.8467793359080062,-1.745361805406386,1.1377407961212551,-1.078037288424837,-0.8401732906614724,2.031494594748841,1.2600038775973563,0.4813164605921596,0.10008483828151368,1.8543923826733661,1.6246539817954908,0.1482233314848729,-1.2810742682735852,-0.6592048030806762,-0.9711137216613229,1.4289834140503666,-1.1724018630134336,0.4725255853491447,1.2358788744935096,1.9476880250993225,-0.9250647762575118,1.8783383697517535,-1.125251803278557,-0.37822536382566624,-0.5425461768511337,-0.005187211814585553,-0.11122758898013971,-1.1058468948732931,1.0100504097765253,-1.288733292169242,0.6412175387764742,1.2168564533711148,1.6129200657194627
1.676037671585303,0.9376710793983659,2.101346001266693,-0.2723422103440295,-1.0275291143052028,0.3805940340004211,0.7848231546701021,-0.04737189334792621,0.040917960451059526,0.4813164605921596,0.43284553991834157,-0.3703065744891299,-1.10238118074365,2.3787296856731506,1.3394580210783409,-1.7188356642310194,1.1045084636477682,-1.304765277174053,0.7628251489244426,0.4222131704701295,0.16797621081001432,-0.08937774600516613,0.21440696804110995,-1.217454146742213,0.5622103690697485,2.322952603948782,2.626451924557584,0.14541687523964097,2.3598356333652237,0.4854034114944222,-1.4237391202865843,0.15665263567038,-0.7584954325723534,-0.5637698040284528,-0.8760410563540361
-1.533045122081717,-1.0664720518431965,-1.697017553864162,-0.8925609872123891,-0.2480319465516779,-1.4947890948320535,0.9202395251144,-0.5225413763414728,-0.9134734609234114,-0.414530922998032,-0.23267586335531493,-1.4826560530703778,-1.10238118074365,-1.2921923067532919,-1.2810742682735852,-0.6592048030806762,1.7963825254174652,-0.7136844790714758,-1.4092036552629343,-1.1519947622031206,-1.5343824325242421,-0.5121528320319838,-1.2752092799889352,0.3720424474258225,-1.364351488376081,-1.5592557696227662,-2.2551239310535323,0.21457913515121296,-1.4437084979244117,1.361134051715745,1.8139028862408741,0.9979077762133096,-1.5276065198346176,-1.2454088330052602,-1.3925471563078609
-0.8747717285089949,-1.0664720518431965,0.10502149475375885,-0.42739690456111984,1.4841839817894882,0.24167676519801556,1.5973213773358894,-0.37405091290598996,-0.27224172468743874,-1.3103783065882237,-0.7318169158105572,-0.3703065744891299,0.2611364005259204,0.33651328361249133,-1.2810742682735852,0.4004260580696671,0.4126344018780712,0.3945920173708564,-0.710125288231317,-0.6852726170673358,-0.5646535845949828,-0.36837510897124903,0.18519040392407876,-0.3553668777847978,-0.47933419011973555,0.22643205209186504,-0.42506305137473505,0.5902437864927434,0.2880951436960043,-0.3363452950012915,-0.7269326317591907,-0.17638944560294423,-0.008620785598043404,-0.17165669253715493,0.12869645000399213
-1.4507609478851267,0.9376710793983659,1.6192718680629592,-0.2723422103440295,1.1377407961212551,-0.7307441164188231,-0.4339241793285788,-0.5819375617156662,-0.48101484811310424,1.3771638441823513,0.10008483828151368,-0.3703065744891299,-1.10238118074365,1.8613530413144728,-1.2810742682735852,-1.7188356642310194,-0.27923965989162586,1.2073281147619002,-0.9908115015318577,-0.9682493420583419,-0.7912434358173994,-0.2688680557593438,0.1354328817848614,-1.266776778580839,-0.690531761971914,1.804822936334264,-0.17031703322357297,2.3899821260817293,1.8436447516766374,0.2610140326420753,-1.2843635472594945,0.3240156304789761,-1.3673857992637701,-1.1556800918795833,-0.8760410563540361
1.676037671585303,-1.0664720518431965,-0.9379343240202358,-1.2026703756465698,-1.3739722999734358,1.7697667220244764,0.24315767289291063,-2.0074460106963072,-1.7261974056876093,-1.3103783065882237,-0.5654365649921436,-0.3703065744891299,-1.10238118074365,-0.29847151425088225,1.3394580210783409,-0.6592048030806762,-0.9711137216613229,-1.304765277174053,2.39562638455486,-0.8898479943254082,-0.7264240024904906,-2.108879879732597,0.47615052815470943,-1.0438040565634246,1.858348733439851,-0.6516882073358928,0.9653310455940693,-1.4456379856941752,-0.4758216713207648,-0.21240541170104382,0.4235675284322494,1.318846829061038,-0.2650016983326755,-1.1183443156396204,-0.8760410563540361
-1.6976134704748975,-1.0664720518431965,-0.292774064965845,-1.35772506986366,0.35824362836773027,1.2140976468148543,-0.4339241793285788,0.4871937750198138,0.8909228201126976,1.3771638441823513,-0.7318169158105572,-0.3703065744891299,0.2611364005259204,0.4866754915999016,-1.2810742682735852,0.4004260580696671,0.4126344018780712,0.5423622168965007,0.8036451798152023,0.9342953124813773,0.446672410047489,0.45871384378578167,0.9961566878986937,0.9096385163700285,0.9440937607660627,0.08886075303873897,-1.3905819148356873,1.402776329084253,0.29487525275700543,-0.3363452950012915,-0.38867165645288665,-0.5424938424582996,0.7254669155065783,0.7078781305026361,0.12869645000399213
0.3594908844398588,0.9376710793983659,1.3433320146120704,-0.03976016901839404,0.8779084068700801,0.24167676519801556,-0.5693405497728766,-1.2946917862059868,-1.144615133287541,0.4813164605921596,-1.0645776174473858,-1.4826560530703778,-1.10238118074365,1.4289977731117303,0.46594725796103226,-1.7188356642310194,-0.27923965989162586,1.0595579152362558,-0.16077959042205678,-1.0760757711223101,-1.4783011513365296,-1.278680373539416,0.09947142885984746,-1.5117500720176764,-0.12778013286438467,1.4398461779414369,1.2820005151474896,0.38800534579041485,1.4452203789966178,0.5947613997946539,-1.7559836799051773,1.1219108681917196,-1.0675055867983483,-1.2079476633693675,-1.3925471563078609
-1.286192599491946,-1.0664720518431965,-0.33727286740690754,-0.19481486323548436,0.6180760176189052,-1.2864131916284451,1.3264886364472936,-2.2153326595059837,-2.1810245674363804,-1.3103783065882237,-1.5637186699026284,-1.4826560530703778,-1.10238118074365,-0.2692544556231249,-1.2810742682735852,0.4004260580696671,-0.9711137216613229,-0.1964887807317208,-1.6124273731973424,-2.130752975346985,-2.395626979322736,-2.141743128992559,-1.0967020558571214,-1.6926482984218783,-1.4365240952940899,-0.3158857916383382,-1.2752685939995945,0.7663564794372452,-0.29169601603666223,0.08749315907529455,-1.0949913991680331,1.9238693329307524,-1.6078306924158967,-1.7859245484730066,-1.3925471563078609
0.44177505863644906,0.9376710793983659,2.055019396208944,0.9680953433926931,-0.4212535393857945,-1.2169545572272424,0.9202395251144,0.27930712621013754,-0.23123271830025444,0.4813164605921596,1.4311276448288268,0.7420429040921181,0.2611364005259204,1.6234035275491778,0.46594725796103226,-1.7188356642310194,-0.27923965989162586,-0.8614546785971201,-1.0894800264015738,-0.5017931418520234,0.09740589211511094,0.2203408313620104,-1.1175384862895896,-1.319433115218064,-1.1321690336535537,1.9197169029676344,1.4572571977203443,0.7935772933390234,1.7818937383088544,0.17483201590986006,-0.9323985318186179,-0.17856119883398272,-0.2160591105031601,-0.05517718814287575,0.5799078658118131
-1.6976134704748975,0.9376710793983659,-0.33727286740690754,0.7355133020670576,0.6180760176189052,0.3805940340004211,-1.381838772438664,-0.16616426409631302,0.2944281817536534,-0.414530922998032,-0.3990562141737293,-0.3703065744891299,0.2611364005259204,-0.7897806029263486,-1.2810742682735852,0.4004260580696671,-0.9711137216613229,1.2812132145247221,0.14044566559000873,-0.04957727140936516,-0.11886071804457936,0.17160462721296604,1.162208400692033,0.44059241600286825,0.5033320441003706,-0.5789849051827902,-2.1896137889554925,1.3714307211042118,-0.6897908809081553,-0.09078229792448163,-0.04980281258632232,-0.12974113523345543,0.4204400710686236,0.2108554751038708,0.12869645000399213
0.9354801038159906,-1.0664720518431965,-0.05724206905541325,-0.03976016901839404,1.5707947782065466,-0.5918268476164176,0.5139904137815063,-0.04737189334792621,-0.5630328608874728,0.4813164605921596,-1.0645776174473858,0.7420429040921181,0.2611364005259204,-0.0623723286052549,1.3394580210783409,0.4004260580696671,-0.9711137216613229,1.0595579152362558,-1.1915884512998454,-0.7598304374148281,-0.11455089122268737,-0.4114265830220513,-1.3093492220625882,-0.4788147514260581,-1.2481629398392786,-0.061487394338372456,0.7163101505598015,-0.7381245084339078,-0.05859232686715101,-1.2770843337303666,-0.8698441959506977,-0.8814961020192356,-0.27379946644121594,-0.22056885343327298,0.5799078658118131
1.676037671585303,-1.0664720518431965,-0.005758865523119583,-0.3498695574525747,1.0511299997041967,-1.5642477292332562,0.5139904137815063,-0.25525854215760313,-0.99549147369778,-1.3103783065882237,-1.2309579682658,-0.3703065744891299,0.2611364005259204,0.17282574517066432,1.3394580210783409,0.4004260580696671,0.4126344018780712,0.6162473166593229,-1.7781677792755393,-1.2159908086108806,-1.007605385749511,-0.5905983903407189,-2.041964509622734,-0.8504724491568545,-1.7634651386868168,0.08465991380515249,1.2605217489578955,-1.0151245058217357,0.1340836772416879,-0.7229925237693459,-1.0451501168012398,-0.47139185232801656,-0.6228560279149454,-0.5424186022181134,0.12869645000399213
-1.533045122081717,-1.0664720518431965,0.02478750986860544,-1.1251430285380246,-1.114139910722261,1.6308494532220708,-1.1110060315500683,-0.5522394690285696,-0.041100052323309065,-0.414530922998032,-1.8964793715394566,-0.3703065744891299,0.2611364005259204,0.6775919308664643,-1.2810742682735852,0.4004260580696671,0.4126344018780712,-0.34425898025736507,2.0554594604651895,0.6398945372141543,0.29018392502798185,-0.5432241625525137,1.34197248381705,-0.12216837284825355,2.0922898098558815,0.35511334992706994,-1.019411673019247,1.3584120126173171,0.5248451256318992,-1.2770843337303666,-1.607219666605199,-0.6864341627067058,1.2441493090077729,0.5691395364546937,0.12869645000399213
-0.8747717285089949,0.9376710793983659,0.7451133718513975,0.2703492194157866,1.4841839817894882,-1.5642477292332562,-0.2985078088842809,-0.16616426409631302,-0.3915406523592476,1.3771638441823513,1.4311276448288268,-0.3703065744891299,0.2611364005259204,0.6135893563320202,-1.2810742682735852,1.4600569192200104,0.4126344018780712,1.4289834140503666,-1.7186553177559705,-1.1377042149382357,-0.9372326484077713,0.17503025875253334,-0.6261671771580695,-0.8144147211679222,-1.3835796697576361,0.7086989180757258,-0.252549973555696,1.0151107109450064,0.6697866692826573,1.115571054638936,0.24109942949184396,0.6057748122268455,-0.5860074215885616,-0.48418303565399845,0.12869645000399213
1.2646168006023515,-1.0664720518431965,-0.20536500315059938,0.11529452519869628,1.3109623889553716,-1.0085786540236341,-0.027675067995685147,-0.04737189334792621,-0.6860598800490257,-0.414530922998032,-0.8981972666289715,-1.4826560530703778,-1.10238118074365,-0.3071056076472922,1.3394580210783409,0.4004260580696671,-0.9711137216613229,1.133443014999078,-1.3206333199736435,-0.8378777157026542,-1.3099394132516151,-0.40935784449593376,-1.6197440015281566,-0.48733387104251186,-1.4091618376873918,-0.2646184122435224,0.7474680201743371,-0.9557056456816866,-0.285142374270446,0.7554275168486474,-0.6102274422909321,0.3186189272910652,-1.4931444203350046,-1.093896320757863,-1.3925471563078609
0.5240592328330393,-1.0664720518431965,-1.2258445700242808,0.5029312607414221,0.18502203553361363,-0.9391200196224314,-0.4339241793285788,-1.5322765277027601,-1.7560221376055616,-1.3103783065882237,-0.23267586335531493,-1.4826560530703778,-1.10238118074365,-1.5954496399167126,0.46594725796103226,-0.6592048030806762,1.7963825254174652,0.3945920173708564,-0.8207486781791771,-1.4932684694844893,-1.8029119176681243,-1.6963973751208443,-1.5673760043374056,-0.9372211618226172,-1.1168403817711918,-1.4625427331164809,-0.5052368270368811,-1.1329372078917683,-1.551089501662062,1.361134051715745,1.1438096634164483,1.9606176591835558,-1.3040685210165117,-1.4210326421396215,-1.3925471563078609
-1.6976134704748975,-1.0664720518431965,-0.47991903149421716,-1.0476156814294795,0.8779084068700801,1.283556281216057,-1.6526715133272598,-0.07706998603502291,0.3428933711203257,0.4813164605921596,-0.7318169158105572,0.7420429040921181,0.2611364005259204,0.09074291257678697,-1.2810742682735852,0.4004260580696671,-0.9711137216613229,1.650638713338833,0.6947917641065086,0.35451957471436585,0.6963012666980035,-0.08525547540422646,1.0524499313727589,0.6113843270683554,0.885845455970982,-0.21020584750976026,-1.6373293349259401,1.271479345074462,-0.055747812013491764,-1.0637325268862174,-0.21597334824101336,-0.7468088653820271,0.67698444055288,0.4269587047139455,0.5799078658118131
0.5240592328330393,0.9376710793983659,0.4049021537546204,1.743368814478143,0.7912976104530218,-0.5918268476164176,0.9202395251144,0.6356842384552973,0.29070009026390936,1.3771638441823513,0.2664651890999273,-0.3703065744891299,0.2611364005259204,-0.5329146412016387,0.46594725796103226,0.4004260580696671,-0.9711137216613229,0.17293671808238997,-1.0060428563418429,-0.22784444759624836,-0.23622364424300626,0.5586147630101809,-0.6005792834643406,-0.14818572066481459,-0.9252942630257657,-0.05270541761137734,0.16817749544740038,-0.27602430380524284,-0.2935989711294972,0.3741759655923245,-0.22852553626587627,-0.2137696910034278,-0.16949363336457923,0.10930531039797442,0.12869645000399213
1.5937534973887126,-1.0664720518431965,-0.8147656491491131,-0.19481486323548436,-0.854307521471086,-1.4947890948320535,-0.7047569202171745,-1.5322765277027601,-1.8566806078286502,1.3771638441823513,0.10008483828151368,-1.4826560530703778,-1.10238118074365,-0.7742047015981545,1.3394580210783409,-0.6592048030806762,-0.9711137216613229,-0.34425898025736507,-0.8344542309160803,-1.498215261058081,-1.8070196764167556,-1.69805598092349,-1.9929295349069067,-1.2284540726993487,-1.260022304323311,-0.8262367959629543,0.624781202048862,-1.3644801863265177,-0.806614632960389,1.6440763308871427,0.9689587553713389,2.174844398645967,-1.30913402295461,-1.423670363636294,-1.3925471563078609
0.3594908844398588,-1.0664720518431965,-1.3713217509765043,-0.8925609872123891,0.8779084068700801,-1.1474959228260397,0.9202395251144,0.07142047740046062,-0.6413227821720974,-1.3103783065882237,-0.3990562141737293,-1.4826560530703778,-1.10238118074365,-0.9489752414583764,0.46594725796103226,-0.6592048030806762,-0.9711137216613229,0.24682181784521212,-1.4867746250966665,-0.8747373269856633,-1.3352770712997424,-0.30505991340417093,-1.7220331902156731,0.41648380093892223,-1.52790786839877,-1.2116627168492171,-0.2033926892174683,-1.1243968959975243,-1.0910766079208798,1.2149111084913304,1.1422304514490318,0.5281644194340388,-1.5580369655079915,-1.1112114646774232,-1.3925471563078609
-0.05192998654309242,0.9376710793983659,-1.5460854355108953,0.5029312607414221,0.7046868140359634,1.005721743611246,0.7848231546701021,-1.8292574545737268,-1.297466884367046,0.4813164605921596,0.2664651890999273,-0.3703065744891299,-1.10238118074365,-1.9288297701422847,-0.40756350515627643,-0.6592048030806762,1.7963825254174652,0.17293671808238997,0.3546248400168379,-1.3179104380750906,-1.1022289373992078,-1.5887632606423996,1.7405146337468205,-0.21827834969721696,0.9101172934089614,-1.803255350216538,-1.1239530962273772,-0.9932521534492255,-1.8970775117885514,0.3741759655923245,2.216121994270112,1.56844174401993,-0.8921055980793944,-1.329266013660663,-0.8760410563540361
0.03035418765349783,0.9376710793983659,0.045011251288958484,1.2006773847183267,1.5707947782065466,0.24167676519801556,-1.517255142882962,-2.096540288757597,-1.7112850397286332,-1.3103783065882237,-0.7318169158105572,-1.4826560530703778,-1.10238118074365,-0.6329367527060659,-0.40756350515627643,0.4004260580696671,-0.9711137216613229,2.167834411678588,-0.3048824617896661,-1.7188168875289933,-1.9972687750551756,-1.8699897761648927,1.0446916260605768,-1.431410459760976,0.1144751413569413,-0.2958780798947601,-0.23799074494240863,-0.18497336591348942,-0.4669752067705064,0.9122217818761421,-0.6782903906503951,2.438504667522272,-1.1179671975911334,-1.5441931626539749,-1.3925471563078609
-0.7102033801158144,-1.0664720518431965,-1.1482266898326263,0.11529452519869628,-0.5078643358028528,0.45005266840162383,0.24315767289291063,-0.5225413763414728,-0.3505316459720633,0.4813164605921596,-1.0645776174473858,-0.3703065744891299,0.2611364005259204,-1.3010514709862444,-0.40756350515627643,-0.6592048030806762,1.7963825254174652,-0.5659142795458315,0.5710947008011739,-0.10883765826626247,-0.15727942613103488,-0.5130903048769574,0.3554955041618231,0.5416836716387697,0.48897428331736636,-1.2713535695427167,-1.2895947994223522,-0.3274266235579578,-1.3022042952785782,-0.5915406360112303,0.1067580297865304,-0.2611600713598403,0.6211610824299416,0.17754902413492693,0.12869645000399213
-0.7102033801158144,0.9376710793983659,0.8679922689576991,-0.504924251669665,-1.2873615035563777,0.5889699372040293,1.1910722660029958,0.19021284814884742,0.7455272520126807,-1.3103783065882237,-0.8981972666289715,0.7420429040921181,0.2611364005259204,1.1962697183283433,-0.40756350515627643,1.4600569192200104,-0.27923965989162586,-1.748075875750986,1.1145722236214202,0.8637041936031521,0.99548984503374,0.552372253773476,1.3627821438600032,-0.17560573012162917,1.3566776399460792,1.0678847099470479,0.2744085504043778,0.9292511722856621,1.1426771087731231,-1.1695339984876092,-1.3861510768586558,-0.8986510130846475,0.8607717937513786,0.6752999897502223,0.5799078658118131
-0.46335085752604366,-1.0664720518431965,-0.9977541366689993,-0.504924251669665,0.9645192032871384,-1.0085786540236341,1.3264886364472936,-0.0176738006608295,-0.3654440119310394,-0.414530922998032,-0.23267586335531493,-0.3703065744891299,-1.10238118074365,-0.7858809281631619,-0.40756350515627643,-0.6592048030806762,-0.9711137216613229,0.09905161831956781,-1.4891370594607867,-0.923895564113589,-0.7543713620096494,-0.028118887540034474,-0.8714856531631605,0.39272480321621195,-1.3035621058730407,-0.9301233015905453,-0.7349621247698548,-0.43610795068054065,-0.865086287964034,0.02860907268544545,0.8502438633288252,-0.12974113523345543,-1.5589674049576456,-1.134490425010659,-0.8760410563540361
-0.13421416073968268,0.9376710793983659,0.7782859406414873,-0.2723422103440295,0.27163283195067195,1.005721743611246,0.9202395251144,1.6454193898165848,2.4940021607026295,-0.414530922998032,1.4311276448288268,1.8543923826733661,1.6246539817954908,0.9617352905510419,-0.40756350515627643,1.4600569192200104,-0.27923965989162586,-0.2703738804945429,0.5634992670894424,1.7783089378023547,1.9497377698442668,2.0921229978147156,1.7441392839841758,0.9949901330953974,1.0839695178553836,0.9019742394232697,0.6321320684540364,0.3754399010323122,0.9418590077221404,-0.46269192777914897,0.2057973250043671,-0.9331323217156864,1.6721507109843972,1.8612292626553812,1.6129200657194627
-1.0393400769021754,0.9376710793983659,0.2746406965405739,0.5029312607414221,-0.2480319465516779,0.8668044748088404,1.4619050068915915,-0.25525854215760313,0.3727181030382779,0.4813164605921596,0.10008483828151368,-0.3703065744891299,0.2611364005259204,-0.017104043862711953,-1.2810742682735852,0.4004260580696671,-0.9711137216613229,-1.0092248781227644,0.6817084208722904,0.18777432046303608,0.02946881020758459,0.07929638208528582,1.6165295654663832,0.005648411763960874,1.1251041888889932,0.13930250369891115,-0.8235311579030373,0.8788910407349401,0.06526648859702858,0.2610140326420753,-0.22979882759038728,0.1311931169782143,0.6711170924709907,0.340017084483798,0.12869645000399213
0.9354801038159906,-1.0664720518431965,0.13957906631930145,-1.35772506986366,0.27163283195067195,0.10275949639561004,1.5973213773358894,-1.08680513739631,-1.2042645971234456,-0.414530922998032,-0.8981972666289715,-0.3703065744891299,-1.10238118074365,0.9478719554840136,1.3394580210783409,0.4004260580696671,-0.27923965989162586,-0.6397993793086537,-0.3163466157563651,-0.9869923836295285,-0.8069863750276763,-1.3097482632054918,-0.7780742624529832,-1.0817048569284549,-0.5518835159684807,0.5526115507946895,1.3459185254851667,-0.633982112269265,0.7599536433587263,-0.46269192777914897,-0.8854262186674725,0.17367619580504592,-1.122009414061342,-1.164688182834105,-0.8760410563540361
-0.3810666833294534,0.9376710793983659,0.24133896607270153,1.6658414673695978,0.09841123911655533,-0.175075041209201,1.3264886364472936,-0.22556044947050644,0.040917960451059526,0.4813164605921596,-0.3990562141737293,0.7420429040921181,0.2611364005259204,-0.6668420505067544,-0.40756350515627643,0.4004260580696671,-0.9711137216613229,-0.6397993793086537,-0.44117851450486795,-0.43201205864860937,0.15182602727408728,0.10987037372332024,0.6520205631273895,-0.21279764509351792,-0.12788873052811903,-0.2075407623763908,-0.5883208280603295,0.23120292865431255,-0.43984038426091976,-0.8571549498455727,-0.5799909463345063,-0.5654820063684625,0.1321328915849716,-0.012251406223845974,0.5799078658118131
0.5240592328330393,-1.0664720518431965,-0.6344056543394136,-1.6678344582978408,-0.9409183178881444,-0.10561640680799825,0.3785740433372085,-0.3146547275317966,-0.6301385077028653,0.4813164605921596,-1.2309579682658,0.7420429040921181,0.2611364005259204,0.32324905301435647,0.46594725796103226,-0.6592048030806762,0.4126344018780712,-1.0092248781227644,0.2892081238457477,-0.08534840751082201,0.40621026150073297,-0.6411543770374956,-0.9376116008054051,-0.15341854689703097,-0.24197539647087415,-0.1762650082408717,0.7045720693362685,-0.8401117124332851,0.07901357562428304,-1.3864423220305988,-0.5527903935747812,-0.8510323813545594,0.49093184158849673,0.19080344990666387,0.5799078658118131
-0.2987825091328632,0.9376710793983659,-0.43366549873210697,-0.7375062929953005,0.35824362836773027,1.1446390124136514,0.10774130244861274,0.45749568233271715,1.2562757861076124,-1.3103783065882237,1.7638883464656554,0.7420429040921181,0.2611364005259204,-0.04938608418425993,-0.40756350515627643,0.4004260580696671,-0.9711137216613229,0.24682181784521212,0.7060369516797204,0.8400903114067789,0.9823632761750785,0.8343511336140482,1.873381343826457,1.3773997716983593,1.2589599724085572,-0.2566577184151354,-0.13104457217239548,-0.23592301150768308,-0.15018237498158454,0.34606945476693357,2.0408121195822604,-0.1577199943517023,0.6820205186199012,0.6643075271345475,0.5799078658118131
-0.545635031722634,0.9376710793983659,-0.2983069623697849,-0.8150336401038439,0.5314652212018469,-1.078037288424837,0.10774130244861274,-2.0074460106963072,-1.849224424849162,-1.3103783065882237,1.2647472940104123,-1.4826560530703778,-1.10238118074365,0.14050388844660977,-0.40756350515627643,0.4004260580696671,-0.9711137216613229,0.3945920173708564,-1.1526188480227582,-1.893624344271487,-2.158788383965868,-1.7783270932743478,-0.18745210380616023,-1.4207897984028401,-0.8973511129634865,-0.08794646794665703,-0.2271968454886687,0.0351631632191257,0.030962808972227873,2.5474360875216293,1.3888200403730033,3.619497783443993,-1.4285832502853268,-1.6439600924947706,-1.3925471563078609
1.429185148995532,-1.0664720518431965,-0.1624298846393792,-1.1251430285380246,0.7912976104530218,-0.10561640680799825,-1.381838772438664,0.576288053081104,0.08565505832798785,0.4813164605921596,-1.2309579682658,-1.4826560530703778,-1.10238118074365,0.4781640852369696,1.3394580210783409,0.4004260580696671,0.4126344018780712,1.4289834140503666,-0.27853257343473836,0.2501743584141541,-0.6568498944385007,0.1320626624223562,-0.9355132525620503,0.11990966761352051,-0.5857260834624536,0.1543809170804643,1.3258123515194578,-0.9994653008183253,0.3234875669297594,0.43002735691979954,-0.9304607628333722,-0.1599789738066516,-1.1086919264324433,-0.6299106258781436,-1.3925471563078609
-1.3684767736885364,0.9376710793983659,1.325598337864697,0.9680953433926931,0.8779084068700801,0.9362631092100432,0.6494067842258042,0.6653823311423941,1.3942151712281414,-1.3103783065882237,-0.3990562141737293,0.7420429040921181,0.2611364005259204,0.8455732676412414,-1.2810742682735852,-1.7188356642310194,0.4126344018780712,0.3945920173708564,0.230173526325495,0.6827898095127612,0.8931566050075772,1.0538746564201231,1.679439821489161,-0.12370265415031999,0.7827170919123666,1.1370537603529753,-0.6866623220665916,2.0458101986570507,1.0009562299152277,-0.8571549498455727,-1.369486848589313,-0.8747145544285291,0.46310788944500986,0.5898351045349765,0.5799078658118131
-0.7102033801158144,-1.0664720518431965,-0.5622942696984338,-1.35772506986366,-0.6810859286369695,-1.633706363634459,-1.381838772438664,0.13081666277465404,-0.4623743906643841,0.4813164605921596,-1.7300990207210423,-0.3703065744891299,0.2611364005259204,0.19880078716128263,-0.40756350515627643,0.4004260580696671,0.4126344018780712,0.17293671808238997,-0.8926538816452866,-0.46620996859897834,-0.40208981766611146,0.115953974100276,-1.3940023437350157,-0.05031632707414967,-1.1023774306322256,-0.20000764076589655,-0.3455462467273709,0.016395348781568366,0.0041101620078994715,-1.13407534322061,-1.0905563698048841,-0.8596589394096047,-0.10707670708395302,-0.03319701283520318,0.12869645000399213
-1.1216242510987657,0.9376710793983659,0.7906486634366928,1.743368814478143,0.18502203553361363,-0.8696613852212286,0.7848231546701021,0.45749568233271715,0.41745520091520627,-1.3103783065882237,0.5992258907367559,-1.4826560530703778,-1.10238118074365,-0.12629218258395003,-1.2810742682735852,1.4600569192200104,-0.9711137216613229,-0.2703738804945429,-0.9881393340213339,-0.32503610404124966,-0.9812502688202154,0.8340510170687346,0.012213420531946786,-0.32777085248214544,-0.7263890821398109,0.35965553992227794,-0.9858693814733082,1.3291072258405818,0.12042627133900241,2.0466777494348816,-0.3538515111962696,0.8041539663069989,-1.3663830433051034,-0.8645519444473185,-1.3925471563078609
1.2646168006023515,-1.0664720518431965,-1.2401352073614553,-0.8925609872123891,0.7046868140359634,0.9362631092100432,0.6494067842258042,0.6653823311423941,0.5292979456075271,-0.414530922998032,0.10008483828151368,-1.4826560530703778,-1.10238118074365,-0.809336306260215,1.3394580210783409,-0.6592048030806762,-0.9711137216613229,0.24682181784521212,0.3124553866172918,0.7421863506029879,-0.40873638931385775,0.20883543972806662,-0.14886423577240057,1.6002662220336292,0.09704096410251262,-1.0715478360526505,0.43118184069719095,-1.438550426936481,-0.9486197261068738,1.6440763308871427,1.5465338818314651,0.4706469117804714,-0.9061685090089848,-0.4451831733634893,-1.3925471563078609
0.44177505863644906,0.9376710793983659,0.728413826638861,1.8984235086952332,1.4841839817894882,1.6308494532220708,-1.6526715133272598,1.199947999510134,1.7446557712640798,1.3771638441823513,1.4311276448288268,1.8543923826733661,1.6246539817954908,-0.2709672013667945,0.46594725796103226,1.4600569192200104,-0.9711137216613229,2.167834411678588,0.6670230356093922,1.4735361576157655,1.8000884536674442,1.097016499560142,1.2478096675469579,0.5654726800074418,0.9506099003324862,0.2535553929211752,0.27890854708695073,-0.03982142256217275,-0.006342069421160397,-0.46269192777914897,0.25899506906459774,-0.8243874576538995,1.7259203325665011,1.7248779018856335,1.6129200657194627
1.3469009747989418,0.9376710793983659,0.2365567816577449,-0.1172875161269392,-0.5944751322199111,-0.9391200196224314,-0.7047569202171745,-0.6710318397769564,-0.8985610949644353,0.4813164605921596,-1.0645776174473858,0.7420429040921181,0.2611364005259204,0.2936142851685748,1.3394580210783409,0.4004260580696671,0.4126344018780712,-0.12260368096889863,-0.4664677353720216,-0.7598044318229987,-0.11452861791991995,-0.6846478355071124,-0.8844398637650626,-0.9002176048947997,-0.6819999547106691,0.27562766697385976,1.1675073902034812,-0.7646281431734834,0.2910931747993094,-1.2770843337303666,-1.085511230582261,-0.6327262744386937,0.11910862070997047,-0.2205516266583221,0.5799078658118131
0.6886275812262198,-1.0664720518431965,-0.6894357029149399,0.5029312607414221,1.3109623889553716,-0.8696613852212286,1.1910722660029958,0.4871937750198138,-0.24987317574897458,1.3771638441823513,-0.3990562141737293,0.7420429040921181,0.2611364005259204,-1.033090312568422,0.46594725796103226,-0.6592048030806762,1.7963825254174652,0.46847711713367857,-1.455941046266891,-0.6306984128505442,-0.006280155178145181,0.052656666361414806,-1.5172064175305675,0.24733543747180348,-1.4562776428868016,-0.8908512365371866,-0.04334082746454173,-0.9473135602593871,-0.9719010781618378,-0.8571549498455727,0.3177360310468161,-0.8217806022364542,-0.42731505695410027,-0.1364458349290571,0.5799078658118131
1.676037671585303,0.9376710793983659,-0.9843762246147659,0.19282187230724143,-1.0275291143052028,-0.5918268476164176,0.9202395251144,0.6653823311423941,0.3167967306921175,0.4813164605921596,0.2664651890999273,0.7420429040921181,0.2611364005259204,-1.1723308308209297,1.3394580210783409,-0.6592048030806762,1.7963825254174652,-1.3786503769368752,-0.21232003346594616,0.3633684107608707,0.7018117055787418,0.5882666818845288,-0.598059629151319,1.0847322150686685,-0.42094392019757637,-1.1186331183304168,0.41373609316114396,-1.4657149979009498,-1.1586239492999317,-0.46269192777914897,1.3696369747565726,-0.6695430493122604,0.2480914869122804,0.4314898889793312,0.5799078658118131
1.5114693231921223,0.9376710793983659,1.1133618769385267,1.0456226905012382,-1.0275291143052028,0.1722181307968128,1.5973213773358894,-0.4631451909672794,-0.4064530183182237,0.4813164605921596,-0.7318169158105572,-0.3703065744891299,0.2611364005259204,0.5791228326774159,1.3394580210783409,1.4600569192200104,0.4126344018780712,-1.748075875750986,0.4631887519603497,-0.11484528196514682,-0.16120666417622365,-0.48723917012446866,0.03740498636239673,-1.0068093670108595,0.2772021897989108,0.8885966486316135,1.4311505783276428,-0.360103539093512,0.74244136197687,-0.3363452950012915,-1.4331543286050255,-0.12974113523345543,0.571813615568513,0.17414785721951304,0.12869645000399213
-0.8747717285089949,0.9376710793983659,0.269901789824742,-0.8150336401038439,-1.6338046892246108,1.283556281216057,1.0556558955586979,-0.28495663484469985,0.48456084773059876,0.4813164605921596,-0.5654365649921436,-0.3703065744891299,0.2611364005259204,0.7459003543616908,-1.2810742682735852,0.4004260580696671,0.4126344018780712,-1.9697311750394524,2.130221421803578,0.9808421348851256,0.4705591129624719,0.04888415759877517,2.0044474987312584,0.09069313974715949,2.522452571761838,0.5210118763747724,-0.17031703322357297,0.6978925821737824,0.6424535530191136,-0.21240541170104382,-0.7302223436749975,-0.1448338971680525,1.273079312678408,0.7291319230838271,0.12869645000399213
-1.0393400769021754,-1.0664720518431965,-0.964400459460471,-0.5824515987782102,-0.6810859286369695,-1.633706363634459,-0.5693405497728766,-0.5522394690285696,-0.9768510162490598,-1.3103783065882237,-1.2309579682658,0.7420429040921181,0.2611364005259204,-0.7048553469870186,-1.2810742682735852,-0.6592048030806762,-0.9711137216613229,-0.2703738804945429,-1.047817741756364,-0.9796753234027589,-0.3101508163480734,-0.5416832266486502,-1.3940023437350157,-0.2629796393014481,-1.1907686891658404,-0.8712621870115883,-1.2552803744113499,0.08515944085775436,-0.7939057726091506,-1.3864423220305988,-0.2572427192009802,-0.7565697012530904,-0.19273940619205762,-0.3705708213689931,0.5799078658118131
-1.3684767736885364,-1.0664720518431965,-1.6486800116275602,-0.03976016901839404,-1.2007507071393193,-0.8002027508200259,-1.1110060315500683,0.6653823311423941,0.2720596328151892,-1.3103783065882237,-1.397338319084214,0.7420429040921181,0.2611364005259204,-1.738819301721082,-1.2810742682735852,-0.6592048030806762,1.7963825254174652,-0.4181440800201872,-0.00983972150780905,0.5095322204576063,0.7911523884990931,0.6314930181656395,-0.6926270803889862,1.8015559891265331,-0.32895309808090656,-1.7601950585185404,-2.311378634322971,0.03394776061590439,-1.7765462024251002,-1.497669767932696,0.2361575851455444,-1.201751203711934,0.34793034040688453,0.5051818211379722,0.5799078658118131
-1.286192599491946,-1.0664720518431965,0.029853915421753086,-0.03976016901839404,-1.3739722999734358,1.7697667220244764,1.5973213773358894,-0.0176738006608295,0.5665788605049673,0.4813164605921596,-1.8964793715394566,-1.4826560530703778,-1.10238118074365,0.0292461793541198,-1.2810742682735852,0.4004260580696671,-0.9711137216613229,-2.0436162748022744,2.433422709453712,1.467629409064315,-0.08196099463868518,-0.02785657918930087,1.4611781440326248,0.3472617848678276,2.4614674557420684,0.0317264670210994,-1.0884106314964805,1.0128994880788604,0.034736405595522823,-0.27408025392974295,-1.610057323287837,-0.30810672660702154,-0.25427532397649444,-0.1953280203910608,-1.3925471563078609
0.03035418765349783,0.9376710793983659,1.0024501593620798,-0.19481486323548436,0.9645192032871384,0.7973458404076377,-1.6526715133272598,-0.4631451909672794,0.12666406471517214,0.4813164605921596,-0.23267586335531493,0.7420429040921181,0.2611364005259204,1.1557285920427083,-0.40756350515627643,1.4600569192200104,-0.27923965989162586,1.7245238131016551,0.3184368693690004,-0.19250793875628194,0.3302478343011829,-0.14045996952973996,1.553636454539657,-0.636429698001804,0.8031965931692323,1.1195250072532004,0.8786595592785662,0.39646024145107384,1.1481354380806545,-0.756274678886085,-1.0555050759979998,-0.395872809882459,0.5046358563965369,0.12976212729294456,0.5799078658118131
-1.3684767736885364,-1.0664720518431965,-1.2045125379419348,-1.0476156814294795,1.4841839817894882,-0.31399231001160655,0.5139904137815063,0.04172238471336391,-0.07838096722074933,0.4813164605921596,-1.397338319084214,-0.3703065744891299,0.2611364005259204,-0.6782080922602973,-1.2810742682735852,-0.6592048030806762,-0.9711137216613229,0.9856728154734336,-0.9567056688784557,-0.5622975203253403,-0.4721241937157866,0.03161514009744196,-0.2827727395590717,0.8914746722294856,-0.7959217605712156,-0.9854738299336708,-1.6387409199486862,0.30886680352248225,-0.8380295784986789,-0.8571549498455727,-0.21413508401843956,-0.6711215147878901,-0.14221424104791353,-0.09299667221922533,0.12869645000399213
-1.3684767736885364,-1.0664720518431965,-0.7017776130061478,-0.03976016901839404,-0.5944751322199111,-1.078037288424837,0.10774130244861274,-0.7601261178382465,-0.9843071992285479,1.3771638441823513,-1.7300990207210423,-0.3703065744891299,0.2611364005259204,-0.7432339858882435,-1.2810742682735852,-0.6592048030806762,-0.9711137216613229,-0.5659142795458315,-0.7277244639048401,-0.949879302504539,-0.7759074345918254,-0.741833679050497,-0.9274695842958588,-0.44270497822523136,-0.8557472757027685,-0.7505670730854433,-1.6797106497522158,0.6318259638764882,-0.7525603463873859,-1.13407534322061,-0.9902420406990474,-0.4940645878936103,-0.018007949633833283,-0.34971090354757906,0.12869645000399213
0.3594908844398588,0.9376710793983659,0.5702258731875383,1.743368814478143,0.09841123911655533,1.1446390124136514,1.0556558955586979,1.9127022240004543,2.2404919394000355,-1.3103783065882237,1.4311276448288268,1.8543923826733661,1.6246539817954908,-0.3593059148874713,0.46594725796103226,1.4600569192200104,-0.9711137216613229,-0.49202917978300936,0.7683413693150859,2.201295573393071,2.1438877301347787,1.7779175520798987,0.8465826193609365,1.0444504930158078,0.849948412738097,0.12396554393951602,0.1683054263481542,-0.08419704373448285,-0.1163543039240789,-0.46269192777914897,0.4327166124442608,-0.9912374660992436,1.777847452271655,2.0390341725371117,1.6129200657194627
0.9354801038159906,-1.0664720518431965,-1.8207259367743243,-1.5127797640807503,-1.0275291143052028,0.7973458404076377,0.3785740433372085,0.45749568233271715,0.2944281817536534,0.4813164605921596,-0.3990562141737293,0.7420429040921181,0.2611364005259204,-1.0372391613989187,1.3394580210783409,-0.6592048030806762,1.7963825254174652,-1.0831099778855866,1.1967856715009728,1.1775901935837025,1.1638499953695003,0.02556344720911919,-0.2607578748845807,2.0529223645685706,0.6362995381690655,-1.4963814363040242,0.10242254492782968,-1.568420496369513,-1.2807409114047994,-0.8571549498455727,1.7797143118685341,-0.8125858382465353,0.895789349838123,0.8170430631181982,0.5799078658118131
0.11263836185008808,0.9376710793983659,-0.5861741185471157,1.2006773847183267,0.27163283195067195,-0.175075041209201,-0.16309143843998303,-0.10676807872211962,0.15648879663312437,-1.3103783065882237,0.5992258907367559,-0.3703065744891299,0.2611364005259204,-1.2966194320849522,0.46594725796103226,0.4004260580696671,1.7963825254174652,0.32070691760803427,-0.28667345949647527,-0.25605011249448345,-0.2552975298987206,0.23559811484707394,0.6518585275760422,0.5388096089647647,-0.014198134161823429,-0.9693029856418253,-0.5972435352666803,-0.5909075839656563,-1.1470390614664483,0.5947613997946539,1.1660288085393526,0.25402201293339577,0.2107886900863323,0.09285680583677738,0.12869645000399213
-0.545635031722634,-1.0664720518431965,-0.015997821437980873,-0.8150336401038439,-0.2480319465516779,-1.4947890948320535,-0.5693405497728766,-0.04737189334792621,-0.5518485864182407,0.4813164605921596,-1.397338319084214,-1.4826560530703778,-1.10238118074365,0.4410702377172819,-0.40756350515627643,0.4004260580696671,0.4126344018780712,0.09905161831956781,-1.088940678178822,-0.697748315151963,-1.2158452537604643,-0.057478502219825534,-1.2811315148384461,-0.4954004416816374,-1.1805761487715105,0.2145072716060106,-0.039710945357182496,0.2076149384260332,0.3349447340096824,0.2610140326420753,-1.1744130242882245,0.022612976338065863,-1.404386529421418,-1.029132613550958,-1.3925471563078609
-0.9570559027055852,0.9376710793983659,0.7658813811411996,-0.7375062929953005,0.27163283195067195,-0.5918268476164176,1.5973213773358894,1.4672308336940045,1.4725050925127658,0.4813164605921596,1.4311276448288268,1.8543923826733661,1.6246539817954908,1.22817348302415,-1.2810742682735852,1.4600569192200104,-0.27923965989162586,-0.6397993793086537,-0.9405061094988795,0.33911529361505993,1.1503075426324332,1.90142308917707,0.26552132912712906,0.35882430806786064,-0.6152924948079926,1.0292403462604856,0.0414606048205757,1.1190855224779013,1.1393698708668123,-0.46269192777914897,0.2189599668204147,-0.89155214842714,0.7954679907275679,1.1407171552001232,1.6129200657194627
0.3594908844398588,-1.0664720518431965,0.10997828230307985,-1.0476156814294795,0.9645192032871384,1.005721743611246,0.6494067842258042,0.16051475546175073,0.10056742428696396,1.3771638441823513,-0.7318169158105572,-0.3703065744891299,-1.10238118074365,0.7205884877405302,0.46594725796103226,0.4004260580696671,0.4126344018780712,0.46847711713367857,0.2448935741814605,0.2794293510858588,0.08451712649349204,-0.23150431578358074,-0.10302428803505927,-0.07473977878085374,0.0703362169263232,0.42201239854077055,0.8429177951714918,-0.35021431921794466,0.5800677652704941,-0.3363452950012915,-0.7309139658773407,-0.41929928483483736,-0.9288039427300842,-0.6185404408666533,-0.8760410563540361
0.2772067102432686,0.9376710793983659,0.13466217244436052,-0.7375062929953005,0.7046868140359634,-0.5223682132152149,0.7848231546701021,-2.185634566818887,-2.0654537312543155,0.4813164605921596,0.9319865923735845,-0.3703065744891299,-1.10238118074365,0.5541214294360128,0.46594725796103226,0.4004260580696671,0.4126344018780712,0.17293671808238997,-0.8926538816452866,-1.9329045433071919,-1.7623619002865651,-2.129431353264983,-0.5416828793750172,-1.730741882608034,-0.8348936270716759,0.3521435555553264,0.6829261552852767,-0.2878143836073475,0.4610870883727631,0.8081132066388039,0.5596365964992375,2.5125632241333857,-1.3307167247266674,-1.6669314785545934,-0.8760410563540361
1.676037671585303,0.9376710793983659,1.9814411763999302,1.2782047318268719,-0.1614211501346196,0.6584285716052322,-1.517255142882962,-1.7698612691995335,-1.5062400077927116,1.3771638441823513,0.7656062415551702,-0.3703065744891299,-1.10238118074365,1.3794472974768925,1.3394580210783409,-1.7188356642310194,-0.27923965989162586,0.690132416422145,0.7162196018444403,-1.151733477674188,-0.9497018783189866,-1.7323074397692546,0.44385398132832926,-1.8703246648050886,0.6316165832718793,1.7572308393705363,2.0104304868268237,0.07277970588694505,1.57870316822245,0.7023117350374117,-1.192172816633175,1.7551475895992927,-0.7735243338273555,-1.2452789475636596,-0.8760410563540361
1.5114693231921223,0.9376710793983659,1.1058196030138254,0.11529452519869628,1.657405574623605,0.03330086199440727,-1.1110060315500683,-0.13646617140921632,-0.1566708885053739,-1.3103783065882237,0.2664651890999273,-0.3703065744891299,0.2611364005259204,1.0856058500711947,1.3394580210783409,1.4600569192200104,-0.27923965989162586,2.0200642121529437,-0.5251172050426541,-0.41853305024496396,-0.3680404703441217,-0.17791772188656316,-0.08308384613738362,-0.8587773860946103,-0.44237761164127504,1.1399226241789615,1.7457377469168052,-0.3643439619140423,1.123106910591409,0.3741759655923245,-0.8272851505162846,0.13642336686725215,0.0887376452345192,-0.004043279281119304,0.12869645000399213
-1.203908425295356,-1.0664720518431965,-0.1624298846393792,-1.280197722755115,-0.2480319465516779,-0.3834509444128093,0.5139904137815063,0.4871937750198138,0.2832439072844213,-0.414530922998032,-0.8981972666289715,-0.3703065744891299,0.2611364005259204,0.5763526163747495,-1.2810742682735852,0.4004260580696671,0.4126344018780712,-0.49202917978300936,-0.3349027088135746,0.1457348755630443,0.003817114978086366,0.45989781570179344,-0.3426609140129719,0.28213501024536985,-0.4069695376992769,0.2037152703147027,-0.6453038154836394,0.7804014454244632,0.39781440222207387,-0.46269192777914897,-0.645950681235898,-0.6106598152557813,0.18640319247587725,0.31761652894853426,0.12869645000399213
1.0177642780125808,0.9376710793983659,1.3433320146120704,0.34787656652433174,1.1377407961212551,-0.9391200196224314,-0.4339241793285788,-0.13646617140921632,-0.46610248215412814,-0.414530922998032,1.2647472940104123,-1.4826560530703778,-1.10238118074365,1.2069326529420998,1.3394580210783409,-1.7188356642310194,-0.27923965989162586,1.2073281147619002,-1.1431250496317105,-0.783265745227952,-1.2728549863623162,-0.17437415465844716,-0.8831296939359393,-1.144166980196707,-1.095150786239869,1.3281983914738058,1.5540117776696132,0.007525772786798165,1.2780950280183272,2.5474360875216293,-0.4418576792322629,1.4725306089629113,-1.4249663699650332,-1.0684582694341005,-1.3925471563078609
-0.6279192059192241,-1.0664720518431965,-0.3428733938350652,-0.19481486323548436,-1.7204154856416691,0.03330086199440727,1.0556558955586979,2.1205888728101314,1.9161479797923051,0.4813164605921596,0.10008483828151368,1.8543923826733661,1.6246539817954908,-0.2761098506804455,-0.40756350515627643,0.4004260580696671,-0.9711137216613229,-2.0436162748022744,0.8459770637019169,2.4642295688019473,2.2575309840024746,2.030091237149685,0.0032277479863170476,1.8451960535468388,0.5243032101112385,-0.32187597118122974,-0.5641091966287678,0.07757302101499197,-0.2981990142249551,-1.1058468948732931,0.4043951557174977,-1.303245550270145,1.817181525544555,2.1435618823308142,1.6129200657194627
1.429185148995532,0.9376710793983659,0.8760395693010502,-0.8925609872123891,-1.4605830963904942,1.7003080876232737,-1.517255142882962,0.36840140427142704,0.9095632775614179,1.3771638441823513,-0.5654365649921436,-0.3703065744891299,0.2611364005259204,1.44240550805839,1.3394580210783409,1.4600569192200104,-0.27923965989162586,-0.4181440800201872,2.3591799284023955,1.8730035425340446,0.8898576550276317,0.3065734525782254,1.310535392144157,-0.08015897964599834,2.3147650653456076,1.195550884491784,1.9241290625060155,-0.4566443526147477,1.3299371462681637,-0.21240541170104382,-1.1775934113163256,-0.43119515451770557,1.3603861706082963,1.1053113555386826,0.12869645000399213
-1.533045122081717,0.9376710793983659,1.8420731363698524,0.6579859549585124,1.39757318537243,1.2140976468148543,-1.1110060315500683,0.27930712621013754,1.084783577579387,1.3771638441823513,1.098366943191998,-0.3703065744891299,0.2611364005259204,1.5665016017400835,-1.2810742682735852,-1.7188356642310194,-0.27923965989162586,1.7984089128644773,0.37858025720625127,0.4648651833717522,0.19238666592095877,0.6434134626836708,1.9322034411552695,-0.6136138258237432,1.009870746612621,1.776398982944521,-0.46909887828264957,2.693168821618623,1.6819821997791524,0.9122217818761421,-0.9331197355585885,0.24234315469899723,0.5326861361885876,0.48288931090406845,0.12869645000399213
1.429185148995532,-1.0664720518431965,-2.0189117063311186,0.5804586078499673,1.39757318537243,1.4919321844196654,1.3264886364472936,-0.07706998603502291,0.033461777471571474,-1.3103783065882237,-0.8981972666289715,0.7420429040921181,0.2611364005259204,-2.460944359742395,1.3394580210783409,-0.6592048030806762,1.7963825254174652,0.46847711713367857,0.3546248400168379,0.15044329339184292,0.5657998377902116,-0.4368425134857778,0.26541295914816443,1.965461595864972,0.2974134051419026,-2.3265337438657476,-0.5377348036068242,-1.8094048465369283,-2.441803072924411,-1.1695339984876092,1.3727328556431821,-0.8086111720618051,0.5215373442929578,0.3201353006018519,0.5799078658118131
-0.6279192059192241,-1.0664720518431965,-1.3417607533918567,-1.6678344582978408,1.3109623889553716,-0.8696613852212286,-0.2985078088842809,0.6653823311423941,0.24223490089723698,-1.3103783065882237,-1.0645776174473858,-1.4826560530703778,-1.10238118074365,-0.42998504566320506,-0.40756350515627643,-0.6592048030806762,-0.9711137216613229,1.2812132145247221,-1.1698269309035365,-0.3278240048716909,-0.9829273805098787,0.628880433363461,-0.7556720478807644,1.39717080655266,-1.0743480704677493,-0.9338698294251769,-0.6607208528951833,-0.5024030386611074,-0.6853054339618108,0.5947613997946539,0.31368783169327263,-0.10618662948072924,-1.4351474894147025,-0.8657440149083655,-1.3925471563078609
1.1000484522091711,0.9376710793983659,0.6820938740564245,0.5804586078499673,0.8779084068700801,-0.5223682132152149,0.5139904137815063,1.318740370258521,0.8946509116024417,0.4813164605921596,1.4311276448288268,1.8543923826733661,1.6246539817954908,0.3731288586946582,1.3394580210783409,1.4600569192200104,0.4126344018780712,0.46847711713367857,-0.9072847170900031,0.27380962658051744,1.107350103219768,1.2092127477238104,-0.5432661353459641,0.055123349052148475,-0.8447383937532651,0.5539295295239537,1.08253902065144,-0.415209669347144,0.4708534367262468,-0.46269192777914897,0.30907146400940666,-0.8549883347579492,0.8170823829993304,1.1025918101781804,1.6129200657194627
0.8531959296194004,0.9376710793983659,0.3356953685894247,-0.8925609872123891,-1.7204154856416691,1.005721743611246,-1.6526715133272598,-0.6710318397769564,-0.3654440119310394,0.4813164605921596,1.2647472940104123,-0.3703065744891299,0.2611364005259204,0.8649549590150318,0.46594725796103226,0.4004260580696671,-0.27923965989162586,-0.5659142795458315,1.9317623971598548,0.44501903428089434,0.18105741659078872,-0.6839239640698543,0.7348364614727873,-0.5679634450924759,1.664144737214938,0.6156108307784502,1.2459807477764855,-0.4878983998438637,0.7498044378438,1.0146907836794479,0.5808846191403223,0.8807402125620474,1.1958146501472358,0.4729209247409477,0.12869645000399213
1.2646168006023515,0.9376710793983659,1.7545709188008531,1.5107867731525075,0.7046868140359634,-0.5918268476164176,1.1910722660029958,-0.16616426409631302,-0.38035637789001553,-0.414530922998032,-0.06629551253690062,0.7420429040921181,0.2611364005259204,1.015471186855426,1.3394580210783409,-1.7188356642310194,-0.27923965989162586,-0.048718581206076486,-1.026394723595071,-0.7325258996139865,-0.09127143550597921,-0.20386315090161722,-0.5970088796931221,-1.2711119744498014,-0.9371208392339632,1.4524084823007841,1.5725157243887022,0.13029527139277602,1.2439216303507374,-0.6569346250336902,-1.4540435022048783,-0.47038241481964055,-0.18080146672831926,-0.20254606467564282,0.5799078658118131
-0.05192998654309242,-1.0664720518431965,-0.026265457939073023,-1.5903071111892955,-1.3739722999734358,0.03330086199440727,0.5139904137815063,-0.19586235678340974,-0.17531134595409403,1.3771638441823513,-1.0645776174473858,0.7420429040921181,0.2611364005259204,0.9225419204090677,-0.40756350515627643,0.4004260580696671,-0.27923965989162586,-1.4525354766996974,0.6670230356093922,0.23221601935731395,0.6188950382717225,-0.1977739175613491,0.007556156260771567,-0.1913658415369173,0.40391325467686295,0.45046404273639506,0.6717910144199631,-0.17179621429497066,0.6960076771200062,-1.2770843337303666,-0.8934299342897497,-0.8290573967163942,0.6645209305792641,0.36348346215670013,0.5799078658118131
-0.2164983349362729,-1.0664720518431965,-0.7641182964612648,-0.6599789458867553,-1.3739722999734358,0.9362631092100432,1.0556558955586979,-0.37405091290598996,-0.06346860126177323,0.4813164605921596,-1.397338319084214,0.7420429040921181,0.2611364005259204,-0.4478520403029038,-0.40756350515627643,-0.6592048030806762,-0.9711137216613229,-1.748075875750986,1.5488278713954673,0.5597607958887554,0.821145997382566,-0.37030781653933403,0.7631955926097602,0.4902464766615909,1.39417601127079,-0.6337913711311016,-0.3134366552239299,-0.4804296372539895,-0.5428469276924496,-1.497669767932696,-0.60796635097027,-0.8970794739404273,1.0423329838615392,0.5300170177483771,0.5799078658118131
0.03035418765349783,0.9376710793983659,-0.6162443760605171,0.8130406491756027,-0.854307521471086,0.7278872060064349,-0.4339241793285788,0.27930712621013754,0.8909228201126976,0.4813164605921596,-0.5654365649921436,0.7420429040921181,0.2611364005259204,-1.1232545344110345,-0.40756350515627643,-0.6592048030806762,1.7963825254174652,-0.49202917978300936,1.074798057684158,0.9232964484333036,1.028319164300994,0.6432520119678509,1.4829496728064522,1.2498729340500598,1.3820519464377976,-0.8977528815802673,-0.5478843252435011,-0.5576640418104295,-1.0216892841811103,-0.9596239516488788,0.07700039712819273,-0.8113783350647255,0.8437189042992391,0.702829676282396,0.5799078658118131
1.5114693231921223,0.9376710793983659,1.9754906169207949,1.2782047318268719,-1.2873615035563777,-0.6612854820176204,-0.5693405497728766,-0.37405091290598996,-0.5742171353567049,-1.3103783065882237,1.597507995647241,-0.3703065744891299,-1.10238118074365,1.3726425245036586,1.3394580210783409,-1.7188356642310194,-0.27923965989162586,-0.787569578834298,0.08439877882410896,-0.24736667525258624,-0.24941021673784777,-0.4004256578959605,-0.6508528154248536,-1.4446537766304781,-0.2534557112277425,1.7508443394579256,1.9234640256380893,0.14514023567730472,1.572107448401133,1.2149111084913304,-0.7937980577908577,0.8001658770966007,-0.9830990334381584,-0.8315658402428332,-0.8760410563540361
0.3594908844398588,0.9376710793983659,0.11987179393441513,1.2006773847183267,-0.3346427429687362,-0.10561640680799825,0.10774130244861274,-0.25525854215760313,-0.30579454809513495,-1.3103783065882237,1.098366943191998,-0.3703065744891299,-1.10238118074365,-0.5549262723518046,0.46594725796103226,0.4004260580696671,-0.9711137216613229,-0.34425898025736507,0.008437262403456477,-0.19643793160597023,-0.21515156746411387,-0.29079040603225026,-0.1977644990192275,-0.3905256240420587,-0.12589555656384316,-0.21591095699930654,0.04528779778500236,-0.34461885974772516,-0.3869058674223198,0.9122217818761421,0.7083872686635349,0.5341836382335672,-1.0090583258257257,-0.8101681632770996,-0.8760410563540361
0.7709117554228101,-1.0664720518431965,-0.13584859459334417,-0.2723422103440295,-0.854307521471086,1.0751803780124487,1.4619050068915915,-1.5025784350156635,-1.3683006226721828,-0.414530922998032,-0.23267586335531493,-0.3703065744891299,-1.10238118074365,-0.010678834688671519,0.46594725796103226,0.4004260580696671,-0.9711137216613229,-1.5264205764625194,1.2839468491277926,-0.7041934844373298,-0.5791925858451722,-1.6697549139054213,-0.041057341361460414,-1.0858744213087888,0.801868887826053,-0.07757358261299993,0.6507462415186189,-0.7019197436632026,-0.04045125063237515,0.02860907268544545,-0.10300365601727053,0.9031242278878955,-0.5942194192303845,-1.032075203347999,-0.8760410563540361
-0.2987825091328632,-1.0664720518431965,-0.8920734812260435,-1.280197722755115,0.6180760176189052,-0.31399231001160655,-0.8401732906614724,1.3484384629456176,1.058686937151179,0.4813164605921596,0.10008483828151368,1.8543923826733661,1.6246539817954908,-0.2013401207170564,-0.40756350515627643,-0.6592048030806762,-0.9711137216613229,0.9856728154734336,-0.4373668534743796,0.6844764592805147,1.3661905057092594,1.286412426481067,-0.28905633453701274,1.7341650175697014,-0.45529943877164053,-0.5779892263542714,-0.22623169068773774,-0.4950846050299267,-0.3892532754998986,-1.1058468948732931,1.0688270800016646,-1.1626064983548066,1.1108272750050199,1.3332863586402046,1.6129200657194627
1.3469009747989418,0.9376710793983659,0.9397897645636356,0.42540391363287694,-1.2873615035563777,0.6584285716052322,0.3785740433372085,0.5465899603940072,0.6970620626460082,-1.3103783065882237,1.2647472940104123,-0.3703065744891299,-1.10238118074365,0.7325983212747599,1.3394580210783409,1.4600569192200104,0.4126344018780712,-1.304765277174053,1.2390588426499807,1.2942659628532036,0.6258309273614414,0.47663592847522,0.4445903019713846,-0.2547917295917366,1.008039414942048,0.873463883133983,1.44091362108389,-0.3848142252048311,0.8122512914772139,1.0146907836794479,-0.0663931076114231,0.1749482416481364,-0.6081047600118521,-0.25282706407525957,-0.8760410563540361
1.0177642780125808,-1.0664720518431965,-0.026265457939073023,-1.35772506986366,-0.1614211501346196,-0.31399231001160655,-1.1110060315500683,0.4277975896456204,-0.10447760764895753,1.3771638441823513,-1.7300990207210423,-0.3703065744891299,-1.10238118074365,0.7710527883105786,1.3394580210783409,0.4004260580696671,0.4126344018780712,0.46847711713367857,-0.08430022332467252,0.27380962658051633,0.08117584808671928,0.002816513852572055,-1.0940884269526998,-0.13536045807859912,-0.5280300833313415,0.3746733571862484,1.283641085998741,-0.759316903510119,0.5817471014996684,-1.13407534322061,-1.4414052550336671,-0.9514071972505286,-1.0409829283724714,-0.6207206202710992,-0.8760410563540361
-0.7924875543124047,-1.0664720518431965,0.05004980030793043,-1.35772506986366,0.8779084068700801,-1.633706363634459,0.7848231546701021,-0.16616426409631302,-0.6860598800490257,-1.3103783065882237,-0.3990562141737293,0.7420429040921181,0.2611364005259204,0.853337236334851,-1.2810742682735852,0.4004260580696671,0.4126344018780712,0.32070691760803427,-1.8480954061375847,-1.213465160149129,-0.5360406487908652,-0.16997524361664834,-1.3940023437350157,-0.6395320701405508,-1.6466580301525808,0.45654616674401993,-0.019456735134978084,0.47304065815411345,0.6642353470850957,-0.8571549498455727,-0.4141423278452046,-0.5900981291428898,-0.666595808227346,-0.5405187036685237,0.5799078658118131
-0.46335085752604366,0.9376710793983659,1.8203926280118485,-0.8925609872123891,-1.2007507071393193,-0.9391200196224314,-0.9755896611057703,-0.6413337470898597,-0.5965856842951691,-0.414530922998032,-0.3990562141737293,-0.3703065744891299,0.2611364005259204,2.4556264741322167,-0.40756350515627643,-1.7188356642310194,1.1045084636477682,-0.49202917978300936,-0.15102869579213157,-0.5789130493264245,-0.4844318672110182,-0.3283360411214064,-0.048234768429755444,-1.3997972503920677,-0.1763118414663563,2.210425475627419,1.279392596349463,1.3444748533782866,2.3421387218820415,-0.09078229792448163,-1.6577852534812654,0.13119311697821381,0.27857927498166224,-0.10348250156644588,0.12869645000399213
0.19492253604667834,0.9376710793983659,-1.4690753796360656,0.42540391363287694,-1.2873615035563777,0.3805940340004211,0.3785740433372085,0.012024292026267206,0.0931112413074759,1.3771638441823513,-0.3990562141737293,-0.3703065744891299,-1.10238118074365,-1.806186222290375,0.46594725796103226,-0.6592048030806762,1.7963825254174652,-1.304765277174053,0.9669253033782442,0.6014021004118572,0.2689954472876572,-0.035646080930844974,0.20738986624463088,1.3697005178152886,0.7019374647167707,-1.699977242058253,-0.8631867794186582,-1.089137745990365,-1.7808533284883892,-0.09078229792448163,1.2740393280158218,-0.2137696910034278,-0.6933423012086032,-0.49667472174598254,-0.8760410563540361
1.5114693231921223,-1.0664720518431965,-0.5444859245453211,-1.5903071111892955,1.39757318537243,0.9362631092100432,0.5139904137815063,0.16051475546175073,0.08192696683824383,0.4813164605921596,-1.397338319084214,-0.3703065744891299,0.2611364005259204,0.36875267563734576,1.3394580210783409,0.4004260580696671,0.4126344018780712,0.9117877157106115,0.014457915927167313,0.1321925690459264,-0.0045013474148779655,-0.22825381028506606,-0.14754077271436697,0.4333282053084581,-0.10240914706873476,-0.10538499079227122,1.300081247284478,-1.2129412560678856,0.13767092754638183,-0.8571549498455727,-0.7868041945390816,-0.714139627236341,0.3597437408234795,0.3103580182433234,0.12869645000399213
0.9354801038159906,0.9376710793983659,0.7325958508621967,-0.7375062929953005,-1.6338046892246108,-0.03615777240679549,-0.5693405497728766,1.318740370258521,1.1146083094973394,-1.3103783065882237,1.4311276448288268,0.7420429040921181,1.6246539817954908,1.192709070174334,1.3394580210783409,1.4600569192200104,-0.27923965989162586,-1.0831099778855866,0.8665265218993512,1.744602988796648,1.4424022674801251,1.209683219492987,-0.1384803587737552,0.15776260060080435,0.47358127780859244,0.9935137162043347,1.4976874099361586,-0.3067679803143614,1.103702739786899,0.17483201590986006,0.25450567851433736,-0.5474699838470861,1.8275278861985373,1.8465069034908257,1.2401231180873624
-1.1216242510987657,0.9376710793983659,-0.2215962200813821,-0.8925609872123891,0.35824362836773027,1.561390818820868,-0.8401732906614724,0.36840140427142704,1.3271095244127489,0.4813164605921596,0.5992258907367559,-1.4826560530703778,-1.10238118074365,0.26974709934741337,-1.2810742682735852,0.4004260580696671,0.4126344018780712,0.7640175161849672,1.0987399864629916,1.0246115106422846,-0.2765015174202501,0.7394863645432075,2.257123599701866,1.2028734413991091,1.7697564640506012,0.018172195875497874,-0.738393589406079,0.6442608403892388,0.14972929371894791,2.0466777494348816,0.7048314178800199,0.8528434631805207,-0.6518264020742008,-0.3449502790407568,-1.3925471563078609
0.03035418765349783,0.9376710793983659,2.1328592724843127,0.7355133020670576,0.011800442699497022,1.2140976468148543,1.0556558955586979,0.012024292026267206,0.7902643498896089,0.4813164605921596,0.5992258907367559,-0.3703065744891299,0.2611364005259204,1.8341432958396173,-0.40756350515627643,-1.7188356642310194,-0.27923965989162586,-0.5659142795458315,0.8803373590645102,0.5481884181867381,0.23941086039585013,0.36281211858880086,1.9383745094018197,-0.9037196408707133,1.4343898772136177,2.067168433440537,1.2978285880208944,1.1408342707502122,1.9607507538005864,0.5947613997946539,-1.3672674175212598,0.1910891917939374,0.7592723701634008,0.5243167575522725,0.12869645000399213
-0.13421416073968268,-1.0664720518431965,-0.026265457939073023,0.34787656652433174,-1.5471938928075526,-1.4253304604308508,-1.381838772438664,-0.7304280251511498,-1.0551409375336844,0.4813164605921596,-1.5637186699026284,-1.4826560530703778,-1.10238118074365,-0.2487586023815542,-0.40756350515627643,0.4004260580696671,-0.9711137216613229,-0.5659142795458315,-0.356633273988836,-0.7474621779407356,-1.2488316079578714,-0.7139381456146995,-1.2207847350323588,-0.8870116571244486,-0.735106641219359,-0.13913394450333375,-0.12271197396433915,-0.11530499182197441,-0.1923254337236869,0.08749315907529455,-1.3044114248476903,0.30632234760317106,-1.136247123029667,-1.0519191742407934,-1.3925471563078609
-0.2987825091328632,-1.0664720518431965,-0.3541001831140512,-1.0476156814294795,1.657405574623605,0.10275949639561004,0.5139904137815063,1.110853721448844,1.0363183882127147,1.3771638441823513,0.10008483828151368,1.8543923826733661,1.6246539817954908,0.22460796038259564,-0.40756350515627643,0.4004260580696671,0.4126344018780712,1.133443014999078,-0.7067982689847647,0.302075251303406,1.1260317557236836,1.0605063553858403,0.06570138211756135,1.097667066865259,-0.5163182987637278,-0.07543467772646677,0.04021950052888828,-0.18975544457082322,0.07983455592040745,-1.1058468948732931,0.41697366566680066,-1.1114400655662007,0.9450779771937586,1.1191639745093367,1.6129200657194627
0.19492253604667834,-1.0664720518431965,-0.39935438548988794,-1.0476156814294795,-1.5471938928075526,0.6584285716052322,-0.9755896611057703,1.7345136678778748,1.353206164840957,-0.414530922998032,0.10008483828151368,1.8543923826733661,1.6246539817954908,0.1774218707194599,0.46594725796103226,0.4004260580696671,0.4126344018780712,-0.787569578834298,1.4832160367629394,2.6814326573359817,2.3477370334696204,1.1344600110657912,-0.36078441182492627,1.4236265222545308,0.7751549319779163,-0.123913679885778,0.3902450372170497,-0.5377388055515302,0.03156938990382117,-1.1058468948732931,0.46808130230624745,-1.2373308186528795,2.1260847039083113,2.226759456111857,1.6129200657194627
1.5937534973887126,0.9376710793983659,1.563055840501166,1.4332594260439624,1.5707947782065466,0.8668044748088404,-0.8401732906614724,0.6950804238294908,0.9207475520306498,1.3771638441823513,-0.7318169158105572,-0.3703065744891299,0.2611364005259204,0.8520442893783897,1.3394580210783409,-1.7188356642310194,0.4126344018780712,1.7984089128644773,0.04320441655446336,0.5711914263601269,0.25224166736411857,0.6181629847056433,0.6177244880747718,-0.5293371022066533,0.21534690827685335,1.267386207669376,1.6425635962027025,-0.13856163116946799,1.0693292948580522,-0.3363452950012915,-1.6895023383246057,-0.6129658087415636,0.3736748374353286,0.5356348463982136,0.12869645000399213
0.44177505863644906,-1.0664720518431965,0.06512402511985113,-0.504924251669665,-0.3346427429687362,0.5889699372040293,-0.9755896611057703,0.4277975896456204,0.20122589451005268,0.4813164605921596,-0.23267586335531493,-1.4826560530703778,-1.10238118074365,0.33945491662960015,0.46594725796103226,0.4004260580696671,0.4126344018780712,0.24682181784521212,0.7060369516797204,0.8134889551099502,-0.37469975412493123,0.0030871776330688525,-0.41095117205964865,0.03584864101384927,0.24478450097842974,0.2069536622265677,0.660770722227878,-0.42208909672610206,0.27980425723856805,1.361134051715745,-0.2939631739058776,0.426310151488769,-0.7768155349128151,-0.41949974511118737,-1.3925471563078609
1.676037671585303,0.9376710793983659,1.128400026581203,-0.1172875161269392,0.27163283195067195,0.45005266840162383,-0.027675067995685147,-2.0371441033834037,-1.7933030525030018,1.3771638441823513,0.43284553991834157,-0.3703065744891299,-1.10238118074365,1.2446163688925242,1.3394580210783409,1.4600569192200104,-0.27923965989162586,0.24682181784521212,0.20000351088516974,-1.5351091410347604,-1.3164015799425928,-1.9884850682962874,0.26341667006199015,-1.8110501881638903,0.18764044740731606,1.2318553736989073,1.926996463137381,-0.4216623525332512,1.2488885589940741,0.4854034114944222,-0.7451025917822842,1.971518117415437,-0.9439153934234099,-1.4434303028874105,-0.8760410563540361
0.2772067102432686,-1.0664720518431965,-1.8207259367743243,0.11529452519869628,-1.6338046892246108,-0.9391200196224314,1.1910722660029958,-0.6413337470898597,-1.1036061269003568,0.4813164605921596,-1.7300990207210423,-0.3703065744891299,-1.10238118074365,-2.0047944961836155,0.46594725796103226,-0.6592048030806762,1.7963825254174652,-2.0436162748022744,-0.2879126832636504,-0.6483485105562075,-0.5365169792380449,-0.9265879428060481,-1.5734380204423837,0.23307530254476547,-0.8230238607630033,-1.9872591028456452,-0.9328744068238789,-1.2952482760114197,-2.0302978139193066,-1.13407534322061,-0.024625971424096213,-0.5529119452375393,-1.111991276787915,-1.006691969739366,-0.8760410563540361
-1.6976134704748975,-1.0664720518431965,-0.20536500315059938,-1.2026703756465698,1.1377407961212551,-1.1474959228260397,0.10774130244861274,-0.5522394690285696,-0.8389116311285308,-1.3103783065882237,-0.7318169158105572,-0.3703065744891299,0.2611364005259204,0.4810032368959559,-1.2810742682735852,0.4004260580696671,0.4126344018780712,0.9117877157106115,-1.398543153368386,-1.1627154674133091,-0.9595053662786935,-0.5437094966954626,-0.9906913133787353,-0.6143296359248268,-1.2806019330595957,0.13293845238496782,-1.3941106961705172,1.464574405604988,0.3141522551533278,-0.3363452950012915,-0.4662712948757696,-0.08101181712843206,-0.39347372659579544,-0.502642657230708,0.12869645000399213
0.3594908844398588,0.9376710793983659,1.596228409291256,0.2703492194157866,-1.7204154856416691,-1.4947890948320535,-1.6526715133272598,-0.49284328365437613,-0.9172015524131554,1.3771638441823513,1.2647472940104123,-0.3703065744891299,-1.10238118074365,1.5208264853459137,0.46594725796103226,-1.7188356642310194,-0.27923965989162586,-0.5659142795458315,-0.294784742336169,-0.543235064185602,-0.45807670758252117,-0.5168401962568514,-1.3512011731442684,-1.4779515227956965,-0.7462775345894757,1.6217294192287794,1.338748083106184,0.5490323509884453,1.5819832733765784,1.0146907836794479,-0.6565551479136229,0.752886187562528,-1.1144101922767855,-0.9595963233614296,-0.8760410563540361
0.2772067102432686,0.9376710793983659,0.40946981021376416,1.5883141202610527,0.09841123911655533,0.24167676519801556,-1.6526715133272598,-0.10676807872211962,-0.0597405097720292,-1.3103783065882237,1.098366943191998,-1.4826560530703778,-1.10238118074365,-0.4496431444549976,0.46594725796103226,0.4004260580696671,-0.9711137216613229,0.9856728154734336,0.2897074880913284,0.08692671976604671,-0.7448045527929278,-0.14663408298669559,0.097372870865569,-0.39705840836727224,0.18275334127116966,-0.007950084264422935,0.055097397323115825,-0.12866643978349185,-0.2286429145523113,2.4258129737450678,0.37441082199639497,1.3760922743748945,-0.913775378170948,-0.6943160687392791,-1.3925471563078609
-1.6976134704748975,-1.0664720518431965,-0.7704110771211825,0.19282187230724143,1.1377407961212551,1.1446390124136514,1.5973213773358894,0.10111857008755733,0.4771046647511107,-1.3103783065882237,-0.3990562141737293,-0.3703065744891299,0.2611364005259204,-0.9469456268580675,-1.2810742682735852,-0.6592048030806762,-0.9711137216613229,0.09905161831956781,0.1688193772787826,0.18285959140884533,0.02648320498441621,0.08736105232858365,0.9386614534607693,1.021149679688202,0.4359275813267367,-0.8903630308087137,-2.28877529617463,1.070497922168552,-0.927469608201447,-0.09078229792448163,0.40753245307081665,-0.253410246278169,0.433982198816739,0.33740852977512825,0.12869645000399213
0.11263836185008808,-1.0664720518431965,-0.8339402900877495,0.5029312607414221,1.5707947782065466,0.6584285716052322,-0.7047569202171745,1.5860232044423912,1.7334714967948477,1.3771638441823513,0.10008483828151368,1.8543923826733661,1.6246539817954908,-1.1852331575224468,0.46594725796103226,-0.6592048030806762,1.7963825254174652,1.7245238131016551,-0.11581877840504665,1.1334054199141839,1.6220161652402798,1.5156989680216901,0.5281647517196121,2.3302558311926207,0.06494499680946822,-1.0449754485338325,-0.526500056977104,-0.7232339644933392,-1.1279852745147174,-1.1058468948732931,0.9935260078271082,-1.2097264363252491,1.2999726671307101,1.5634693698742792,1.6129200657194627
-0.3810666833294534,0.9376710793983659,-0.1464579908107024,-0.3498695574525747,-0.9409183178881444,-1.078037288424837,-0.7047569202171745,-1.7401631765124368,-1.6106265695055444,-1.3103783065882237,1.2647472940104123,-1.4826560530703778,-1.10238118074365,0.022884940828280784,-0.40756350515627643,0.4004260580696671,-0.9711137216613229,-0.4181440800201872,-0.4350483766198969,-1.5013065155121432,-1.8095899785246372,-1.4923978755574234,-0.1754466287819936,-1.27915337610071,-0.4138838988312352,-0.06598131739495378,-0.15533880674666584,-0.005187211814585553,-0.0176002029685281,2.5474360875216293,1.182026593027845,3.158377983974735,-1.1641073334162246,-1.425320078827846,-1.3925471563078609
-0.2164983349362729,0.9376710793983659,-0.8339402900877495,1.743368814478143,0.27163283195067195,-1.078037288424837,0.24315767289291063,-0.49284328365437613,-0.5108395800310565,0.4813164605921596,1.2647472940104123,0.7420429040921181,0.2611364005259204,-1.8288968046798255,-0.40756350515627643,-0.6592048030806762,1.7963825254174652,0.09905161831956781,-1.088940678178822,-0.9654441955504351,-0.29702520182987835,-0.1744428876434753,-0.18486927454637583,0.11056915654746147,-0.8540523164345554,-1.3733023286865245,-1.1894394435906641,-0.5189527816424587,-1.6267843662427521,0.08749315907529455,2.1930751863772935,0.1572581191234737,-0.21575634186121231,-0.36058623032088505,0.5799078658118131
0.6063434070296296,-1.0664720518431965,0.2029056511026114,-1.5127797640807503,-0.07481035371756128,0.5195113028028266,0.5139904137815063,0.13081666277465404,-0.07838096722074933,-0.414530922998032,-0.8981972666289715,0.7420429040921181,0.2611364005259204,1.1171925473592603,0.46594725796103226,0.4004260580696671,-0.27923965989162586,-0.34425898025736507,0.369676473826115,0.3341985751208431,0.6836015568642353,-0.2570795086165062,-0.46990860869207085,-0.274576988177539,0.0016940491784826147,0.6709967513209111,1.250842973055055,-0.4348865151683814,0.9043681969949938,-1.1695339984876092,-0.9331197355585885,-0.8795648974637871,0.5285459984720904,0.4165221253658878,0.5799078658118131
0.19492253604667834,0.9376710793983659,1.289871506946313,0.8130406491756027,-1.7204154856416691,1.283556281216057,0.5139904137815063,-1.3837860642672766,-1.006675748167012,1.3771638441823513,0.9319865923735845,-1.4826560530703778,-1.10238118074365,0.8919322530092428,0.46594725796103226,-1.7188356642310194,-0.27923965989162586,-1.748075875750986,2.2002113430565378,-0.23345733960978957,-0.9267631832161818,-1.3631119792749256,0.96818884329869,-1.4180233955741355,1.9955760406001644,1.141051147147726,0.8350811486858208,0.4636743929708184,1.0262868928530833,2.30187309044482,-0.5850244372538522,2.475222112465035,-0.32092716684557937,-0.8257038120637793,-1.3925471563078609
-0.545635031722634,0.9376710793983659,1.350401532394832,1.9759508558037784,-1.0275291143052028,-1.633706363634459,-0.16309143843998303,-0.04737189334792621,-0.3207069140541111,0.4813164605921596,0.2664651890999273,-0.3703065744891299,0.2611364005259204,0.34826683629252214,-0.40756350515627643,-1.7188356642310194,0.4126344018780712,-0.787569578834298,-0.9965054659468061,-0.6418428242416432,-0.5315915450657646,0.2970424786543279,-0.6979655655394998,-1.0686133853626796,-0.948984641435357,0.8994687924105438,-0.09754329908099767,1.097382394626388,0.6312855752302128,0.3741759655923245,-1.0101678674054249,0.0901467819056053,-0.164205583339974,-0.14359631928384606,0.12869645000399213
-0.2164983349362729,0.9376710793983659,1.0944770137647113,1.0456226905012382,1.1377407961212551,-1.0085786540236341,0.3785740433372085,0.338703311584331,0.2534191753664691,-0.414530922998032,0.9319865923735845,-0.3703065744891299,-1.10238118074365,0.5582992153167978,-0.40756350515627643,1.4600569192200104,0.4126344018780712,0.7640175161849672,-1.3462097804315136,-0.6376561670000138,-0.5284268588349129,0.7077609596073985,-0.11699661534316343,-0.615021552358576,-1.0071372143907846,0.8683611689847613,0.3157633024066339,0.6416988086179213,0.721810072734712,0.8081132066388039,-0.4163825256254147,0.15424312947405094,-1.50306530888301,-1.0018609594013188,-0.8760410563540361
-1.6976134704748975,-1.0664720518431965,-1.0927920781714122,0.11529452519869628,0.6180760176189052,1.4919321844196654,-0.5693405497728766,-0.16616426409631302,0.32052482218186157,-1.3103783065882237,-0.7318169158105572,-1.4826560530703778,-1.10238118074365,-1.243815136846926,-1.2810742682735852,-0.6592048030806762,1.7963825254174652,0.8379026159477893,0.8952001845004227,0.39217857463321343,-0.5827303906700857,-0.16997524361664834,1.2302444281102425,1.2050151386632901,1.1215956524816577,-1.2122547408285678,-2.476626228327321,0.8516385154869752,-1.2427974495123337,0.9122217818761421,0.41783414584603823,0.48092774060734317,-0.7161166344131293,-0.5751925151655024,-1.3925471563078609
0.03035418765349783,-1.0664720518431965,-0.8532157622047113,-0.1172875161269392,0.35824362836773027,0.3111353995992183,-0.4339241793285788,2.061192687435938,2.009350267035906,1.3771638441823513,0.10008483828151368,1.8543923826733661,1.6246539817954908,-0.8586486968023715,-0.40756350515627643,-0.6592048030806762,-0.9711137216613229,0.5423622168965007,0.09609797770868826,1.6964455611668585,1.9103951914544792,1.9744938892602844,0.2388623143020338,2.6316619449752734,0.10474799052345592,-0.8898520494749259,-0.38040512948450644,-0.6851909680462713,-0.881973909812885,-1.1058468948732931,1.0183569517224764,-1.2936149452274828,1.4198695589612333,1.8253221788020795,1.6129200657194627
-0.05192998654309242,0.9376710793983659,0.504098815239386,-0.1172875161269392,0.6180760176189052,0.3111353995992183,-0.5693405497728766,0.7841747018907809,1.2413634201486363,-0.414530922998032,1.4311276448288268,1.8543923826733661,1.6246539817954908,0.5791228326774159,-0.40756350515627643,1.4600569192200104,0.4126344018780712,0.8379026159477893,-0.0013638014723518096,0.6082548036757782,1.320090165021824,1.1785287696699276,1.0997994131354776,0.43152656922318106,0.36892590181974827,0.5622819434361581,0.4584077951592715,0.14514023567730544,0.5790584405101423,-0.46269192777914897,0.5076433289759527,-0.7066210408136043,1.3651783437116878,1.2920316521023274,1.6129200657194627
0.3594908844398588,0.9376710793983659,1.0906883376298488,0.34787656652433174,1.5707947782065466,0.5195113028028266,-1.6526715133272598,-0.5225413763414728,-0.3617159204412954,-0.414530922998032,1.2647472940104123,-0.3703065744891299,-1.10238118074365,0.9377592140485927,0.46594725796103226,1.4600569192200104,-0.27923965989162586,2.2417195114414104,-0.10506019253677043,-0.4650141799440452,-0.4012302470475884,-0.5449022973116883,0.3230973958674366,-0.9701003236905595,-0.004746716717262188,1.0571725389407545,0.9777821039041668,0.23030763400013315,1.007417148744537,1.0146907836794479,-0.211753216060247,0.7734604033479019,-1.0481648486235653,-0.9251114093966303,-0.8760410563540361
-0.3810666833294534,0.9376710793983659,-0.25975092418719264,-0.8150336401038439,1.657405574623605,1.4224735500184624,-0.8401732906614724,-1.3243898788930832,-0.6450508736618414,1.3771638441823513,-0.7318169158105572,-1.4826560530703778,-1.10238118074365,0.18201271235191852,-0.40756350515627643,0.4004260580696671,0.4126344018780712,1.8722940126272993,0.3903066852010688,-0.8807284333998578,-1.339419282178624,-1.0521714885237443,2.1337916705425597,-0.4189030874856955,1.1040439920394856,-0.04665158611150795,-0.05589217048236511,-0.07275916998672896,0.07274535021545218,0.9122217818761421,-0.4182130969526471,1.386417496175049,-0.8802450618303264,-1.1140370997896323,-1.3925471563078609
1.1823326264057614,0.9376710793983659,1.4307358655698204,0.8905679962841478,-0.3346427429687362,-0.9391200196224314,-0.027675067995685147,-1.6807669911382437,-1.7150131312183772,-1.3103783065882237,0.43284553991834157,-0.3703065744891299,-1.10238118074365,0.9993015755013164,1.3394580210783409,-1.7188356642310194,-0.27923965989162586,-0.2703738804945429,-0.6897472953461852,-1.5449529418998915,-1.3265471952671544,-1.6480093536610574,-0.8869015182576709,-1.8420928969217456,-0.8192691967781838,1.2708991185190281,1.517635457720639,-0.023625275056473417,1.145167334195883,0.4854034114944222,-0.9759390632219301,1.4652709827301378,-1.2559749874595256,-1.4487287802808588,-0.8760410563540361
0.9354801038159906,-1.0664720518431965,-0.07803953667236434,-0.3498695574525747,0.18502203553361363,-0.5918268476164176,-1.517255142882962,-0.16616426409631302,-0.6525070566413295,-0.414530922998032,-1.0645776174473858,-1.4826560530703778,-1.10238118074365,0.09543443452642754,1.3394580210783409,0.4004260580696671,-0.9711137216613229,0.9856728154734336,-0.3854329719339718,-0.35737266264530493,-1.00077096419633,-0.5130903048769574,-1.306527451340174,-0.5376575016626496,-0.7823678566516017,0.007264816445979959,0.8150544403884378,-0.7489970321225898,0.05599423008020955,0.5947613997946539,-0.853893475361617,0.28670242134691154,-1.1464566667860625,-0.8784133701339883,-1.3925471563078609
0.2772067102432686,0.9376710793983659,0.2746406965405739,1.8984235086952332,-1.2873615035563777,0.9362631092100432,0.3785740433372085,-0.34435282021889324,-0.06719669275151725,-0.414530922998032,-0.06629551253690062,-0.3703065744891299,0.2611364005259204,-0.7470922148262068,0.46594725796103226,0.4004260580696671,-0.9711137216613229,-1.304765277174053,1.5111923819217172,0.5695462906444387,0.2513261682189189,-0.37395022695611024,0.6726559327279171,-0.31440329527663724,1.3199963416941247,-0.23126477079925625,-0.13226216252839285,-0.20726580190512478,-0.4928010875444865,0.14584912995505098,-0.35585466871701504,0.10891751310737494,1.0269227333211624,0.5348270790820192,0.12869645000399213
1.1000484522091711,-1.0664720518431965,-0.5091267066212041,-0.2723422103440295,-1.7204154856416691,0.5889699372040293,0.10774130244861274,1.615721297129488,1.2189948712101721,-1.3103783065882237,0.10008483828151368,0.7420429040921181,1.6246539817954908,-0.406876827907631,1.3394580210783409,0.4004260580696671,-0.9711137216613229,-1.5264205764625194,1.4943593794925372,2.5696477899848387,1.8001096367800504,1.030175025484652,-0.4155794732445612,1.430264404806297,0.7545964265314283,-0.4769008336912494,0.5942508542552587,-1.0382758850378586,-0.44285595831775365,-0.5590884633101237,0.5947908453403871,-0.9702813096899098,2.1312779229230134,2.1842839466603987,1.2401231180873624
1.5114693231921223,-1.0664720518431965,-1.5460854355108953,0.2703492194157866,-1.2873615035563777,-0.9391200196224314,-0.2985078088842809,0.5465899603940072,-0.23123271830025444,0.4813164605921596,-1.5637186699026284,-0.3703065744891299,0.2611364005259204,-1.8036707786543487,1.3394580210783409,-0.6592048030806762,1.7963825254174652,-0.9353397783599423,-0.21232003346594616,0.27488005029582024,0.08181261934189948,0.10275724097487952,-1.5721919393541377,1.0672942484718138,-0.780605548605654,-1.7387649046759375,-0.07161763657113084,-1.648641505556751,-1.7992723991113728,-0.994142054558969,-0.0818677862682438,-0.9118275919354828,0.2480914869122804,0.3858077557382194,0.12869645000399213
0.11263836185008808,0.9376710793983659,0.4548360307981717,0.2703492194157866,-1.0275291143052028,1.6308494532220708,1.5973213773358894,1.110853721448844,2.210667207482083,0.4813164605921596,1.4311276448288268,1.8543923826733661,1.6246539817954908,0.3040114889150727,0.46594725796103226,1.4600569192200104,0.4126344018780712,-1.748075875750986,1.983083519169515,2.4406091385395126,2.2475262797291102,1.5250542506333824,2.319655664684042,1.1456126446129582,2.570639119621744,0.3977002403119258,0.41003735462207647,0.0029230631086131272,0.35759092995788616,-0.46269192777914897,0.5643686696195956,-0.8005996834121142,2.352596748336408,2.1343467230322934,1.6129200657194627
0.03035418765349783,0.9376710793983659,0.6736088150959422,1.2782047318268719,-1.4605830963904942,-0.2445336756104038,-0.16309143843998303,-1.4431822496414701,-1.1595274992465172,0.4813164605921596,1.597507995647241,-1.4826560530703778,-1.10238118074365,-0.010678834688671519,-0.40756350515627643,1.4600569192200104,-0.9711137216613229,-1.1569950776484088,0.5213733322176568,-0.9317498356044467,-1.3749701829433187,-1.178896911846367,0.5902766006328276,-1.2769241293362013,0.5542751846825752,0.3556023642282111,0.1526988300327505,0.19140483793907895,0.1770805316035323,2.784067515401162,0.43121849639484755,2.904532460716451,-0.8369810251080687,-1.1382298022273594,-1.3925471563078609
0.3594908844398588,0.9376710793983659,2.1385599638886092,-0.2723422103440295,-0.7676967250540278,0.7973458404076377,-1.2464224019943662,-0.34435282021889324,-0.10820569913870155,-1.3103783065882237,0.43284553991834157,-0.3703065744891299,0.2611364005259204,2.4182368780527543,0.46594725796103226,-1.7188356642310194,1.1045084636477682,0.02516651855674566,1.1329728866626938,0.35924395328156744,0.13150573242381375,-0.37289275296414287,0.5601151354947872,-1.297633166178034,0.9870328859827758,2.3629657909075443,1.8915608359676894,0.9046078533507083,2.399425592328088,0.4854034114944222,-1.4462327588381898,0.3214075302191397,0.8686361912761593,0.42937890847099,0.12869645000399213
1.0177642780125808,0.9376710793983659,-0.6587615169325652,-0.5824515987782102,1.5707947782065466,0.6584285716052322,-1.2464224019943662,-0.10676807872211962,0.07447078385875577,-0.414530922998032,-0.5654365649921436,-0.3703065744891299,0.2611364005259204,-0.38213969881861953,1.3394580210783409,-0.6592048030806762,-0.9711137216613229,2.0200642121529437,-0.05592144767759144,-0.1187405876349219,-0.16375629340668732,-0.14754942261924262,0.4415363819272411,0.5277712597795171,0.0753514340484088,-0.5445533782100722,0.5632187548794988,-1.076943273806349,-0.4643631683331284,-0.21240541170104382,0.12102098788406236,-0.23118997656022305,0.32542843637214375,0.17194010991748251,0.12869645000399213
-1.6153292962783072,0.9376710793983659,1.6225519969924902,1.4332594260439624,-1.6338046892246108,0.3805940340004211,-1.1110060315500683,0.16051475546175073,0.6336845073203599,0.4813164605921596,0.43284553991834157,-1.4826560530703778,-1.10238118074365,0.9149114722781392,-1.2810742682735852,-1.7188356642310194,-0.27923965989162586,-0.787569578834298,1.2924682288621905,0.9487768048187936,-0.3113409301735842,0.5208604501960545,1.170147173793175,-0.7088915524280665,1.4032206222153314,1.3311788869764194,-0.99507285625457,2.6678678793098984,1.1328263962313785,1.9152258616767657,-1.1126447907155104,0.8943380792695956,-0.5915889605366947,-0.37147554942718186,-1.3925471563078609
0.19492253604667834,0.9376710793983659,1.0449161237141127,2.131005550020869,-0.07481035371756128,-0.5223682132152149,0.9202395251144,-0.22556044947050644,-0.41018110980796774,-0.414530922998032,1.7638883464656554,-0.3703065744891299,-1.10238118074365,-0.0526286882115165,0.46594725796103226,1.4600569192200104,-0.9711137216613229,-0.5659142795458315,-0.6040274005995054,-0.5257385020027395,-0.44525084511433366,-0.2624817552309476,-0.54396384136706,-0.976417522123935,-0.6512174256704703,0.5334514322000155,0.24638807732920534,0.3091937065959632,0.24495614979400498,1.3127572702148969,0.13743051698274256,0.7645287766981883,-1.2248182481223633,-0.9518416740676242,-0.8760410563540361
0.7709117554228101,-1.0664720518431965,-0.4279246301598075,-1.1251430285380246,1.0511299997041967,-1.355871826029648,0.9202395251144,2.150286965497228,0.7492553435024246,0.4813164605921596,0.10008483828151368,0.7420429040921181,1.6246539817954908,0.19575365489580446,0.46594725796103226,0.4004260580696671,0.4126344018780712,0.3945920173708564,-1.7057357977620597,0.027220553628392197,0.4836452518602465,1.4948706853480245,-1.8829192507230212,0.9228465241075183,-1.6866374459975455,-0.13013141975279763,0.7798138561740244,-0.8535568425171357,0.03772252305664253,-0.5590884633101237,0.5006837493675765,-1.0799778720982118,0.2618772152648202,0.9532056064492087,1.2401231180873624
1.2646168006023515,0.9376710793983659,0.03996576689406235,1.0456226905012382,-1.7204154856416691,0.24167676519801556,1.0556558955586979,-0.34435282021889324,-0.27596981617718275,1.3771638441823513,-0.7318169158105572,-0.3703065744891299,0.2611364005259204,-0.556766063510884,1.3394580210783409,0.4004260580696671,-0.9711137216613229,-2.0436162748022744,1.0727550130950305,0.3257608575632239,0.11189870978531774,-0.37226530240957467,0.0997209649956199,-0.31537305710082925,0.7250048130976229,-0.2599655987547975,0.5904768644852407,-0.8318255767681874,-0.41001367771459946,-0.3363452950012915,-0.6741632731261523,-0.19149976391656626,0.8428409791864482,0.41217592018870064,0.12869645000399213
-0.2164983349362729,-1.0664720518431965,-1.4614626171195724,0.11529452519869628,1.39757318537243,1.1446390124136514,-1.2464224019943662,0.7247785165165874,1.1034240350281073,-1.3103783065882237,-1.7300990207210423,0.7420429040921181,0.2611364005259204,-1.6290066999133395,-0.40756350515627643,-0.6592048030806762,1.7963825254174652,1.8722940126272993,0.342730891622094,0.8136999095611551,0.9676129690371849,0.6878124095341247,0.9386614534607693,2.5507996195484615,0.5680224098973206,-1.6050555052503932,-1.0615716965181987,-0.8525806852087486,-1.6408104417835556,-1.7259966035699696,-0.3686739067976906,-1.3288518316498799,0.515990257445575,0.6519656520748379,0.5799078658118131
1.5937534973887126,-1.0664720518431965,-0.2983069623697849,-0.7375062929953005,-1.114139910722261,-1.5642477292332562,-1.2464224019943662,-0.403749005593086,-1.0961499439208686,-0.414530922998032,-1.0645776174473858,-0.3703065744891299,0.2611364005259204,0.09387120622690065,1.3394580210783409,0.4004260580696671,-0.9711137216613229,-0.2703738804945429,-0.6897472953461852,-0.6938346326899968,-0.5712224752852965,-0.7182031651895944,-2.0396503590302784,-0.7787894364895421,-1.2000772923996923,-0.11173821167068126,1.1701553624511891,-1.1266034455614073,-0.0046260676311803296,-0.5915406360112303,-0.6791144330785548,-0.3211301348645446,0.002220858652903587,-0.17722569276987574,0.12869645000399213
0.44177505863644906,-1.0664720518431965,-0.6526573625924456,-1.5903071111892955,-0.2480319465516779,-0.5223682132152149,-0.8401732906614724,0.9623632580133611,0.23477871791774893,1.3771638441823513,0.10008483828151368,1.8543923826733661,1.6246539817954908,0.2532552669931568,0.46594725796103226,-0.6592048030806762,0.4126344018780712,0.24682181784521212,-0.24980399204331993,0.5557026157386256,1.2878136433858445,0.46495581337240427,-1.25374724200489,0.6730492469567116,-0.6848130765933506,-0.22133125736176315,0.6069870762895163,-0.807816615633063,0.02093587502287596,-1.1058468948732931,0.7664902314662635,-1.0771664938335586,1.222252054935297,1.2631900550433768,1.6129200657194627
1.2646168006023515,-1.0664720518431965,-0.8147656491491131,0.19282187230724143,1.39757318537243,0.7278872060064349,0.5139904137815063,1.4969289263811012,1.1779858648229877,-0.414530922998032,0.10008483828151368,1.8543923826733661,1.6246539817954908,-0.9938897569197365,1.3394580210783409,-0.6592048030806762,1.7963825254174652,0.9117877157106115,-0.14254220288344918,1.0426867472541066,1.5723453367660163,0.9291812296847752,-0.30719307458698014,1.7569798016327351,-0.2676292139479095,-0.9376972474057661,0.3144636348660095,-1.247872217632644,-0.9754659878708707,-1.1058468948732931,0.9689587553713389,-1.1924995470098458,1.284592444682761,1.5186163379829347,1.6129200657194627
-1.286192599491946,-1.0664720518431965,-1.7051361481777783,-0.8150336401038439,1.39757318537243,-1.4947890948320535,-0.5693405497728766,-2.0074460106963072,-2.0505413652953397,1.3771638441823513,0.10008483828151368,-1.4826560530703778,-1.10238118074365,-1.3478873049751026,-1.2810742682735852,-0.6592048030806762,1.7963825254174652,1.5028685138131888,-1.5927075515109848,-2.018122681755056,-2.2803913489261824,-1.9417989206166058,-1.2733473197421294,-1.0541054130708025,-1.4701833352742923,-1.5915840058635697,-1.95585353318117,-0.09588392697356353,-1.488818193864762,1.6440763308871427,2.2630197448933425,2.8913217972042347,-1.5999746087624631,-1.7174984391693218,-1.3925471563078609
-1.3684767736885364,0.9376710793983659,0.8070677002248198,-0.8150336401038439,-0.5078643358028528,1.283556281216057,0.9202395251144,1.853306038626261,2.87426749265652,0.4813164605921596,1.4311276448288268,1.8543923826733661,1.6246539817954908,1.32008374990375,-1.2810742682735852,1.4600569192200104,-0.27923965989162586,-0.9353397783599423,1.2779350625459427,2.614765124878801,2.3203870105183513,2.3116079669388805,1.99952716973864,1.2044555143781577,1.7987396143429037,1.0973954099549852,-0.39278447616492235,1.6687888180056363,1.2195573796602006,-0.46269192777914897,0.17543153173758677,-0.9787408481225403,2.0291782000032135,2.201513554524697,1.6129200657194627
-0.3810666833294534,-1.0664720518431965,-0.33727286740690754,0.42540391363287694,-0.9409183178881444,0.03330086199440727,0.24315767289291063,0.21991094083594415,0.20122589451005268,1.3771638441823513,-1.397338319084214,0.7420429040921181,0.2611364005259204,-0.6198287144502854,-0.40756350515627643,0.4004260580696671,-0.9711137216613229,-0.9353397783599423,0.43561696480009243,0.4518567712259219,0.7562715805810037,0.20332123506933616,0.009103699691019724,0.3602746180200083,0.24634088835347648,-0.4933163091724322,-0.5587002590094496,-0.11860094686805536,-0.5597316731987839,-1.497669767932696,-0.9456787439420757,-1.0883381340446496,0.5591053308353399,0.4763598522384461,0.5799078658118131
0.2772067102432686,0.9376710793983659,0.6693589087252003,0.6579859549585124,0.7912976104530218,0.5195113028028266,0.3785740433372085,0.8435708872649743,0.9207475520306498,1.3771638441823513,1.4311276448288268,1.8543923826733661,1.6246539817954908,0.3173396673408228,0.46594725796103226,1.4600569192200104,0.4126344018780712,0.46847711713367857,-0.029434590406983048,0.6334719949223361,1.3354343561959274,0.7578745357296625,0.32520116913330627,0.08191122999687883,0.049713367156250216,0.51879168280705,0.5353841417050086,0.025601297558616114,0.4250392230061131,-0.46269192777914897,0.3229530766925725,-0.7245502831873892,1.3492852589385258,1.3057551509798744,1.6129200657194627
0.9354801038159906,-1.0664720518431965,-0.1517742264548974,0.34787656652433174,-0.7676967250540278,1.4224735500184624,1.4619050068915915,-0.6710318397769564,-0.5369362204592647,1.3771638441823513,-0.3990562141737293,-0.3703065744891299,0.2611364005259204,-0.38213969881861953,1.3394580210783409,0.4004260580696671,-0.9711137216613229,-1.4525354766996974,1.5695067117656607,0.26302893059068033,0.07475378042536657,-0.9510501798189784,0.21395037083683643,-0.3981051932488382,1.127132456142728,-0.2733362338791494,0.5157171815689902,-0.7873400472368222,-0.3277257453129093,-0.09078229792448163,-0.22924187983871888,0.1495981578215506,1.0507747184810166,0.37962634447316734,0.12869645000399213
0.2772067102432686,-1.0664720518431965,-1.5073781715647085,0.34787656652433174,0.35824362836773027,-0.31399231001160655,0.10774130244861274,-1.918351732635017,-1.946154803582507,1.3771638441823513,-0.06629551253690062,-1.4826560530703778,-1.10238118074365,-1.806186222290375,0.46594725796103226,-0.6592048030806762,1.7963825254174652,0.24682181784521212,-0.4747077435075648,-1.639320639929551,-1.9270652259158827,-2.029543681142545,-1.088079222791306,-1.0188336800825863,-0.7578723323796883,-1.719214046289645,-0.8054235399519358,-1.1490281201550279,-1.7906346747415927,1.5041430422255015,1.7400265695858128,2.625457258519605,-1.178272889678433,-1.5000952261175826,-1.3925471563078609
1.5114693231921223,0.9376710793983659,0.6863290493792713,-0.2723422103440295,0.7912976104530218,-0.7307441164188231,-1.6526715133272598,1.4969289263811012,0.9505722839486022,1.3771638441823513,1.4311276448288268,1.8543923826733661,1.6246539817954908,0.8636657688052393,1.3394580210783409,1.4600569192200104,-0.27923965989162586,1.5767536135760107,-0.6854538847177658,0.5766317255507408,1.300716833936089,1.3822119382752263,-0.7114331076237493,0.0881962007690075,-0.758619225865121,0.8033436623284257,1.608047957514888,-0.595118809620306,0.8431636525735912,-0.46269192777914897,0.304465882231354,-0.8986510130846475,0.958464451971918,1.2747158543331938,1.6129200657194627
-0.7924875543124047,0.9376710793983659,-0.8661226200264522,-0.8925609872123891,-0.2480319465516779,-1.078037288424837,-1.517255142882962,0.45749568233271715,0.3317090966510936,0.4813164605921596,-0.5654365649921436,-0.3703065744891299,-1.10238118074365,-0.41397281669650204,-1.2810742682735852,-0.6592048030806762,-0.9711137216613229,0.6162473166593229,-0.5902832824544682,-0.05142077891905363,-0.12004719718294513,0.8352446624194138,-0.1780393005159357,0.9767403940063661,-0.5185916653925281,-0.6717631891572516,-0.8105337710125811,-0.09221368543140901,-0.5447473326750927,-0.21240541170104382,0.3434497281973119,-0.46452369319689724,-1.219845358002604,-0.7502146171174758,-0.8760410563540361
-1.203908425295356,-1.0664720518431965,-1.0722183450167477,-1.2026703756465698,-0.9409183178881444,1.561390818820868,-0.2985078088842809,0.10111857008755733,0.6225002328511278,-0.414530922998032,-0.3990562141737293,-1.4826560530703778,-1.10238118074365,-0.4406956465593502,-1.2810742682735852,-0.6592048030806762,-0.9711137216613229,-0.6397993793086537,1.8682116123424362,1.2521081595600838,-0.1747517481142029,0.08839453142876538,1.2912734228043177,1.5017462766985374,1.916612506025012,-0.7953509606893349,-1.2808765298549751,0.19597465960220198,-0.6207593056855161,1.2149111084913304,0.7609138097052087,0.5117444443203766,-0.41778909675954234,-0.26700970779440664,-1.3925471563078609
-1.3684767736885364,0.9376710793983659,0.009546141405845397,-0.8150336401038439,1.657405574623605,-0.3834509444128093,0.7848231546701021,-1.0274089520221166,-0.7941745332516025,-0.414530922998032,1.4311276448288268,-1.4826560530703778,-1.10238118074365,0.46821112780352614,-1.2810742682735852,0.4004260580696671,0.4126344018780712,0.9856728154734336,-1.112507313499679,-1.2971393152941721,-1.6451560858511338,-0.737689777344455,0.46443859359129575,-0.7007574304313033,-0.6776450364832358,0.24188407674012813,-0.9211654199914748,1.1087533836054857,0.36239411492518964,2.666827458131557,1.1142049996329624,2.3250086698871058,-1.413324277170319,-1.318614021187939,-1.3925471563078609
-1.1216242510987657,0.9376710793983659,1.9305508161716958,0.8130406491756027,-0.07481035371756128,-1.633706363634459,-1.517255142882962,-0.6413337470898597,-0.8128149907003227,-1.3103783065882237,-0.23267586335531493,-0.3703065744891299,0.2611364005259204,1.575142701439008,-1.2810742682735852,-1.7188356642310194,-0.27923965989162586,0.7640175161849672,-1.0804543709864587,-1.050371410731539,-0.860951559718208,-0.33200180032290544,-0.6986890964939642,-1.5387897664053598,-1.0017798672236782,1.8285069540933911,0.07132266695487802,2.1495632685980817,1.7122820287844098,0.02860907268544545,-1.6368997672642467,0.20963957303978717,-0.2109955089698628,-0.42076543675464473,0.12869645000399213
-1.0393400769021754,0.9376710793983659,-0.8661226200264522,-0.3498695574525747,0.18502203553361363,-1.0085786540236341,-1.1110060315500683,-0.37405091290598996,-0.38035637789001553,1.3771638441823513,0.43284553991834157,-0.3703065744891299,-1.10238118074365,-0.7393794811100639,-1.2810742682735852,-0.6592048030806762,-0.9711137216613229,0.7640175161849672,-0.7615478796523928,-0.7136144373601505,-0.5864627465515254,-0.04585093204961121,-0.11413371164529236,0.26616580711240856,-0.6123698612410976,-0.8355688334623748,-1.2770430235650603,0.1453494908501397,-0.7935191939721334,0.4854034114944222,1.3808644063381856,0.3391142881240123,-1.2822622842832305,-1.0363825911222815,-0.8760410563540361
0.9354801038159906,0.9376710793983659,-0.776714679421272,1.4332594260439624,0.35824362836773027,-0.8696613852212286,0.7848231546701021,-0.49284328365437613,-0.7345250694156981,1.3771638441823513,0.10008483828151368,0.7420429040921181,0.2611364005259204,-1.614590559201659,1.3394580210783409,-0.6592048030806762,1.7963825254174652,-0.12260368096889863,-1.0529624320783493,-0.9463165364239026,-0.27948908133654177,-0.5148364375042364,-0.8268868334076013,-0.15175064081250655,-1.023122029125523,-1.233001300491832,-0.2648372934455534,-1.0994035476772808,-1.4446193684006925,-0.5590884633101237,0.9205986997491223,-0.2558083792682436,-0.19561163829506872,-0.3472281448827261,0.5799078658118131
0.03035418765349783,-1.0664720518431965,-0.8467793359080062,-0.9700883343209342,0.35824362836773027,0.5195113028028266,0.9202395251144,-1.08680513739631,-0.865008271556739,1.3771638441823513,-1.0645776174473858,-1.4826560530703778,-1.10238118074365,-0.3470646675168908,-0.40756350515627643,-0.6592048030806762,-0.9711137216613229,-0.1964887807317208,0.1031971135157772,-0.8048703133788079,-1.2874612935920744,-1.0561664614412882,0.4144673417313787,-0.23086437513383662,0.17908157451511827,-0.627074124204627,-0.058168518894803366,-0.681770047857279,-0.4881287958481731,0.5947613997946539,-0.19378287298277563,0.9288869808017278,-0.97670099963083,-1.0784909664557256,-1.3925471563078609
1.0177642780125808,-1.0664720518431965,-0.9313475408747014,-1.5127797640807503,-1.114139910722261,-0.5918268476164176,0.9202395251144,-0.43344709828018274,-0.857552088577251,-0.414530922998032,-1.0645776174473858,0.7420429040921181,0.2611364005259204,-0.09338497831327562,1.3394580210783409,-0.6592048030806762,-0.9711137216613229,-1.4525354766996974,-0.1660388193040862,-0.4300922704499779,0.1533069356903666,-0.7460696674611179,-1.3099423870793125,-0.16419032447925405,-0.6570983557052185,-0.5451939587367038,0.7443904934870831,-1.2064653262565073,-0.3178822887756881,-1.2770843337303666,-0.11203916613571074,-0.7368687301275434,0.2711345338296104,-0.011080707600047831,0.5799078658118131
-0.9570559027055852,0.9376710793983659,0.839686770511157,-0.6599789458867553,1.0511299997041967,1.283556281216057,0.24315767289291063,1.6751174825036814,2.6766786437000865,-0.414530922998032,1.4311276448288268,0.7420429040921181,1.6246539817954908,1.2598243750641305,-1.2810742682735852,1.4600569192200104,-0.27923965989162586,0.7640175161849672,0.4609270037948599,1.7131615655109595,1.4277270654743677,2.1245184788031146,2.002458679654451,1.0463343180934395,1.1088668688099887,1.0846668209814256,0.0610442410713448,1.1697511437798782,1.1829644779907018,0.17483201590986006,0.14131069796605727,-0.6464776241023356,1.618146008274228,1.8326958099791555,1.2401231180873624
-0.9570559027055852,0.9376710793983659,1.5295803216853492,0.5804586078499673,-0.5078643358028528,-1.4947890948320535,1.0556558955586979,0.36840140427142704,0.08192696683824383,-1.3103783065882237,-0.23267586335531493,0.7420429040921181,0.2611364005259204,1.2749746825474417,-1.2810742682735852,-1.7188356642310194,-0.27923965989162586,-1.0092248781227644,-1.3462097804315136,-0.6210645994128171,0.0016161867024371585,0.7393734160076683,-0.565737662122019,-0.9407844673045551,-1.1313977490694045,1.4625713578717388,0.07041673108829521,1.6540578928969731,1.3793261164873964,-0.756274678886085,-1.403985644010647,-0.7295002669903639,-0.3628682238913352,-0.13028086494252816,0.5799078658118131
0.2772067102432686,0.9376710793983659,-0.3823185198101423,1.9759508558037784,-0.6810859286369695,-1.078037288424837,0.9202395251144,0.338703311584331,-0.13430233956690973,1.3771638441823513,0.5992258907367559,-1.4826560530703778,-1.10238118074365,-1.4732212249123462,0.46594725796103226,0.4004260580696671,1.7963825254174652,-1.0831099778855866,-0.8508210560290813,-0.30663023115836524,-0.9702054510101781,0.27678915906604595,-1.0023872536948486,0.10615263565490002,-0.9543124477164487,-0.9512913433803343,-0.5926726528241967,-0.5758148625298798,-1.2290087748208158,2.0466777494348816,0.9023290642234899,0.8694229405962142,-1.3151916115439357,-0.8566959281087665,-1.3925471563078609
0.6063434070296296,-1.0664720518431965,-0.5385689840609327,-0.1172875161269392,0.09841123911655533,0.6584285716052322,-0.16309143843998303,1.2296460921972308,0.9170194605409059,-1.3103783065882237,0.10008483828151368,0.7420429040921181,1.6246539817954908,-0.5274306394606213,0.46594725796103226,0.4004260580696671,-0.9711137216613229,0.17293671808238997,0.46801381471339504,1.3378464803822399,1.2457073471584936,0.6971565016163771,-0.36036688869017663,1.1891016257946048,0.1116214728452692,-0.5537336791855193,0.22434380121534073,-0.83160070478089,-0.5430364508537757,-0.5590884633101237,0.629447381269486,-0.8784898061557821,1.6219009994650861,1.6617186503852073,1.2401231180873624
0.3594908844398588,-1.0664720518431965,-1.862907574114569,-0.5824515987782102,-1.5471938928075526,0.3111353995992183,-0.4339241793285788,0.21991094083594415,-0.06719669275151725,-1.3103783065882237,-0.5654365649921436,-0.3703065744891299,0.2611364005259204,-1.6507289654821569,0.46594725796103226,-0.6592048030806762,1.7963825254174652,-1.0831099778855866,1.1307338415806485,0.9027822877219754,0.43037286187150464,-0.17770306031170016,-0.6222940198506961,1.6331328091049562,0.41956858888815296,-1.8297710873782917,-0.6495444322989212,-1.3525610321652297,-1.7663332807730119,-0.21240541170104382,1.615634789661532,-0.372920747969946,0.8676800624721769,0.6933866549539441,0.12869645000399213
1.3469009747989418,-1.0664720518431965,0.269901789824742,0.03776717809015112,1.39757318537243,1.005721743611246,0.3785740433372085,-0.5225413763414728,-0.5071114885413124,1.3771638441823513,-0.06629551253690062,-0.3703065744891299,-1.10238118074365,0.2397111048619649,1.3394580210783409,0.4004260580696671,0.4126344018780712,0.9856728154734336,0.08197196192969733,-0.3664916921588785,-0.33138538582889493,-0.821459537148881,-0.09807801195957991,-0.6317249257794032,-0.037651174727508924,0.26628415144387557,1.133859477815301,-0.7472648762186322,0.2591338791476032,0.14584912995505098,-0.351559187892257,0.21251812261064462,-0.983925756476864,-0.8823361445392959,-0.8760410563540361
1.2646168006023515,-1.0664720518431965,-0.17311660892665653,-1.4352524169722052,0.18502203553361363,-0.2445336756104038,-1.6526715133272598,-1.5916727130769535,-1.677732216320937,-1.3103783065882237,-1.8964793715394566,-0.3703065744891299,-1.10238118074365,0.6640600079202411,1.3394580210783409,0.4004260580696671,0.4126344018780712,1.0595579152362558,-0.10923914737816738,-1.2817106542484793,-1.0682174966163511,-1.746670644169974,-1.037623152496771,-1.3237575764863807,-0.521524268129715,0.2422383784301928,1.3542700758053778,-0.939625595914834,0.46138278552217143,-1.2770843337303666,-1.4931584797705926,-0.05751882585910512,-1.0496121347106677,-1.3107307850089018,-0.8760410563540361
-0.46335085752604366,0.9376710793983659,-1.5616835179168105,1.2782047318268719,1.1377407961212551,0.03330086199440727,-1.6526715133272598,0.576288053081104,0.9095632775614179,-1.3103783065882237,0.43284553991834157,-0.3703065744891299,0.2611364005259204,-2.3498507146001226,-0.40756350515627643,-0.6592048030806762,1.7963825254174652,1.8722940126272993,-0.27575442490457946,0.25213916045602536,0.06825029300494584,0.9578566707112199,0.8421374342664616,2.4652518668016365,0.06311126285972572,-2.026944632576588,-1.7331683147691241,-0.7423209431192501,-2.2306469475770707,0.4854034114944222,2.451428137375349,-0.12974113523345543,0.21628876537814865,0.3739329843064903,0.12869645000399213
-1.533045122081717,-1.0664720518431965,0.25088465853545666,0.03776717809015112,-1.2873615035563777,0.5889699372040293,0.10774130244861274,0.3980994969585237,0.5665788605049673,0.4813164605921596,-0.8981972666289715,0.7420429040921181,0.2611364005259204,0.2200658556576556,-1.2810742682735852,0.4004260580696671,0.4126344018780712,-1.1569950776484088,1.188367301020932,1.1138928504405459,1.1305707397041713,0.3717853794259453,0.46877234323428085,0.16555633908417208,0.983260914176481,0.24591919327863782,-1.304195970182322,1.51807611656926,0.23897096365676448,-1.1695339984876092,-0.968695319253585,-0.9617167524186548,0.8922178590913802,0.7889155816138347,0.5799078658118131
-0.05192998654309242,0.9376710793983659,0.05508143299114078,0.34787656652433174,1.4841839817894882,-0.10561640680799825,1.3264886364472936,-0.403749005593086,-0.10820569913870155,-1.3103783065882237,0.7656062415551702,-1.4826560530703778,-1.10238118074365,-0.16280609704487303,-0.40756350515627643,0.4004260580696671,-0.9711137216613229,0.5423622168965007,-0.9380094715239089,-0.8294546883080108,-1.3041844743117421,-0.0773502857646872,0.7199742224736632,-0.19570327625611153,-0.47258971358021923,-0.052126128501890454,-0.004865482847683679,-0.12415959999291538,-0.10488594380510755,2.1755264576669635,0.518997413649992,1.4341548921691736,-1.3476182126230873,-1.0899561447511323,-1.3925471563078609
0.19492253604667834,-1.0664720518431965,0.2888207677414247,0.5029312607414221,-0.6810859286369695,-0.8002027508200259,-0.8401732906614724,0.4277975896456204,-0.2685136331976947,1.3771638441823513,-1.0645776174473858,0.7420429040921181,0.2611364005259204,-0.0010603636229349232,0.46594725796103226,0.4004260580696671,-0.9711137216613229,-0.12260368096889863,-0.2905193263601232,0.13299354127427354,0.55432527449288,0.0033151913633056407,-1.460649880797752,-0.4696941120510038,-0.783545907334961,0.1544767742712171,0.27866419866274367,-0.14825367758230454,0.08102486349395409,-1.2770843337303666,-1.1220506678465372,-1.0273978123656293,0.20884965242266143,0.3107879108801177,0.5799078658118131
-1.6976134704748975,0.9376710793983659,-0.47991903149421716,0.9680953433926931,-1.6338046892246108,-1.5642477292332562,-1.2464224019943662,-1.1165032300834066,-1.1856241396747254,0.4813164605921596,0.5992258907367559,-0.3703065744891299,-1.10238118074365,-1.0622231843369432,-1.2810742682735852,0.4004260580696671,1.7963825254174652,-0.7136844790714758,-0.4642955327916275,-1.0721094367832833,-0.8797266915683593,-0.8316296317219276,-0.6252835923864052,-0.7589409423875918,-0.5903045031353944,-0.7941649317130604,-2.3616331058690796,1.271479345074462,-0.9380134078978128,0.5947613997946539,1.0266932662201984,0.9550790640028245,-1.1745489460562692,-1.2060057311888908,-0.8760410563540361
-0.7102033801158144,0.9376710793983659,1.5262158938822417,-0.504924251669665,1.2243515925383133,-0.2445336756104038,0.24315767289291063,-0.5225413763414728,-0.2685136331976947,-1.3103783065882237,0.2664651890999273,-0.3703065744891299,0.2611364005259204,1.9013260141325283,-0.40756350515627643,-1.7188356642310194,-0.27923965989162586,0.9117877157106115,-0.7705426781259175,-0.8155688225119568,-0.6664947782328836,-0.20265286849858244,0.5930816316539859,-1.119663062980785,-0.3894553425733541,1.774740823731721,0.7097847361694165,1.3808662060810568,1.8486231310791714,0.3741759655923245,-1.1341531057750287,0.35964819296905637,-0.040939891556959575,-0.2577642651543815,0.12869645000399213
-1.4507609478851267,-1.0664720518431965,-0.5981726360825277,-0.19481486323548436,-0.07481035371756128,-1.4253304604308508,-1.381838772438664,2.1205888728101314,1.1481611329050356,0.4813164605921596,0.10008483828151368,1.8543923826733661,1.6246539817954908,-0.5457400096391697,-1.2810742682735852,0.4004260580696671,-0.9711137216613229,0.690132416422145,-0.9444378228452888,0.7438857797291832,1.4015538258902611,2.033771897811354,-1.2163883490246767,1.4683389589915372,-1.0768849119487982,-0.5948322619185931,-1.6668186133620817,0.8111231208469998,-0.5731028091184537,-1.1058468948732931,0.7004932799241346,-1.303245550270145,0.79290213420367,1.3649802365360701,1.6129200657194627
-0.2164983349362729,0.9376710793983659,-0.08325739354511903,-0.5824515987782102,-1.2873615035563777,-1.2169545572272424,0.3785740433372085,-0.07706998603502291,-0.19395180340281418,0.4813164605921596,0.10008483828151368,-0.3703065744891299,-1.10238118074365,0.2291449046011531,-0.40756350515627643,0.4004260580696671,0.4126344018780712,-1.304765277174053,-0.597842547434239,-0.4209702943112214,-0.3697701017356494,0.2657264214758078,-0.3130118035711147,-0.1661830131975825,-0.5692438134955177,0.07139921323069316,0.11061331424270465,-0.0905097308117637,0.1559311662808778,0.2610140326420753,0.12432336193297573,0.03752714567880073,-1.2225796753966627,-0.9058993274983574,-0.8760410563540361
1.676037671585303,-1.0664720518431965,-1.8714024651336263,-0.5824515987782102,-0.6810859286369695,-0.8002027508200259,-0.4339241793285788,-0.10676807872211962,-0.6674194226003056,0.4813164605921596,-0.7318169158105572,-1.4826560530703778,-1.10238118074365,-1.660421364998136,1.3394580210783409,-0.6592048030806762,1.7963825254174652,-0.34425898025736507,-0.35280194901920203,-0.29540002500217155,-0.9634899365145497,-0.46023672220807166,-1.4609230264414528,0.8510106403367536,-0.8187858913724806,-1.8388179018400246,0.10279067885596965,-1.824287375110335,-1.7759552749354335,0.9122217818761421,1.39934566544996,0.4465355397192112,-1.1348908914842344,-0.8519146223637182,-1.3925471563078609
1.3469009747989418,0.9376710793983659,0.6480351497289201,0.5029312607414221,-0.1614211501346196,-1.4947890948320535,-1.381838772438664,-0.19586235678340974,-0.6897879715387698,-1.3103783065882237,-0.3990562141737293,-0.3703065744891299,0.2611364005259204,0.3789563192547825,1.3394580210783409,1.4600569192200104,0.4126344018780712,0.6162473166593229,-0.9682465314429909,-0.7169269899166218,-0.5890239754559629,-0.23091097853992706,-1.3449968017771208,-0.9584582812715482,-1.1303619646849565,0.5390676964680224,1.2207451920400947,-0.5458381910562327,0.4663512565245848,-0.09078229792448163,-0.9044282583188514,-0.11507887236177883,-0.14857858268923613,-0.19230723133157504,0.12869645000399213
1.2646168006023515,0.9376710793983659,-0.9379343240202358,0.2703492194157866,-1.7204154856416691,-0.45290957881401206,-0.8401732906614724,0.07142047740046062,-0.13430233956690973,-1.3103783065882237,1.098366943191998,0.7420429040921181,0.2611364005259204,-1.165895266752527,1.3394580210783409,-0.6592048030806762,1.7963825254174652,-1.0092248781227644,0.5508749885301093,0.3974023955551208,0.7228955323955989,0.022035617915884674,-0.48280554795541225,0.5767619750445776,0.11298398660034771,-1.0909764790810297,0.20542302940490326,-1.3042087325054494,-1.141317941680571,-0.0010340179412842185,2.1874258181894644,-0.18816037277169317,0.6119608762924119,0.44884209867075114,0.5799078658118131
1.1000484522091711,-1.0664720518431965,-1.7051361481777783,-0.8150336401038439,-0.07481035371756128,-1.5642477292332562,-0.16309143843998303,0.45749568233271715,-0.5071114885413124,-0.414530922998032,-1.7300990207210423,-0.3703065744891299,-1.10238118074365,-1.3478873049751026,1.3394580210783409,-0.6592048030806762,1.7963825254174652,0.02516651855674566,-1.2885543695688577,-0.531638862247925,-0.44956890904718,0.02852107281493559,-2.039207223810446,0.8912244368487394,-1.509599040829575,-1.5915840058635697,-0.0007441626516489472,-1.5788141962339433,-1.488818193864762,-1.13407534322061,-0.13918725925220285,-0.9599640670317611,-1.4807362757076576,-0.9544541102713202,-0.8760410563540361
0.6063434070296296,0.9376710793983659,-1.6327081177988818,0.34787656652433174,0.44485442478478854,1.283556281216057,-0.5693405497728766,0.6653823311423941,1.054958845661435,-1.3103783065882237,1.597507995647241,-0.3703065744891299,0.2611364005259204,-1.9366215124000354,0.46594725796103226,-0.6592048030806762,1.7963825254174652,0.690132416422145,0.8233587905341001,1.1109905428789755,0.536185752650453,0.5889726799529658,0.9623033162701868,2.748497568441006,0.9438063364335302,-1.852503989962729,-0.6710057620270282,-1.3577035508459658,-1.9261941569470213,1.2149111084913304,4.071226471650176,0.23269246002890961,0.7341841283086369,0.7876264830239899,0.12869645000399213
-0.05192998654309242,-1.0664720518431965,-0.739054651227265,-1.280197722755115,0.44485442478478854,-0.8002027508200259,-1.1110060315500683,1.1405518141359408,0.6635092392383121,-0.414530922998032,0.10008483828151368,1.8543923826733661,1.6246539817954908,-0.038057660586353306,-0.40756350515627643,-0.6592048030806762,-0.9711137216613229,0.9856728154734336,-0.6970362611764176,0.3295942273772633,1.1440895118422878,1.0863804099880194,-0.69704791652408,1.168318993372833,-0.761117267857443,-0.41416969944622406,0.07326661045255882,-0.57355133392315,-0.22375834515016924,-1.1058468948732931,0.8732443991831738,-1.118075001537055,0.9512059888853414,1.1351945055969577,1.6129200657194627
0.6063434070296296,0.9376710793983659,-0.9051181349722093,-0.03976016901839404,-1.3739722999734358,-0.45290957881401206,0.5139904137815063,0.5168918677069105,0.24596299238698102,1.3771638441823513,1.597507995647241,-0.3703065744891299,0.2611364005259204,-0.959138816912238,0.46594725796103226,-0.6592048030806762,-0.9711137216613229,-1.4525354766996974,0.18107028690986346,0.5271395983052434,0.22761330075569186,0.44779883261845826,-0.48051162595205005,0.9304697614203562,-0.12419028105180535,-0.9676704876264948,-0.04809589199265816,-1.0158323387058261,-0.9727993307044381,1.2149111084913304,2.6589618001880795,0.300568984034352,0.4398150076774014,0.5139155215954829,0.12869645000399213
0.44177505863644906,0.9376710793983659,1.332702107208491,-0.7375062929953005,0.7046868140359634,-1.0085786540236341,-1.381838772438664,0.24960903352304084,-0.17903943744383807,1.3771638441823513,-0.06629551253690062,0.7420429040921181,0.2611364005259204,1.8351543774098111,0.46594725796103226,-1.7188356642310194,-0.27923965989162586,1.3550983142875443,-0.895988851489303,-0.3931745387298466,0.18161911582193196,0.1935316688296742,-0.9413959353238942,-0.9835811085112643,-0.9623584420096013,1.637966468299026,1.5878912261269293,0.32891038496620345,1.7473535145410684,-0.6569346250336902,-1.18562987316151,-0.6337919956165843,-0.10889853791607194,0.011326965203961488,0.5799078658118131
0.8531959296194004,-1.0664720518431965,-1.6168055165690811,0.11529452519869628,-1.3739722999734358,0.8668044748088404,1.4619050068915915,-0.04737189334792621,-0.12684615658742168,0.4813164605921596,-0.8981972666289715,-0.3703065744891299,0.2611364005259204,-1.7911172736910776,0.46594725796103226,-0.6592048030806762,1.7963825254174652,-1.9697311750394524,1.457363769758076,0.8422751967942494,0.3987818494805172,-0.4119153509155845,-0.20885864032102805,1.2710215849877706,0.834995878613898,-1.770390418799449,-0.4262098761620004,-1.4506602274680234,-1.8088476298387532,-0.46269192777914897,0.8411180527774291,-0.40609830070805675,1.004777379323466,0.6653266221760342,0.12869645000399213
0.9354801038159906,-1.0664720518431965,-0.8147656491491131,-0.9700883343209342,1.39757318537243,-0.2445336756104038,-0.16309143843998303,1.853306038626261,1.0437745711922028,1.3771638441823513,0.10008483828151368,1.8543923826733661,1.6246539817954908,-0.3122950387092002,1.3394580210783409,-0.6592048030806762,-0.9711137216613229,1.2812132145247221,-0.7666661319824459,0.7399355447399195,1.3992175970802723,1.2351626263065227,-1.0465843313867071,1.624945871072594,-0.9180133150425335,-0.5928258296447226,0.5595912791619955,-1.1176517047692593,-0.4531571723358305,-1.1058468948732931,0.9689587553713389,-1.258474771798802,0.9072878122492128,1.3628851596623164,1.6129200657194627
-0.545635031722634,0.9376710793983659,-1.305141629317907,-0.8150336401038439,-1.114139910722261,1.005721743611246,1.5973213773358894,-0.22556044947050644,0.4510080243229025,0.4813164605921596,-0.23267586335531493,-0.3703065744891299,0.2611364005259204,-0.9246876857555555,-0.40756350515627643,-0.6592048030806762,-0.9711137216613229,-1.821960975513808,1.3970718654529233,0.6259790289152143,0.28254430124748114,0.10871525972769559,1.739279112667798,1.5908214830018608,1.7693366025015784,-1.1647434398063017,-0.896402055475945,-0.5450390365635289,-1.0548647775401079,0.02860907268544545,1.25039846304258,-0.027272614565422865,0.9798251884624449,0.5623891371105719,0.12869645000399213
-1.203908425295356,-1.0664720518431965,-0.5921684679355691,0.5029312607414221,-0.854307521471086,1.4919321844196654,0.10774130244861274,2.1205888728101314,2.6878629181693188,-1.3103783065882237,0.10008483828151368,0.7420429040921181,1.6246539817954908,-0.930745739974548,-1.2810742682735852,0.4004260580696671,-0.9711137216613229,-0.787569578834298,1.7375464472972733,3.320905785650004,2.087260836543772,2.030813280628769,1.2287643114876565,2.8853646200013303,1.7806139107590306,-0.7870639182415682,-1.5896098244652868,0.4993839487819492,-0.8669822910491836,-0.5590884633101237,0.6932822985299015,-1.0743426661639601,2.242949963673278,2.456892012976503,1.2401231180873624
1.2646168006023515,-1.0664720518431965,-1.4161151047322964,-0.9700883343209342,-0.7676967250540278,0.7973458404076377,-0.9755896611057703,-0.19586235678340974,-0.27596981617718275,-1.3103783065882237,-0.5654365649921436,0.7420429040921181,0.2611364005259204,-0.9489752414583764,1.3394580210783409,-0.6592048030806762,-0.9711137216613229,-0.12260368096889863,1.117067945735064,0.4934310440306217,0.7814626202319828,-0.5389161697030025,-0.2570737703118594,0.8806667374025086,0.5852921202437366,-1.2356042055682768,0.3428950553449779,-1.514239212793857,-1.1032063484053276,-0.9596239516488788,1.0006960567126386,-0.639330765354608,0.8618393743384374,0.49716869265997954,0.5799078658118131
0.19492253604667834,-1.0664720518431965,-0.9116579116117476,-1.35772506986366,-0.4212535393857945,1.7697667220244764,0.3785740433372085,0.576288053081104,0.7417991605229366,0.4813164605921596,-1.0645776174473858,0.7420429040921181,0.2611364005259204,-0.17282265741421118,0.46594725796103226,-0.6592048030806762,-0.9711137216613229,-0.5659142795458315,1.6843682705491854,1.6384052410981909,1.3924922014285368,0.13118097386034955,0.4801723622878052,1.438197879893969,1.346996137585085,-0.574169426271621,0.17109262725915084,-0.8101995733666532,-0.3728364328005582,-1.2770843337303666,-0.13124607907320623,-1.0672280812143438,1.0973401956195974,1.0116970261117746,0.5799078658118131
-1.533045122081717,0.9376710793983659,2.0404214325338135,0.7355133020670576,1.2243515925383133,0.10275949639561004,0.10774130244861274,-0.0176738006608295,0.34662146261006976,-1.3103783065882237,0.9319865923735845,-0.3703065744891299,0.2611364005259204,1.7358677393158422,-1.2810742682735852,-1.7188356642310194,-0.27923965989162586,0.9856728154734336,-0.48930073501478655,-0.3143105788312054,-0.2951528428457876,0.3308938687978261,0.9106694878944203,-1.0554096031015878,-0.07365266270116883,1.967883489656653,-0.36463680460314535,2.845238283452428,1.862161568044169,0.8081132066388039,-1.153971699824473,0.3341099414176154,0.10731245559125174,0.05853822443402529,0.12869645000399213
0.8531959296194004,0.9376710793983659,0.6608442850728089,-0.3498695574525747,1.4841839817894882,1.3530149156172597,1.5973213773358894,1.6751174825036814,2.1025525542795065,-0.414530922998032,1.4311276448288268,0.7420429040921181,1.6246539817954908,0.8829600564948958,0.46594725796103226,1.4600569192200104,-0.27923965989162586,0.3945920173708564,0.17486183135156533,1.459221216276224,1.3060031539985837,1.5491083966446144,1.0155624577639273,0.8613064909897895,0.4713337108517886,0.7990720977142508,1.2571589349978889,-0.30594371487138916,0.8507357277340586,0.17483201590986006,0.3322619228448106,-0.6464776241023356,1.4635234831785138,1.7182888368795717,1.2401231180873624
-0.13421416073968268,0.9376710793983659,-1.3197454089302008,0.11529452519869628,1.1377407961212551,-0.3834509444128093,-1.381838772438664,-0.43344709828018274,-0.23123271830025444,1.3771638441823513,-0.06629551253690062,-0.3703065744891299,0.2611364005259204,-1.480172082437837,-0.40756350515627643,-0.6592048030806762,1.7963825254174652,1.7245238131016551,-0.5983250537095435,-0.6641320727242642,-0.5485063103545815,-0.11196061973205526,0.45531670269047086,0.8360438829429965,-0.31002747251734175,-1.4541301518245575,-0.9009508847178923,-0.830288249217113,-1.4872520926151669,0.14584912995505098,1.4664352708284143,0.15962469983028252,0.05049827660938976,-0.15795862662346305,0.12869645000399213
0.7709117554228101,-1.0664720518431965,0.03491332800434788,-0.6599789458867553,-0.07481035371756128,0.7278872060064349,-0.2985078088842809,0.6059861457682006,0.40254283495623017,1.3771638441823513,-1.2309579682658,0.7420429040921181,0.2611364005259204,0.40073386808546,0.46594725796103226,0.4004260580696671,0.4126344018780712,0.09905161831956781,0.6261866701724569,0.9162347637504936,1.0244508678301214,0.1568010052026936,-0.30755619161643133,0.21545544996476018,0.2381389224868739,0.2215364420607737,0.9077173119481857,-0.6109597118031703,0.3180962711036566,-1.3864423220305988,-1.0741085103252466,-1.1309984218688995,0.6461207447663118,0.6995830474567866,0.5799078658118131
-0.6279192059192241,0.9376710793983659,0.728413826638861,0.2703492194157866,-0.6810859286369695,0.5195113028028266,0.5139904137815063,0.10111857008755733,0.6225002328511278,0.4813164605921596,1.098366943191998,-0.3703065744891299,0.2611364005259204,0.5957038944526879,-0.40756350515627643,1.4600569192200104,0.4126344018780712,-0.8614546785971201,0.7076282518080055,0.5218752734335266,0.2246541795297379,0.4549031792084186,1.2912734228043177,-0.1547720723889672,1.0017757776450844,0.6908014033986468,-0.01959507257916093,0.7571227743919003,0.6518030020216707,0.9122217818761421,0.036577834374658155,0.33264764212834047,0.682732654621366,0.5113074503256188,0.12869645000399213
-0.8747717285089949,0.9376710793983659,2.158442854048683,1.0456226905012382,-0.5944751322199111,1.005721743611246,1.1910722660029958,-0.5819375617156662,0.0632865093895237,0.4813164605921596,1.098366943191998,0.7420429040921181,0.2611364005259204,1.6920997649185943,-1.2810742682735852,-1.7188356642310194,-0.27923965989162586,-1.1569950776484088,1.0549685072602766,0.08944488314479539,0.5254616332032225,-0.2676978876464833,1.741890025136676,-1.2311362261433598,1.4884286153774988,2.009722099997112,0.4153063332405307,2.0138712646329444,1.8611076538190587,-0.0010340179412842185,-1.1581353024294818,0.1535382113752814,0.8351896391547888,0.28730786525202257,0.5799078658118131
-1.6153292962783072,0.9376710793983659,0.827488610055614,0.34787656652433174,-0.4212535393857945,-1.1474959228260397,1.3264886364472936,0.7247785165165874,0.5367541285870151,0.4813164605921596,1.7638883464656554,0.7420429040921181,0.2611364005259204,0.6572768117246558,-1.2810742682735852,1.4600569192200104,0.4126344018780712,-1.0831099778855866,-1.1150283757103785,-0.25282844888531886,0.28647251999921086,1.1178319416910736,-0.24322153711842892,-0.2774306490205281,-0.8887377171388556,0.7749797017678929,-1.1549630358489917,2.070648933900007,0.7250005690041316,0.34606945476693357,0.370453593414837,-0.262828080632081,-0.2304274987693929,0.09474099327621358,0.5799078658118131
-1.533045122081717,0.9376710793983659,0.9594864472831524,1.6658414673695978,-0.3346427429687362,-0.8696613852212286,1.1910722660029958,-0.34435282021889324,-0.309522639584879,-0.414530922998032,-0.8981972666289715,-0.3703065744891299,0.2611364005259204,0.09074291257678697,-1.2810742682735852,1.4600569192200104,-0.9711137216613229,-0.9353397783599423,-0.8602570317319848,-0.7490566922283368,-0.6140005640027636,-0.017188638729742405,0.007642130895785648,-0.8743013060858387,-0.6403469327294103,0.5602415942787508,-1.3849075425924973,2.0308567889824456,0.3310955568498269,-0.46269192777914897,-1.4421473667898193,-0.2699462199781391,-0.08942236651065825,-0.21344209386102309,0.12869645000399213
-0.05192998654309242,-1.0664720518431965,-0.5149962736626527,-1.4352524169722052,0.27163283195067195,-0.8696613852212286,0.9202395251144,0.6356842384552973,0.21986635195877283,-0.414530922998032,0.10008483828151368,-0.3703065744891299,0.2611364005259204,0.2995588588605669,-0.40756350515627643,0.4004260580696671,0.4126344018780712,-0.2703738804945429,-1.047817741756364,-0.2577965932931355,-0.25648327420442757,0.6026884439542769,-0.7513296649157691,0.5325419055111934,-0.9971959958308438,-0.12430961502303922,0.28422917192602715,-0.45033610302770016,0.09317187311553854,0.2610140326420753,0.60167699743053,-0.2747951276287846,-0.19273940619205762,0.09183478964224735,0.12869645000399213
0.19492253604667834,0.9376710793983659,0.045011251288958484,1.820896161586688,-1.5471938928075526,1.7003080876232737,-1.517255142882962,-2.2153326595059837,-1.7895749610132576,1.3771638441823513,-0.23267586335531493,-1.4826560530703778,-1.10238118074365,-0.9510058881536217,0.46594725796103226,0.4004260580696671,-0.9711137216613229,-0.49202917978300936,2.4232074865080753,-1.1268832004495253,-1.5156958458193805,-2.157864090600979,1.3045695000797162,-1.4921024861865175,2.361852946773079,-0.45670036610695225,-0.31888388368550985,-0.28925513032389777,-0.7107309492266665,1.361134051715745,-0.27533364328326926,3.0504150123970146,-0.25717148260407735,-1.232956238435774,-1.3925471563078609
-1.6153292962783072,-1.0664720518431965,-0.6710004058792005,0.34787656652433174,0.09841123911655533,-0.5223682132152149,-1.2464224019943662,0.4277975896456204,0.17885734557158853,-0.414530922998032,0.10008483828151368,-1.4826560530703778,-1.10238118074365,-0.9287253672321614,-1.2810742682735852,-0.6592048030806762,-0.9711137216613229,0.7640175161849672,-0.33633922454030485,0.10170556360445189,-0.7367160610765758,0.40188319181720034,-0.46093682485670173,0.6374857607722777,-0.4503856594533857,-0.8279681295042833,-2.147830113266186,1.0052844768541243,-0.8866057905672357,1.6440763308871427,0.7889381741676681,0.5881564406311619,-1.129068609616555,-0.6884172972498167,-1.3925471563078609
-1.286192599491946,-1.0664720518431965,-0.8020380536043052,-1.35772506986366,-0.07481035371756128,-0.8002027508200259,1.4619050068915915,0.36840140427142704,0.02600559449208342,-1.3103783065882237,-1.2309579682658,0.7420429040921181,0.2611364005259204,-0.055873927431284505,-1.2810742682735852,-0.6592048030806762,-0.9711137216613229,-0.8614546785971201,-0.9611151493866039,-0.36186048691849454,0.20539013206499873,0.34556380044871515,-0.6925128684913545,0.6119030547481079,-0.925137999495358,-0.45680448586573336,-1.141636603697644,0.4630780349362404,-0.25428319808580907,-1.3864423220305988,-0.40609914860170254,-1.069258165456398,-0.14464469362633556,0.030178710890218955,0.5799078658118131
1.0177642780125808,-1.0664720518431965,-0.8275375918063017,-1.745361805406386,0.18502203553361363,-0.10561640680799825,0.5139904137815063,0.5168918677069105,0.0371898689613155,-1.3103783065882237,-0.3990562141737293,-0.3703065744891299,-1.10238118074365,0.16822432352826477,1.3394580210783409,-0.6592048030806762,0.4126344018780712,-0.12260368096889863,-0.2905193263601232,0.19821556558256553,0.035800103912600426,0.07970942537559536,-0.9372569848435336,0.6465997215076078,-0.5936345911535137,-0.3576051801917245,0.9080557563210151,-1.157665709128077,-0.0907126628706978,-0.09078229792448163,0.47212845825682426,-0.4202962956973754,-1.112908622679174,-0.650231970581204,-0.8760410563540361
-0.7924875543124047,0.9376710793983659,-0.6832802962054082,-0.8925609872123891,1.5707947782065466,-1.4947890948320535,1.3264886364472936,-0.16616426409631302,-0.36917210342078344,1.3771638441823513,-1.0645776174473858,-0.3703065744891299,0.2611364005259204,-0.21990171468711422,-1.2810742682735852,-0.6592048030806762,-0.9711137216613229,0.6162473166593229,-2.0481415285530558,-1.3305516324272408,-1.1142135125590462,0.17220234479868715,-0.5678505822281747,0.1291183506922749,-1.5790543636715886,-0.4761608733837983,-0.6887454115267221,0.01713702327256528,-0.34734417454044453,-0.5915406360112303,-0.34638972501467036,-0.43119515451770557,-0.7944582806679928,-0.6301352793081645,0.12869645000399213
