age,weight,height,max_bpm,avg_bpm,resting_bpm,session_duration,calories_burned,fat_percentage,water_intake,workout_frequency,experience_level,bmi,gender_Female,gender_Male,workout_type_Cardio,workout_type_HIIT,workout_type_Strength,workout_type_Yoga,age_category_0-29,age_category_30-39,age_category_40-49,age_category_50-100,weight_category_100-130,weight_category_40-59,weight_category_60-79,weight_category_80-99,bmi_category_healthy,bmi_category_obesity,bmi_category_overweight,bmi_category_sever obesity,bmi_category_under weight,hrr,intensity,calories_per_min,water_per_session,experience_intensity_ratio
0.9268292682926831,0.5372636262513903,0.41999999999999993,0.5128205128205128,0.7551020408163267,0.41666666666666696,0.7933333333333332,0.6824324324324325,12.6,0.9090909090909091,0.6666666666666666,1.0,0.4765458422174839,0.0,1.0,0.0,0.0,0.0,1.0,0.0,0.0,0.0,1.0,0.0,0.0,0.0,1.0,0.0,1.0,0.0,0.0,0.0,0.5396825396825395,0.6241931831049712,0.6083319431200231,0.3389830508474576,0.7714855641362514
0.6829268292682928,0.38820912124582874,0.06000000000000005,0.4871794871794872,0.6326530612244898,0.666666666666667,0.5333333333333334,0.39189189189189194,33.9,0.2727272727272728,0.6666666666666666,0.5,0.5245202558635393,1.0,0.0,0.0,1.0,0.0,0.0,0.0,0.0,1.0,0.0,0.0,0.0,1.0,0.0,0.0,1.0,0.0,0.0,0.0,0.4285714285714284,0.5431670212435475,0.3576034370192176,0.1016949152542373,0.42487234115558925
0.34146341463414637,0.31256952169076735,0.31999999999999984,0.17948717948717974,0.04081632653061229,0.16666666666666696,0.4066666666666667,0.25270270270270273,33.4,0.36363636363636365,0.6666666666666666,0.5,0.33022388059701496,1.0,0.0,1.0,0.0,0.0,0.0,0.0,1.0,0.0,0.0,0.0,0.0,1.0,0.0,1.0,0.0,0.0,0.0,0.0,0.4285714285714284,0.32596154135221567,0.17969060120121716,0.13559322033898302,0.31158371263991996
0.17073170731707316,0.1468298109010011,0.3999999999999999,0.7692307692307692,0.8979591836734695,0.25,0.06,0.1547297297297297,28.8,0.2727272727272728,0.33333333333333337,0.0,0.1623134328358209,0.0,1.0,0.0,0.0,1.0,0.0,1.0,0.0,0.0,0.0,0.0,1.0,0.0,0.0,0.0,0.0,0.0,0.0,1.0,0.7619047619047619,0.6207812708623117,0.9285603967947471,0.22033898305084748,0.16189153887689756
0.48780487804878053,0.06785317018909898,0.5800000000000001,0.7179487179487181,0.7755102040816326,0.75,0.09333333333333332,0.17094594594594598,29.2,0.5909090909090909,0.33333333333333337,0.0,0.05517057569296374,0.0,1.0,0.0,0.0,1.0,0.0,0.0,1.0,0.0,0.0,0.0,1.0,0.0,0.0,0.0,0.0,0.0,0.0,1.0,0.5396825396825395,0.5399728230098515,0.8440068676537524,0.37853107344632764,0.14081776524497708
0.9268292682926831,0.20022246941045596,0.3599999999999999,0.2051282051282053,0.7346938775510203,1.0,0.7266666666666668,0.5493243243243244,15.5,0.5454545454545455,0.9999999999999999,1.0,0.2193496801705757,1.0,0.0,0.0,1.0,0.0,0.0,0.0,0.0,0.0,1.0,0.0,1.0,0.0,0.0,1.0,0.0,0.0,0.0,0.0,0.12698412698412698,0.7166051891667891,0.41575039854400697,0.11186440677966103,0.8437850482263594
0.43902439024390244,0.3370411568409343,0.43999999999999995,0.3589743589743595,1.0,0.9583333333333335,0.6599999999999999,0.731081081081081,21.3,0.36363636363636365,0.33333333333333337,0.5,0.30490405117270786,0.0,1.0,1.0,0.0,0.0,0.0,0.0,1.0,0.0,0.0,0.0,0.0,1.0,0.0,1.0,0.0,0.0,0.0,0.0,0.23809523809523792,0.8294430847229213,1.0000000000000002,0.2655367231638418,0.5741863576558571
0.5365853658536586,0.33036707452725245,0.020000000000000018,0.7435897435897436,0.4285714285714288,0.5833333333333335,0.5133333333333334,0.39999999999999997,30.6,0.18181818181818177,0.33333333333333337,0.5,0.48640724946695096,1.0,0.0,1.0,0.0,0.0,0.0,0.0,0.0,1.0,0.0,0.0,0.0,1.0,0.0,0.0,1.0,0.0,0.0,0.0,0.6190476190476188,0.3465066243913486,0.42303317737375234,0.1751412429378531,0.32229948409010795
0.2439024390243903,0.9087875417130145,0.8799999999999999,0.6410256410256414,0.14285714285714324,0.08333333333333348,0.35333333333333333,0.2810810810810811,28.9,0.5000000000000001,0.6666666666666666,0.5,0.533582089552239,0.0,1.0,0.0,0.0,1.0,0.0,1.0,0.0,0.0,0.0,1.0,0.0,0.0,0.0,0.0,1.0,0.0,0.0,0.0,0.746031746031746,0.271299923458289,0.4059244036028222,0.1864406779661017,0.2830736597317307
0.2439024390243903,0.6874304783092324,0.6800000000000002,0.23076923076923084,0.3265306122448983,0.5833333333333335,0.38666666666666666,0.3412162162162162,29.7,0.5454545454545455,0.33333333333333337,0.0,0.47308102345415776,0.0,1.0,1.0,0.0,0.0,0.0,1.0,0.0,0.0,0.0,1.0,0.0,0.0,0.0,0.0,1.0,0.0,0.0,0.0,0.3015873015873014,0.4471585486193118,0.5344807354321219,0.35593220338983056,0.11661303095917125
0.5609756097560976,0.8987764182424915,0.33999999999999986,0.7179487179487181,0.5306122448979593,0.16666666666666696,0.21333333333333332,0.19594594594594594,20.5,0.6818181818181818,0.0,0.0,0.8259594882729211,0.0,1.0,0.0,1.0,0.0,0.0,0.0,0.0,1.0,0.0,1.0,0.0,0.0,0.0,0.0,0.0,0.0,1.0,0.0,0.7619047619047619,0.4483899154437302,0.4703758897344257,0.7627118644067796,0.11693415512880051
0.853658536585366,0.13014460511679637,0.3999999999999999,0.384615384615385,0.6530612244897962,0.916666666666667,0.4333333333333333,0.3797297297297298,23.6,0.9090909090909091,0.33333333333333337,0.5,0.14845415778251597,0.0,1.0,0.0,1.0,0.0,0.0,0.0,0.0,0.0,1.0,0.0,1.0,0.0,0.0,0.0,0.0,0.0,0.0,1.0,0.26984126984126977,0.5785202832475622,0.5448129104207438,0.536723163841808,0.44331166675636935
0.9512195121951221,0.8064516129032258,0.2200000000000002,0.8974358974358978,0.9183673469387754,0.4583333333333335,0.49333333333333335,0.47972972972972977,22.1,0.5454545454545455,0.33333333333333337,0.5,0.8283582089552237,0.0,1.0,1.0,0.0,0.0,0.0,0.0,0.0,0.0,1.0,1.0,0.0,0.0,0.0,0.0,0.0,0.0,1.0,0.0,0.7619047619047619,0.5776834320076663,0.7110242763909269,0.35593220338983056,0.4428751873025043
0.5609756097560976,0.6062291434927696,1.0,0.4871794871794872,0.3265306122448983,0.791666666666667,0.4533333333333333,0.3317567567567568,27.6,1.0,0.33333333333333337,0.0,0.3011727078891258,0.0,1.0,0.0,1.0,0.0,0.0,0.0,0.0,1.0,0.0,0.0,0.0,0.0,1.0,1.0,0.0,0.0,0.0,0.0,0.38095238095238093,0.3365314336891735,0.3413075898990934,0.5819209039548022,0.08776294362861481
0.04878048780487804,0.8642936596218018,0.6200000000000001,0.9230769230769234,0.8367346938775513,0.16666666666666696,0.5666666666666667,0.6027027027027028,26.4,0.818181818181818,0.33333333333333337,0.5,0.6292643923240937,0.0,1.0,0.0,0.0,0.0,1.0,1.0,0.0,0.0,0.0,1.0,0.0,0.0,0.0,0.0,1.0,0.0,0.0,0.0,0.8888888888888888,0.5450565469592552,0.8861879720447996,0.49152542372881347,0.4258578677499676
0.5121951219512195,0.02780867630700773,0.5,0.5384615384615383,0.22448979591836737,0.08333333333333348,0.4199999999999999,0.29527027027027025,26.2,0.2727272727272728,0.0,0.0,0.041577825159914705,1.0,0.0,0.0,0.0,1.0,0.0,0.0,1.0,0.0,0.0,0.0,1.0,0.0,0.0,0.0,0.0,0.0,0.0,1.0,0.6825396825396823,0.3413135018552509,0.2950741830763024,0.4576271186440678,0.08901004371162005
0.024390243902439046,0.2669632925472747,0.06000000000000005,0.1538461538461542,0.9591836734693877,0.3333333333333335,0.5533333333333335,0.5459459459459459,29.8,0.36363636363636365,0.33333333333333337,0.5,0.40031982942430694,1.0,0.0,0.0,1.0,0.0,0.0,1.0,0.0,0.0,0.0,0.0,0.0,1.0,0.0,0.0,0.0,1.0,0.0,0.0,0.3492063492063491,0.914285534543716,0.758255447448845,0.2655367231638418,0.6184379335595408
0.5609756097560976,0.042269187986651746,0.54,0.5641025641025639,0.9183673469387754,0.3333333333333335,0.4599999999999999,0.39256756756756755,31.9,0.045454545454545525,0.33333333333333337,0.0,0.044243070362473325,1.0,0.0,1.0,0.0,0.0,0.0,0.0,0.0,1.0,0.0,0.0,1.0,0.0,0.0,0.0,0.0,0.0,0.0,1.0,0.603174603174603,0.7029799715810505,0.5209013054470764,0.10734463276836159,0.1833278720551737
0.7073170731707319,0.29810901001112333,0.5,1.0,0.5306122448979593,0.25,0.4199999999999999,0.2966216216216216,32.8,0.4545454545454545,0.33333333333333337,0.5,0.25293176972281445,1.0,0.0,0.0,0.0,1.0,0.0,0.0,0.0,1.0,0.0,0.0,0.0,1.0,0.0,1.0,0.0,0.0,0.0,0.0,0.9047619047619047,0.36581083959636784,0.29961668266422015,0.3107344632768362,0.33236805172588807
0.902439024390244,0.3915461624026696,0.33999999999999986,0.7179487179487181,0.9591836734693877,0.04166666666666696,0.5800000000000001,0.4912162162162162,25.2,0.31818181818181823,0.0,0.0,0.39019189765458423,1.0,0.0,0.0,1.0,0.0,0.0,0.0,0.0,0.0,1.0,0.0,0.0,1.0,0.0,0.0,0.0,1.0,0.0,0.0,0.8095238095238093,0.6796082479850758,0.5439169524728249,0.4915254237288136,0.1772328358858285
0.024390243902439046,0.5450500556173525,0.54,0.384615384615385,0.14285714285714324,0.916666666666667,0.6666666666666667,0.5033783783783785,28.9,1.0,0.6666666666666666,0.5,0.42883795309168443,0.0,1.0,0.0,0.0,1.0,0.0,1.0,0.0,0.0,0.0,0.0,0.0,0.0,1.0,0.0,0.0,1.0,0.0,0.0,0.26984126984126977,0.2280888265411013,0.40748590621197645,0.3728813559322034,0.26053589545039213
0.48780487804878053,0.3548387096774194,0.54,0.9487179487179489,0.44897959183673475,0.916666666666667,0.4133333333333334,0.3864864864864865,25.7,0.7272727272727274,0.0,0.0,0.2833155650319829,0.0,1.0,1.0,0.0,0.0,0.0,0.0,1.0,0.0,0.0,0.0,0.0,1.0,0.0,1.0,0.0,0.0,0.0,0.0,0.6190476190476188,0.265655078700034,0.6194370442760626,0.7966101694915255,0.06927932835581763
0.7804878048780488,0.34482758620689646,0.3599999999999999,0.6923076923076925,0.8367346938775513,0.8333333333333335,0.4466666666666666,0.36824324324324326,33.1,0.4545454545454545,0.0,0.0,0.34221748400852875,1.0,0.0,0.0,0.0,0.0,1.0,0.0,0.0,0.0,1.0,0.0,0.0,1.0,0.0,0.0,0.0,1.0,0.0,0.0,0.49206349206349187,0.58007775638848,0.47452232919045967,0.5932203389830508,0.1512766010474858
0.26829268292682934,0.8998887652947718,0.56,0.9487179487179489,0.9795918367346941,0.625,0.1866666666666667,0.28243243243243243,28.1,0.8636363636363636,0.0,0.0,0.6886993603411511,0.0,1.0,0.0,0.0,0.0,1.0,1.0,0.0,0.0,0.0,1.0,0.0,0.0,0.0,0.0,1.0,0.0,0.0,0.0,0.7301587301587298,0.5837236594229007,0.9867279825110022,0.8983050847457625,0.15222740430225928
0.5121951219512195,0.27030033370411555,0.3799999999999999,0.7692307692307692,0.5714285714285716,0.3333333333333335,0.49999999999999994,0.42027027027027025,26.9,0.18181818181818177,0.6666666666666666,0.5,0.271588486140725,1.0,0.0,0.0,1.0,0.0,0.0,0.0,1.0,0.0,0.0,0.0,0.0,1.0,0.0,1.0,0.0,0.0,0.0,0.0,0.7301587301587298,0.4415334410804911,0.5135684132551519,0.06779661016949151,0.3718629561549418
0.5853658536585367,0.26362625139043383,0.41999999999999993,0.3333333333333339,1.0,0.5,0.6133333333333333,0.5250000000000001,26.1,0.13636363636363635,0.33333333333333337,0.5,0.2521321961620469,1.0,0.0,0.0,0.0,0.0,1.0,0.0,0.0,1.0,0.0,0.0,0.0,1.0,0.0,1.0,0.0,0.0,0.0,0.0,0.39682539682539675,0.8488892017371239,0.5663445810026655,0.15254237288135591,0.5843289375189269
0.6341463414634148,0.28031145717463846,0.6000000000000001,0.8205128205128212,0.38775510204081653,0.75,0.15333333333333332,0.13445945945945947,27.2,0.5454545454545455,0.0,0.0,0.20788912579957358,0.0,1.0,0.0,1.0,0.0,0.0,0.0,0.0,1.0,0.0,0.0,0.0,1.0,0.0,1.0,0.0,0.0,0.0,0.0,0.603174603174603,0.2838187323979676,0.3792659905071636,0.6610169491525424,0.07401616882895382
1.0,0.1546162402669632,0.5,0.2051282051282053,0.30612244897959195,0.791666666666667,0.6533333333333333,0.4635135135135135,21.6,0.5909090909090909,0.6666666666666666,0.5,0.14072494669509594,0.0,1.0,0.0,0.0,1.0,0.0,0.0,0.0,0.0,1.0,0.0,1.0,0.0,0.0,0.0,0.0,0.0,0.0,1.0,0.20634920634920628,0.4196580228739666,0.32940381678634356,0.22033898305084743,0.3604533170976596
0.6585365853658538,0.49944382647385976,0.7200000000000002,0.666666666666667,0.3265306122448983,0.666666666666667,0.76,0.5412162162162162,14.2,0.9090909090909091,0.9999999999999999,1.0,0.32569296375266515,0.0,1.0,0.0,1.0,0.0,0.0,0.0,0.0,1.0,0.0,0.0,0.0,0.0,1.0,1.0,0.0,0.0,0.0,0.0,0.5396825396825395,0.2993432227380818,0.3420502763757458,0.22033898305084743,0.5173358541352902
0.3658536585365854,0.42269187986651824,0.3599999999999999,0.5897435897435903,0.30612244897959195,0.20833333333333348,0.5266666666666666,0.3837837837837838,32.3,0.13636363636363635,0.33333333333333337,0.5,0.4083155650319829,1.0,0.0,0.0,1.0,0.0,0.0,0.0,1.0,0.0,0.0,0.0,0.0,1.0,0.0,0.0,0.0,1.0,0.0,0.0,0.6666666666666665,0.35950062280602424,0.34724250198715745,0.15254237288135591,0.3290768096901336
0.34146341463414637,0.7586206896551724,0.6000000000000001,0.3076923076923075,0.36734693877551017,0.125,0.5133333333333334,0.4466216216216216,28.4,0.9090909090909091,0.33333333333333337,0.0,0.5618336886993602,0.0,1.0,0.0,1.0,0.0,0.0,0.0,1.0,0.0,0.0,1.0,0.0,0.0,0.0,0.0,1.0,0.0,0.0,0.0,0.5238095238095237,0.4884093372373295,0.5624736076375147,0.536723163841808,0.1273706906417516
0.04878048780487804,0.28253615127919907,0.040000000000000036,0.6410256410256414,0.14285714285714324,0.0,0.35333333333333333,0.23716216216216218,28.0,0.31818181818181823,0.6666666666666666,0.5,0.4261727078891257,1.0,0.0,0.0,0.0,0.0,1.0,1.0,0.0,0.0,0.0,0.0,0.0,1.0,0.0,0.0,0.0,1.0,0.0,0.0,0.7777777777777777,0.2806275871613886,0.24396003722778947,0.11864406779661019,0.28793872220026606
0.878048780487805,0.11345939933259175,0.2200000000000002,0.7179487179487181,0.7551020408163267,0.7083333333333335,0.6533333333333333,0.5020270270270271,28.2,0.5454545454545455,0.0,0.0,0.18789978678038383,1.0,0.0,0.0,1.0,0.0,0.0,0.0,0.0,0.0,1.0,0.0,1.0,0.0,0.0,1.0,0.0,0.0,0.0,0.0,0.5555555555555554,0.5310237882890005,0.4282492216707323,0.6610169491525424,0.13848397543780572
0.14634146341463422,0.21023359288097876,0.020000000000000018,0.6923076923076925,0.7551020408163267,0.75,0.36000000000000004,0.34662162162162163,31.7,0.4545454545454545,0.0,0.0,0.36007462686567154,1.0,0.0,1.0,0.0,0.0,0.0,1.0,0.0,0.0,0.0,0.0,1.0,0.0,0.0,0.0,0.0,1.0,0.0,0.0,0.5238095238095237,0.5369396767879386,0.6280743451752049,0.5932203389830508,0.14002676085655208
0.48780487804878053,0.46051167964404893,0.41999999999999993,0.6923076923076925,0.5714285714285716,0.3333333333333335,0.6799999999999999,0.6310810810810812,10.2,0.9090909090909091,0.9999999999999999,1.0,0.41364605543710015,0.0,1.0,0.0,1.0,0.0,0.0,0.0,1.0,0.0,0.0,0.0,0.0,0.0,1.0,0.0,0.0,1.0,0.0,0.0,0.6825396825396823,0.4644263205989472,0.7030175424504661,0.22033898305084743,0.6464903148592929
0.1951219512195122,0.9744160177975527,0.45999999999999996,0.17948717948717974,0.8163265306122449,0.5,0.5466666666666666,0.5804054054054055,27.3,0.6363636363636364,0.33333333333333337,0.0,0.8078358208955223,0.0,1.0,0.0,0.0,1.0,0.0,1.0,0.0,0.0,0.0,1.0,0.0,0.0,0.0,0.0,0.0,0.0,1.0,0.0,0.3015873015873014,0.8046653833087984,0.8736578616495076,0.4011299435028248,0.20984608154153445
0.9268292682926831,0.21468298109009998,0.1200000000000001,0.5641025641025639,0.7142857142857144,0.29166666666666696,0.5066666666666666,0.38918918918918916,33.4,0.5000000000000001,0.6666666666666666,0.5,0.32116204690831557,1.0,0.0,1.0,0.0,0.0,0.0,0.0,0.0,0.0,1.0,0.0,1.0,0.0,0.0,1.0,0.0,0.0,0.0,0.0,0.6190476190476188,0.5890612614652928,0.4047971790749374,0.1864406779661017,0.4488095619572532
0.4146341463414634,0.6329254727474971,0.41999999999999993,0.7179487179487181,0.5102040816326534,0.916666666666667,0.56,0.5175675675675675,24.2,0.6363636363636364,0.33333333333333337,0.5,0.5549040511727079,0.0,1.0,0.0,0.0,1.0,0.0,0.0,1.0,0.0,0.0,0.0,0.0,0.0,1.0,0.0,1.0,0.0,0.0,0.0,0.47619047619047605,0.3657238021233975,0.6618132262993581,0.4011299435028248,0.33232265528401556
0.07317073170731708,0.2513904338153503,0.6200000000000001,0.10256410256410309,0.6122448979591839,0.5,0.5333333333333334,0.5195945945945946,27.6,0.9090909090909091,0.6666666666666666,0.5,0.18097014925373128,0.0,1.0,0.0,0.0,1.0,0.0,1.0,0.0,0.0,0.0,0.0,0.0,1.0,0.0,1.0,0.0,0.0,0.0,0.0,0.25396825396825395,0.7027516702525196,0.7307348358621486,0.3389830508474576,0.5081074696036648
0.5853658536585367,0.06117908787541715,0.20000000000000018,0.1538461538461542,0.8775510204081636,0.5833333333333335,0.54,0.5094594594594595,21.7,0.5000000000000001,0.33333333333333337,0.5,0.14525586353944558,0.0,1.0,0.0,0.0,1.0,0.0,0.0,0.0,1.0,0.0,0.0,1.0,0.0,0.0,0.0,0.0,0.0,0.0,1.0,0.25396825396825395,0.8584531763107235,0.6851916763119512,0.33333333333333337,0.5893172534819676
0.3170731707317073,0.09788654060066737,0.020000000000000018,0.8974358974358978,0.22448979591836737,0.41666666666666696,0.6533333333333333,0.45,28.2,0.2272727272727273,0.0,0.0,0.24200426439232398,1.0,0.0,1.0,0.0,0.0,0.0,0.0,1.0,0.0,0.0,0.0,1.0,0.0,0.0,1.0,0.0,0.0,0.0,0.0,0.7777777777777777,0.21645969375558316,0.2947212185812951,0.423728813559322,0.056449823104740254
0.1951219512195122,0.047830923248053325,0.20000000000000018,0.666666666666667,0.3265306122448983,0.4583333333333335,0.38666666666666666,0.29121621621621624,34.7,0.2272727272727273,0.33333333333333337,0.0,0.13272921108742003,1.0,0.0,1.0,0.0,0.0,0.0,1.0,0.0,0.0,0.0,0.0,1.0,0.0,0.0,0.0,0.0,0.0,0.0,1.0,0.6190476190476188,0.3234061827652587,0.35862711712578266,0.19774011299435024,0.08434005191143013
0.6097560975609757,0.814238042269188,0.6600000000000001,0.02564102564102555,0.28571428571428603,0.541666666666667,0.6333333333333333,0.4452702702702703,29.9,0.6363636363636364,0.6666666666666666,0.5,0.5724946695095947,0.0,1.0,0.0,0.0,0.0,1.0,0.0,0.0,1.0,0.0,1.0,0.0,0.0,0.0,0.0,1.0,0.0,0.0,0.0,0.19047619047619024,0.5031417617437643,0.3170974741818626,0.23728813559322032,0.40399622533667545
0.024390243902439046,0.22803114571746375,0.18000000000000016,0.6153846153846159,0.16326530612244916,0.125,0.4266666666666666,0.2885135135135135,30.1,0.31818181818181823,0.0,0.0,0.30943496801705755,1.0,0.0,1.0,0.0,0.0,0.0,1.0,0.0,0.0,0.0,0.0,0.0,1.0,0.0,1.0,0.0,0.0,0.0,0.0,0.714285714285714,0.2837298517280813,0.25781771715785307,0.4915254237288136,0.07399298992665815
0.4634146341463415,0.9365962180200222,0.52,0.2051282051282053,0.7755102040816326,0.0,0.6666666666666667,0.6763513513513515,29.3,0.5909090909090909,0.0,0.0,0.7404051172707888,0.0,1.0,0.0,1.0,0.0,0.0,0.0,1.0,0.0,0.0,1.0,0.0,0.0,0.0,0.0,0.0,0.0,1.0,0.0,0.5079365079365079,0.7785631893810132,0.8455039998096037,0.6949152542372881,0.2030389748497322
0.6585365853658538,0.13793103448275856,0.7000000000000002,0.666666666666667,0.8367346938775513,0.9583333333333335,0.4666666666666666,0.44121621621621626,25.2,0.4545454545454545,0.33333333333333337,0.0,0.0796908315565032,0.0,1.0,0.0,0.0,1.0,0.0,0.0,0.0,1.0,0.0,0.0,1.0,0.0,0.0,0.0,0.0,0.0,0.0,1.0,0.4285714285714284,0.5814974000479003,0.6590041083949891,0.3107344632768362,0.1516468253236808
0.14634146341463422,0.16351501668520574,0.48,0.0,0.9591836734693877,0.125,0.22666666666666663,0.3168918918918919,22.9,0.9545454545454545,0.33333333333333337,0.0,0.1532515991471215,0.0,1.0,0.0,0.0,0.0,1.0,1.0,0.0,0.0,0.0,0.0,1.0,0.0,0.0,0.0,0.0,0.0,0.0,1.0,0.33333333333333326,0.9953699637110982,0.9730963239490908,0.559322033898305,0.2595793119743982
0.17073170731707316,0.5350389321468296,0.8999999999999999,0.5641025641025639,0.22448979591836737,0.75,0.6066666666666667,0.48175675675675683,22.7,0.6818181818181818,0.0,0.0,0.2891791044776119,0.0,1.0,1.0,0.0,0.0,0.0,1.0,0.0,0.0,0.0,0.0,0.0,0.0,1.0,1.0,0.0,0.0,0.0,0.0,0.4444444444444442,0.255016717424861,0.4636943450845443,0.7627118644067796,0.06650498454294163
0.8292682926829269,0.2191323692992213,0.41999999999999993,0.23076923076923084,0.6326530612244898,0.3333333333333335,0.48666666666666664,0.3601351351351351,34.3,0.2272727272727273,0.33333333333333337,0.0,0.21588486140724944,1.0,0.0,0.0,0.0,1.0,0.0,0.0,0.0,0.0,1.0,0.0,1.0,0.0,0.0,1.0,0.0,0.0,0.0,0.0,0.39682539682539675,0.6667911258557844,0.35874303908906957,0.19774011299435024,0.173890300079937
0.3170731707317073,0.4416017797552836,0.08000000000000007,0.6153846153846159,0.48979591836734704,0.375,0.35333333333333333,0.2966216216216216,26.7,0.36363636363636365,0.6666666666666666,0.5,0.5674307036247335,1.0,0.0,1.0,0.0,0.0,0.0,0.0,1.0,0.0,0.0,0.0,0.0,1.0,0.0,0.0,1.0,0.0,0.0,0.0,0.6190476190476188,0.4389083908957083,0.46323487170475697,0.13559322033898302,0.37049379946806804
0.39024390243902446,0.12235817575083419,0.2400000000000002,0.0512820512820511,0.7755102040816326,0.125,0.6133333333333333,0.5533783783783783,30.8,0.40909090909090906,0.33333333333333337,0.5,0.1894989339019189,1.0,0.0,0.0,0.0,0.0,1.0,0.0,1.0,0.0,0.0,0.0,1.0,0.0,0.0,1.0,0.0,0.0,0.0,0.0,0.3650793650793649,0.8479345591374838,0.6422555072148419,0.2881355932203389,0.5838310212099554
0.853658536585366,0.4916573971078976,0.52,0.12820512820512864,0.34693877551020424,0.791666666666667,0.78,0.5608108108108107,12.8,0.9090909090909091,0.9999999999999999,1.0,0.3960554371002131,0.0,1.0,1.0,0.0,0.0,0.0,0.0,0.0,0.0,1.0,0.0,0.0,0.0,1.0,0.0,0.0,1.0,0.0,0.0,0.1587301587301586,0.47981542294190915,0.3555819096231485,0.22033898305084743,0.6585301374691575
0.9512195121951221,0.9132369299221355,0.7799999999999998,0.12820512820512864,0.28571428571428603,0.3333333333333335,0.4199999999999999,0.30202702702702705,27.4,0.9545454545454545,0.33333333333333337,0.0,0.5826226012793176,0.0,1.0,1.0,0.0,0.0,0.0,0.0,0.0,0.0,1.0,1.0,0.0,0.0,0.0,0.0,1.0,0.0,0.0,0.0,0.33333333333333326,0.4826265164030279,0.3177866810158918,0.559322033898305,0.1258626075086796
0.07317073170731708,0.6307007786429366,0.43999999999999995,0.02564102564102555,0.6326530612244898,0.5,0.5066666666666666,0.5020270270270271,25.0,0.5909090909090909,0.33333333333333337,0.0,0.5429104477611939,0.0,1.0,0.0,0.0,1.0,0.0,1.0,0.0,0.0,0.0,0.0,0.0,0.0,1.0,0.0,1.0,0.0,0.0,0.0,0.20634920634920628,0.7550811020406762,0.7449619002003269,0.37853107344632764,0.19691515727661463
0.024390243902439046,0.36707452725250267,0.5800000000000001,0.4358974358974361,0.10204081632653095,0.4583333333333335,0.20666666666666672,0.13716216216216215,27.7,0.045454545454545525,0.33333333333333337,0.0,0.2787846481876332,1.0,0.0,0.0,1.0,0.0,0.0,1.0,0.0,0.0,0.0,0.0,0.0,1.0,0.0,1.0,0.0,0.0,0.0,0.0,0.47619047619047605,0.253706574410677,0.21762736911439373,0.10734463276836159,0.06616331658569088
0.12195121951219517,0.8320355951056728,0.20000000000000018,0.5641025641025639,0.8775510204081636,0.41666666666666696,0.6466666666666667,0.6858108108108107,21.7,0.5454545454545455,0.6666666666666666,0.5,0.8667377398720681,0.0,1.0,1.0,0.0,0.0,0.0,1.0,0.0,0.0,0.0,1.0,0.0,0.0,0.0,0.0,0.0,0.0,1.0,0.0,0.5714285714285712,0.676066613327492,0.9154807424411124,0.2033898305084746,0.494189250310066
1.0,0.2836484983314793,0.040000000000000036,0.02564102564102555,0.8571428571428572,0.4583333333333335,0.5999999999999999,0.4851351351351351,31.2,0.2727272727272728,0.33333333333333337,0.5,0.42723880597014924,1.0,0.0,0.0,0.0,0.0,1.0,0.0,0.0,0.0,1.0,0.0,0.0,1.0,0.0,0.0,0.0,1.0,0.0,0.0,0.2222222222222221,0.9153549994338126,0.4860700675354348,0.22033898305084748,0.6189957381356747
0.07317073170731708,0.114571746384872,0.040000000000000036,0.28205128205128194,0.6938775510204085,0.7083333333333335,0.38666666666666666,0.35743243243243245,32.2,0.5000000000000001,0.33333333333333337,0.0,0.251865671641791,1.0,0.0,1.0,0.0,0.0,0.0,1.0,0.0,0.0,0.0,0.0,1.0,0.0,0.0,1.0,0.0,0.0,0.0,0.0,0.2857142857142856,0.6649151154586552,0.5915143413693127,0.33333333333333337,0.1734010613989465
0.6829268292682928,0.23359288097886532,0.41999999999999993,0.5384615384615383,0.6734693877551021,0.4583333333333335,0.78,0.5722972972972973,17.8,0.5454545454545455,0.6666666666666666,1.0,0.22761194029850745,1.0,0.0,1.0,0.0,0.0,0.0,0.0,0.0,1.0,0.0,0.0,0.0,1.0,0.0,1.0,0.0,0.0,0.0,0.0,0.5396825396825395,0.5640357830370286,0.3817080824027599,0.2033898305084746,0.7244208030249624
0.4146341463414634,0.051167964404894295,0.2400000000000002,0.9230769230769234,0.7551020408163267,0.625,0.040000000000000036,0.09256756756756757,32.4,0.2272727272727273,0.0,0.0,0.12446695095948818,1.0,0.0,0.0,1.0,0.0,0.0,0.0,1.0,0.0,0.0,0.0,1.0,0.0,0.0,0.0,0.0,0.0,0.0,1.0,0.714285714285714,0.47109030384808537,0.6308946883259445,0.423728813559322,0.12285411596585905
0.6097560975609757,0.20244716351501668,0.2200000000000002,0.4871794871794872,0.08163265306122458,0.16666666666666696,0.36000000000000004,0.18716216216216214,26.4,0.5000000000000001,0.33333333333333337,0.5,0.2699893390191897,1.0,0.0,0.0,0.0,1.0,0.0,0.0,0.0,1.0,0.0,0.0,1.0,0.0,0.0,1.0,0.0,0.0,0.0,0.0,0.6190476190476188,0.265655078700034,0.04567348454734965,0.33333333333333337,0.28012945813439294
0.8048780487804879,0.053392658509454904,0.2599999999999998,0.9743589743589745,0.34693877551020424,0.791666666666667,0.38666666666666666,0.24527027027027026,33.8,0.2727272727272728,0.6666666666666666,0.5,0.12100213219616202,1.0,0.0,0.0,0.0,0.0,1.0,0.0,0.0,0.0,1.0,0.0,1.0,0.0,0.0,0.0,0.0,0.0,0.0,1.0,0.6825396825396823,0.21820068311155472,0.19703190030374151,0.1016949152542373,0.2553785015933863
0.21951219512195125,0.5283648498331478,0.2599999999999998,0.5897435897435903,0.30612244897959195,1.0,0.8333333333333333,0.672972972972973,12.9,0.9090909090909091,0.9999999999999999,1.0,0.5493070362473347,0.0,1.0,0.0,0.0,1.0,0.0,1.0,0.0,0.0,0.0,0.0,0.0,0.0,1.0,0.0,1.0,0.0,0.0,0.0,0.3650793650793649,0.2651252520572337,0.5194347270086916,0.22033898305084743,0.49056507258574944
0.853658536585366,0.13125695216907662,0.48,0.4871794871794872,0.14285714285714324,0.4583333333333335,0.48666666666666664,0.3175675675675676,21.3,1.0,0.33333333333333337,0.5,0.12766524520255862,0.0,1.0,0.0,0.0,1.0,0.0,0.0,0.0,0.0,1.0,0.0,1.0,0.0,0.0,0.0,0.0,0.0,0.0,1.0,0.5079365079365079,0.2646762464277419,0.2272875327216417,0.5819209039548022,0.2796189251325077
0.3170731707317073,0.271412680756396,0.3999999999999999,0.0,0.48979591836734704,0.8333333333333335,0.98,0.7533783783783785,17.3,0.5454545454545455,0.9999999999999999,1.0,0.2654584221748401,1.0,0.0,0.0,0.0,1.0,0.0,0.0,1.0,0.0,0.0,0.0,0.0,1.0,0.0,1.0,0.0,0.0,0.0,0.0,0.06349206349206327,0.6442456497942852,0.46171704866961405,0.11186440677966103,0.7871738178400145
0.7317073170731709,0.3014460511679643,0.2200000000000002,0.0,0.6326530612244898,1.0,0.08000000000000002,0.07972972972972975,33.4,0.0,0.0,0.0,0.36167377398720685,1.0,0.0,1.0,0.0,0.0,0.0,0.0,0.0,1.0,0.0,0.0,0.0,1.0,0.0,0.0,0.0,1.0,0.0,0.0,0.0,0.7498242185956976,0.35709395567585833,0.2542372881355932,0.1955442316534528
0.34146341463414637,0.5105672969966629,0.20000000000000018,0.4102564102564106,0.5102040816326534,0.41666666666666696,0.9933333333333334,0.8675675675675676,14.5,0.9090909090909091,0.9999999999999999,1.0,0.5658315565031982,0.0,1.0,0.0,1.0,0.0,0.0,0.0,1.0,0.0,0.0,0.0,0.0,0.0,1.0,0.0,1.0,0.0,0.0,0.0,0.47619047619047605,0.5150801057403582,0.6611106260012118,0.22033898305084743,0.6861198250171545
0.17073170731707316,0.28253615127919907,0.54,0.0,0.4285714285714288,0.3333333333333335,0.25999999999999995,0.2189189189189189,27.6,0.5000000000000001,0.33333333333333337,0.0,0.2281449893390191,1.0,0.0,1.0,0.0,0.0,0.0,1.0,0.0,0.0,0.0,0.0,0.0,1.0,0.0,1.0,0.0,0.0,0.0,0.0,0.25396825396825395,0.6319782584078812,0.4224428091622465,0.33333333333333337,0.1648115650272029
0.3170731707317073,0.23470522803114569,0.52,0.7435897435897436,0.6122448979591839,0.7083333333333335,0.8733333333333333,0.7128378378378379,18.6,0.5454545454545455,0.6666666666666666,1.0,0.197228144989339,1.0,0.0,0.0,0.0,0.0,1.0,0.0,1.0,0.0,0.0,0.0,0.0,1.0,0.0,1.0,0.0,0.0,0.0,0.0,0.5714285714285712,0.43938176060116085,0.5399425172161623,0.2033898305084746,0.6268964455746844
0.5365853658536586,0.739710789766407,0.2999999999999998,0.0512820512820511,0.8571428571428572,1.0,0.5466666666666666,0.589864864864865,21.0,0.9545454545454545,0.6666666666666666,0.5,0.7142857142857142,0.0,1.0,0.0,1.0,0.0,0.0,0.0,0.0,1.0,0.0,1.0,0.0,0.0,0.0,0.0,1.0,0.0,0.0,0.0,0.03174603174603163,0.9009172234175065,0.9008784463013491,0.35593220338983056,0.6114653763578684
0.9512195121951221,0.2669632925472747,0.040000000000000036,0.2564102564102564,0.18367346938775508,0.08333333333333348,0.8200000000000001,0.4736486486486487,15.2,0.5454545454545455,0.9999999999999999,1.0,0.4099147121535181,1.0,0.0,0.0,0.0,1.0,0.0,0.0,0.0,0.0,1.0,0.0,0.0,1.0,0.0,0.0,0.0,1.0,0.0,0.0,0.5079365079365079,0.3992656838678845,0.10381657036882386,0.11186440677966103,0.5955112200489568
0.48780487804878053,0.23804226918798654,0.08000000000000007,0.5897435897435903,0.22448979591836737,0.791666666666667,0.6466666666666667,0.445945945945946,30.6,0.5454545454545455,0.33333333333333337,0.5,0.36167377398720685,1.0,0.0,0.0,1.0,0.0,0.0,0.0,1.0,0.0,0.0,0.0,0.0,1.0,0.0,0.0,0.0,1.0,0.0,0.0,0.4444444444444442,0.2423520016210836,0.2956767595522505,0.35593220338983056,0.2679751900017933
0.3658536585365854,0.005561735261401524,0.2599999999999998,0.5384615384615383,0.5510204081632653,0.666666666666667,0.38000000000000006,0.32635135135135135,31.9,0.0,0.6666666666666666,0.5,0.07782515991471212,1.0,0.0,0.0,0.0,0.0,1.0,0.0,1.0,0.0,0.0,0.0,1.0,0.0,0.0,0.0,0.0,0.0,0.0,1.0,0.46031746031746024,0.4740612368484538,0.4996564776013137,0.0,0.38882859336185716
0.4146341463414634,0.33481646273637367,0.5800000000000001,0.6410256410256414,0.10204081632653095,0.541666666666667,0.38666666666666666,0.2972972972972973,28.0,0.36363636363636365,0.33333333333333337,0.5,0.2547974413646055,0.0,1.0,1.0,0.0,0.0,0.0,0.0,1.0,0.0,0.0,0.0,0.0,1.0,0.0,1.0,0.0,0.0,0.0,0.0,0.5714285714285712,0.19086266523851336,0.3800147193522294,0.2655367231638418,0.24111971515428177
0.5609756097560976,0.6017797552836484,0.2400000000000002,0.3076923076923075,0.38775510204081653,0.0,0.4199999999999999,0.3202702702702703,23.4,0.7272727272727274,0.6666666666666666,0.5,0.6273987206823026,0.0,1.0,1.0,0.0,0.0,0.0,0.0,0.0,1.0,0.0,0.0,0.0,0.0,1.0,0.0,1.0,0.0,0.0,0.0,0.5714285714285712,0.5103872164190604,0.37911042545278284,0.27118644067796616,0.4077752626958958
0.6097560975609757,0.17241379310344818,0.6400000000000001,0.0,0.08163265306122458,0.666666666666667,0.38666666666666666,0.24324324324324326,20.1,0.2272727272727273,0.33333333333333337,0.0,0.11833688699360345,0.0,1.0,0.0,0.0,1.0,0.0,0.0,0.0,1.0,0.0,0.0,1.0,0.0,0.0,0.0,0.0,0.0,0.0,1.0,0.12698412698412698,0.34798112066535436,0.18990269956159245,0.19774011299435024,0.09074887044573332
0.5853658536585367,0.1523915461624027,0.43999999999999995,0.5897435897435903,0.44897959183673475,1.0,0.5800000000000001,0.3864864864864865,29.8,0.045454545454545525,0.33333333333333337,0.0,0.15538379530916835,1.0,0.0,1.0,0.0,0.0,0.0,0.0,0.0,1.0,0.0,0.0,1.0,0.0,0.0,0.0,0.0,0.0,0.0,1.0,0.3650793650793649,0.3578449145472735,0.25354512662471707,0.10734463276836159,0.09332121733450183
0.9756097560975612,0.29032258064516114,0.5,0.23076923076923084,0.16326530612244916,0.29166666666666696,0.08666666666666667,0.04054054054054054,25.2,0.13636363636363635,0.0,0.0,0.24680170575692956,1.0,0.0,1.0,0.0,0.0,0.0,0.0,0.0,0.0,1.0,0.0,0.0,1.0,0.0,1.0,0.0,0.0,0.0,0.0,0.41269841269841256,0.37239149424915463,0.09314926091814346,0.35593220338983056,0.09711477278449429
0.6829268292682928,0.710789766407119,0.54,0.8717948717948723,0.5714285714285716,0.16666666666666696,0.4533333333333333,0.37905405405405407,20.9,0.6363636363636364,0.0,0.0,0.5554371002132195,0.0,1.0,0.0,0.0,0.0,1.0,0.0,0.0,1.0,0.0,1.0,0.0,0.0,0.0,0.0,1.0,0.0,0.0,0.0,0.8571428571428572,0.4265331543103028,0.49355831761278157,0.7288135593220338,0.11123420111788102
0.34146341463414637,0.2413793103448275,0.16000000000000014,0.5897435897435903,0.30612244897959195,0.16666666666666696,0.9133333333333333,0.6479729729729731,16.6,0.5454545454545455,0.9999999999999999,1.0,0.33049040511727074,1.0,0.0,0.0,1.0,0.0,0.0,0.0,1.0,0.0,0.0,0.0,0.0,1.0,0.0,1.0,0.0,0.0,0.0,0.0,0.6825396825396823,0.36369765071774107,0.34640199927560955,0.11186440677966103,0.5676842032310878
0.0,0.1368186874304782,0.48,0.6923076923076925,0.9183673469387754,0.3333333333333335,0.4666666666666666,0.4641891891891892,29.4,0.31818181818181823,0.0,0.0,0.13192963752665243,1.0,0.0,1.0,0.0,0.0,0.0,1.0,0.0,0.0,0.0,0.0,1.0,0.0,0.0,0.0,0.0,0.0,0.0,1.0,0.6825396825396823,0.6546915859301141,0.7317219559649077,0.4915254237288136,0.1707349002149438
0.5853658536585367,0.2169076751946607,0.48,0.8974358974358978,0.4285714285714288,0.08333333333333348,0.8533333333333333,0.5581081081081081,16.4,0.5454545454545455,0.9999999999999999,1.0,0.19536247334754792,1.0,0.0,0.0,0.0,0.0,1.0,0.0,0.0,1.0,0.0,0.0,1.0,0.0,0.0,1.0,0.0,0.0,0.0,0.0,0.9047619047619047,0.355714492731818,0.2422102061303928,0.11186440677966103,0.5614384974144002
0.14634146341463422,0.3659621802002224,0.52,0.384615384615385,0.14285714285714324,0.75,0.23999999999999994,0.16418918918918918,30.8,0.0,0.33333333333333337,0.0,0.29877398720682297,1.0,0.0,0.0,0.0,0.0,1.0,1.0,0.0,0.0,0.0,0.0,0.0,1.0,0.0,1.0,0.0,0.0,0.0,0.0,0.33333333333333326,0.25324128997573325,0.2437861935429506,0.0847457627118644,0.06604197656348967
0.1951219512195122,0.4082313681868742,0.2599999999999998,1.0,0.38775510204081653,0.916666666666667,0.38666666666666666,0.30270270270270266,25.6,0.09090909090909094,0.0,0.0,0.4410980810234541,1.0,0.0,0.0,0.0,1.0,0.0,1.0,0.0,0.0,0.0,0.0,0.0,1.0,0.0,0.0,0.0,1.0,0.0,0.0,0.6507936507936507,0.21881756910382788,0.399025921331293,0.32203389830508466,0.05706472578709246
0.5609756097560976,0.35706340378197987,0.6600000000000001,0.384615384615385,0.26530612244897966,0.3333333333333335,0.4199999999999999,0.2979729729729729,21.4,0.5909090909090909,0.33333333333333337,0.5,0.24546908315565036,0.0,1.0,0.0,0.0,0.0,1.0,0.0,0.0,1.0,0.0,0.0,0.0,1.0,0.0,1.0,0.0,0.0,0.0,0.0,0.49206349206349187,0.3826380843706175,0.3041591822521381,0.37853107344632764,0.34114469715456675
0.0,0.164627363737486,0.3599999999999999,0.4102564102564106,0.7755102040816326,0.875,0.5133333333333334,0.47297297297297297,32.0,0.31818181818181823,0.6666666666666666,0.5,0.18923240938166314,1.0,0.0,0.0,0.0,1.0,0.0,1.0,0.0,0.0,0.0,0.0,1.0,0.0,0.0,1.0,0.0,0.0,0.0,0.0,0.3015873015873014,0.6534124917094004,0.6412877638735541,0.11864406779661019,0.48237346016690397
0.17073170731707316,0.7230255839822024,0.7599999999999998,0.3589743589743595,0.7346938775510203,0.7083333333333335,0.56,0.5722972972972973,21.4,0.36363636363636365,0.33333333333333337,0.5,0.4634861407249467,0.0,1.0,1.0,0.0,0.0,0.0,1.0,0.0,0.0,0.0,1.0,0.0,0.0,0.0,0.0,0.0,1.0,0.0,0.0,0.33333333333333326,0.6580387483768415,0.8169531469270159,0.2655367231638418,0.4847863931798191
0.5609756097560976,0.1668520578420467,0.10000000000000009,0.384615384615385,1.0,0.625,0.6333333333333333,0.5405405405405406,31.4,0.2272727272727273,0.6666666666666666,0.5,0.2817164179104477,1.0,0.0,0.0,0.0,1.0,0.0,0.0,0.0,1.0,0.0,0.0,1.0,0.0,0.0,1.0,0.0,0.0,0.0,0.0,0.38095238095238093,0.822165717874018,0.5666686670587435,0.0847457627118644,0.5703906757516524
0.2439024390243903,0.46273637374860943,0.31999999999999984,0.3589743589743595,0.6734693877551021,0.0,0.39333333333333337,0.4148648648648649,20.5,0.9090909090909091,0.6666666666666666,0.5,0.460820895522388,0.0,1.0,0.0,0.0,0.0,1.0,1.0,0.0,0.0,0.0,0.0,0.0,0.0,1.0,0.0,0.0,1.0,0.0,0.0,0.603174603174603,0.656406500560708,0.7735160777468628,0.3389830508474576,0.4839350559272785
0.39024390243902446,0.3959955506117907,0.20000000000000018,0.8461538461538467,0.20408163265306145,0.04166666666666696,0.09333333333333332,0.07635135135135135,29.1,0.5454545454545455,0.0,0.0,0.4586886993603411,1.0,0.0,0.0,1.0,0.0,0.0,0.0,1.0,0.0,0.0,0.0,0.0,1.0,0.0,0.0,0.0,1.0,0.0,0.0,0.8888888888888888,0.2603680057926543,0.2825823092095281,0.6610169491525424,0.06790052972044464
0.17073170731707316,0.4616240266963292,0.2200000000000002,0.2564102564102564,0.795918367346939,0.541666666666667,0.9533333333333334,0.935810810810811,10.9,0.9090909090909091,0.6666666666666666,1.0,0.5095948827292112,0.0,1.0,0.0,1.0,0.0,0.0,1.0,0.0,0.0,0.0,0.0,0.0,0.0,1.0,0.0,1.0,0.0,0.0,0.0,0.33333333333333326,0.7524914886704335,0.8590502199969656,0.3389830508474576,0.8718610640016362
0.8292682926829269,0.2391546162402669,0.3799999999999999,0.0,0.6530612244897962,0.541666666666667,0.8666666666666667,0.6270270270270271,15.5,0.5454545454545455,0.6666666666666666,1.0,0.24546908315565036,1.0,0.0,1.0,0.0,0.0,0.0,0.0,0.0,0.0,1.0,0.0,0.0,1.0,0.0,1.0,0.0,0.0,0.0,0.0,0.17460317460317443,0.7818427820459088,0.3695585582637444,0.2033898305084746,0.8948243504711968
0.8292682926829269,0.3781979977753058,0.2599999999999998,0.3589743589743595,0.6122448979591839,0.0,0.5066666666666666,0.42770270270270266,25.7,1.0,0.33333333333333337,0.5,0.41391257995735603,0.0,1.0,1.0,0.0,0.0,0.0,0.0,0.0,0.0,1.0,0.0,0.0,1.0,0.0,0.0,0.0,1.0,0.0,0.0,0.603174603174603,0.6214763972954511,0.5209013054470764,0.5819209039548022,0.46571643872290847
0.7804878048780488,0.18242491657397097,0.18000000000000016,0.6410256410256414,0.8775510204081636,1.0,0.5066666666666666,0.41959459459459464,34.3,0.5000000000000001,0.33333333333333337,0.0,0.26625799573560766,1.0,0.0,0.0,1.0,0.0,0.0,0.0,0.0,0.0,1.0,0.0,1.0,0.0,0.0,1.0,0.0,0.0,0.0,0.0,0.39682539682539675,0.6147631041754018,0.49645833147399454,0.33333333333333337,0.16032208066046627
0.09756097560975613,0.6963292547274749,0.6800000000000002,0.07692307692307754,0.6734693877551021,0.625,0.49999999999999994,0.5060810810810812,20.5,0.5454545454545455,0.33333333333333337,0.5,0.47921108742004265,0.0,1.0,0.0,0.0,1.0,0.0,1.0,0.0,0.0,0.0,1.0,0.0,0.0,0.0,0.0,1.0,0.0,0.0,0.0,0.19047619047619024,0.7535929783531576,0.7743260595999895,0.35593220338983056,0.5346249500537228
1.0,0.1624026696329255,0.14000000000000012,0.10256410256410309,1.0,0.5833333333333335,0.05333333333333329,0.09324324324324323,29.2,0.36363636363636365,0.33333333333333337,0.0,0.26199360341151373,1.0,0.0,1.0,0.0,0.0,0.0,0.0,0.0,0.0,1.0,0.0,1.0,0.0,0.0,1.0,0.0,0.0,0.0,0.0,0.2222222222222221,0.9731061034990376,0.5657836628286839,0.2655367231638418,0.253773191912071
0.9268292682926831,0.9899888765294771,0.56,0.8717948717948723,0.12244897959183687,0.5833333333333335,0.5266666666666666,0.3391891891891892,27.1,0.5454545454545455,0.0,0.0,0.7566631130063965,0.0,1.0,0.0,0.0,0.0,1.0,0.0,0.0,0.0,1.0,1.0,0.0,0.0,0.0,0.0,0.0,0.0,1.0,0.0,0.6984126984126982,0.14571047794918246,0.21593257203874083,0.6610169491525424,0.037999364048006995
0.9756097560975612,0.7063403781979976,0.31999999999999984,0.3076923076923075,0.9795918367346941,0.4583333333333335,0.5533333333333335,0.5425675675675676,24.6,0.7272727272727274,0.33333333333333337,0.0,0.6727078891257996,0.0,1.0,1.0,0.0,0.0,0.0,0.0,0.0,0.0,1.0,1.0,0.0,0.0,0.0,0.0,1.0,0.0,0.0,0.0,0.39682539682539675,0.8488892017371239,0.7486069050910495,0.4463276836158192,0.2213790680480846
0.6585365853658538,0.21579532814238034,0.020000000000000018,0.23076923076923084,0.44897959183673475,0.625,0.4333333333333333,0.2918918918918919,33.1,0.18181818181818177,0.6666666666666666,0.5,0.36593816631130066,1.0,0.0,0.0,0.0,1.0,0.0,0.0,0.0,1.0,0.0,0.0,1.0,0.0,0.0,0.0,0.0,1.0,0.0,0.0,0.2857142857142856,0.5260903460710957,0.25468543674025,0.06779661016949151,0.415965599434052
0.14634146341463422,0.22358175750834253,0.5800000000000001,0.2564102564102564,0.9183673469387754,0.541666666666667,0.98,0.8932432432432433,15.9,0.5454545454545455,0.6666666666666666,1.0,0.17164179104477612,1.0,0.0,1.0,0.0,0.0,0.0,1.0,0.0,0.0,0.0,0.0,0.0,1.0,0.0,1.0,0.0,0.0,0.0,0.0,0.33333333333333326,0.8334509803506551,0.7313962564386165,0.2033898305084746,0.9352005555906608
0.1951219512195122,0.4193548387096774,0.2400000000000002,0.4358974358974361,0.12244897959183687,0.9583333333333335,0.4399999999999999,0.3385135135135135,29.6,0.6818181818181818,0.33333333333333337,0.5,0.460820895522388,0.0,1.0,0.0,0.0,0.0,1.0,1.0,0.0,0.0,0.0,0.0,0.0,1.0,0.0,0.0,0.0,1.0,0.0,0.0,0.2857142857142856,0.19291089954095264,0.39320783796701075,0.423728813559322,0.2421880199462152
0.17073170731707316,0.013348164627363712,0.2400000000000002,0.8461538461538467,0.48979591836734704,0.5833333333333335,0.6599999999999999,0.5202702702702704,28.9,0.2727272727272728,0.6666666666666666,0.5,0.09008528784648184,1.0,0.0,0.0,0.0,0.0,1.0,1.0,0.0,0.0,0.0,0.0,1.0,0.0,0.0,0.0,0.0,0.0,0.0,1.0,0.6825396825396823,0.3525055762864959,0.4625826662025756,0.1016949152542373,0.3254283785962352
0.26829268292682934,0.2068965517241379,0.2200000000000002,0.9743589743589745,0.04081632653061229,0.916666666666667,0.4666666666666666,0.3391891891891892,23.4,0.2272727272727273,0.33333333333333337,0.5,0.2742537313432835,0.0,1.0,0.0,0.0,0.0,1.0,1.0,0.0,0.0,0.0,0.0,1.0,0.0,0.0,1.0,0.0,0.0,0.0,0.0,0.6349206349206349,0.030067241481577245,0.33605131477564476,0.19774011299435024,0.1572530786489193
0.8048780487804879,0.7708565072302558,0.56,0.5641025641025639,0.7551020408163267,0.5833333333333335,0.026666666666666672,0.07905405405405402,28.7,0.818181818181818,0.33333333333333337,0.0,0.5911513859275053,0.0,1.0,0.0,0.0,1.0,0.0,0.0,0.0,0.0,1.0,1.0,0.0,0.0,0.0,0.0,1.0,0.0,0.0,0.0,0.5079365079365079,0.5950321383262736,0.6105255433483765,0.49152542372881347,0.15517650592299748
0.7804878048780488,0.3292547274749721,0.9199999999999999,0.1538461538461542,0.38775510204081653,0.75,0.3133333333333333,0.24594594594594593,25.6,0.2272727272727273,0.33333333333333337,0.0,0.15458422174840086,0.0,1.0,0.0,0.0,1.0,0.0,0.0,0.0,0.0,1.0,0.0,0.0,1.0,0.0,0.0,0.0,0.0,0.0,1.0,0.19047619047619024,0.5031417617437643,0.37915725534544165,0.19774011299435024,0.13121271195695888
0.5365853658536586,0.18020022246941048,0.5800000000000001,0.9743589743589745,0.6734693877551021,0.29166666666666696,0.8600000000000001,0.7202702702702704,17.6,0.5454545454545455,0.9999999999999999,1.0,0.1391257995735607,1.0,0.0,0.0,0.0,0.0,1.0,0.0,0.0,1.0,0.0,0.0,1.0,0.0,0.0,0.0,0.0,0.0,0.0,1.0,0.873015873015873,0.44013713779071306,0.5772293879269439,0.11186440677966103,0.6274874226936263
0.5609756097560976,0.35261401557285865,0.9199999999999999,0.0512820512820511,0.9795918367346941,0.04166666666666696,0.006666666666666654,0.08175675675675675,27.3,0.4545454545454545,0.0,0.0,0.16897654584221744,0.0,1.0,0.0,0.0,0.0,1.0,0.0,0.0,1.0,0.0,0.0,0.0,1.0,0.0,1.0,0.0,0.0,0.0,0.0,0.39682539682539675,0.9789592559380804,0.7480771811968963,0.5932203389830508,0.2552996165967614
0.878048780487805,0.5116796440489432,0.8599999999999999,0.28205128205128194,0.8775510204081636,0.04166666666666696,0.8266666666666667,0.743918918918919,12.9,0.9090909090909091,0.9999999999999999,1.0,0.28704690831556495,0.0,1.0,0.0,0.0,1.0,0.0,0.0,0.0,0.0,1.0,0.0,0.0,0.0,1.0,1.0,0.0,0.0,0.0,0.0,0.5396825396825395,0.8046653833087984,0.6852592338867647,0.22033898305084743,0.9126798474701188
0.8292682926829269,0.4382647385984427,0.18000000000000016,0.1538461538461542,0.8775510204081636,0.375,0.5933333333333333,0.4844594594594595,26.6,0.0,0.33333333333333337,0.5,0.5087953091684434,1.0,0.0,0.0,0.0,1.0,0.0,0.0,0.0,0.0,1.0,0.0,0.0,1.0,0.0,0.0,1.0,0.0,0.0,0.0,0.33333333333333326,0.8604374775773955,0.4976892726093296,0.0847457627118644,0.5903522124948601
0.9512195121951221,0.42714126807563957,0.2400000000000002,0.6410256410256414,0.5918367346938775,0.08333333333333348,0.34,0.25270270270270273,31.7,0.2272727272727273,0.6666666666666666,0.5,0.4677505330490405,1.0,0.0,0.0,0.0,1.0,0.0,0.0,0.0,0.0,1.0,0.0,0.0,1.0,0.0,0.0,0.0,1.0,0.0,0.0,0.746031746031746,0.5101202786152335,0.33467488492938813,0.0847457627118644,0.4076360350037139
0.5121951219512195,0.17130144605116793,0.20000000000000018,0.8205128205128212,0.3265306122448983,0.916666666666667,0.6266666666666667,0.4567567567567568,26.3,0.045454545454545525,0.33333333333333337,0.5,0.24840085287846475,1.0,0.0,0.0,1.0,0.0,0.0,0.0,1.0,0.0,0.0,0.0,1.0,0.0,0.0,1.0,0.0,0.0,0.0,0.0,0.5396825396825395,0.22715434265655077,0.35922121718762856,0.10734463276836159,0.2600484933935762
0.6341463414634148,0.2413793103448275,0.10000000000000009,0.9230769230769234,0.18367346938775508,0.666666666666667,0.6066666666666667,0.3486486486486487,33.1,0.5000000000000001,0.6666666666666666,0.5,0.3560767590618336,1.0,0.0,0.0,0.0,1.0,0.0,0.0,0.0,1.0,0.0,0.0,0.0,1.0,0.0,0.0,0.0,1.0,0.0,0.0,0.6984126984126982,0.1568164595001872,0.1051107162666729,0.1864406779661017,0.22336211550169954
0.8292682926829269,0.5061179087875416,0.6400000000000001,0.3589743589743595,0.6938775510204085,0.29166666666666696,0.8533333333333333,0.7121621621621621,14.9,0.9090909090909091,0.6666666666666666,1.0,0.3595415778251599,0.0,1.0,0.0,0.0,0.0,1.0,0.0,0.0,0.0,1.0,0.0,0.0,0.0,1.0,0.0,0.0,1.0,0.0,0.0,0.49206349206349187,0.6541176333951784,0.5709544740604939,0.3389830508474576,0.7948972658172516
0.0,0.529477196885428,0.8599999999999999,0.02564102564102555,0.38775510204081653,0.916666666666667,0.8133333333333332,0.6837837837837839,11.9,0.9090909090909091,0.6666666666666666,1.0,0.2985074626865671,0.0,1.0,0.0,1.0,0.0,0.0,1.0,0.0,0.0,0.0,0.0,0.0,0.0,1.0,1.0,0.0,0.0,0.0,0.0,0.04761904761904745,0.5440283780706117,0.5765374932985969,0.3389830508474576,0.7087678038239043
0.8292682926829269,0.471635150166852,0.43999999999999995,0.1538461538461542,0.34693877551020424,0.125,0.34,0.25810810810810814,24.4,0.5454545454545455,0.6666666666666666,0.5,0.41391257995735603,0.0,1.0,0.0,0.0,1.0,0.0,0.0,0.0,0.0,1.0,0.0,0.0,0.0,1.0,0.0,0.0,1.0,0.0,0.0,0.4285714285714284,0.5303902283087636,0.3550036949664068,0.2033898305084746,0.4182083041840794
0.878048780487805,0.30033370411568405,0.3599999999999999,0.7948717948717947,0.8979591836734695,0.541666666666667,0.03333333333333338,0.09662162162162163,20.5,0.5909090909090909,0.33333333333333337,0.0,0.3043710021321961,0.0,1.0,0.0,0.0,0.0,1.0,0.0,0.0,0.0,1.0,0.0,0.0,1.0,0.0,1.0,0.0,0.0,0.0,0.0,0.6666666666666665,0.5963703855735476,0.6955574649274612,0.37853107344632764,0.15552550309225494
0.3170731707317073,0.02558398220244712,0.20000000000000018,0.07692307692307754,0.8775510204081636,0.8333333333333335,0.39333333333333337,0.39527027027027034,25.1,0.18181818181818177,0.33333333333333337,0.5,0.11194029850746262,1.0,0.0,1.0,0.0,0.0,0.0,0.0,1.0,0.0,0.0,0.0,1.0,0.0,0.0,0.0,0.0,0.0,0.0,1.0,0.11111111111111094,0.9009172234175065,0.7052327238495837,0.1751412429378531,0.6114653763578684
0.04878048780487804,0.47497219132369295,0.98,0.4871794871794872,0.5306122448979593,0.375,0.7933333333333332,0.7121621621621621,14.6,0.9090909090909091,0.9999999999999999,1.0,0.2281449893390191,0.0,1.0,0.0,1.0,0.0,0.0,1.0,0.0,0.0,0.0,0.0,0.0,0.0,1.0,1.0,0.0,0.0,0.0,0.0,0.5396825396825395,0.503878382969086,0.6751523808452531,0.22033898305084743,0.677356041913673
0.0,0.5828698553948832,0.48,0.8974358974358978,0.9795918367346941,0.0,0.6066666666666667,0.6756756756756757,21.3,0.7272727272727274,0.0,0.0,0.48507462686567154,0.0,1.0,0.0,0.0,0.0,1.0,1.0,0.0,0.0,0.0,0.0,0.0,0.0,1.0,0.0,1.0,0.0,0.0,0.0,0.9365079365079363,0.6320758769069772,0.9860979058496666,0.7966101694915255,0.1648370226397039
0.09756097560975613,0.25806451612903225,0.08000000000000007,0.7948717948717947,0.7142857142857144,0.125,0.3466666666666666,0.329054054054054,29.5,0.40909090909090906,0.6666666666666666,0.5,0.3819296375266524,1.0,0.0,1.0,0.0,0.0,0.0,1.0,0.0,0.0,0.0,0.0,0.0,1.0,0.0,0.0,0.0,1.0,0.0,0.0,0.8253968253968251,0.5242795882095188,0.6021382483576132,0.15254237288135591,0.4150211560672702
0.6097560975609757,0.47497219132369295,0.7000000000000002,0.6923076923076925,0.44897959183673475,0.0,0.4799999999999999,0.37500000000000006,28.2,0.7272727272727274,0.6666666666666666,0.5,0.31556503198294245,0.0,1.0,0.0,0.0,0.0,1.0,0.0,0.0,1.0,0.0,0.0,0.0,0.0,1.0,1.0,0.0,0.0,0.0,0.0,0.8095238095238093,0.4266837046337263,0.4193227168868099,0.27118644067796616,0.36411772672189624
0.3170731707317073,0.518353726362625,0.52,0.3076923076923075,0.6326530612244898,0.666666666666667,0.5266666666666666,0.518918918918919,28.9,0.818181818181818,0.33333333333333337,0.5,0.41684434968017053,0.0,1.0,0.0,0.0,1.0,0.0,0.0,1.0,0.0,0.0,0.0,0.0,0.0,1.0,0.0,0.0,1.0,0.0,0.0,0.3174603174603172,0.6148858117737046,0.7451513806187229,0.49152542372881347,0.4622789637786877
0.9268292682926831,0.9955506117908786,0.8999999999999999,0.0,0.18367346938775508,0.666666666666667,0.3333333333333333,0.22702702702702704,25.2,0.9090909090909091,0.0,0.0,0.5794243070362473,0.0,1.0,0.0,0.0,1.0,0.0,0.0,0.0,0.0,1.0,1.0,0.0,0.0,0.0,0.0,1.0,0.0,0.0,0.0,0.12698412698412698,0.42477780160315326,0.2543506742706185,0.9322033898305084,0.11077642836543083
0.6341463414634148,0.6451612903225805,0.6600000000000001,0.8717948717948723,0.20408163265306145,0.25,0.52,0.3520270270270271,25.7,0.9090909090909091,0.6666666666666666,0.5,0.4514925373134328,0.0,1.0,1.0,0.0,0.0,0.0,0.0,0.0,1.0,0.0,0.0,0.0,0.0,1.0,0.0,0.0,1.0,0.0,0.0,0.8253968253968251,0.23133920526997287,0.26654160753969314,0.3389830508474576,0.2622312069523607
0.1951219512195122,0.5139043381535038,0.3599999999999999,0.7435897435897436,0.7551020408163267,0.916666666666667,0.98,0.9445945945945946,13.3,0.9090909090909091,0.9999999999999999,1.0,0.4856076759061833,0.0,1.0,0.0,0.0,1.0,0.0,1.0,0.0,0.0,0.0,0.0,0.0,0.0,1.0,0.0,1.0,0.0,0.0,0.0,0.49206349206349187,0.5060378793817815,0.8304089124311005,0.22033898305084743,0.6790455461586937
0.34146341463414637,0.42936596218020007,0.2400000000000002,0.8974358974358978,0.10204081632653095,0.791666666666667,0.52,0.3898648648648649,29.6,0.7272727272727274,0.33333333333333337,0.0,0.46988272921108737,0.0,1.0,0.0,0.0,0.0,1.0,0.0,1.0,0.0,0.0,0.0,0.0,1.0,0.0,0.0,1.0,0.0,0.0,0.0,0.6349206349206349,0.09881855584494004,0.37882651922853805,0.4463276836158192,0.025770571417381427
0.34146341463414637,0.21134593993325912,0.31999999999999984,0.6153846153846159,0.8163265306122449,0.5833333333333335,0.006666666666666654,0.07094594594594594,31.0,0.13636363636363635,0.0,0.0,0.24227078891257997,1.0,0.0,1.0,0.0,0.0,0.0,0.0,1.0,0.0,0.0,0.0,1.0,0.0,0.0,1.0,0.0,0.0,0.0,0.0,0.5396825396825395,0.6121617030913826,0.6675591492855675,0.35593220338983056,0.15964366968949273
0.6097560975609757,0.19243604004449377,0.5800000000000001,0.384615384615385,0.9387755102040818,0.5,0.9866666666666666,0.7945945945945947,17.8,0.5454545454545455,0.6666666666666666,1.0,0.1481876332622601,1.0,0.0,0.0,0.0,0.0,1.0,0.0,0.0,1.0,0.0,0.0,1.0,0.0,0.0,0.0,0.0,0.0,0.0,1.0,0.4285714285714284,0.7859260870044482,0.5314562260263618,0.2033898305084746,0.8980189661327969
1.0,0.9154616240266962,0.7799999999999998,0.4615384615384617,0.6734693877551021,0.04166666666666696,0.10666666666666669,0.13310810810810808,20.1,0.7272727272727274,0.33333333333333337,0.0,0.584221748400853,0.0,1.0,0.0,0.0,0.0,1.0,0.0,0.0,0.0,1.0,1.0,0.0,0.0,0.0,0.0,1.0,0.0,0.0,0.0,0.6507936507936507,0.6167090341201404,0.5586768106782027,0.4463276836158192,0.16082955343402916
0.2926829268292683,0.503893214682981,0.8999999999999999,0.0,0.7142857142857144,0.75,0.74,0.722972972972973,10.4,0.9090909090909091,0.9999999999999999,1.0,0.26945628997867804,0.0,1.0,0.0,0.0,0.0,1.0,0.0,1.0,0.0,0.0,0.0,0.0,0.0,1.0,1.0,0.0,0.0,0.0,0.0,0.09523809523809512,0.8224510494158424,0.8030582441363474,0.22033898305084743,0.9265946464073695
0.7560975609756098,0.05784204671857618,0.48,0.10256410256410309,0.7346938775510203,0.9583333333333335,0.49333333333333335,0.3831081081081081,30.8,0.2727272727272728,0.33333333333333337,0.5,0.06956289978678037,1.0,0.0,0.0,0.0,1.0,0.0,0.0,0.0,1.0,0.0,0.0,1.0,0.0,0.0,0.0,0.0,0.0,0.0,1.0,0.0793650793650793,0.773991719977452,0.4150474584830042,0.22033898305084748,0.5452643936958352
0.9268292682926831,0.17352614015572854,0.8399999999999999,0.5384615384615383,0.3265306122448983,0.5,0.12000000000000005,0.10472972972972971,29.4,0.7727272727272728,0.33333333333333337,0.0,0.0735607675906183,0.0,1.0,0.0,0.0,1.0,0.0,0.0,0.0,0.0,1.0,0.0,1.0,0.0,0.0,0.0,0.0,0.0,0.0,1.0,0.5238095238095237,0.3549509034731546,0.34297083314302435,0.4689265536723164,0.09256649755105043
0.7560975609756098,0.4760845383759732,0.8999999999999999,0.5897435897435903,0.795918367346939,0.9583333333333335,0.94,0.810810810810811,14.3,0.9090909090909091,0.9999999999999999,1.0,0.2521321961620469,0.0,1.0,0.0,0.0,0.0,1.0,0.0,0.0,1.0,0.0,0.0,0.0,0.0,1.0,1.0,0.0,0.0,0.0,0.0,0.38095238095238093,0.5859112012435532,0.6339660567832957,0.22033898305084743,0.7415352616108857
0.07317073170731708,0.9477196885428252,0.31999999999999984,0.9230769230769234,0.795918367346939,0.41666666666666696,0.5866666666666667,0.6108108108108108,29.8,0.8636363636363636,0.33333333333333337,0.5,0.8824626865671641,0.0,1.0,0.0,1.0,0.0,0.0,1.0,0.0,0.0,0.0,1.0,0.0,0.0,0.0,0.0,0.0,0.0,1.0,0.0,0.7936507936507935,0.5081247876797643,0.8591176735746118,0.5141242937853107,0.40659523975578626
0.7073170731707319,0.20578420467185754,0.5800000000000001,0.8974358974358978,0.22448979591836737,0.875,0.6133333333333333,0.36081081081081084,30.3,0.40909090909090906,0.6666666666666666,0.5,0.15831556503198296,1.0,0.0,0.0,0.0,0.0,1.0,0.0,0.0,1.0,0.0,0.0,1.0,0.0,0.0,0.0,0.0,0.0,0.0,1.0,0.603174603174603,0.15574168709202552,0.12714565077507078,0.15254237288135591,0.22280154266464203
0.878048780487805,0.5127919911012234,0.8999999999999999,0.8974358974358978,0.40816326530612246,0.5833333333333335,0.4466666666666666,0.34324324324324323,27.9,0.8636363636363636,0.0,0.0,0.27505330490405117,0.0,1.0,0.0,0.0,0.0,1.0,0.0,0.0,0.0,1.0,0.0,0.0,0.0,1.0,1.0,0.0,0.0,0.0,0.0,0.714285714285714,0.2947510547939639,0.39335912074138,0.8983050847457625,0.07686717381131702
0.5365853658536586,0.2614015572858731,0.2200000000000002,0.07692307692307754,0.795918367346939,0.375,0.54,0.4986486486486487,33.4,0.045454545454545525,0.33333333333333337,0.5,0.32462686567164173,1.0,0.0,1.0,0.0,0.0,0.0,0.0,0.0,1.0,0.0,0.0,0.0,1.0,0.0,1.0,0.0,0.0,0.0,0.0,0.2857142857142856,0.8453873156624827,0.6538449615983806,0.10734463276836159,0.5825024464432289
0.9268292682926831,0.3259176863181311,0.3599999999999999,0.8974358974358978,0.36734693877551017,0.3333333333333335,0.10666666666666669,0.09999999999999998,26.5,0.2727272727272728,0.0,0.0,0.32595948827292104,0.0,1.0,0.0,0.0,0.0,1.0,0.0,0.0,0.0,1.0,0.0,0.0,1.0,0.0,1.0,0.0,0.0,0.0,0.0,0.8095238095238093,0.3002214329580516,0.36813271811531445,0.4576271186440678,0.07829377603143967
0.34146341463414637,0.3392658509454949,0.2400000000000002,0.4358974358974361,0.04081632653061229,0.3333333333333335,0.49333333333333335,0.30608108108108106,28.4,0.13636363636363635,0.0,0.0,0.3875266524520255,1.0,0.0,0.0,0.0,1.0,0.0,0.0,1.0,0.0,0.0,0.0,0.0,1.0,0.0,0.0,0.0,1.0,0.0,0.0,0.5238095238095237,0.23362505459663196,0.17909391133962482,0.35593220338983056,0.060926322014049294
0.6829268292682928,0.22358175750834253,0.2999999999999998,0.384615384615385,0.34693877551020424,0.791666666666667,0.7933333333333332,0.49932432432432433,17.3,0.5454545454545455,0.6666666666666666,1.0,0.26012793176972276,1.0,0.0,1.0,0.0,0.0,0.0,0.0,0.0,1.0,0.0,0.0,0.0,1.0,0.0,1.0,0.0,0.0,0.0,0.0,0.3174603174603172,0.383336573776341,0.19677879258508546,0.2033898305084746,0.5830489168189769
0.853658536585366,0.6017797552836484,0.8999999999999999,0.4358974358974361,0.36734693877551017,0.0,0.25999999999999995,0.20608108108108109,28.6,0.9090909090909091,0.33333333333333337,0.0,0.3312899786780384,0.0,1.0,0.0,1.0,0.0,0.0,0.0,0.0,0.0,1.0,0.0,0.0,0.0,1.0,1.0,0.0,0.0,0.0,0.0,0.6507936507936507,0.4575524481136155,0.36765209784056285,0.536723163841808,0.11932362237525446
0.2926829268292683,0.436040044493882,0.2400000000000002,0.5384615384615383,0.9387755102040818,0.666666666666667,0.5066666666666666,0.5020270270270271,28.0,0.4545454545454545,0.6666666666666666,0.5,0.47601279317697226,1.0,0.0,1.0,0.0,0.0,0.0,0.0,1.0,0.0,0.0,0.0,0.0,1.0,0.0,0.0,1.0,0.0,0.0,0.0,0.46031746031746024,0.7125984058135126,0.7449619002003269,0.1694915254237288,0.5132432662125693
0.7560975609756098,0.8375973303670743,0.8199999999999998,0.02564102564102555,0.10204081632653095,0.4583333333333335,0.5866666666666667,0.37229729729729727,29.2,0.7727272727272728,0.0,0.0,0.5141257995735606,0.0,1.0,0.0,1.0,0.0,0.0,0.0,0.0,1.0,0.0,1.0,0.0,0.0,0.0,0.0,1.0,0.0,0.0,0.0,0.2222222222222221,0.38115728683048344,0.20261127479759722,0.8305084745762712,0.09940077546704265
0.14634146341463422,0.2547274749721913,0.5800000000000001,0.5128205128205128,0.30612244897959195,0.375,0.6133333333333333,0.4425675675675676,27.3,0.36363636363636365,0.6666666666666666,0.5,0.19482942430703615,1.0,0.0,1.0,0.0,0.0,0.0,1.0,0.0,0.0,0.0,0.0,0.0,1.0,0.0,1.0,0.0,0.0,0.0,0.0,0.5555555555555554,0.3639751401664497,0.3458414143863422,0.13559322033898302,0.33141059949730495
0.5121951219512195,0.24471635150166848,0.2799999999999998,0.8974358974358978,0.14285714285714324,0.16666666666666696,0.3133333333333333,0.2533783783783784,27.5,0.7727272727272728,0.33333333333333337,0.0,0.2859808102345415,0.0,1.0,1.0,0.0,0.0,0.0,0.0,1.0,0.0,0.0,0.0,0.0,1.0,0.0,1.0,0.0,0.0,0.0,0.0,0.873015873015873,0.2046273162481297,0.4082620336329774,0.4689265536723164,0.05336409566229797
0.6585365853658538,0.539488320355951,0.56,0.9743589743589745,0.9591836734693877,0.7083333333333335,0.6866666666666668,0.6500000000000001,13.2,0.9090909090909091,0.6666666666666666,1.0,0.4160447761194029,0.0,1.0,0.0,1.0,0.0,0.0,0.0,0.0,1.0,0.0,0.0,0.0,0.0,1.0,0.0,0.0,1.0,0.0,0.0,0.714285714285714,0.5592599283751463,0.7363349682098275,0.3389830508474576,0.7206843639749058
0.024390243902439046,0.3770856507230256,0.54,0.9743589743589745,0.34693877551020424,0.5833333333333335,0.52,0.3878378378378378,32.5,0.5000000000000001,0.33333333333333337,0.5,0.30037313432835816,1.0,0.0,0.0,0.0,1.0,0.0,1.0,0.0,0.0,0.0,0.0,0.0,1.0,0.0,1.0,0.0,0.0,0.0,0.0,0.7619047619047619,0.24367518088416484,0.3728112561023498,0.33333333333333337,0.26866532527862813
1.0,0.114571746384872,0.8999999999999999,0.7179487179487181,0.9591836734693877,0.20833333333333348,0.38000000000000006,0.3932432432432433,24.4,0.8636363636363636,0.33333333333333337,0.0,0.02425373134328357,0.0,1.0,0.0,0.0,1.0,0.0,0.0,0.0,0.0,1.0,0.0,1.0,0.0,0.0,0.0,0.0,0.0,0.0,1.0,0.746031746031746,0.6729523389495138,0.7371188275547584,0.5141242937853107,0.17549706290592693
0.12195121951219517,0.47942157953281406,0.6000000000000001,0.6410256410256414,0.8571428571428572,0.25,0.1333333333333333,0.2168918918918919,29.3,0.7272727272727274,0.33333333333333337,0.0,0.3552771855010661,0.0,1.0,0.0,0.0,1.0,0.0,1.0,0.0,0.0,0.0,0.0,0.0,0.0,1.0,0.0,0.0,1.0,0.0,0.0,0.6825396825396823,0.6434995114988689,0.9022116994271536,0.4463276836158192,0.16781615533982513
0.6585365853658538,0.2791991101223581,0.56,0.5128205128205128,0.7755102040816326,0.666666666666667,0.6399999999999999,0.49662162162162166,31.3,0.36363636363636365,0.33333333333333337,0.0,0.2193496801705757,1.0,0.0,1.0,0.0,0.0,0.0,0.0,0.0,1.0,0.0,0.0,0.0,1.0,0.0,1.0,0.0,0.0,0.0,0.0,0.4444444444444442,0.6222934757344043,0.4390340844002474,0.2655367231638418,0.16228590189223174
0.6585365853658538,0.07341490545050056,0.5800000000000001,0.4102564102564106,0.9795918367346941,0.20833333333333348,0.6399999999999999,0.6155405405405405,22.9,0.40909090909090906,0.33333333333333337,0.5,0.05916844349680167,0.0,1.0,0.0,0.0,0.0,1.0,0.0,0.0,1.0,0.0,0.0,1.0,0.0,0.0,0.0,0.0,0.0,0.0,1.0,0.5555555555555554,0.8054608530617631,0.7484218645526808,0.2881355932203389,0.561677860471546
0.4634146341463415,0.7063403781979976,0.7799999999999998,0.384615384615385,0.9795918367346941,0.29166666666666696,0.026666666666666672,0.1324324324324324,26.4,0.7272727272727274,0.0,0.0,0.4437633262260127,0.0,1.0,1.0,0.0,0.0,0.0,0.0,1.0,0.0,0.0,1.0,0.0,0.0,0.0,0.0,0.0,1.0,0.0,0.0,0.5079365079365079,0.8152693995919613,0.9859967824348843,0.7966101694915255,0.21261146863507918
0.7073170731707319,0.24360400444938812,0.08000000000000007,0.7692307692307692,0.22448979591836737,0.4583333333333335,0.9666666666666666,0.5722972972972973,16.4,0.5454545454545455,0.6666666666666666,1.0,0.36727078891257997,1.0,0.0,0.0,0.0,0.0,1.0,0.0,0.0,1.0,0.0,0.0,0.0,1.0,0.0,0.0,0.0,1.0,0.0,0.0,0.6825396825396823,0.2405848319740448,0.1279334931106062,0.2033898305084746,0.4713656223521704
0.2439024390243903,0.13348164627363734,0.2200000000000002,0.2051282051282053,0.8979591836734695,0.8333333333333335,0.5466666666666666,0.5263513513513514,27.9,0.2272727272727273,0.33333333333333337,0.5,0.20628997867803828,1.0,0.0,0.0,0.0,0.0,1.0,1.0,0.0,0.0,0.0,0.0,1.0,0.0,0.0,1.0,0.0,0.0,0.0,0.0,0.19047619047619024,0.8419875253917668,0.7181116636389866,0.19774011299435024,0.5807292058362101
0.6585365853658538,0.8164627363737484,0.41999999999999993,0.7692307692307692,0.18367346938775508,0.541666666666667,0.21999999999999992,0.15337837837837837,24.0,0.36363636363636365,0.0,0.0,0.7052238805970148,0.0,1.0,0.0,0.0,1.0,0.0,0.0,0.0,1.0,0.0,1.0,0.0,0.0,0.0,0.0,1.0,0.0,0.0,0.0,0.6507936507936507,0.20744924153193334,0.25320656639248096,0.5254237288135593,0.054100016425751435
0.5853658536585367,0.2547274749721913,0.96,0.3333333333333339,0.12244897959183687,0.4583333333333335,0.6133333333333333,0.3939189189189189,28.5,0.8636363636363636,0.6666666666666666,0.5,0.09914712153518118,0.0,1.0,0.0,0.0,0.0,1.0,0.0,0.0,1.0,0.0,0.0,0.0,1.0,0.0,0.0,0.0,0.0,0.0,1.0,0.41269841269841256,0.2950462655903716,0.21570839802261044,0.32203389830508466,0.29545912318206996
0.9268292682926831,0.004449388209121219,0.6000000000000001,0.9230769230769234,0.9183673469387754,0.916666666666667,0.48666666666666664,0.4121621621621622,30.0,0.2727272727272728,0.6666666666666666,0.5,0.003997867803837929,1.0,0.0,1.0,0.0,0.0,0.0,0.0,0.0,0.0,1.0,0.0,1.0,0.0,0.0,0.0,0.0,0.0,0.0,1.0,0.603174603174603,0.5399728230098515,0.5194108802048152,0.1016949152542373,0.42320633191271184
0.7804878048780488,0.3014460511679643,0.5,0.02564102564102555,0.0,0.375,0.11333333333333334,0.039864864864864846,31.8,0.5454545454545455,0.33333333333333337,0.0,0.25559701492537307,1.0,0.0,1.0,0.0,0.0,0.0,0.0,0.0,0.0,1.0,0.0,0.0,1.0,0.0,1.0,0.0,0.0,0.0,0.0,0.25396825396825395,0.32057524629147316,0.0010320828852603547,0.35593220338983056,0.0836017811489001
0.0,0.3337041156840934,0.2200000000000002,0.3333333333333339,0.9795918367346941,0.875,0.5333333333333334,0.6067567567567569,23.9,0.4545454545454545,0.0,0.0,0.39152452025586354,0.0,1.0,0.0,0.0,1.0,0.0,1.0,0.0,0.0,0.0,0.0,0.0,1.0,0.0,0.0,0.0,1.0,0.0,0.0,0.25396825396825395,0.8301438115728681,0.98541182237399,0.5932203389830508,0.21649051840430467
0.6341463414634148,0.32814238042269184,0.5,0.8205128205128212,0.7142857142857144,0.791666666666667,0.3466666666666666,0.2756756756756757,27.6,0.2727272727272728,0.33333333333333337,0.0,0.2763859275053305,1.0,0.0,0.0,1.0,0.0,0.0,0.0,0.0,1.0,0.0,0.0,0.0,1.0,0.0,1.0,0.0,0.0,0.0,0.0,0.5873015873015872,0.46661014000016565,0.4033593570765208,0.22033898305084748,0.12168574853307096
0.2926829268292683,0.7552836484983314,0.31999999999999984,0.8717948717948723,0.40816326530612246,0.5833333333333335,0.38666666666666666,0.35743243243243245,29.5,0.5909090909090909,0.33333333333333337,0.5,0.7153518123667375,0.0,1.0,1.0,0.0,0.0,0.0,0.0,1.0,0.0,0.0,1.0,0.0,0.0,0.0,0.0,1.0,0.0,0.0,0.0,0.6984126984126982,0.3011942196632492,0.5915143413693127,0.37853107344632764,0.2986657332797622
0.9756097560975612,0.7675194660734148,0.8199999999999998,0.9743589743589745,0.7346938775510203,0.25,0.6599999999999999,0.5729729729729729,26.0,0.31818181818181823,0.33333333333333337,0.5,0.4680170575692963,0.0,1.0,0.0,0.0,0.0,1.0,0.0,0.0,0.0,1.0,1.0,0.0,0.0,0.0,0.0,0.0,1.0,0.0,0.0,0.8888888888888888,0.47388441166760487,0.5969369996519316,0.24293785310734467,0.38873636602838735
0.04878048780487804,0.6785317018909898,0.8199999999999998,0.4871794871794872,0.4693877551020411,0.3333333333333335,0.5733333333333335,0.5182432432432433,29.3,0.5454545454545455,0.33333333333333337,0.5,0.4096481876332622,0.0,1.0,1.0,0.0,0.0,0.0,1.0,0.0,0.0,0.0,1.0,0.0,0.0,0.0,0.0,0.0,1.0,0.0,0.0,0.5555555555555554,0.471363556816661,0.6335906045729758,0.35593220338983056,0.38742155486941765
0.9268292682926831,0.539488320355951,0.7000000000000002,0.02564102564102555,0.48979591836734704,0.375,0.7133333333333334,0.5513513513513513,11.0,0.9090909090909091,0.6666666666666666,1.0,0.3608742004264392,0.0,1.0,1.0,0.0,0.0,0.0,0.0,0.0,0.0,1.0,0.0,0.0,0.0,1.0,0.0,0.0,1.0,0.0,0.0,0.25396825396825395,0.6602876231457366,0.44360234635385876,0.3389830508474576,0.7997244208030249
0.12195121951219517,0.45494994438264735,0.6000000000000001,0.4615384615384617,0.12244897959183687,0.375,0.7,0.520945945945946,10.7,0.9090909090909091,0.6666666666666666,1.0,0.3371535181236673,0.0,1.0,1.0,0.0,0.0,0.0,1.0,0.0,0.0,0.0,0.0,0.0,0.0,1.0,0.0,0.0,1.0,0.0,0.0,0.5238095238095237,0.27002280925958877,0.3926939645431049,0.3389830508474576,0.49439672687096425
0.17073170731707316,0.03448275862068961,0.2400000000000002,0.9230769230769234,0.8367346938775513,0.625,0.36000000000000004,0.36081081081081084,33.6,0.13636363636363635,0.6666666666666666,0.5,0.10927505330490406,1.0,0.0,0.0,1.0,0.0,0.0,1.0,0.0,0.0,0.0,0.0,1.0,0.0,0.0,0.0,0.0,0.0,0.0,1.0,0.714285714285714,0.5151751161116158,0.6798981505700559,0.050847457627118675,0.4102725044317469
0.6341463414634148,0.21245828698553948,0.040000000000000036,0.4358974358974361,0.3265306122448983,0.25,0.72,0.4486486486486487,18.4,0.5454545454545455,0.9999999999999999,1.0,0.353411513859275,1.0,0.0,0.0,0.0,0.0,1.0,0.0,0.0,1.0,0.0,0.0,1.0,0.0,0.0,0.0,0.0,1.0,0.0,0.0,0.5555555555555554,0.4117033253443214,0.18511981805103694,0.11186440677966103,0.6052419368720781
0.1951219512195122,0.15572858731924355,0.06000000000000005,0.384615384615385,0.5714285714285716,0.16666666666666696,0.4266666666666666,0.3655405405405406,26.9,0.09090909090909094,0.33333333333333337,0.0,0.2865138592750533,1.0,0.0,0.0,0.0,1.0,0.0,1.0,0.0,0.0,0.0,0.0,1.0,0.0,0.0,1.0,0.0,0.0,0.0,0.0,0.5555555555555554,0.5787519734668722,0.5144689438752128,0.12994350282485873,0.1509308544093863
0.878048780487805,0.3592880978865405,0.56,0.07692307692307754,0.5918367346938775,0.916666666666667,0.5133333333333334,0.37094594594594593,27.7,0.13636363636363635,0.0,0.0,0.27985074626865664,1.0,0.0,1.0,0.0,0.0,0.0,0.0,0.0,0.0,1.0,0.0,0.0,1.0,0.0,1.0,0.0,0.0,0.0,0.0,0.0793650793650793,0.6787975923974112,0.33613551793401664,0.35593220338983056,0.17702142763827639
0.7804878048780488,0.12347052280311455,0.96,0.28205128205128194,0.12244897959183687,0.08333333333333348,0.27999999999999997,0.18310810810810813,28.0,0.40909090909090906,0.0,0.0,0.018923240938166275,0.0,1.0,0.0,0.0,0.0,1.0,0.0,0.0,0.0,1.0,0.0,1.0,0.0,0.0,0.0,0.0,0.0,0.0,1.0,0.5238095238095237,0.3549509034731546,0.2156298152832603,0.559322033898305,0.09256649755105043
1.0,0.5494994438264739,0.43999999999999995,0.7179487179487181,0.6530612244897962,0.7083333333333335,0.38666666666666666,0.34459459459459457,24.5,0.7727272727272728,0.33333333333333337,0.0,0.4770788912579957,0.0,1.0,0.0,0.0,0.0,1.0,0.0,0.0,0.0,1.0,0.0,0.0,0.0,1.0,0.0,1.0,0.0,0.0,0.0,0.5555555555555554,0.471363556816661,0.5463627366690365,0.4689265536723164,0.12292537672332998
0.5609756097560976,0.12791991101223577,0.6000000000000001,0.1538461538461542,0.12244897959183687,0.41666666666666696,0.39333333333333337,0.25472972972972974,26.7,0.2727272727272728,0.6666666666666666,0.5,0.09541577825159914,0.0,1.0,0.0,0.0,1.0,0.0,0.0,0.0,1.0,0.0,0.0,1.0,0.0,0.0,0.0,0.0,0.0,0.0,1.0,0.3174603174603172,0.35609548695312176,0.2154762545173743,0.1016949152542373,0.3273007809689528
0.34146341463414637,0.5328142380422691,0.7599999999999998,0.3333333333333339,0.4693877551020411,0.5833333333333335,0.6799999999999999,0.6027027027027028,11.6,0.9090909090909091,0.9999999999999999,1.0,0.3344882729211088,0.0,1.0,1.0,0.0,0.0,0.0,0.0,1.0,0.0,0.0,0.0,0.0,0.0,1.0,1.0,0.0,0.0,0.0,0.0,0.3650793650793649,0.5035472413173359,0.6321007561206693,0.22033898305084743,0.6770969698341615
0.7560975609756098,0.022246941045606206,0.040000000000000036,0.28205128205128194,0.20408163265306145,0.8333333333333335,0.4000000000000001,0.23040540540540538,28.8,0.31818181818181823,0.33333333333333337,0.0,0.156183368869936,1.0,0.0,0.0,1.0,0.0,0.0,0.0,0.0,1.0,0.0,0.0,1.0,0.0,0.0,0.0,0.0,0.0,0.0,1.0,0.23809523809523792,0.3148292861219084,0.116925608328323,0.24293785310734467,0.08210331078930944
0.7560975609756098,0.436040044493882,0.43999999999999995,0.8717948717948723,0.16326530612244916,0.791666666666667,0.6399999999999999,0.42027027027027025,29.9,0.818181818181818,0.33333333333333337,0.0,0.38512793176972276,0.0,1.0,0.0,0.0,0.0,1.0,0.0,0.0,1.0,0.0,0.0,0.0,1.0,0.0,0.0,0.0,1.0,0.0,0.0,0.6190476190476188,0.13860264975653935,0.24039306646146907,0.49152542372881347,0.03614573653347006
0.5609756097560976,0.2758620689655171,0.41999999999999993,0.10256410256410309,0.22448979591836737,0.16666666666666696,0.4666666666666666,0.320945945945946,22.5,0.5909090909090909,0.33333333333333337,0.5,0.2622601279317697,0.0,1.0,0.0,0.0,1.0,0.0,0.0,0.0,1.0,0.0,0.0,0.0,1.0,0.0,1.0,0.0,0.0,0.0,0.0,0.38095238095238093,0.4677839429283206,0.2783047887642389,0.37853107344632764,0.38555452302368054
0.9756097560975612,0.25583982202447153,0.56,0.4102564102564106,0.6938775510204085,0.9583333333333335,0.72,0.5351351351351352,17.5,0.5454545454545455,0.6666666666666666,1.0,0.2014925373134328,1.0,0.0,0.0,1.0,0.0,0.0,0.0,0.0,0.0,1.0,0.0,0.0,1.0,0.0,1.0,0.0,0.0,0.0,0.0,0.26984126984126977,0.5925375415158207,0.393039799189151,0.2033898305084746,0.7467194471242914
0.26829268292682934,0.18020022246941048,0.54,0.7948717948717947,0.06122448979591866,0.4583333333333335,0.12000000000000005,0.07770270270270269,33.4,0.5000000000000001,0.33333333333333337,0.0,0.14978678038379534,1.0,0.0,0.0,0.0,0.0,1.0,1.0,0.0,0.0,0.0,0.0,1.0,0.0,0.0,0.0,0.0,0.0,0.0,1.0,0.6984126984126982,0.14571047794918246,0.19199952330928327,0.33333333333333337,0.037999364048006995
0.9268292682926831,0.14349276974416014,0.2799999999999998,0.23076923076923084,0.7142857142857144,0.125,0.4000000000000001,0.3135135135135135,27.4,0.36363636363636365,0.33333333333333337,0.5,0.19589552238805968,1.0,0.0,1.0,0.0,0.0,0.0,0.0,0.0,0.0,1.0,0.0,1.0,0.0,0.0,1.0,0.0,0.0,0.0,0.0,0.47619047619047605,0.7266682025310525,0.4039083436577344,0.2655367231638418,0.5205816997291721
0.024390243902439046,0.10011123470522798,0.3799999999999999,0.4102564102564106,0.5510204081632653,0.5833333333333335,0.36666666666666664,0.3168918918918919,29.2,0.40909090909090906,0.33333333333333337,0.0,0.12899786780383793,1.0,0.0,0.0,0.0,0.0,1.0,1.0,0.0,0.0,0.0,0.0,1.0,0.0,0.0,0.0,0.0,0.0,0.0,1.0,0.41269841269841256,0.5270819515667211,0.5013469262686108,0.2881355932203389,0.13745599659417074
0.04878048780487804,0.9810901001112344,0.6800000000000002,0.10256410256410309,0.24489795918367374,0.3333333333333335,0.21999999999999992,0.2027027027027027,26.2,0.36363636363636365,0.33333333333333337,0.0,0.6809701492537312,0.0,1.0,0.0,1.0,0.0,0.0,1.0,0.0,0.0,0.0,1.0,0.0,0.0,0.0,0.0,1.0,0.0,0.0,0.0,0.3174603174603172,0.4650598342459986,0.47893595856558036,0.2655367231638418,0.12128144931198914
0.878048780487805,0.48498331479421564,0.7200000000000002,0.2051282051282053,0.44897959183673475,0.25,0.6933333333333334,0.5263513513513514,12.4,0.9090909090909091,0.9999999999999999,1.0,0.31556503198294245,0.0,1.0,0.0,1.0,0.0,0.0,0.0,0.0,0.0,1.0,0.0,0.0,0.0,1.0,1.0,0.0,0.0,0.0,0.0,0.41269841269841256,0.5657545658961127,0.41757418819723036,0.22033898305084743,0.7257655104852849
0.39024390243902446,0.18020022246941048,0.54,0.8205128205128212,0.36734693877551017,0.375,0.8733333333333333,0.6391891891891892,17.3,0.5454545454545455,0.9999999999999999,1.0,0.14978678038379534,1.0,0.0,1.0,0.0,0.0,0.0,0.0,1.0,0.0,0.0,0.0,1.0,0.0,0.0,0.0,0.0,0.0,0.0,1.0,0.746031746031746,0.31472180621409707,0.38538459615432674,0.11186440677966103,0.5293674472013339
0.024390243902439046,0.5317018909899888,0.56,0.8974358974358978,0.8367346938775513,0.916666666666667,0.52,0.5608108108108107,23.6,0.818181818181818,0.0,0.0,0.410181236673774,0.0,1.0,1.0,0.0,0.0,0.0,1.0,0.0,0.0,0.0,0.0,0.0,0.0,1.0,0.0,0.0,1.0,0.0,0.0,0.5873015873015872,0.5018242278448151,0.8861137095370692,0.8644067796610169,0.1308691165547859
0.024390243902439046,0.5105672969966629,0.7000000000000002,0.8974358974358978,0.7346938775510203,0.5,0.7733333333333332,0.7574324324324324,12.9,0.9090909090909091,0.6666666666666666,1.0,0.34061833688699356,0.0,1.0,0.0,0.0,1.0,0.0,1.0,0.0,0.0,0.0,0.0,0.0,0.0,1.0,0.0,0.0,1.0,0.0,0.0,0.746031746031746,0.4775538665483774,0.8159839550980166,0.3389830508474576,0.6567607855476805
0.6585365853658538,0.12347052280311455,0.7400000000000002,0.4358974358974361,0.7755102040816326,0.29166666666666696,0.6266666666666667,0.556081081081081,26.2,0.8636363636363636,0.6666666666666666,0.5,0.06103411513859269,0.0,1.0,1.0,0.0,0.0,0.0,0.0,0.0,1.0,0.0,0.0,1.0,0.0,0.0,0.0,0.0,0.0,0.0,1.0,0.5396825396825395,0.672319103159325,0.6212193444615999,0.32203389830508466,0.4922346482092692
0.5365853658536586,0.19354838709677413,0.41999999999999993,0.2051282051282053,0.4693877551020411,0.4583333333333335,0.9133333333333333,0.6986486486486487,18.3,0.5454545454545455,0.9999999999999999,1.0,0.19482942430703615,1.0,0.0,0.0,0.0,1.0,0.0,0.0,0.0,1.0,0.0,0.0,1.0,0.0,0.0,1.0,0.0,0.0,0.0,0.0,0.33333333333333326,0.5635860080832495,0.44933698325315996,0.11186440677966103,0.7240689169605788
0.878048780487805,0.8331479421579533,0.8399999999999999,0.7179487179487181,0.30612244897959195,0.875,0.4666666666666666,0.33716216216216216,20.7,0.5000000000000001,0.6666666666666666,0.5,0.5023987206823028,0.0,1.0,0.0,1.0,0.0,0.0,0.0,0.0,0.0,1.0,1.0,0.0,0.0,0.0,0.0,1.0,0.0,0.0,0.0,0.49206349206349187,0.24689830985833705,0.3296350341077108,0.1864406779661017,0.2703464240298925
0.7560975609756098,0.24582869855394884,0.31999999999999984,0.3333333333333339,0.6530612244897962,0.9583333333333335,0.5800000000000001,0.4283783783783784,31.3,0.13636363636363635,0.33333333333333337,0.5,0.27238805970149244,1.0,0.0,0.0,1.0,0.0,0.0,0.0,0.0,1.0,0.0,0.0,0.0,1.0,0.0,1.0,0.0,0.0,0.0,0.0,0.2222222222222221,0.5977239270750765,0.36969385696396007,0.15254237288135591,0.45332777902393695
0.7804878048780488,0.19021134593993327,0.8199999999999998,0.6153846153846159,0.22448979591836737,0.75,0.39333333333333337,0.27297297297297296,29.5,0.5454545454545455,0.6666666666666666,0.5,0.08875266524520253,0.0,1.0,0.0,0.0,0.0,1.0,0.0,0.0,0.0,1.0,0.0,1.0,0.0,0.0,0.0,0.0,0.0,0.0,1.0,0.47619047619047605,0.24126021577593038,0.2790504115941512,0.2033898305084746,0.26740574340637546
0.0,0.31256952169076735,0.6000000000000001,0.3589743589743595,0.6734693877551021,0.0,0.4000000000000001,0.420945945945946,25.4,0.818181818181818,0.6666666666666666,0.5,0.23187633262260127,0.0,1.0,0.0,0.0,0.0,1.0,1.0,0.0,0.0,0.0,0.0,0.0,1.0,0.0,1.0,0.0,0.0,0.0,0.0,0.603174603174603,0.656406500560708,0.7748860259128272,0.30508474576271183,0.4839350559272785
0.43902439024390244,0.32480533926585087,0.2999999999999998,0.12820512820512864,0.12244897959183687,0.625,0.48666666666666664,0.37094594594594593,27.2,0.5454545454545455,0.33333333333333337,0.0,0.3491471215351813,0.0,1.0,0.0,0.0,1.0,0.0,0.0,1.0,0.0,0.0,0.0,0.0,1.0,0.0,0.0,0.0,1.0,0.0,0.0,0.2222222222222221,0.3378439587815649,0.3921285645157184,0.35593220338983056,0.08810523280033325
0.024390243902439046,0.28031145717463846,0.040000000000000036,0.7179487179487181,0.20408163265306145,0.875,0.48666666666666664,0.3358108108108108,30.6,0.40909090909090906,0.33333333333333337,0.0,0.42377398720682297,1.0,0.0,1.0,0.0,0.0,0.0,1.0,0.0,0.0,0.0,0.0,0.0,1.0,0.0,0.0,0.0,1.0,0.0,0.0,0.49206349206349187,0.18519841235275492,0.28362560687911076,0.2881355932203389,0.04829729468432323
0.6097560975609757,0.7630700778642934,0.45999999999999996,0.3589743589743595,0.6122448979591839,0.666666666666667,0.5533333333333335,0.4628378378378379,28.5,0.31818181818181823,0.0,0.0,0.6388592750533049,0.0,1.0,1.0,0.0,0.0,0.0,0.0,0.0,1.0,0.0,1.0,0.0,0.0,0.0,0.0,1.0,0.0,0.0,0.0,0.3492063492063491,0.58007775638848,0.5209013054470761,0.4915254237288136,0.1512766010474858
0.7560975609756098,0.0,0.2999999999999998,0.7179487179487181,0.5714285714285716,1.0,0.35333333333333333,0.2587837837837838,34.3,0.4545454545454545,0.33333333333333337,0.5,0.0631663113006396,1.0,0.0,0.0,0.0,0.0,1.0,0.0,0.0,1.0,0.0,0.0,1.0,0.0,0.0,0.0,0.0,0.0,0.0,1.0,0.4444444444444442,0.39432859126641195,0.32369634067395947,0.3107344632768362,0.34724215608396447
0.12195121951219517,0.021134593993325845,0.16000000000000014,0.07692307692307754,0.24489795918367374,0.7083333333333335,0.040000000000000036,0.04527027027027025,26.8,0.13636363636363635,0.33333333333333337,0.0,0.11886993603411516,1.0,0.0,0.0,1.0,0.0,0.0,1.0,0.0,0.0,0.0,0.0,1.0,0.0,0.0,0.0,0.0,0.0,0.0,1.0,0.1587301587301586,0.43469737289095234,0.31008065492924497,0.15254237288135591,0.11336332126339177
0.7560975609756098,0.31479421579532807,0.040000000000000036,0.4358974358974361,0.6122448979591839,0.41666666666666696,0.6333333333333333,0.4567567567567568,29.4,0.13636363636363635,0.6666666666666666,0.5,0.45948827292110866,1.0,0.0,0.0,0.0,1.0,0.0,0.0,0.0,1.0,0.0,0.0,0.0,1.0,0.0,0.0,0.0,1.0,0.0,0.0,0.49206349206349187,0.5677377768873635,0.34718761800389797,0.050847457627118675,0.43768779687003156
0.07317073170731708,0.5383759733036707,0.20000000000000018,0.9743589743589745,0.020408163265306367,0.7083333333333335,0.8066666666666666,0.5641891891891893,12.0,0.9090909090909091,0.6666666666666666,1.0,0.5919509594882728,0.0,1.0,0.0,1.0,0.0,0.0,1.0,0.0,0.0,0.0,0.0,0.0,0.0,1.0,0.0,1.0,0.0,0.0,0.0,0.714285714285714,0.052284587344546996,0.3223557449288852,0.3389830508474576,0.32404698789198055
0.2439024390243903,0.2892102335928809,0.7999999999999998,0.384615384615385,0.7755102040816326,0.25,0.4533333333333333,0.4878378378378379,24.1,0.6818181818181818,0.33333333333333337,0.0,0.15884861407249468,0.0,1.0,0.0,1.0,0.0,0.0,1.0,0.0,0.0,0.0,0.0,0.0,1.0,0.0,0.0,0.0,0.0,0.0,1.0,0.5238095238095237,0.694663280327418,0.8437349913542638,0.423728813559322,0.18115898905465344
0.39024390243902446,0.3548387096774194,0.2799999999999998,0.2564102564102564,0.28571428571428603,0.7083333333333335,0.5066666666666666,0.42297297297297304,21.3,0.2727272727272728,0.6666666666666666,0.5,0.38406183368869934,0.0,1.0,1.0,0.0,0.0,0.0,0.0,1.0,0.0,0.0,0.0,0.0,1.0,0.0,0.0,0.0,1.0,0.0,0.0,0.26984126984126977,0.39629592576020267,0.5066429039627787,0.1016949152542373,0.3482682656772612
0.902439024390244,0.3959955506117907,0.41999999999999993,0.3333333333333339,0.20408163265306145,0.29166666666666696,0.35333333333333333,0.24324324324324326,28.1,0.2272727272727273,0.6666666666666666,0.5,0.3606076759061834,0.0,1.0,0.0,0.0,1.0,0.0,0.0,0.0,0.0,1.0,0.0,0.0,1.0,0.0,0.0,0.0,1.0,0.0,0.0,0.47619047619047605,0.3657238021233975,0.26638587257202473,0.0847457627118644,0.33232265528401556
0.5609756097560976,0.26028921023359286,0.18000000000000016,0.0512820512820511,0.6734693877551021,0.20833333333333348,0.8933333333333333,0.6513513513513514,15.2,0.5454545454545455,0.9999999999999999,1.0,0.3400852878464818,1.0,0.0,0.0,1.0,0.0,0.0,0.0,0.0,1.0,0.0,0.0,0.0,1.0,0.0,0.0,0.0,1.0,0.0,0.0,0.33333333333333326,0.7794779858971739,0.3816162064754658,0.11186440677966103,0.8929742278646444
0.09756097560975613,0.3515016685205783,0.54,0.9487179487179489,0.7755102040816326,0.25,0.6599999999999999,0.5905405405405406,30.3,0.13636363636363635,0.33333333333333337,0.0,0.2806503198294243,1.0,0.0,0.0,0.0,0.0,1.0,1.0,0.0,0.0,0.0,0.0,0.0,1.0,0.0,1.0,0.0,0.0,0.0,0.0,0.873015873015873,0.5015744825409523,0.6417217774683837,0.15254237288135591,0.13080398628512835
0.8048780487804879,0.19354838709677413,0.54,0.4358974358974361,0.06122448979591866,0.916666666666667,0.38666666666666666,0.19932432432432434,31.6,0.2727272727272728,0.6666666666666666,0.5,0.1599147121535181,1.0,0.0,0.0,0.0,0.0,1.0,0.0,0.0,0.0,1.0,0.0,1.0,0.0,0.0,0.0,0.0,0.0,0.0,1.0,0.3015873015873014,0.15840302829318786,0.03543668348170015,0.1016949152542373,0.22418962778497498
0.12195121951219517,0.48720800889877625,0.98,0.4871794871794872,0.20408163265306145,0.875,0.8600000000000001,0.6601351351351352,11.0,0.9090909090909091,0.6666666666666666,1.0,0.2356076759061833,0.0,1.0,1.0,0.0,0.0,0.0,1.0,0.0,0.0,0.0,0.0,0.0,0.0,1.0,1.0,0.0,0.0,0.0,0.0,0.3492063492063491,0.24586997823324397,0.4496206774361895,0.3389830508474576,0.47550051092525525
0.5121951219512195,0.1768631813125695,0.41999999999999993,0.6153846153846159,0.5714285714285716,0.375,0.9666666666666666,0.7702702702702704,19.5,0.5454545454545455,0.9999999999999999,1.0,0.18123667377398717,1.0,0.0,0.0,0.0,0.0,1.0,0.0,1.0,0.0,0.0,0.0,1.0,0.0,0.0,1.0,0.0,0.0,0.0,0.0,0.6190476190476188,0.48510927414788796,0.5135684132551519,0.11186440677966103,0.6626718364469509
0.2439024390243903,0.5228031145717463,0.52,0.9487179487179489,0.020408163265306367,0.41666666666666696,0.4666666666666666,0.3351351351351351,28.4,0.9090909090909091,0.33333333333333337,0.5,0.4203091684434968,0.0,1.0,0.0,0.0,0.0,1.0,1.0,0.0,0.0,0.0,0.0,0.0,0.0,1.0,0.0,0.0,1.0,0.0,0.0,0.8095238095238093,0.09998950280490004,0.3232187534397768,0.536723163841808,0.19372267919489333
0.3658536585365854,0.2814238042269187,0.41999999999999993,0.3076923076923075,0.30612244897959195,1.0,0.4533333333333333,0.33310810810810815,29.7,0.4545454545454545,0.6666666666666666,0.5,0.2667910447761193,1.0,0.0,0.0,1.0,0.0,0.0,0.0,1.0,0.0,0.0,0.0,0.0,1.0,0.0,1.0,0.0,0.0,0.0,0.0,0.19047619047619024,0.3558175166794155,0.3456576106909133,0.1694915254237288,0.32715579903252995
0.7804878048780488,0.06006674082313679,0.33999999999999986,0.07692307692307754,0.7755102040816326,0.5,0.5800000000000001,0.518918918918919,24.1,0.5909090909090909,0.6666666666666666,0.5,0.10554371002132196,0.0,1.0,0.0,0.0,0.0,1.0,0.0,0.0,0.0,1.0,0.0,1.0,0.0,0.0,0.0,0.0,0.0,0.0,1.0,0.23809523809523792,0.8294430847229213,0.6207249838261955,0.22033898305084743,0.5741863576558571
0.1951219512195122,0.5239154616240266,0.7400000000000002,0.3333333333333339,0.24489795918367374,0.3333333333333335,0.8066666666666666,0.6337837837837839,11.2,0.9090909090909091,0.6666666666666666,1.0,0.3355543710021322,0.0,1.0,0.0,0.0,0.0,1.0,1.0,0.0,0.0,0.0,0.0,0.0,0.0,1.0,0.0,0.0,1.0,0.0,0.0,0.46031746031746024,0.3861791219665899,0.4769468347060082,0.3389830508474576,0.5852728136524552
0.12195121951219517,0.42936596218020007,0.45999999999999996,0.8205128205128212,0.7346938775510203,0.25,0.6466666666666667,0.5702702702702702,32.3,0.0,0.6666666666666666,0.5,0.3715351812366738,1.0,0.0,0.0,1.0,0.0,0.0,1.0,0.0,0.0,0.0,0.0,0.0,1.0,0.0,0.0,0.0,1.0,0.0,0.0,0.7936507936507935,0.5187407994564601,0.6169272746270409,0.0,0.41213227047476153
0.3658536585365854,0.42269187986651824,0.41999999999999993,0.6923076923076925,0.3265306122448983,0.3333333333333335,0.38666666666666666,0.29121621621621624,26.3,0.2727272727272728,0.33333333333333337,0.0,0.38246268656716415,1.0,0.0,1.0,0.0,0.0,0.0,0.0,1.0,0.0,0.0,0.0,0.0,1.0,0.0,0.0,0.0,1.0,0.0,0.0,0.6825396825396823,0.33012142742400574,0.35862711712578266,0.22033898305084748,0.08609129883650132
0.6829268292682928,0.20022246941045596,0.06000000000000005,0.9230769230769234,0.40816326530612246,0.5,0.8866666666666667,0.5743243243243243,18.4,0.5454545454545455,0.6666666666666666,1.0,0.33208955223880593,1.0,0.0,1.0,0.0,0.0,0.0,0.0,0.0,1.0,0.0,0.0,1.0,0.0,0.0,1.0,0.0,0.0,0.0,0.0,0.7619047619047619,0.2975474794524715,0.23139231043803266,0.2033898305084746,0.5159309358931621
0.04878048780487804,0.34816462736373743,0.3799999999999999,0.17948717948717974,0.8775510204081636,0.08333333333333348,0.52,0.5,33.4,0.36363636363636365,0.33333333333333337,0.5,0.3368869936034115,1.0,0.0,0.0,0.0,1.0,0.0,1.0,0.0,0.0,0.0,0.0,0.0,1.0,0.0,0.0,0.0,1.0,0.0,0.0,0.46031746031746024,0.8506988720564415,0.7056558157514259,0.2655367231638418,0.5852728136524552
0.4634146341463415,0.10122358175750834,0.48,0.8461538461538467,0.36734693877551017,0.08333333333333348,0.4066666666666667,0.36418918918918924,22.3,0.5000000000000001,0.33333333333333337,0.5,0.10394456289978671,0.0,1.0,0.0,0.0,0.0,1.0,0.0,1.0,0.0,0.0,0.0,1.0,0.0,0.0,0.0,0.0,0.0,0.0,1.0,0.873015873015873,0.3377415632069811,0.5611991814567518,0.33333333333333337,0.317727860202305
0.853658536585366,0.4260289210233592,0.2999999999999998,0.10256410256410309,0.12244897959183687,0.0,0.49333333333333335,0.2702702702702703,33.7,0.045454545454545525,0.33333333333333337,0.0,0.4381663113006397,1.0,0.0,0.0,1.0,0.0,0.0,0.0,0.0,0.0,1.0,0.0,0.0,1.0,0.0,0.0,0.0,1.0,0.0,0.0,0.4444444444444442,0.4196580228739666,0.06939620959752779,0.10734463276836159,0.10944125783745096
0.43902439024390244,0.19243604004449377,0.2799999999999998,0.10256410256410309,0.7551020408163267,0.8333333333333335,0.4199999999999999,0.3945945945945946,25.3,0.13636363636363635,0.6666666666666666,0.5,0.23933901918976547,1.0,0.0,0.0,0.0,1.0,0.0,0.0,1.0,0.0,0.0,0.0,1.0,0.0,0.0,1.0,0.0,0.0,0.0,0.0,0.12698412698412698,0.793401870104588,0.6289479027882658,0.050847457627118675,0.5553882141827153
0.6097560975609757,0.09343715239154615,0.2200000000000002,0.7692307692307692,0.14285714285714324,0.791666666666667,0.52,0.2898648648648649,34.1,0.40909090909090906,0.0,0.0,0.16924307036247338,1.0,0.0,1.0,0.0,0.0,0.0,0.0,0.0,1.0,0.0,0.0,1.0,0.0,0.0,1.0,0.0,0.0,0.0,0.0,0.5555555555555554,0.14919830686602698,0.0820735383365907,0.559322033898305,0.038908943665160955
0.04878048780487804,0.40489432703003336,0.2400000000000002,0.2051282051282053,0.24489795918367374,0.04166666666666696,0.5666666666666667,0.4574324324324324,21.2,0.5000000000000001,0.6666666666666666,0.5,0.4474946695095949,0.0,1.0,1.0,0.0,0.0,0.0,1.0,0.0,0.0,0.0,0.0,0.0,1.0,0.0,0.0,0.0,1.0,0.0,0.0,0.49206349206349187,0.45667796137731587,0.47744712949493073,0.1864406779661017,0.3797619370407527
0.43902439024390244,0.7808676307007785,0.54,0.7948717948717947,0.7346938775510203,1.0,0.4599999999999999,0.4851351351351351,26.5,0.8636363636363636,0.0,0.0,0.6092750533049041,0.0,1.0,0.0,1.0,0.0,0.0,0.0,1.0,0.0,0.0,1.0,0.0,0.0,0.0,0.0,1.0,0.0,0.0,0.0,0.49206349206349187,0.4690179408784323,0.8163737261216839,0.8983050847457625,0.1223136711328463
0.4634146341463415,0.3659621802002224,0.52,0.8205128205128212,0.020408163265306367,0.08333333333333348,0.47333333333333333,0.2898648648648649,27.5,0.18181818181818177,0.33333333333333337,0.5,0.29877398720682297,1.0,0.0,0.0,0.0,1.0,0.0,0.0,1.0,0.0,0.0,0.0,0.0,1.0,0.0,1.0,0.0,0.0,0.0,0.0,0.8571428571428572,0.16871572544769242,0.16698320296080005,0.1751412429378531,0.22956845762626515
0.7560975609756098,0.468298109010011,0.7200000000000002,0.0512820512820511,0.8163265306122449,0.5833333333333335,0.9133333333333333,0.7959459459459461,14.2,0.9090909090909091,0.6666666666666666,1.0,0.3041044776119403,0.0,1.0,0.0,0.0,1.0,0.0,0.0,0.0,1.0,0.0,0.0,0.0,0.0,1.0,1.0,0.0,0.0,0.0,0.0,0.19047619047619024,0.8714523744046367,0.6469721524900571,0.3389830508474576,0.9649313373569377
0.14634146341463422,0.21023359288097876,0.52,0.7435897435897436,0.20408163265306145,0.9583333333333335,0.08666666666666667,0.07229729729729728,30.1,0.09090909090909094,0.33333333333333337,0.0,0.17830490405117277,1.0,0.0,0.0,1.0,0.0,0.0,1.0,0.0,0.0,0.0,0.0,1.0,0.0,0.0,1.0,0.0,0.0,0.0,0.0,0.47619047619047605,0.16658206396745,0.2846192237072851,0.12994350282485873,0.0434423974285168
0.9756097560975612,0.46941045606229137,0.7400000000000002,0.28205128205128194,0.4693877551020411,0.20833333333333348,0.7133333333333334,0.5459459459459459,10.7,0.9090909090909091,0.6666666666666666,1.0,0.2982409381663113,0.0,1.0,0.0,1.0,0.0,0.0,0.0,0.0,0.0,1.0,0.0,0.0,0.0,1.0,1.0,0.0,0.0,0.0,0.0,0.47619047619047605,0.5524191816445982,0.43052457683959844,0.3389830508474576,0.7153324353620925
0.7804878048780488,0.6307007786429366,0.43999999999999995,0.7179487179487181,0.10204081632653095,0.5,0.6399999999999999,0.40540540540540543,25.7,0.5454545454545455,0.33333333333333337,0.5,0.5429104477611939,0.0,1.0,0.0,0.0,1.0,0.0,0.0,0.0,0.0,1.0,0.0,0.0,0.0,1.0,0.0,1.0,0.0,0.0,0.0,0.6349206349206349,0.17902842260219676,0.2017195939424148,0.35593220338983056,0.23494728746755533
0.9512195121951221,0.46051167964404893,0.7200000000000002,0.0512820512820511,0.5102040816326534,0.8333333333333335,0.8666666666666667,0.6682432432432432,12.0,0.9090909090909091,0.9999999999999999,1.0,0.29877398720682297,0.0,1.0,1.0,0.0,0.0,0.0,0.0,0.0,0.0,1.0,0.0,0.0,0.0,1.0,1.0,0.0,0.0,0.0,0.0,0.09523809523809512,0.6341322318118485,0.4565348073179607,0.22033898305084743,0.7792614811894208
0.9268292682926831,0.7541713014460509,0.45999999999999996,0.6410256410256414,0.12244897959183687,0.0,0.39333333333333337,0.25472972972972974,26.6,0.5909090909090909,0.33333333333333337,0.5,0.6316631130063965,0.0,1.0,0.0,0.0,0.0,1.0,0.0,0.0,0.0,1.0,1.0,0.0,0.0,0.0,0.0,1.0,0.0,0.0,0.0,0.7777777777777777,0.269932938260421,0.2154762545173743,0.37853107344632764,0.2823606764389281
0.4146341463414634,0.2869855394883203,0.2400000000000002,0.7435897435897436,0.7755102040816326,0.791666666666667,0.3333333333333333,0.329054054054054,33.8,0.0,0.6666666666666666,0.5,0.339818763326226,1.0,0.0,1.0,0.0,0.0,0.0,0.0,1.0,0.0,0.0,0.0,0.0,1.0,0.0,0.0,0.0,1.0,0.0,0.0,0.5396825396825395,0.5279413429962632,0.6418940266138315,0.0,0.4169310304312066
0.9512195121951221,0.3170189098998887,0.1200000000000001,0.2051282051282053,0.36734693877551017,0.75,0.6333333333333333,0.40337837837837837,29.1,0.045454545454545525,0.6666666666666666,0.5,0.4219083155650319,1.0,0.0,0.0,1.0,0.0,0.0,0.0,0.0,0.0,1.0,0.0,0.0,1.0,0.0,0.0,0.0,1.0,0.0,0.0,0.2222222222222221,0.4677839429283206,0.20735694965444007,0.01694915254237289,0.38555452302368054
0.0,0.26585094549499433,0.18000000000000016,0.6410256410256414,0.10204081632653095,0.0,0.9133333333333333,0.5851351351351353,16.4,0.5454545454545455,0.6666666666666666,1.0,0.34541577825159914,1.0,0.0,0.0,0.0,1.0,0.0,1.0,0.0,0.0,0.0,0.0,0.0,1.0,0.0,0.0,0.0,1.0,0.0,0.0,0.7777777777777777,0.2592382893594535,0.21876261914344663,0.2033898305084746,0.4859593467277641
0.2439024390243903,0.403781979977753,0.2400000000000002,0.02564102564102555,0.8571428571428572,0.8333333333333335,0.4399999999999999,0.493918918918919,20.1,0.36363636363636365,0.33333333333333337,0.5,0.44642857142857134,0.0,1.0,0.0,0.0,1.0,0.0,1.0,0.0,0.0,0.0,0.0,0.0,1.0,0.0,0.0,0.0,1.0,0.0,0.0,0.0793650793650793,0.9167829113475132,0.9020852702514308,0.2655367231638418,0.6197404991906225
0.6585365853658538,0.05005561735261399,0.2999999999999998,0.0512820512820511,0.5714285714285716,0.875,0.6266666666666667,0.4432432432432432,30.7,0.045454545454545525,0.33333333333333337,0.0,0.10740938166311303,1.0,0.0,0.0,0.0,0.0,1.0,0.0,0.0,1.0,0.0,0.0,1.0,0.0,0.0,0.0,0.0,0.0,0.0,1.0,0.0793650793650793,0.6787975923974112,0.32357521347688434,0.10734463276836159,0.17702142763827639
0.5853658536585367,0.11902113459399333,0.5,0.07692307692307754,0.8571428571428572,0.04166666666666696,0.5266666666666666,0.43040540540540545,29.0,0.18181818181818177,0.33333333333333337,0.5,0.1130063965884861,1.0,0.0,0.0,0.0,1.0,0.0,0.0,0.0,1.0,0.0,0.0,1.0,0.0,0.0,0.0,0.0,0.0,0.0,1.0,0.41269841269841256,0.8880263519743761,0.48452106511504733,0.1751412429378531,0.6047418390562557
0.5365853658536586,0.16796440489432696,0.2200000000000002,0.6153846153846159,0.7755102040816326,0.5833333333333335,0.7,0.6222972972972973,16.9,0.5454545454545455,0.6666666666666666,1.0,0.23827292110874204,1.0,0.0,0.0,0.0,0.0,1.0,0.0,0.0,1.0,0.0,0.0,1.0,0.0,0.0,1.0,0.0,0.0,0.0,0.0,0.5396825396825395,0.5880987430642055,0.6410661194308724,0.2033898305084746,0.743246707469478
0.7317073170731709,0.37486095661846497,0.2200000000000002,0.3076923076923075,0.020408163265306367,0.541666666666667,0.5733333333333335,0.3459459459459459,21.8,0.9545454545454545,0.6666666666666666,0.5,0.4293710021321961,0.0,1.0,1.0,0.0,0.0,0.0,0.0,0.0,1.0,0.0,0.0,0.0,1.0,0.0,0.0,0.0,1.0,0.0,0.0,0.3650793650793649,0.22538825384721672,0.15236955447792644,0.35593220338983056,0.25912734822197914
0.7073170731707319,0.17352614015572854,0.54,0.9743589743589745,0.36734693877551017,0.75,0.4666666666666666,0.3493243243243243,24.3,0.6363636363636364,0.6666666666666666,0.5,0.14472281449893387,0.0,1.0,1.0,0.0,0.0,0.0,0.0,0.0,1.0,0.0,0.0,1.0,0.0,0.0,0.0,0.0,0.0,0.0,1.0,0.6984126984126982,0.2345583303572205,0.36813271811531467,0.23728813559322032,0.2639102173821948
1.0,0.5216907675194661,0.52,0.8717948717948723,0.06122448979591866,0.41666666666666696,0.4199999999999999,0.26013513513513514,29.8,0.7272727272727274,0.33333333333333337,0.5,0.41924307036247327,0.0,1.0,0.0,0.0,1.0,0.0,0.0,0.0,0.0,1.0,0.0,0.0,0.0,1.0,0.0,0.0,1.0,0.0,0.0,0.7619047619047619,0.1359305837475514,0.17696919379043785,0.4463276836158192,0.21246859559350684
0.8292682926829269,0.22580645161290314,0.3599999999999999,0.5641025641025639,0.10204081632653095,0.5833333333333335,0.7333333333333334,0.40337837837837837,16.5,0.5454545454545455,0.6666666666666666,1.0,0.24093816631130055,1.0,0.0,0.0,0.0,1.0,0.0,0.0,0.0,0.0,1.0,0.0,0.0,1.0,0.0,1.0,0.0,0.0,0.0,0.0,0.5079365079365079,0.20349922940949527,0.05801248583183827,0.2033898305084746,0.44235131948340567
0.14634146341463422,0.004449388209121219,0.2799999999999998,0.2051282051282053,0.9795918367346941,0.20833333333333348,0.3266666666666666,0.35743243243243245,31.0,0.18181818181818177,0.0,0.0,0.07196162046908311,1.0,0.0,0.0,1.0,0.0,0.0,1.0,0.0,0.0,0.0,0.0,1.0,0.0,0.0,0.0,0.0,0.0,0.0,1.0,0.4285714285714284,0.9009172234175065,0.771256614625915,0.38983050847457623,0.23494728746755533
0.3658536585365854,0.4282536151279198,0.31999999999999984,0.02564102564102555,0.7346938775510203,0.791666666666667,0.5266666666666666,0.47500000000000003,32.8,0.18181818181818177,0.6666666666666666,0.5,0.4309701492537313,1.0,0.0,0.0,1.0,0.0,0.0,0.0,1.0,0.0,0.0,0.0,0.0,1.0,0.0,0.0,0.0,1.0,0.0,0.0,0.09523809523809512,0.8224510494158424,0.6158309950634642,0.06779661016949151,0.5705394971306604
0.6097560975609757,0.6963292547274749,0.43999999999999995,0.7692307692307692,0.5510204081632653,0.3333333333333335,0.21333333333333332,0.19864864864864867,27.5,0.2272727272727273,0.0,0.0,0.5959488272921107,0.0,1.0,0.0,0.0,1.0,0.0,0.0,0.0,1.0,0.0,1.0,0.0,0.0,0.0,0.0,1.0,0.0,0.0,0.0,0.7301587301587298,0.4305957319772289,0.4828954617694188,0.423728813559322,0.11229366760177151
0.024390243902439046,0.7875417130144604,0.8199999999999998,0.02564102564102555,0.5918367346938775,0.16666666666666696,0.54,0.520945945945946,23.3,0.6363636363636364,0.0,0.0,0.4810767590618336,0.0,1.0,0.0,0.0,1.0,0.0,1.0,0.0,0.0,0.0,1.0,0.0,0.0,0.0,0.0,1.0,0.0,0.0,0.0,0.33333333333333326,0.7389982400570632,0.7184975606951196,0.7288135593220338,0.1927209597415389
0.0,0.23248053392658508,0.5800000000000001,0.7948717948717947,0.12244897959183687,0.791666666666667,0.4066666666666667,0.26756756756756755,31.1,0.2727272727272728,0.0,0.0,0.17830490405117277,1.0,0.0,1.0,0.0,0.0,0.0,1.0,0.0,0.0,0.0,0.0,0.0,1.0,0.0,1.0,0.0,0.0,0.0,0.0,0.5714285714285712,0.13169145205693056,0.23055841190195503,0.4576271186440678,0.034343387648945956
0.26829268292682934,0.1746384872080089,0.2200000000000002,0.4358974358974361,0.16326530612244916,0.04166666666666696,0.6066666666666667,0.4662162162162163,28.7,0.36363636363636365,0.33333333333333337,0.0,0.24440298507462682,0.0,1.0,0.0,0.0,1.0,0.0,1.0,0.0,0.0,0.0,0.0,1.0,0.0,0.0,1.0,0.0,0.0,0.0,0.0,0.6349206349206349,0.3394481561167101,0.4218292513646915,0.2655367231638418,0.08852358623243362
0.09756097560975613,0.7842046718576194,0.8399999999999999,0.3076923076923075,0.48979591836734704,0.20833333333333348,0.4399999999999999,0.41621621621621624,20.2,0.818181818181818,0.33333333333333337,0.5,0.470682302771855,0.0,1.0,0.0,1.0,0.0,0.0,1.0,0.0,0.0,0.0,1.0,0.0,0.0,0.0,0.0,1.0,0.0,0.0,0.0,0.49206349206349187,0.5553977973862472,0.6476465541092209,0.49152542372881347,0.43125159022233384
0.878048780487805,0.16907675194660732,0.41999999999999993,0.10256410256410309,0.6530612244897962,0.7083333333333335,0.18,0.18648648648648647,24.4,0.5909090909090909,0.0,0.0,0.1748400852878464,0.0,1.0,1.0,0.0,0.0,0.0,0.0,0.0,0.0,1.0,0.0,1.0,0.0,0.0,1.0,0.0,0.0,0.0,0.0,0.17460317460317443,0.7223055613601101,0.5442332351486543,0.6949152542372881,0.188367730079063
0.7560975609756098,0.0723025583982202,0.43999999999999995,0.23076923076923084,0.0,0.916666666666667,0.5999999999999999,0.35743243243243245,22.2,0.5000000000000001,0.6666666666666666,0.5,0.09061833688699361,0.0,1.0,0.0,0.0,0.0,1.0,0.0,0.0,1.0,0.0,0.0,1.0,0.0,0.0,0.0,0.0,0.0,0.0,1.0,0.17460317460317443,0.17158627001647198,0.1395909114669993,0.1864406779661017,0.231065657685181
0.1951219512195122,0.3437152391546162,0.31999999999999984,0.6153846153846159,0.10204081632653095,0.75,0.20666666666666672,0.13716216216216215,28.9,0.09090909090909094,0.33333333333333337,0.0,0.3574093816631129,1.0,0.0,0.0,1.0,0.0,0.0,1.0,0.0,0.0,0.0,0.0,0.0,1.0,0.0,0.0,0.0,1.0,0.0,0.0,0.47619047619047605,0.16658206396745,0.21762736911439373,0.12994350282485873,0.0434423974285168
0.9756097560975612,0.38487208008898766,0.5,0.8461538461538467,0.34693877551020424,0.3333333333333335,0.39333333333333337,0.2945945945945946,24.2,0.6363636363636364,0.0,0.0,0.3208955223880597,0.0,1.0,0.0,1.0,0.0,0.0,0.0,0.0,0.0,1.0,0.0,0.0,1.0,0.0,1.0,0.0,0.0,0.0,0.0,0.7777777777777777,0.3020168849633236,0.35439756072218365,0.7288135593220338,0.07876200615009213
0.8292682926829269,0.05672969966629582,0.43999999999999995,0.9230769230769234,0.18367346938775508,0.8333333333333335,0.2866666666666667,0.1966216216216216,27.5,0.818181818181818,0.0,0.0,0.07782515991471212,0.0,1.0,1.0,0.0,0.0,0.0,0.0,0.0,0.0,1.0,0.0,1.0,0.0,0.0,0.0,0.0,0.0,0.0,1.0,0.6349206349206349,0.1331942130266215,0.25360555780595506,0.8644067796610169,0.03473528781953175
0.43902439024390244,0.6662958843159066,0.98,0.7435897435897436,0.5510204081632653,0.9583333333333335,0.5533333333333335,0.5216216216216216,20.9,0.4545454545454545,0.33333333333333337,0.0,0.3440831556503198,0.0,1.0,0.0,0.0,0.0,1.0,0.0,1.0,0.0,0.0,0.0,0.0,0.0,1.0,0.0,0.0,1.0,0.0,0.0,0.47619047619047605,0.37817016075814436,0.6887859424727176,0.3107344632768362,0.09862177252451099
0.3658536585365854,0.8565072302558396,0.2200000000000002,0.1538461538461542,0.20408163265306145,0.20833333333333348,0.36000000000000004,0.2979729729729729,25.1,0.40909090909090906,0.33333333333333337,0.5,0.874733475479744,0.0,1.0,0.0,1.0,0.0,0.0,0.0,1.0,0.0,0.0,1.0,0.0,0.0,0.0,0.0,0.0,0.0,1.0,0.0,0.39682539682539675,0.4326650282940623,0.450392726678571,0.2881355932203389,0.367237426807395
0.04878048780487804,0.3993325917686318,0.45999999999999996,0.12820512820512864,0.6530612244897962,0.541666666666667,0.5933333333333333,0.5087837837837839,30.6,0.2727272727272728,0.6666666666666666,0.5,0.347547974413646,1.0,0.0,0.0,0.0,1.0,0.0,1.0,0.0,0.0,0.0,0.0,0.0,1.0,0.0,0.0,0.0,1.0,0.0,0.0,0.25396825396825395,0.7169063526214472,0.564160093917423,0.1016949152542373,0.5154901772289651
0.4634146341463415,0.3470522803114572,0.2799999999999998,0.0512820512820511,0.0,0.9583333333333335,0.4066666666666667,0.24527027027027026,29.9,0.09090909090909094,0.33333333333333337,0.5,0.3771321961620468,1.0,0.0,0.0,1.0,0.0,0.0,0.0,1.0,0.0,0.0,0.0,0.0,1.0,0.0,0.0,0.0,1.0,0.0,0.0,0.04761904761904745,0.2195839732097984,0.15425669585084822,0.12994350282485873,0.2560999890906066
0.5609756097560976,0.4315906562847608,0.43999999999999995,0.3076923076923075,0.24489795918367374,0.5,0.34,0.2412162162162162,27.3,0.7272727272727274,0.6666666666666666,0.5,0.3816631130063966,0.0,1.0,1.0,0.0,0.0,0.0,0.0,0.0,1.0,0.0,0.0,0.0,1.0,0.0,0.0,0.0,1.0,0.0,0.0,0.38095238095238093,0.3759071864609176,0.2914761636007237,0.27118644067796616,0.33763403898309524
0.7804878048780488,0.11790878754171297,0.3799999999999999,0.0512820512820511,0.7346938775510203,0.41666666666666696,0.54,0.47905405405405405,23.8,0.6818181818181818,0.0,0.0,0.14392324093816627,0.0,1.0,1.0,0.0,0.0,0.0,0.0,0.0,0.0,1.0,0.0,1.0,0.0,0.0,0.0,0.0,0.0,0.0,1.0,0.25396825396825395,0.8159891292039405,0.5970290411800336,0.7627118644067796,0.21279916459165454
0.5609756097560976,0.47274749721913223,0.5800000000000001,0.6410256410256414,0.38775510204081653,0.4583333333333335,0.7933333333333332,0.5810810810810811,14.7,0.9090909090909091,0.6666666666666666,1.0,0.3579424307036247,0.0,1.0,1.0,0.0,0.0,0.0,0.0,0.0,1.0,0.0,0.0,0.0,0.0,1.0,0.0,0.0,1.0,0.0,0.0,0.603174603174603,0.365322306683567,0.3805349963294673,0.3389830508474576,0.5689552695476717
0.2439024390243903,0.7619577308120131,0.5800000000000001,0.5897435897435903,0.0,0.75,0.5533333333333335,0.38851351351351354,24.8,0.2727272727272728,0.6666666666666666,0.5,0.57409381663113,0.0,1.0,0.0,1.0,0.0,0.0,1.0,0.0,0.0,0.0,1.0,0.0,0.0,0.0,0.0,1.0,0.0,0.0,0.0,0.46031746031746024,0.10997818948073235,0.30863337357557574,0.1016949152542373,0.19893251374761234
0.17073170731707316,0.11012235817575078,0.96,0.12820512820512864,0.04081632653061229,0.75,0.4333333333333333,0.3168918918918919,25.7,0.2727272727272728,0.33333333333333337,0.5,0.010927505330490417,0.0,1.0,0.0,0.0,0.0,1.0,1.0,0.0,0.0,0.0,0.0,1.0,0.0,0.0,0.0,0.0,0.0,0.0,1.0,0.17460317460317443,0.26089210104517,0.3372601792493135,0.22033898305084748,0.27764521507367335
0.853658536585366,0.9466073414905449,0.8199999999999998,0.28205128205128194,0.34693877551020424,0.8333333333333335,0.013333333333333364,0.03378378378378377,28.3,0.7272727272727274,0.0,0.0,0.585554371002132,0.0,1.0,0.0,0.0,1.0,0.0,0.0,0.0,0.0,1.0,1.0,0.0,0.0,0.0,0.0,1.0,0.0,0.0,0.0,0.23809523809523792,0.4148930802943277,0.3566163169164587,0.7966101694915255,0.1081986238807173
0.902439024390244,0.4416017797552836,0.31999999999999984,0.8974358974358978,0.8163265306122449,0.75,0.37333333333333335,0.3108108108108108,27.8,0.18181818181818177,0.0,0.0,0.4424307036247335,1.0,0.0,1.0,0.0,0.0,0.0,0.0,0.0,0.0,1.0,0.0,0.0,1.0,0.0,0.0,0.0,1.0,0.0,0.0,0.6507936507936507,0.5030257584011941,0.4617539203140997,0.38983050847457623,0.1311824598206187
0.9512195121951221,0.9655172413793103,0.2599999999999998,0.02564102564102555,0.26530612244897966,0.9583333333333335,0.3066666666666666,0.2222972972972973,20.8,0.2727272727272728,0.0,0.0,0.9434968017057568,0.0,1.0,0.0,0.0,0.0,1.0,0.0,0.0,0.0,1.0,1.0,0.0,0.0,0.0,0.0,0.0,0.0,1.0,0.0,0.03174603174603163,0.4415334410804911,0.30396991143597485,0.4576271186440678,0.11514607736609206
0.4634146341463415,0.1624026696329255,0.14000000000000012,0.2564102564102564,0.6122448979591839,0.5,0.54,0.45878378378378376,32.1,0.40909090909090906,0.33333333333333337,0.0,0.26199360341151373,1.0,0.0,0.0,0.0,1.0,0.0,0.0,1.0,0.0,0.0,0.0,1.0,0.0,0.0,1.0,0.0,0.0,0.0,0.0,0.3492063492063491,0.6335510008933176,0.5382539510920885,0.2881355932203389,0.1652217154508307
0.8292682926829269,0.08676307007786421,0.08000000000000007,0.9743589743589745,0.5306122448979593,0.541666666666667,0.56,0.3898648648648649,29.8,0.18181818181818177,0.33333333333333337,0.5,0.208955223880597,1.0,0.0,1.0,0.0,0.0,0.0,0.0,0.0,0.0,1.0,0.0,1.0,0.0,0.0,1.0,0.0,0.0,0.0,0.0,0.7777777777777777,0.3447954805671938,0.2998200781681566,0.1751412429378531,0.3214069967682939
0.5853658536585367,0.6440489432703003,0.8199999999999998,0.8461538461538467,0.3265306122448983,0.9583333333333335,0.34,0.25472972972972974,29.0,0.5909090909090909,0.33333333333333337,0.5,0.38699360341151384,0.0,1.0,0.0,0.0,1.0,0.0,0.0,0.0,1.0,0.0,0.0,0.0,0.0,1.0,0.0,0.0,1.0,0.0,0.0,0.5396825396825395,0.21512286264296232,0.3422981886932701,0.37853107344632764,0.253773191912071
0.8292682926829269,0.2569521690767519,0.08000000000000007,0.6410256410256414,0.9183673469387754,0.7083333333333335,0.5733333333333335,0.4777027027027027,34.8,0.13636363636363635,0.33333333333333337,0.5,0.38086353944562895,1.0,0.0,0.0,0.0,1.0,0.0,0.0,0.0,0.0,1.0,0.0,0.0,1.0,0.0,0.0,0.0,1.0,0.0,0.0,0.5079365079365079,0.6562091553445202,0.5203621221976702,0.15254237288135591,0.48383212588657576
0.5853658536585367,0.36040044493882095,0.3799999999999999,0.4358974358974361,0.5714285714285716,0.4583333333333335,0.38000000000000006,0.27702702702702703,29.0,0.36363636363636365,0.33333333333333337,0.5,0.3472814498933902,1.0,0.0,0.0,0.0,0.0,1.0,0.0,0.0,1.0,0.0,0.0,0.0,1.0,0.0,0.0,0.0,1.0,0.0,0.0,0.47619047619047605,0.5399728230098515,0.32455797713059154,0.2655367231638418,0.42320633191271184
0.6829268292682928,0.21023359288097876,0.3999999999999999,0.5128205128205128,0.7142857142857144,0.125,0.6799999999999999,0.5114864864864865,17.1,0.5454545454545455,0.6666666666666666,1.0,0.2148187633262259,1.0,0.0,0.0,0.0,1.0,0.0,0.0,0.0,1.0,0.0,0.0,1.0,0.0,0.0,1.0,0.0,0.0,0.0,0.0,0.6507936507936507,0.6167090341201404,0.404153942917751,0.2033898305084746,0.7656302631476029
0.4146341463414634,0.11568409343715236,0.20000000000000018,0.8974358974358978,0.7346938775510203,0.375,0.35333333333333333,0.3378378378378379,29.1,0.18181818181818177,0.6666666666666666,0.5,0.19642857142857145,1.0,0.0,1.0,0.0,0.0,0.0,0.0,1.0,0.0,0.0,0.0,1.0,0.0,0.0,1.0,0.0,0.0,0.0,0.0,0.7936507936507935,0.48689276412637295,0.6152322001490182,0.06779661016949151,0.39552117831783595
0.4146341463414634,0.2691879866518353,0.18000000000000016,1.0,0.5102040816326534,0.666666666666667,0.7533333333333332,0.5939189189189189,16.6,0.5454545454545455,0.9999999999999999,1.0,0.34834754797441364,1.0,0.0,0.0,0.0,0.0,1.0,0.0,1.0,0.0,0.0,0.0,0.0,1.0,0.0,0.0,0.0,1.0,0.0,0.0,0.746031746031746,0.31472180621409707,0.4754643660983413,0.11186440677966103,0.5293674472013339
0.024390243902439046,0.2091212458286985,0.54,0.5384615384615383,0.3265306122448983,0.125,0.5999999999999999,0.4385135135135136,32.8,0.5454545454545455,0.0,0.0,0.1719083155650319,1.0,0.0,0.0,1.0,0.0,0.0,1.0,0.0,0.0,0.0,0.0,1.0,0.0,0.0,1.0,0.0,0.0,0.0,0.0,0.6666666666666665,0.3933391603442419,0.3595776772247359,0.6610169491525424,0.10257764684205467
0.8292682926829269,0.7252502780867629,0.2400000000000002,0.7435897435897436,0.4285714285714288,0.4583333333333335,0.5733333333333335,0.4364864864864865,27.6,0.7727272727272728,0.33333333333333337,0.0,0.7401385927505331,0.0,1.0,0.0,1.0,0.0,0.0,0.0,0.0,0.0,1.0,1.0,0.0,0.0,0.0,0.0,0.0,0.0,1.0,0.0,0.6666666666666665,0.35950062280602424,0.4052464984494426,0.4689265536723164,0.09375300413368795
0.3658536585365854,0.06562847608453837,0.0,0.7435897435897436,0.48979591836734704,0.5,0.27999999999999997,0.2425675675675676,29.8,0.09090909090909094,0.33333333333333337,0.0,0.21535181236673767,1.0,0.0,0.0,0.0,0.0,1.0,0.0,1.0,0.0,0.0,0.0,1.0,0.0,0.0,1.0,0.0,0.0,0.0,0.0,0.6507936507936507,0.3893424826822476,0.46112229301290886,0.12994350282485873,0.10153536620720818
0.9756097560975612,0.28031145717463846,0.2599999999999998,0.17948717948717974,0.020408163265306367,0.125,0.4133333333333334,0.20743243243243242,25.4,0.2272727272727273,0.33333333333333337,0.5,0.32569296375266515,1.0,0.0,0.0,1.0,0.0,0.0,0.0,0.0,0.0,1.0,0.0,0.0,1.0,0.0,1.0,0.0,0.0,0.0,0.0,0.4444444444444442,0.31834029644374773,0.012181909632309695,0.19774011299435024,0.30760867304287887
0.853658536585366,0.18131256952169073,0.5800000000000001,0.8461538461538467,0.4285714285714288,0.375,0.6799999999999999,0.4466216216216216,16.5,0.5454545454545455,0.9999999999999999,1.0,0.13992537313432835,1.0,0.0,0.0,0.0,1.0,0.0,0.0,0.0,0.0,1.0,0.0,1.0,0.0,0.0,0.0,0.0,0.0,0.0,1.0,0.7619047619047619,0.34064531830711686,0.24205843130678706,0.11186440677966103,0.5496489737042348
0.7804878048780488,0.5561735261401557,0.3999999999999999,0.2051282051282053,0.08163265306122458,1.0,0.20666666666666672,0.13108108108108107,22.9,0.5454545454545455,0.0,0.0,0.5015991471215351,0.0,1.0,1.0,0.0,0.0,0.0,0.0,0.0,0.0,1.0,0.0,0.0,0.0,1.0,0.0,1.0,0.0,0.0,0.0,0.12698412698412698,0.22510643116487605,0.18911056614579835,0.6610169491525424,0.058704777774217315
0.07317073170731708,0.22246941045606228,0.3999999999999999,0.4871794871794872,0.06122448979591866,0.08333333333333348,0.98,0.6141891891891893,19.1,0.5454545454545455,0.9999999999999999,1.0,0.22494669509594883,1.0,0.0,0.0,0.0,1.0,0.0,1.0,0.0,0.0,0.0,0.0,0.0,1.0,0.0,1.0,0.0,0.0,0.0,0.0,0.6507936507936507,0.2642908793914066,0.19334063900577614,0.11186440677966103,0.4899122925428855
0.7804878048780488,0.12791991101223577,0.41999999999999993,1.0,0.7142857142857144,0.5833333333333335,0.6533333333333333,0.5628378378378378,20.9,0.6363636363636364,0.0,0.0,0.14099147121535177,0.0,1.0,0.0,0.0,0.0,1.0,0.0,0.0,0.0,1.0,0.0,1.0,0.0,0.0,0.0,0.0,0.0,0.0,1.0,0.7777777777777777,0.4303526717749342,0.5843209135934511,0.7288135593220338,0.11223028071811997
0.3170731707317073,0.2569521690767519,0.2799999999999998,0.6153846153846159,0.10204081632653095,0.04166666666666696,0.6933333333333334,0.4452702702702703,19.0,0.5454545454545455,0.6666666666666666,1.0,0.296908315565032,1.0,0.0,1.0,0.0,0.0,0.0,0.0,1.0,0.0,0.0,0.0,0.0,1.0,0.0,1.0,0.0,0.0,0.0,0.0,0.746031746031746,0.2604444527693369,0.2175862193265603,0.2033898305084746,0.486903001085885
0.48780487804878053,0.5728587319243603,0.54,0.4615384615384617,0.40816326530612246,1.0,0.2,0.2114864864864865,26.7,0.8636363636363636,0.0,0.0,0.4501599147121535,0.0,1.0,0.0,0.0,0.0,1.0,0.0,1.0,0.0,0.0,0.0,0.0,0.0,1.0,0.0,0.0,1.0,0.0,0.0,0.2857142857142856,0.3733830997447801,0.5905637812703597,0.8983050847457625,0.09737337037301788
0.4634146341463415,0.09677419354838712,0.33999999999999986,0.10256410256410309,0.24489795918367374,1.0,0.5933333333333333,0.4770270270270271,27.3,0.6818181818181818,0.0,0.0,0.13699360341151384,0.0,1.0,0.0,0.0,0.0,1.0,0.0,1.0,0.0,0.0,0.0,1.0,0.0,0.0,0.0,0.0,0.0,0.0,1.0,0.06349206349206327,0.3875740761710641,0.4773787438763011,0.7627118644067796,0.10107418919544406
0.17073170731707316,0.19799777530589535,0.1200000000000001,0.2564102564102564,0.7346938775510203,0.666666666666667,0.5666666666666667,0.5067567567567568,29.3,0.045454545454545525,0.33333333333333337,0.5,0.304637526652452,1.0,0.0,0.0,0.0,0.0,1.0,1.0,0.0,0.0,0.0,0.0,1.0,0.0,0.0,1.0,0.0,0.0,0.0,0.0,0.2857142857142856,0.7065625462749232,0.6162289039420956,0.10734463276836159,0.5100951216566303
0.14634146341463422,0.022246941045606206,0.5,0.3589743589743595,0.48979591836734704,0.20833333333333348,0.21999999999999992,0.19932432432432434,31.8,0.36363636363636365,0.33333333333333337,0.0,0.03704690831556501,1.0,0.0,0.0,0.0,1.0,0.0,1.0,0.0,0.0,0.0,0.0,1.0,0.0,0.0,0.0,0.0,0.0,0.0,1.0,0.5238095238095237,0.5369396767879386,0.4634750412934503,0.2655367231638418,0.14002676085655208
0.04878048780487804,0.9833147942157952,0.8399999999999999,0.17948717948717974,0.5102040816326534,0.29166666666666696,0.08666666666666667,0.13445945945945947,26.1,0.2272727272727273,0.0,0.0,0.5999466950959487,0.0,1.0,1.0,0.0,0.0,0.0,1.0,0.0,0.0,0.0,1.0,0.0,0.0,0.0,0.0,1.0,0.0,0.0,0.0,0.38095238095238093,0.6121617030913826,0.6594114912945404,0.423728813559322,0.15964366968949273
0.39024390243902446,0.38042269187986644,0.14000000000000012,0.4615384615384617,0.7755102040816326,0.08333333333333348,0.6466666666666667,0.5797297297297297,32.7,0.40909090909090906,0.33333333333333337,0.0,0.4738805970149254,1.0,0.0,1.0,0.0,0.0,0.0,0.0,1.0,0.0,0.0,0.0,0.0,1.0,0.0,0.0,1.0,0.0,0.0,0.0,0.6349206349206349,0.6717461755396303,0.6413702486001227,0.2881355932203389,0.17518251145321995
0.7804878048780488,0.5517241379310344,0.3599999999999999,0.5641025641025639,0.38775510204081653,1.0,0.8600000000000001,0.6277027027027027,12.2,0.9090909090909091,0.9999999999999999,1.0,0.5178571428571428,0.0,1.0,1.0,0.0,0.0,0.0,0.0,0.0,0.0,1.0,0.0,0.0,0.0,1.0,0.0,1.0,0.0,0.0,0.0,0.3492063492063491,0.3260798449905006,0.3807980021153332,0.22033898305084743,0.5382535257403075
0.26829268292682934,0.9555061179087874,1.0,0.666666666666667,0.6530612244897962,0.7083333333333335,0.5733333333333335,0.5635135135135136,24.7,0.7272727272727274,0.6666666666666666,0.5,0.5106609808102345,0.0,1.0,0.0,0.0,1.0,0.0,1.0,0.0,0.0,0.0,1.0,0.0,0.0,0.0,0.0,1.0,0.0,0.0,0.0,0.5238095238095237,0.4884093372373295,0.7600290765587341,0.27118644067796616,0.3963121827062609
0.5121951219512195,0.7285873192436039,0.98,1.0,0.26530612244897966,0.875,0.20666666666666672,0.19594594594594594,26.4,0.4545454545454545,0.0,0.0,0.3816631130063966,0.0,1.0,0.0,1.0,0.0,0.0,0.0,1.0,0.0,0.0,1.0,0.0,0.0,0.0,0.0,0.0,1.0,0.0,0.0,0.6666666666666665,0.1564693975767183,0.49328979781081705,0.5932203389830508,0.040805147883487686
0.5121951219512195,0.5939933259176864,0.3999999999999999,0.7948717948717947,0.7142857142857144,0.0,0.4000000000000001,0.4290540540540541,21.1,0.4545454545454545,0.6666666666666666,0.5,0.533049040511727,0.0,1.0,0.0,0.0,1.0,0.0,0.0,1.0,0.0,0.0,0.0,0.0,0.0,1.0,0.0,1.0,0.0,0.0,0.0,0.873015873015873,0.5322931549160717,0.8028843415547209,0.1694915254237288,0.41920082032877226
0.7073170731707319,0.468298109010011,0.6800000000000002,0.6410256410256414,0.3265306122448983,0.625,0.5800000000000001,0.4182432432432433,24.4,0.8636363636363636,0.6666666666666666,0.5,0.3179637526652452,0.0,1.0,0.0,0.0,1.0,0.0,0.0,0.0,1.0,0.0,0.0,0.0,0.0,1.0,1.0,0.0,0.0,0.0,0.0,0.5396825396825395,0.31137470275167023,0.34159335768833676,0.32203389830508466,0.3039756037641127
0.902439024390244,0.032258064516129004,0.3799999999999999,0.666666666666667,0.40816326530612246,0.25,0.26666666666666666,0.1783783783783784,34.7,0.40909090909090906,0.0,0.0,0.07196162046908311,1.0,0.0,0.0,0.0,0.0,1.0,0.0,0.0,0.0,1.0,0.0,1.0,0.0,0.0,0.0,0.0,0.0,0.0,1.0,0.6984126984126982,0.3900420720712874,0.23125206386605623,0.559322033898305,0.10171780986021381
0.902439024390244,0.9833147942157952,0.3599999999999999,0.4615384615384617,0.9183673469387754,0.08333333333333348,0.4199999999999999,0.4189189189189189,20.4,0.5000000000000001,0.6666666666666666,0.5,0.8840618336886994,0.0,1.0,1.0,0.0,0.0,0.0,0.0,0.0,0.0,1.0,1.0,0.0,0.0,0.0,0.0,0.0,0.0,1.0,0.0,0.6349206349206349,0.751956042296887,0.7107128953707875,0.1864406779661017,0.5337711675392324
0.17073170731707316,0.8053392658509455,0.9199999999999999,0.7179487179487181,0.30612244897959195,0.916666666666667,0.6133333333333333,0.5074324324324324,23.2,0.4545454545454545,0.0,0.0,0.4514925373134328,0.0,1.0,1.0,0.0,0.0,0.0,1.0,0.0,0.0,0.0,1.0,0.0,0.0,0.0,0.0,0.0,1.0,0.0,0.0,0.47619047619047605,0.24126021577593038,0.5193521028713177,0.5932203389830508,0.06291747099180889
0.6341463414634148,0.4193548387096774,0.5800000000000001,0.9743589743589745,0.9183673469387754,0.125,0.6066666666666667,0.5027027027027027,28.1,0.31818181818181823,0.33333333333333337,0.0,0.3179637526652452,1.0,0.0,0.0,1.0,0.0,0.0,0.0,0.0,1.0,0.0,0.0,0.0,1.0,0.0,1.0,0.0,0.0,0.0,0.0,0.9365079365079363,0.572333355460193,0.5201212105330419,0.24293785310734467,0.14925696378907027
0.6341463414634148,0.5483870967741934,0.98,0.8205128205128212,0.30612244897959195,0.3333333333333335,0.5999999999999999,0.42770270270270266,26.3,0.2272727272727273,0.6666666666666666,0.5,0.27265458422174843,0.0,1.0,0.0,1.0,0.0,0.0,0.0,0.0,1.0,0.0,0.0,0.0,0.0,1.0,1.0,0.0,0.0,0.0,0.0,0.7619047619047619,0.2867730197388101,0.33024610845703806,0.0847457627118644,0.2911440171526767
0.8048780487804879,0.3370411568409343,0.10000000000000009,0.4615384615384617,0.38775510204081653,0.16666666666666696,0.5999999999999999,0.3871621621621622,26.1,0.045454545454545525,0.33333333333333337,0.0,0.4514925373134328,1.0,0.0,0.0,0.0,0.0,1.0,0.0,0.0,0.0,1.0,0.0,0.0,1.0,0.0,0.0,0.0,1.0,0.0,0.0,0.603174603174603,0.4468258809691664,0.22025272557816944,0.10734463276836159,0.11652627563915041
0.48780487804878053,0.21245828698553948,0.43999999999999995,0.9230769230769234,0.5714285714285716,0.75,0.38000000000000006,0.3304054054054055,31.3,0.09090909090909094,0.33333333333333337,0.5,0.20415778251599143,1.0,0.0,1.0,0.0,0.0,0.0,0.0,1.0,0.0,0.0,0.0,1.0,0.0,0.0,1.0,0.0,0.0,0.0,0.0,0.6666666666666665,0.35950062280602424,0.5140481351742496,0.12994350282485873,0.3290768096901336
0.7073170731707319,0.11012235817575078,0.3799999999999999,0.4615384615384617,0.5510204081632653,0.5833333333333335,0.6533333333333333,0.4567567567567568,26.0,0.09090909090909094,0.33333333333333337,0.5,0.13726012793176967,1.0,0.0,0.0,1.0,0.0,0.0,0.0,0.0,1.0,0.0,0.0,1.0,0.0,0.0,0.0,0.0,0.0,0.0,1.0,0.4444444444444442,0.5083110335004082,0.3120625176838192,0.12994350282485873,0.4066923806455929
0.7804878048780488,0.6863181312569522,0.33999999999999986,0.8205128205128212,0.14285714285714324,0.29166666666666696,0.020000000000000018,0.020270270270270258,20.9,0.6363636363636364,0.0,0.0,0.6436567164179103,0.0,1.0,0.0,1.0,0.0,0.0,0.0,0.0,0.0,1.0,1.0,0.0,0.0,0.0,0.0,1.0,0.0,0.0,0.0,0.7777777777777777,0.20576504485461555,0.2268938354878367,0.7288135593220338,0.05366080022407127
0.6585365853658538,0.589543937708565,0.8199999999999998,0.384615384615385,0.4693877551020411,0.20833333333333348,0.35333333333333333,0.28783783783783784,27.3,1.0,0.33333333333333337,0.5,0.35101279317697215,0.0,1.0,1.0,0.0,0.0,0.0,0.0,0.0,1.0,0.0,0.0,0.0,0.0,1.0,0.0,0.0,1.0,0.0,0.0,0.5396825396825395,0.5159098629826746,0.43084199842975046,0.5819209039548022,0.41065572894970137
0.7804878048780488,0.5272525027808675,0.20000000000000018,0.5641025641025639,0.04081632653061229,0.7083333333333335,0.18,0.10945945945945945,23.2,0.7272727272727274,0.0,0.0,0.5815565031982941,0.0,1.0,0.0,0.0,1.0,0.0,0.0,0.0,0.0,1.0,0.0,0.0,0.0,1.0,0.0,1.0,0.0,0.0,0.0,0.46031746031746024,0.14764195300153116,0.16425609429438182,0.7966101694915255,0.03850306717695723
0.09756097560975613,0.16796440489432696,0.2200000000000002,0.1538461538461542,0.48979591836734704,0.75,0.7466666666666668,0.5831081081081082,19.9,0.5454545454545455,0.6666666666666666,1.0,0.23827292110874204,1.0,0.0,0.0,1.0,0.0,0.0,1.0,0.0,0.0,0.0,0.0,1.0,0.0,0.0,1.0,0.0,0.0,0.0,0.0,0.19047619047619024,0.5768038842759389,0.4616044611790442,0.2033898305084746,0.7344100584445011
0.43902439024390244,0.9310344827586206,0.3799999999999999,0.6410256410256414,0.36734693877551017,0.9583333333333335,0.5333333333333334,0.46216216216216216,20.4,0.2727272727272728,0.6666666666666666,0.5,0.8259594882729211,0.0,1.0,1.0,0.0,0.0,0.0,0.0,1.0,0.0,0.0,1.0,0.0,0.0,0.0,0.0,0.0,0.0,1.0,0.0,0.41269841269841256,0.2950462655903716,0.5629244183931055,0.1016949152542373,0.29545912318206996
0.07317073170731708,0.2369299221357063,0.14000000000000012,0.7948717948717947,0.6530612244897962,0.5833333333333335,0.96,0.7912162162162162,17.2,0.5454545454545455,0.6666666666666666,1.0,0.3344882729211088,1.0,0.0,0.0,1.0,0.0,0.0,1.0,0.0,0.0,0.0,0.0,0.0,1.0,0.0,1.0,0.0,0.0,0.0,0.0,0.6507936507936507,0.4575524481136155,0.5643694808115778,0.2033898305084746,0.6411124699712788
0.8292682926829269,0.3592880978865405,0.8799999999999999,0.28205128205128194,0.020408163265306367,0.25,0.6399999999999999,0.38581081081081087,21.1,0.6363636363636364,0.33333333333333337,0.5,0.18363539445629,0.0,1.0,0.0,0.0,0.0,1.0,0.0,0.0,0.0,1.0,0.0,0.0,1.0,0.0,1.0,0.0,0.0,0.0,0.0,0.46031746031746024,0.27318783140419356,0.1507409256218435,0.4011299435028248,0.28405834254020484
0.39024390243902446,0.32480533926585087,0.06000000000000005,0.17948717948717974,0.28571428571428603,0.375,0.5733333333333335,0.4108108108108108,28.5,0.2727272727272728,0.0,0.0,0.45948827292110866,1.0,0.0,0.0,1.0,0.0,0.0,0.0,1.0,0.0,0.0,0.0,0.0,1.0,0.0,0.0,0.0,1.0,0.0,0.0,0.3492063492063491,0.4597629562525949,0.3335351262784154,0.4576271186440678,0.11990009363995968
0.6585365853658538,0.46051167964404893,0.2200000000000002,0.10256410256410309,0.4285714285714288,0.20833333333333348,0.4266666666666666,0.33310810810810815,30.0,0.31818181818181823,0.6666666666666666,0.5,0.5085287846481876,0.0,1.0,1.0,0.0,0.0,0.0,0.0,0.0,1.0,0.0,0.0,0.0,0.0,1.0,0.0,1.0,0.0,0.0,0.0,0.3650793650793649,0.5962669038073758,0.40640526946790345,0.11864406779661019,0.45256783425736935
0.7073170731707319,0.4983314794215794,0.7200000000000002,0.6923076923076925,0.18367346938775508,0.541666666666667,0.9000000000000001,0.5932432432432433,14.4,0.9090909090909091,0.9999999999999999,1.0,0.3248933901918976,0.0,1.0,0.0,1.0,0.0,0.0,0.0,0.0,1.0,0.0,0.0,0.0,0.0,1.0,1.0,0.0,0.0,0.0,0.0,0.603174603174603,0.22560189362253924,0.25275527475318604,0.22033898305084743,0.45964356632145176
0.6829268292682928,0.16796440489432696,0.43999999999999995,0.10256410256410309,0.34693877551020424,0.666666666666667,0.6199999999999999,0.45067567567567574,20.5,0.9545454545454545,0.33333333333333337,0.5,0.16791044776119401,0.0,1.0,0.0,0.0,0.0,1.0,0.0,0.0,1.0,0.0,0.0,1.0,0.0,0.0,1.0,0.0,0.0,0.0,0.0,0.19047619047619024,0.5031417617437643,0.35527024404906027,0.559322033898305,0.40399622533667545
0.12195121951219517,0.21134593993325912,0.56,0.6410256410256414,0.4285714285714288,0.3333333333333335,0.78,0.5905405405405406,17.8,0.5454545454545455,0.9999999999999999,1.0,0.16791044776119401,1.0,0.0,0.0,0.0,0.0,1.0,1.0,0.0,0.0,0.0,0.0,1.0,0.0,0.0,1.0,0.0,0.0,0.0,0.0,0.6507936507936507,0.40071081025414224,0.42320259211155475,0.11186440677966103,0.5966418295511631
0.8292682926829269,0.2769744160177976,0.020000000000000018,0.10256410256410309,0.9183673469387754,0.75,0.8866666666666667,0.7135135135135136,18.2,0.5454545454545455,0.6666666666666666,1.0,0.43017057569296374,1.0,0.0,0.0,1.0,0.0,0.0,0.0,0.0,0.0,1.0,0.0,0.0,1.0,0.0,0.0,0.0,1.0,0.0,0.0,0.1587301587301586,0.9159565734344921,0.5203002487100334,0.2033898305084746,0.9997496555260037
0.9756097560975612,0.775305895439377,0.5,0.5384615384615383,0.9795918367346941,0.16666666666666696,0.34,0.3628378378378378,22.1,0.5454545454545455,0.0,0.0,0.6263326226012793,0.0,1.0,0.0,1.0,0.0,0.0,0.0,0.0,0.0,1.0,1.0,0.0,0.0,0.0,0.0,1.0,0.0,0.0,0.0,0.6507936507936507,0.7531289649828761,0.7488743894336423,0.6610169491525424,0.1964060657701217
0.878048780487805,0.42714126807563957,0.7999999999999998,0.3589743589743595,0.5306122448979593,0.916666666666667,0.20666666666666672,0.19054054054054054,21.5,1.0,0.0,0.0,0.2505330490405117,0.0,1.0,0.0,0.0,0.0,1.0,0.0,0.0,0.0,1.0,0.0,0.0,1.0,0.0,1.0,0.0,0.0,0.0,0.0,0.25396825396825395,0.5045861170875325,0.46794152850539894,1.0,0.13158938071335174
0.5609756097560976,0.4082313681868742,0.5800000000000001,0.3076923076923075,0.24489795918367374,0.25,0.5999999999999999,0.35743243243243245,34.0,0.2272727272727273,0.6666666666666666,0.5,0.30970149253731344,1.0,0.0,0.0,0.0,0.0,1.0,0.0,0.0,1.0,0.0,0.0,0.0,1.0,0.0,1.0,0.0,0.0,0.0,0.0,0.47619047619047605,0.4030628780276376,0.1395909114669993,0.0847457627118644,0.35179772884730764
0.6829268292682928,0.2569521690767519,0.2200000000000002,0.6923076923076925,0.6530612244897962,0.75,0.3333333333333333,0.25743243243243247,34.7,0.31818181818181823,0.6666666666666666,0.5,0.3203624733475479,1.0,0.0,0.0,0.0,1.0,0.0,0.0,0.0,1.0,0.0,0.0,0.0,1.0,0.0,1.0,0.0,0.0,0.0,0.0,0.5238095238095237,0.47627675234967737,0.36984372629343043,0.11864406779661019,0.3899841475988607
0.7317073170731709,0.2547274749721913,0.16000000000000014,0.8205128205128212,0.08163265306122458,0.791666666666667,0.9866666666666666,0.541891891891892,20.0,0.5454545454545455,0.6666666666666666,1.0,0.3432835820895522,1.0,0.0,0.0,0.0,1.0,0.0,0.0,0.0,1.0,0.0,0.0,0.0,1.0,0.0,0.0,0.0,1.0,0.0,0.0,0.5873015873015872,0.10273123227212333,0.046670575560237904,0.2033898305084746,0.3635144397715646
0.8292682926829269,0.5072302558398218,0.48,0.5641025641025639,0.5102040816326534,0.25,0.8933333333333333,0.6878378378378378,13.9,0.9090909090909091,0.6666666666666666,1.0,0.4251066098081023,0.0,1.0,0.0,0.0,0.0,1.0,0.0,0.0,0.0,1.0,0.0,0.0,0.0,1.0,0.0,0.0,1.0,0.0,0.0,0.6349206349206349,0.4769507848434358,0.456937762142517,0.3389830508474576,0.6562889583686199
0.7804878048780488,0.29254727474972186,0.14000000000000012,0.8205128205128212,0.24489795918367374,0.9583333333333335,0.49999999999999994,0.2966216216216216,31.6,0.045454545454545525,0.0,0.0,0.3885927505330489,1.0,0.0,0.0,1.0,0.0,0.0,0.0,0.0,0.0,1.0,0.0,0.0,1.0,0.0,0.0,0.0,1.0,0.0,0.0,0.5238095238095237,0.1729621301583707,0.13783101734093717,0.288135593220339,0.04510623424554877
0.48780487804878053,0.2369299221357063,0.94,0.4358974358974361,0.5306122448979593,0.04166666666666696,0.5800000000000001,0.5385135135135135,23.5,0.5909090909090909,0.33333333333333337,0.0,0.09275053304904052,0.0,1.0,1.0,0.0,0.0,0.0,0.0,1.0,0.0,0.0,0.0,0.0,1.0,0.0,0.0,0.0,0.0,0.0,1.0,0.6349206349206349,0.5457020992067985,0.675052615759067,0.37853107344632764,0.14231188464533545
0.7560975609756098,0.04560622914349277,0.2999999999999998,0.7435897435897436,0.26530612244897966,1.0,0.4399999999999999,0.2641891891891892,26.7,0.13636363636363635,0.6666666666666666,0.5,0.103411513859275,1.0,0.0,0.0,1.0,0.0,0.0,0.0,0.0,1.0,0.0,0.0,1.0,0.0,0.0,0.0,0.0,0.0,0.0,1.0,0.46031746031746024,0.19786030436259616,0.14983167470054903,0.050847457627118675,0.2447694984820853
0.5365853658536586,0.2647385984427141,0.2400000000000002,0.6410256410256414,0.4693877551020411,0.916666666666667,0.5333333333333334,0.48581081081081084,20.8,0.8636363636363636,0.0,0.0,0.31956289978678026,0.0,1.0,0.0,1.0,0.0,0.0,0.0,0.0,1.0,0.0,0.0,0.0,1.0,0.0,1.0,0.0,0.0,0.0,0.0,0.4285714285714284,0.3642919201565682,0.6320228255862406,0.8983050847457625,0.09500251106584606
0.7804878048780488,0.17130144605116793,0.10000000000000009,0.384615384615385,0.04081632653061229,0.625,0.9000000000000001,0.48175675675675683,18.5,0.5454545454545455,0.6666666666666666,1.0,0.2862473347547974,1.0,0.0,0.0,0.0,1.0,0.0,0.0,0.0,0.0,1.0,0.0,1.0,0.0,0.0,1.0,0.0,0.0,0.0,0.0,0.38095238095238093,0.20527892445002616,0.023850126599865407,0.2033898305084746,0.44374368221581983
0.04878048780487804,0.385984427141268,0.16000000000000014,0.3076923076923075,0.9387755102040818,0.5,0.36000000000000004,0.37837837837837834,32.8,0.40909090909090906,0.33333333333333337,0.5,0.4690831556503198,1.0,0.0,0.0,0.0,1.0,0.0,1.0,0.0,0.0,0.0,0.0,0.0,1.0,0.0,0.0,1.0,0.0,0.0,0.0,0.38095238095238093,0.822165717874018,0.7440609572493957,0.2881355932203389,0.5703906757516524
0.4146341463414634,0.42269187986651824,0.33999999999999986,0.9743589743589745,0.9795918367346941,0.29166666666666696,0.4199999999999999,0.4364864864864865,33.3,0.4545454545454545,0.6666666666666666,0.5,0.4171108742004264,1.0,0.0,0.0,0.0,1.0,0.0,0.0,1.0,0.0,0.0,0.0,0.0,1.0,0.0,0.0,0.0,1.0,0.0,0.0,0.873015873015873,0.5937304996663109,0.7697653900137198,0.1694915254237288,0.45124491300028835
0.5853658536585367,0.1946607341490545,0.33999999999999986,0.8205128205128212,0.5918367346938775,0.20833333333333348,0.4266666666666666,0.3114864864864865,34.1,0.40909090909090906,0.0,0.0,0.22121535181236668,1.0,0.0,0.0,0.0,0.0,1.0,0.0,0.0,1.0,0.0,0.0,1.0,0.0,0.0,1.0,0.0,0.0,0.0,0.0,0.8095238095238093,0.4477607499130055,0.3343628198630306,0.559322033898305,0.11677007708592424
1.0,0.23025583982202447,0.45999999999999996,0.6410256410256414,0.6938775510204085,0.20833333333333348,0.35333333333333333,0.2777027027027027,33.8,0.4545454545454545,0.33333333333333337,0.5,0.2121535181236674,1.0,0.0,0.0,0.0,0.0,1.0,0.0,0.0,0.0,1.0,0.0,0.0,1.0,0.0,1.0,0.0,0.0,0.0,0.0,0.6984126984126982,0.5566317953363586,0.3934656061893582,0.3107344632768362,0.4318952108871037
0.7317073170731709,0.32258064516129026,0.48,0.0,0.9591836734693877,0.3333333333333335,0.6533333333333333,0.6216216216216217,30.0,0.36363636363636365,0.33333333333333337,0.5,0.2790511727078891,0.0,1.0,0.0,1.0,0.0,0.0,0.0,0.0,1.0,0.0,0.0,0.0,1.0,0.0,1.0,0.0,0.0,0.0,0.0,0.25396825396825395,1.0,0.7351902157854122,0.2655367231638418,0.6631443297349702
0.04878048780487804,0.3982202447163514,0.56,0.9487179487179489,0.26530612244897966,0.125,0.6133333333333333,0.4331081081081081,27.4,0.2272727272727273,0.6666666666666666,0.5,0.30916844349680167,1.0,0.0,0.0,1.0,0.0,0.0,1.0,0.0,0.0,0.0,0.0,0.0,1.0,0.0,1.0,0.0,0.0,0.0,0.0,0.9206349206349205,0.2592382893594535,0.3205377723156164,0.0847457627118644,0.2767826306775901
0.9512195121951221,0.3971078976640712,0.2599999999999998,0.02564102564102555,0.22448979591836737,0.41666666666666696,0.12666666666666665,0.07027027027027027,32.6,0.36363636363636365,0.33333333333333337,0.0,0.4309701492537313,1.0,0.0,1.0,0.0,0.0,0.0,0.0,0.0,0.0,1.0,0.0,0.0,1.0,0.0,0.0,0.0,1.0,0.0,0.0,0.23809523809523792,0.4720723912499958,0.12821961487952183,0.2655367231638418,0.12311023136152177
0.5609756097560976,0.3470522803114572,0.2799999999999998,0.12820512820512864,0.5510204081632653,0.16666666666666696,0.6133333333333333,0.4297297297297297,30.9,0.36363636363636365,0.33333333333333337,0.5,0.3771321961620468,1.0,0.0,0.0,1.0,0.0,0.0,0.0,0.0,1.0,0.0,0.0,0.0,1.0,0.0,0.0,0.0,1.0,0.0,0.0,0.39682539682539675,0.6667911258557844,0.3115007572903574,0.2655367231638418,0.4893514015826317
0.7560975609756098,0.50055617352614,0.3599999999999999,0.9487179487179489,0.8775510204081636,1.0,0.8800000000000001,0.7871621621621623,11.3,0.9090909090909091,0.6666666666666666,1.0,0.47441364605543707,0.0,1.0,0.0,1.0,0.0,0.0,0.0,0.0,1.0,0.0,0.0,0.0,0.0,1.0,0.0,1.0,0.0,0.0,0.0,0.5873015873015872,0.5018242278448151,0.6844812081900089,0.3389830508474576,0.6757489525098731
0.5121951219512195,0.26251390433815347,0.1200000000000001,0.5897435897435903,0.5714285714285716,0.666666666666667,0.4799999999999999,0.40540540540540543,34.8,0.40909090909090906,0.0,0.0,0.3680703624733475,1.0,0.0,0.0,0.0,1.0,0.0,0.0,1.0,0.0,0.0,0.0,0.0,1.0,0.0,0.0,0.0,1.0,0.0,0.0,0.49206349206349187,0.4690179408784323,0.5139891529710818,0.559322033898305,0.1223136711328463
0.5365853658536586,0.3692992213570634,0.8799999999999999,0.4358974358974361,0.8571428571428572,0.791666666666667,0.20666666666666672,0.2831081081081081,29.0,0.40909090909090906,0.0,0.0,0.19003198294243068,0.0,1.0,0.0,0.0,1.0,0.0,0.0,0.0,1.0,0.0,0.0,0.0,1.0,0.0,1.0,0.0,0.0,0.0,0.0,0.3492063492063491,0.7003925565243649,0.9020306403606864,0.559322033898305,0.18265310845501187
0.024390243902439046,0.09232480533926579,0.040000000000000036,0.666666666666667,0.3265306122448983,0.25,0.3066666666666666,0.2364864864864865,26.3,0.045454545454545525,0.0,0.0,0.22894456289978676,1.0,0.0,0.0,0.0,1.0,0.0,1.0,0.0,0.0,0.0,0.0,1.0,0.0,0.0,1.0,0.0,0.0,0.0,0.0,0.6984126984126982,0.34561814586726824,0.3601123672803972,0.288135593220339,0.09013263789435802
0.6341463414634148,0.031145717463848643,0.56,0.17948717948717974,0.795918367346939,0.5833333333333335,0.6599999999999999,0.5155405405405407,25.3,0.5000000000000001,0.33333333333333337,0.5,0.031716417910447714,1.0,0.0,0.0,0.0,1.0,0.0,0.0,0.0,1.0,0.0,0.0,1.0,0.0,0.0,0.0,0.0,0.0,0.0,1.0,0.26984126984126977,0.7887791572714389,0.45052522602122336,0.33333333333333337,0.5529771295399557
1.0,0.5350389321468296,0.52,0.6923076923076925,0.9795918367346941,1.0,0.5666666666666667,0.5540540540540542,26.9,0.6818181818181818,0.33333333333333337,0.5,0.429637526652452,0.0,1.0,0.0,0.0,1.0,0.0,0.0,0.0,0.0,1.0,0.0,0.0,0.0,1.0,0.0,0.0,1.0,0.0,0.0,0.4285714285714284,0.6581581576566058,0.7493073177955416,0.423728813559322,0.48484867389917896
0.024390243902439046,0.36040044493882095,0.5,0.23076923076923084,0.40816326530612246,0.5833333333333335,0.4666666666666666,0.3628378378378378,31.0,0.09090909090909094,0.6666666666666666,0.5,0.30170575692963747,1.0,0.0,1.0,0.0,0.0,0.0,1.0,0.0,0.0,0.0,0.0,0.0,1.0,0.0,1.0,0.0,0.0,0.0,0.0,0.3015873015873014,0.5021596001100019,0.41090792256820796,0.03389830508474573,0.40348395582798113
0.6097560975609757,0.3692992213570634,0.7599999999999998,0.4102564102564106,0.44897959183673475,0.541666666666667,0.4466666666666666,0.35067567567567565,29.4,0.818181818181818,0.33333333333333337,0.0,0.22361407249466952,0.0,1.0,1.0,0.0,0.0,0.0,0.0,0.0,1.0,0.0,0.0,0.0,1.0,0.0,1.0,0.0,0.0,0.0,0.0,0.4285714285714284,0.46650626363484227,0.4174887232532687,0.49152542372881347,0.12165865895188593
0.39024390243902446,0.7842046718576194,0.7200000000000002,0.7179487179487181,0.38775510204081653,0.5,0.6133333333333333,0.529054054054054,22.3,0.9545454545454545,0.0,0.0,0.5229211087420043,0.0,1.0,1.0,0.0,0.0,0.0,0.0,1.0,0.0,0.0,1.0,0.0,0.0,0.0,0.0,1.0,0.0,0.0,0.0,0.6349206349206349,0.3394481561167101,0.5771889990329762,0.9661016949152543,0.08852358623243362
0.9512195121951221,0.06785317018909898,0.52,0.12820512820512864,0.20408163265306145,0.41666666666666696,0.6266666666666667,0.36418918918918924,25.8,0.09090909090909094,0.33333333333333337,0.5,0.06823027718550106,1.0,0.0,0.0,0.0,1.0,0.0,0.0,0.0,0.0,1.0,0.0,1.0,0.0,0.0,0.0,0.0,0.0,0.0,1.0,0.3015873015873014,0.4196580228739666,0.11504609176902947,0.12994350282485873,0.3604533170976596
0.7804878048780488,0.5650723025583981,0.41999999999999993,0.3333333333333339,0.6734693877551021,0.5,0.38000000000000006,0.3425675675675676,22.6,0.8636363636363636,0.6666666666666666,0.5,0.4992004264392324,0.0,1.0,0.0,0.0,0.0,1.0,0.0,0.0,0.0,1.0,0.0,0.0,0.0,1.0,0.0,1.0,0.0,0.0,0.0,0.39682539682539675,0.640777115015593,0.5572231078930578,0.32203389830508466,0.47578318216316096
0.1951219512195122,0.21468298109009998,0.020000000000000018,0.5384615384615383,0.18367346938775508,0.875,0.8,0.5358108108108108,15.1,0.5454545454545455,0.9999999999999999,1.0,0.36487206823027724,1.0,0.0,0.0,0.0,1.0,0.0,1.0,0.0,0.0,0.0,0.0,1.0,0.0,0.0,0.0,0.0,1.0,0.0,0.0,0.38095238095238093,0.21840417537394086,0.2689948913244915,0.11186440677966103,0.4540123573673738
0.9268292682926831,0.05672969966629582,0.45999999999999996,0.12820512820512864,0.18367346938775508,0.9583333333333335,0.21999999999999992,0.12094594594594593,25.4,0.5000000000000001,0.33333333333333337,0.0,0.07329424307036247,1.0,0.0,0.0,0.0,1.0,0.0,0.0,0.0,0.0,1.0,0.0,1.0,0.0,0.0,0.0,0.0,0.0,0.0,1.0,0.09523809523809512,0.335960770605525,0.10478176058003186,0.33333333333333337,0.08761412224960677
0.6829268292682928,0.05561735261401557,0.54,0.6410256410256414,0.8571428571428572,0.3333333333333335,0.6533333333333333,0.5972972972972974,29.1,0.9545454545454545,0.33333333333333337,0.5,0.054371002132196145,0.0,1.0,1.0,0.0,0.0,0.0,0.0,0.0,1.0,0.0,0.0,1.0,0.0,0.0,0.0,0.0,0.0,0.0,1.0,0.6507936507936507,0.6394456892639298,0.6727615390163251,0.559322033898305,0.4750887457361802
1.0,0.5494994438264739,0.2400000000000002,0.9743589743589745,0.10204081632653095,0.375,0.6199999999999999,0.3932432432432433,23.5,0.9545454545454545,0.33333333333333337,0.5,0.5794243070362473,0.0,1.0,0.0,0.0,1.0,0.0,0.0,0.0,0.0,1.0,0.0,0.0,0.0,1.0,0.0,1.0,0.0,0.0,0.0,0.841269841269841,0.14267431033092215,0.20271531907720308,0.559322033898305,0.21598594486156836
0.6097560975609757,0.975528364849833,0.3799999999999999,0.28205128205128194,0.7142857142857144,0.125,0.4266666666666666,0.3864864864864865,24.1,0.6363636363636364,0.33333333333333337,0.5,0.863272921108742,0.0,1.0,1.0,0.0,0.0,0.0,0.0,0.0,1.0,0.0,1.0,0.0,0.0,0.0,0.0,0.0,0.0,1.0,0.0,0.5079365079365079,0.7051507689591174,0.5842600669299334,0.4011299435028248,0.5093587759808343
0.8292682926829269,0.3437152391546162,0.43999999999999995,0.8717948717948723,0.4693877551020411,0.666666666666667,0.54,0.4216216216216216,20.2,0.5000000000000001,0.33333333333333337,0.5,0.310501066098081,0.0,1.0,0.0,0.0,1.0,0.0,0.0,0.0,0.0,1.0,0.0,0.0,1.0,0.0,1.0,0.0,0.0,0.0,0.0,0.6666666666666665,0.3256620852678065,0.43049961926418967,0.33333333333333337,0.31142752427340015
0.5853658536585367,0.10233592880978859,0.0,0.3333333333333339,0.22448979591836737,0.541666666666667,0.4333333333333333,0.2533783783783784,27.7,0.0,0.33333333333333337,0.5,0.25453091684434964,1.0,0.0,0.0,1.0,0.0,0.0,0.0,0.0,1.0,0.0,0.0,1.0,0.0,0.0,1.0,0.0,0.0,0.0,0.0,0.38095238095238093,0.3496566846130881,0.1274756982803411,0.0847457627118644,0.32394247211435656
0.5609756097560976,0.24805339265850934,0.5800000000000001,0.5384615384615383,0.8571428571428572,0.9583333333333335,0.9933333333333334,0.7756756756756757,19.0,0.5454545454545455,0.9999999999999999,1.0,0.1897654584221748,1.0,0.0,0.0,0.0,0.0,1.0,0.0,0.0,1.0,0.0,0.0,0.0,1.0,0.0,1.0,0.0,0.0,0.0,0.0,0.3492063492063491,0.6469193120195271,0.485710792666735,0.11186440677966103,0.7892655850005162
0.2926829268292683,0.26807563959955494,0.7400000000000002,0.5641025641025639,0.44897959183673475,0.7083333333333335,0.09333333333333332,0.13310810810810808,26.2,0.2727272727272728,0.0,0.0,0.16018123667377393,0.0,1.0,0.0,0.0,0.0,1.0,0.0,1.0,0.0,0.0,0.0,0.0,1.0,0.0,0.0,0.0,0.0,0.0,1.0,0.46031746031746024,0.3987337098068563,0.6194370442760626,0.4576271186440678,0.10398447394048993
0.14634146341463422,0.33036707452725245,0.5,0.1538461538461542,0.5306122448979593,0.41666666666666696,0.6066666666666667,0.4905405405405406,32.5,0.2272727272727273,0.33333333333333337,0.0,0.27825159914712155,1.0,0.0,1.0,0.0,0.0,0.0,1.0,0.0,0.0,0.0,0.0,0.0,1.0,0.0,1.0,0.0,0.0,0.0,0.0,0.3174603174603172,0.6285063551853143,0.4873572241435917,0.19774011299435024,0.1639061386203265
0.853658536585366,0.18798665183537255,0.18000000000000016,1.0,0.8979591836734695,0.625,0.6599999999999999,0.5385135135135135,29.5,0.2272727272727273,0.33333333333333337,0.5,0.271588486140725,1.0,0.0,0.0,1.0,0.0,0.0,0.0,0.0,0.0,1.0,0.0,1.0,0.0,0.0,1.0,0.0,0.0,0.0,0.0,0.7619047619047619,0.5238111334393596,0.5090899354735066,0.19774011299435024,0.41477682245994363
0.4634146341463415,0.1446051167964404,0.41999999999999993,0.6153846153846159,0.7346938775510203,0.0,0.4199999999999999,0.3905405405405406,28.1,0.09090909090909094,0.6666666666666666,0.5,0.15485074626865664,1.0,0.0,0.0,0.0,0.0,1.0,0.0,1.0,0.0,0.0,0.0,1.0,0.0,0.0,0.0,0.0,0.0,0.0,1.0,0.7619047619047619,0.5992323514349889,0.6153204040245124,0.03389830508474573,0.45411453323952855
0.0,0.3637374860956618,0.10000000000000009,0.3076923076923075,0.10204081632653095,0.25,0.22666666666666663,0.15000000000000002,29.8,0.2272727272727273,0.33333333333333337,0.0,0.4781449893390192,1.0,0.0,1.0,0.0,0.0,0.0,1.0,0.0,0.0,0.0,0.0,0.0,1.0,0.0,0.0,1.0,0.0,0.0,0.0,0.47619047619047605,0.31593836758441074,0.21841950253018805,0.19774011299435024,0.08239254455510092
0.17073170731707316,0.4060066740823136,0.9199999999999999,0.5128205128205128,0.0,0.375,0.11333333333333334,0.0939189189189189,23.2,0.36363636363636365,0.33333333333333337,0.0,0.20229211087420035,0.0,1.0,0.0,0.0,1.0,0.0,1.0,0.0,0.0,0.0,0.0,0.0,1.0,0.0,1.0,0.0,0.0,0.0,0.0,0.5555555555555554,0.1849944457494307,0.30748130881643587,0.2655367231638418,0.0482441028938464
0.3658536585365854,0.8186874304783089,0.98,0.23076923076923084,0.10204081632653095,0.3333333333333335,0.5866666666666667,0.4364864864864865,28.4,0.8636363636363636,0.0,0.0,0.43630063965884863,0.0,1.0,0.0,0.0,1.0,0.0,0.0,1.0,0.0,0.0,1.0,0.0,0.0,0.0,0.0,0.0,1.0,0.0,0.0,0.39682539682539675,0.32860898493329704,0.3792914671030261,0.8983050847457625,0.08569687385337721
0.3170731707317073,0.25027808676307006,0.2400000000000002,0.2051282051282053,1.0,1.0,0.7066666666666668,0.6858108108108107,16.5,0.5454545454545455,0.6666666666666666,1.0,0.30623667377398717,1.0,0.0,0.0,1.0,0.0,0.0,0.0,1.0,0.0,0.0,0.0,0.0,1.0,0.0,1.0,0.0,0.0,0.0,0.0,0.12698412698412698,0.9162765596050664,0.7827231612741261,0.2033898305084746,1.0
0.26829268292682934,0.6140155728587318,0.7200000000000002,0.3589743589743595,0.4285714285714288,0.08333333333333348,0.09333333333333332,0.1304054054054054,26.6,0.4545454545454545,0.0,0.0,0.4051172707889125,0.0,1.0,0.0,0.0,0.0,1.0,1.0,0.0,0.0,0.0,0.0,0.0,0.0,1.0,0.0,0.0,1.0,0.0,0.0,0.5714285714285712,0.5103872164190604,0.6033963426062277,0.5932203389830508,0.13310223063656906
0.5365853658536586,0.13014460511679637,0.6400000000000001,0.02564102564102555,0.8163265306122449,0.875,0.26666666666666666,0.3304054054054055,21.4,0.6818181818181818,0.33333333333333337,0.0,0.08768656716417905,0.0,1.0,0.0,0.0,1.0,0.0,0.0,0.0,1.0,0.0,0.0,1.0,0.0,0.0,0.0,0.0,0.0,0.0,1.0,0.06349206349206327,0.8848752500660553,0.8728801306594554,0.423728813559322,0.23076375314655184
0.34146341463414637,0.7263626251390431,0.33999999999999986,0.6153846153846159,0.4693877551020411,0.916666666666667,0.046666666666666634,0.09797297297297297,26.9,0.6363636363636364,0.33333333333333337,0.0,0.6780383795309166,0.0,1.0,1.0,0.0,0.0,0.0,0.0,1.0,0.0,0.0,1.0,0.0,0.0,0.0,0.0,1.0,0.0,0.0,0.0,0.41269841269841256,0.37239149424915463,0.6315379244831314,0.4011299435028248,0.09711477278449429
0.6585365853658538,0.3470522803114572,0.3599999999999999,0.3076923076923075,0.48979591836734704,0.541666666666667,0.5800000000000001,0.39527027027027034,34.1,0.045454545454545525,0.33333333333333337,0.0,0.3440831556503198,1.0,0.0,0.0,0.0,1.0,0.0,0.0,0.0,1.0,0.0,0.0,0.0,1.0,0.0,0.0,0.0,1.0,0.0,0.0,0.3650793650793649,0.5300385734573474,0.2778988926635908,0.10734463276836159,0.13822704444986023
0.8048780487804879,0.4238042269187985,0.020000000000000018,0.8461538461538467,0.28571428571428603,1.0,0.27999999999999997,0.17027027027027025,31.1,0.5000000000000001,0.33333333333333337,0.0,0.5844882729211087,1.0,0.0,0.0,0.0,1.0,0.0,0.0,0.0,0.0,1.0,0.0,0.0,1.0,0.0,0.0,1.0,0.0,0.0,0.0,0.5238095238095237,0.18509471504602282,0.16262575759163167,0.33333333333333337,0.048270251799248876
0.024390243902439046,0.11790878754171297,0.3599999999999999,0.8461538461538467,0.5102040816326534,0.5833333333333335,0.47333333333333333,0.3878378378378378,30.6,0.2727272727272728,0.33333333333333337,0.5,0.1495202558635394,1.0,0.0,0.0,0.0,0.0,1.0,1.0,0.0,0.0,0.0,0.0,1.0,0.0,0.0,0.0,0.0,0.0,0.0,1.0,0.6825396825396823,0.36369765071774107,0.47454045811796663,0.22033898305084748,0.33126586834647265
0.7560975609756098,0.335928809788654,0.7799999999999998,0.8717948717948723,0.14285714285714324,0.04166666666666696,0.1333333333333333,0.09256756756756757,29.6,0.5000000000000001,0.33333333333333337,0.0,0.19536247334754792,0.0,1.0,0.0,0.0,0.0,1.0,0.0,0.0,1.0,0.0,0.0,0.0,1.0,0.0,1.0,0.0,0.0,0.0,0.0,0.9047619047619047,0.22446198349267077,0.2275856177700939,0.33333333333333337,0.05853671435111496
0.5365853658536586,0.2513904338153503,0.06000000000000005,0.9487179487179489,0.4693877551020411,0.9583333333333335,0.9533333333333334,0.7277027027027028,18.1,0.5454545454545455,0.9999999999999999,1.0,0.3843283582089551,1.0,0.0,1.0,0.0,0.0,0.0,0.0,0.0,1.0,0.0,0.0,0.0,1.0,0.0,0.0,0.0,1.0,0.0,0.0,0.603174603174603,0.27217536464288195,0.44947209653092,0.11186440677966103,0.4960808007301919
0.5121951219512195,0.2291434927697441,0.2999999999999998,0.0512820512820511,0.9591836734693877,0.541666666666667,0.27999999999999997,0.3141891891891892,27.6,0.09090909090909094,0.33333333333333337,0.0,0.26492537313432835,1.0,0.0,0.0,1.0,0.0,0.0,0.0,1.0,0.0,0.0,0.0,0.0,1.0,0.0,1.0,0.0,0.0,0.0,0.0,0.20634920634920628,0.9738352841059217,0.7568291411872579,0.12994350282485873,0.2539633525630257
0.5853658536585367,0.40489432703003336,0.94,0.12820512820512864,0.7551020408163267,0.625,0.4266666666666666,0.3939189189189189,22.9,0.5000000000000001,0.33333333333333337,0.5,0.19642857142857145,0.0,1.0,0.0,1.0,0.0,0.0,0.0,0.0,1.0,0.0,0.0,0.0,1.0,0.0,1.0,0.0,0.0,0.0,0.0,0.2222222222222221,0.7854150152870569,0.6090246589816084,0.33333333333333337,0.5512224821354182
0.5121951219512195,0.2591768631813125,0.41999999999999993,0.4615384615384617,0.10204081632653095,0.25,0.9199999999999999,0.5891891891891892,18.5,0.5454545454545455,0.6666666666666666,1.0,0.24866737739872063,1.0,0.0,0.0,0.0,1.0,0.0,0.0,1.0,0.0,0.0,0.0,0.0,1.0,0.0,1.0,0.0,0.0,0.0,0.0,0.5714285714285712,0.27370236369272916,0.21841950253018805,0.2033898305084746,0.49727546415342905
0.5121951219512195,0.31813125695216893,0.2799999999999998,0.0512820512820511,0.6938775510204085,0.125,0.5533333333333335,0.4871621621621622,32.4,0.0,0.33333333333333337,0.5,0.35154584221748403,1.0,0.0,1.0,0.0,0.0,0.0,0.0,1.0,0.0,0.0,0.0,0.0,1.0,0.0,0.0,0.0,1.0,0.0,0.0,0.3650793650793649,0.794951894857461,0.5903708104232037,0.0847457627118644,0.5561966660620425
1.0,0.9265850945494993,0.7599999999999998,0.4358974358974361,0.8367346938775513,0.7083333333333335,0.5333333333333334,0.4952702702702703,23.0,0.5000000000000001,0.6666666666666666,0.5,0.601545842217484,0.0,1.0,0.0,1.0,0.0,0.0,0.0,0.0,0.0,1.0,1.0,0.0,0.0,0.0,0.0,1.0,0.0,0.0,0.0,0.38095238095238093,0.6909132086348708,0.6596621884634948,0.1864406779661017,0.501932841407959
0.12195121951219517,0.7452725250278085,0.8799999999999999,0.9743589743589745,0.0,0.9583333333333335,0.5666666666666667,0.3972972972972973,23.5,0.6363636363636364,0.0,0.0,0.4293710021321961,0.0,1.0,0.0,1.0,0.0,0.0,1.0,0.0,0.0,0.0,1.0,0.0,0.0,0.0,0.0,0.0,1.0,0.0,0.0,0.6190476190476188,0.0,0.308247431881264,0.7288135593220338,0.0
0.34146341463414637,0.31479421579532807,0.8399999999999999,0.2051282051282053,0.9183673469387754,0.16666666666666696,0.6133333333333333,0.6662162162162162,29.9,0.9090909090909091,0.0,0.0,0.16551172707889128,0.0,1.0,0.0,0.0,1.0,0.0,0.0,1.0,0.0,0.0,0.0,0.0,1.0,0.0,1.0,0.0,0.0,0.0,0.0,0.4444444444444442,0.8629230760061743,0.9440918090584975,0.9322033898305084,0.22503891670728393
0.878048780487805,0.08676307007786421,0.20000000000000018,0.28205128205128194,0.7142857142857144,0.20833333333333348,0.4599999999999999,0.3560810810810811,26.0,0.36363636363636365,0.6666666666666666,0.5,0.16924307036247338,1.0,0.0,1.0,0.0,0.0,0.0,0.0,0.0,0.0,1.0,0.0,1.0,0.0,0.0,1.0,0.0,0.0,0.0,0.0,0.47619047619047605,0.701775485261559,0.40443772357533336,0.13559322033898302,0.507598317353644
0.7804878048780488,0.2046718576195773,0.5800000000000001,0.10256410256410309,0.22448979591836737,0.25,0.7333333333333334,0.4324324324324324,17.0,0.5454545454545455,0.6666666666666666,1.0,0.1575159914712153,1.0,0.0,0.0,1.0,0.0,0.0,0.0,0.0,0.0,1.0,0.0,1.0,0.0,0.0,0.0,0.0,0.0,0.0,1.0,0.3492063492063491,0.4597629562525949,0.1269875030121288,0.2033898305084746,0.6428418837653943
0.17073170731707316,0.3815350389321467,0.41999999999999993,0.0512820512820511,0.7551020408163267,0.5833333333333335,0.6199999999999999,0.5540540540540542,25.6,0.045454545454545525,0.33333333333333337,0.5,0.3488805970149253,1.0,0.0,0.0,0.0,0.0,1.0,1.0,0.0,0.0,0.0,0.0,0.0,1.0,0.0,0.0,0.0,1.0,0.0,0.0,0.19047619047619024,0.8272551008853322,0.6298691089984028,0.10734463276836159,0.5730451632057957
0.09756097560975613,0.743047830923248,0.6400000000000001,0.2564102564102564,0.20408163265306145,0.0,0.3333333333333333,0.27837837837837837,28.2,0.36363636363636365,0.6666666666666666,0.5,0.5309168443496801,0.0,1.0,0.0,0.0,0.0,1.0,1.0,0.0,0.0,0.0,1.0,0.0,0.0,0.0,0.0,1.0,0.0,0.0,0.0,0.5396825396825395,0.4196580228739666,0.44940560657581186,0.13559322033898302,0.3604533170976596
0.9268292682926831,0.9510567296996661,0.6000000000000001,0.7435897435897436,0.22448979591836737,0.9583333333333335,0.5066666666666666,0.34729729729729736,20.9,0.5454545454545455,0.6666666666666666,0.5,0.7038912579957355,0.0,1.0,0.0,0.0,1.0,0.0,0.0,0.0,0.0,1.0,1.0,0.0,0.0,0.0,0.0,1.0,0.0,0.0,0.0,0.47619047619047605,0.17902842260219676,0.27850848021401453,0.2033898305084746,0.23494728746755533
0.07317073170731708,0.16907675194660732,0.10000000000000009,0.07692307692307754,0.8367346938775513,0.125,0.5800000000000001,0.5405405405405406,31.7,0.09090909090909094,0.6666666666666666,0.5,0.28411513859275056,1.0,0.0,0.0,0.0,1.0,0.0,1.0,0.0,0.0,0.0,0.0,1.0,0.0,0.0,1.0,0.0,0.0,0.0,0.0,0.38095238095238093,0.8746667215696771,0.6806727156141916,0.03389830508474573,0.5977738094891297
0.12195121951219517,0.3492769744160178,0.43999999999999995,0.10256410256410309,1.0,1.0,0.49999999999999994,0.5087837837837839,25.6,0.0,0.0,0.0,0.3147654584221748,1.0,0.0,0.0,0.0,1.0,0.0,1.0,0.0,0.0,0.0,0.0,0.0,1.0,0.0,1.0,0.0,0.0,0.0,0.0,0.06349206349206327,0.9811270901747631,0.7825388988549447,0.2542372881355932,0.25586495907257273
0.7560975609756098,0.4193548387096774,0.2200000000000002,0.0,0.7755102040816326,0.0,0.35333333333333333,0.33986486486486484,26.7,0.8636363636363636,0.33333333333333337,0.5,0.470682302771855,0.0,1.0,0.0,0.0,1.0,0.0,0.0,0.0,1.0,0.0,0.0,0.0,1.0,0.0,0.0,1.0,0.0,0.0,0.0,0.38095238095238093,0.8746667215696771,0.622707478597097,0.5141242937853107,0.5977738094891297
0.7073170731707319,0.5383759733036707,0.20000000000000018,0.666666666666667,0.12244897959183687,0.41666666666666696,0.9066666666666667,0.5790540540540541,14.2,0.9090909090909091,0.9999999999999999,1.0,0.5919509594882728,0.0,1.0,0.0,1.0,0.0,0.0,0.0,0.0,1.0,0.0,0.0,0.0,0.0,1.0,0.0,1.0,0.0,0.0,0.0,0.6349206349206349,0.2134040797838782,0.21496988926785798,0.22033898305084743,0.4501004811191629
0.8292682926829269,0.7208008898776417,0.98,0.6923076923076925,0.20408163265306145,0.7083333333333335,0.2866666666666667,0.19932432432432434,24.0,0.2272727272727273,0.0,0.0,0.376865671641791,0.0,1.0,1.0,0.0,0.0,0.0,0.0,0.0,0.0,1.0,1.0,0.0,0.0,0.0,0.0,0.0,1.0,0.0,0.0,0.5396825396825395,0.21512286264296232,0.2646443202454116,0.423728813559322,0.05610119524465665
0.9512195121951221,0.46941045606229137,0.3799999999999999,0.7179487179487181,0.7142857142857144,0.541666666666667,0.4333333333333333,0.3912162162162162,25.2,0.8636363636363636,0.6666666666666666,0.5,0.43869936034115137,0.0,1.0,0.0,0.0,1.0,0.0,0.0,0.0,0.0,1.0,0.0,0.0,0.0,1.0,0.0,0.0,1.0,0.0,0.0,0.6190476190476188,0.5197599365870229,0.5827526569789621,0.32203389830508466,0.4126638254237831
0.3658536585365854,0.3136818687430478,0.5,0.4358974358974361,0.6122448979591839,0.875,0.23333333333333334,0.22635135135135137,29.0,0.09090909090909094,0.0,0.0,0.26519189765458423,1.0,0.0,0.0,0.0,1.0,0.0,0.0,1.0,0.0,0.0,0.0,0.0,1.0,0.0,1.0,0.0,0.0,0.0,0.0,0.3174603174603172,0.5331625513040468,0.5407432490252253,0.32203389830508466,0.1390417365237963
0.2926829268292683,0.5717463848720801,0.98,0.28205128205128194,0.6530612244897962,0.41666666666666696,0.5800000000000001,0.568918918918919,23.0,1.0,0.33333333333333337,0.5,0.28678038379530907,0.0,1.0,0.0,1.0,0.0,0.0,0.0,1.0,0.0,0.0,0.0,0.0,0.0,1.0,1.0,0.0,0.0,0.0,0.0,0.39682539682539675,0.6537841204356887,0.759354113585937,0.5819209039548022,0.48256729187289626
1.0,0.02335928809788651,0.2999999999999998,0.3076923076923075,0.24489795918367374,0.375,0.4799999999999999,0.28513513513513516,33.0,0.31818181818181823,0.0,0.0,0.08368869936034112,1.0,0.0,0.0,0.0,1.0,0.0,0.0,0.0,0.0,1.0,0.0,1.0,0.0,0.0,0.0,0.0,0.0,0.0,1.0,0.4285714285714284,0.38984550602613677,0.1395308057932947,0.4915254237288136,0.10166654803735603
0.7073170731707319,0.3192436040044494,0.52,0.02564102564102555,0.34693877551020424,0.666666666666667,0.5800000000000001,0.3662162162162162,27.7,0.40909090909090906,0.33333333333333337,0.5,0.2627931769722814,1.0,0.0,0.0,0.0,1.0,0.0,0.0,0.0,1.0,0.0,0.0,0.0,1.0,0.0,1.0,0.0,0.0,0.0,0.0,0.1428571428571428,0.5361734082687184,0.19734412807347046,0.2881355932203389,0.42122465776065754
0.43902439024390244,0.08008898776418238,0.48,0.9230769230769234,0.8163265306122449,0.125,0.6666666666666667,0.606081081081081,32.2,0.045454545454545525,0.6666666666666666,0.5,0.08715351812366734,1.0,0.0,1.0,0.0,0.0,0.0,0.0,1.0,0.0,0.0,0.0,1.0,0.0,0.0,0.0,0.0,0.0,0.0,1.0,0.9047619047619047,0.5374487362937141,0.6675591492855675,0.01694915254237289,0.42188983509841005
0.39024390243902446,0.5784204671857618,0.52,0.384615384615385,0.4693877551020411,0.9583333333333335,0.15333333333333332,0.18310810810810813,22.1,0.9090909090909091,0.33333333333333337,0.0,0.4632196162046908,0.0,1.0,0.0,0.0,0.0,1.0,0.0,1.0,0.0,0.0,0.0,0.0,0.0,1.0,0.0,0.0,1.0,0.0,0.0,0.25396825396825395,0.447967387611822,0.6324014469955184,0.536723163841808,0.11682396546275126
0.43902439024390244,0.18020022246941048,0.8999999999999999,0.5897435897435903,0.16326530612244916,0.5833333333333335,0.39333333333333337,0.3135135135135135,22.5,0.8636363636363636,0.6666666666666666,0.5,0.06556503198294239,0.0,1.0,0.0,0.0,1.0,0.0,0.0,1.0,0.0,0.0,0.0,1.0,0.0,0.0,0.0,0.0,0.0,0.0,1.0,0.5238095238095237,0.23362505459663196,0.4203263162092117,0.32203389830508466,0.2634234454508563
0.6585365853658538,0.2046718576195773,0.43999999999999995,0.8717948717948723,0.6122448979591839,0.625,0.54,0.4527027027027027,23.4,0.7272727272727274,0.6666666666666666,0.5,0.19776119402985065,0.0,1.0,0.0,1.0,0.0,0.0,0.0,0.0,1.0,0.0,0.0,1.0,0.0,0.0,1.0,0.0,0.0,0.0,0.0,0.6825396825396823,0.40846594844272144,0.520621424065705,0.27118644067796616,0.3546158273474222
0.6097560975609757,0.47719688542825356,0.8999999999999999,0.5384615384615383,0.8163265306122449,0.8333333333333335,0.9333333333333333,0.8121621621621622,12.9,0.9090909090909091,0.9999999999999999,1.0,0.2526652452025587,0.0,1.0,1.0,0.0,0.0,0.0,0.0,0.0,1.0,0.0,0.0,0.0,0.0,1.0,1.0,0.0,0.0,0.0,0.0,0.39682539682539675,0.6277701095954975,0.6472972103341974,0.22033898305084743,0.7742840093915172
0.878048780487805,0.2992213570634038,0.48,0.8974358974358978,0.18367346938775508,0.5,0.49333333333333335,0.28175675675675677,29.5,0.2727272727272728,0.0,0.0,0.26066098081023453,1.0,0.0,0.0,1.0,0.0,0.0,0.0,0.0,0.0,1.0,0.0,0.0,1.0,0.0,1.0,0.0,0.0,0.0,0.0,0.746031746031746,0.1844561579466728,0.10458226487329458,0.4576271186440678,0.04810372455958045
0.6097560975609757,0.29254727474972186,0.7000000000000002,0.2564102564102564,0.020408163265306367,0.3333333333333335,0.4533333333333333,0.27297297297297296,27.5,0.7727272727272728,0.0,0.0,0.18789978678038383,0.0,1.0,1.0,0.0,0.0,0.0,0.0,0.0,1.0,0.0,0.0,0.0,1.0,0.0,1.0,0.0,0.0,0.0,0.0,0.41269841269841256,0.2692645227041105,0.1520816854549385,0.8305084745762712,0.07022062357804337
0.5365853658536586,0.5962180200222469,0.8599999999999999,0.7179487179487181,0.7551020408163267,0.41666666666666696,0.5866666666666667,0.6006756756756757,22.1,0.2272727272727273,0.33333333333333337,0.0,0.3414179104477611,0.0,1.0,1.0,0.0,0.0,0.0,0.0,0.0,1.0,0.0,0.0,0.0,0.0,1.0,0.0,0.0,1.0,0.0,0.0,0.6666666666666665,0.5512523355225909,0.8312208011053335,0.19774011299435024,0.14375931281443266
0.1951219512195122,0.26807563959955494,0.0,0.8717948717948723,0.28571428571428603,0.41666666666666696,0.9533333333333334,0.6689189189189189,15.1,0.5454545454545455,0.9999999999999999,1.0,0.4309701492537313,1.0,0.0,0.0,0.0,1.0,0.0,1.0,0.0,0.0,0.0,0.0,0.0,1.0,0.0,0.0,0.0,1.0,0.0,0.0,0.7619047619047619,0.25444964059782615,0.33377957464278385,0.11186440677966103,0.48221289808208934
0.26829268292682934,0.5194660734149054,0.2400000000000002,0.3589743589743595,0.04081632653061229,0.20833333333333348,0.6799999999999999,0.4844594594594595,13.9,0.9090909090909091,0.6666666666666666,1.0,0.5522388059701491,0.0,1.0,0.0,0.0,1.0,0.0,1.0,0.0,0.0,0.0,0.0,0.0,0.0,1.0,0.0,1.0,0.0,0.0,0.0,0.5238095238095237,0.27002280925958877,0.3366141464131829,0.3389830508474576,0.49439672687096425
0.0,0.24471635150166848,0.18000000000000016,0.7692307692307692,0.8571428571428572,0.0,0.48666666666666664,0.46824324324324323,33.2,0.31818181818181823,0.6666666666666666,0.5,0.3251599147121535,1.0,0.0,0.0,0.0,1.0,0.0,1.0,0.0,0.0,0.0,0.0,0.0,1.0,0.0,1.0,0.0,0.0,0.0,0.0,0.8571428571428572,0.6121617030913826,0.6925982933555541,0.11864406779661019,0.46085814080174314
0.0,0.20133481646273632,0.2200000000000002,0.384615384615385,0.6122448979591839,0.875,0.9333333333333333,0.7581081081081082,15.3,0.5454545454545455,0.6666666666666666,1.0,0.2689232409381663,1.0,0.0,0.0,0.0,0.0,1.0,1.0,0.0,0.0,0.0,0.0,1.0,0.0,0.0,1.0,0.0,0.0,0.0,0.0,0.2857142857142856,0.5538552999486075,0.5392335359268878,0.2033898305084746,0.7164559972984363
0.8048780487804879,0.2769744160177976,0.20000000000000018,0.23076923076923084,0.10204081632653095,0.20833333333333348,0.6599999999999999,0.36148648648648646,31.1,0.4545454545454545,0.6666666666666666,0.5,0.3472814498933902,1.0,0.0,0.0,0.0,0.0,1.0,0.0,0.0,0.0,1.0,0.0,0.0,1.0,0.0,0.0,0.0,1.0,0.0,0.0,0.4444444444444442,0.34366972805130247,0.057797174400028295,0.1694915254237288,0.3208198340565741
0.7560975609756098,0.3259176863181311,0.2400000000000002,0.7948717948717947,0.04081632653061229,0.5,0.4266666666666666,0.21824324324324323,28.8,0.18181818181818177,0.6666666666666666,0.5,0.3755330490405117,1.0,0.0,0.0,1.0,0.0,0.0,0.0,0.0,1.0,0.0,0.0,0.0,1.0,0.0,0.0,0.0,1.0,0.0,0.0,0.6825396825396823,0.12866408766159376,0.0236797559420161,0.06779661016949151,0.208678583591487
0.5853658536585367,0.030033370411568394,0.48,0.02564102564102555,0.20408163265306145,0.875,0.36000000000000004,0.20608108108108109,32.9,0.045454545454545525,0.33333333333333337,0.0,0.04744136460554366,1.0,0.0,0.0,0.0,1.0,0.0,0.0,0.0,1.0,0.0,0.0,1.0,0.0,0.0,0.0,0.0,0.0,0.0,1.0,0.06349206349206327,0.4036160495225153,0.11477189174048519,0.10734463276836159,0.10525772351644752
0.9512195121951221,0.1268075639599554,0.2599999999999998,0.5897435897435903,0.28571428571428603,0.9583333333333335,0.4666666666666666,0.28445945945945944,33.7,0.2272727272727273,0.6666666666666666,0.5,0.18736673773987206,1.0,0.0,0.0,0.0,0.0,1.0,0.0,0.0,0.0,1.0,0.0,1.0,0.0,0.0,1.0,0.0,0.0,0.0,0.0,0.38095238095238093,0.25777992814568507,0.16281173674142702,0.0847457627118644,0.2760219880737713
0.0,0.3047830923248054,0.20000000000000018,0.5641025641025639,0.8979591836734695,0.875,0.06666666666666665,0.12770270270270273,33.5,0.40909090909090906,0.33333333333333337,0.0,0.37340085287846475,1.0,0.0,0.0,0.0,1.0,0.0,1.0,0.0,0.0,0.0,0.0,0.0,1.0,0.0,0.0,0.0,1.0,0.0,0.0,0.39682539682539675,0.6667911258557844,0.7188893946290398,0.2881355932203389,0.173890300079937
0.3658536585365854,0.17352614015572854,0.2200000000000002,0.02564102564102555,0.5510204081632653,0.16666666666666696,0.8466666666666667,0.6743243243243244,18.9,0.5454545454545455,0.6666666666666666,1.0,0.2433368869936034,1.0,0.0,0.0,0.0,0.0,1.0,0.0,1.0,0.0,0.0,0.0,1.0,0.0,0.0,1.0,0.0,0.0,0.0,0.0,0.33333333333333326,0.7120117428303225,0.500808352265814,0.2033898305084746,0.8401913182071238
0.9268292682926831,0.9488320355951054,0.7200000000000002,0.9487179487179489,0.18367346938775508,0.5833333333333335,0.3333333333333333,0.22702702702702704,22.7,0.31818181818181823,0.33333333333333337,0.5,0.6369936034115138,0.0,1.0,0.0,0.0,0.0,1.0,0.0,0.0,0.0,1.0,1.0,0.0,0.0,0.0,0.0,1.0,0.0,0.0,0.0,0.746031746031746,0.16274521656876872,0.2543506742706185,0.24293785310734467,0.22645439824446556
0.09756097560975613,0.6907675194660732,0.7000000000000002,0.7692307692307692,0.7551020408163267,0.7083333333333335,0.6533333333333333,0.6587837837837838,28.1,0.40909090909090906,0.6666666666666666,0.5,0.466684434968017,0.0,1.0,1.0,0.0,0.0,0.0,1.0,0.0,0.0,0.0,1.0,0.0,0.0,0.0,0.0,0.0,1.0,0.0,0.0,0.5873015873015872,0.5135622571263647,0.8305673608492963,0.15254237288135591,0.4094312798801394
0.5121951219512195,0.24360400444938812,0.54,1.0,0.9387755102040818,0.791666666666667,0.5466666666666666,0.6094594594594596,25.3,0.36363636363636365,0.33333333333333337,0.0,0.19829424307036253,0.0,1.0,0.0,0.0,1.0,0.0,0.0,1.0,0.0,0.0,0.0,0.0,1.0,0.0,1.0,0.0,0.0,0.0,0.0,0.6984126984126982,0.5344198322343492,0.9572639430801628,0.2655367231638418,0.13936961874924508
0.6829268292682928,0.7652947719688541,0.2799999999999998,0.6410256410256414,1.0,0.541666666666667,0.5999999999999999,0.5864864864864865,20.5,0.8636363636363636,0.33333333333333337,0.0,0.749733475479744,0.0,1.0,0.0,0.0,1.0,0.0,0.0,0.0,1.0,0.0,1.0,0.0,0.0,0.0,0.0,0.0,0.0,1.0,0.0,0.5714285714285712,0.7115693412364417,0.761053524732606,0.5141242937853107,0.18556786597374375
0.04878048780487804,0.12347052280311455,0.16000000000000014,0.7179487179487181,1.0,0.5833333333333335,0.0,0.08040540540540542,29.6,0.045454545454545525,0.0,0.0,0.21721748400852875,1.0,0.0,0.0,0.0,0.0,1.0,1.0,0.0,0.0,0.0,0.0,1.0,0.0,0.0,1.0,0.0,0.0,0.0,0.0,0.603174603174603,0.6796932360708794,0.7804856890412057,0.288135593220339,0.17725499965371705
0.26829268292682934,0.4638487208008898,0.98,0.0512820512820511,0.12244897959183687,0.16666666666666696,0.6333333333333333,0.4743243243243243,29.4,0.7727272727272728,0.0,0.0,0.22148187633262256,0.0,1.0,0.0,0.0,1.0,0.0,1.0,0.0,0.0,0.0,0.0,0.0,0.0,1.0,1.0,0.0,0.0,0.0,0.0,0.3492063492063491,0.4196580228739666,0.39320783796701075,0.8305084745762712,0.10944125783745096
0.6097560975609757,0.030033370411568394,0.31999999999999984,0.3333333333333339,0.28571428571428603,0.125,0.15333333333333332,0.09256756756756757,33.9,0.18181818181818177,0.0,0.0,0.0847547974413646,1.0,0.0,0.0,0.0,0.0,1.0,0.0,0.0,1.0,0.0,0.0,1.0,0.0,0.0,0.0,0.0,0.0,0.0,1.0,0.5396825396825395,0.43168950288755525,0.16128823630885814,0.38983050847457623,0.11257890857820363
0.3658536585365854,0.46496106785317004,0.98,0.6153846153846159,0.34693877551020424,0.04166666666666696,0.7266666666666668,0.6047297297297298,10.5,0.9090909090909091,0.6666666666666666,1.0,0.22228144989339021,0.0,1.0,0.0,0.0,1.0,0.0,0.0,1.0,0.0,0.0,0.0,0.0,0.0,1.0,1.0,0.0,0.0,0.0,0.0,0.746031746031746,0.3907101010367612,0.5481114085491865,0.3389830508474576,0.5888176717629623
0.878048780487805,0.1624026696329255,0.52,0.0,0.34693877551020424,0.25,0.52,0.38175675675675674,27.4,0.818181818181818,0.6666666666666666,0.5,0.14152452025586348,0.0,1.0,1.0,0.0,0.0,0.0,0.0,0.0,0.0,1.0,0.0,1.0,0.0,0.0,0.0,0.0,0.0,0.0,1.0,0.2857142857142856,0.5816202538261195,0.3547654667237854,0.30508474576271183,0.4449285293486914
0.5121951219512195,0.7530589543937707,0.7599999999999998,0.0512820512820511,0.8163265306122449,0.375,0.14666666666666667,0.22364864864864864,28.1,0.9545454545454545,0.0,0.0,0.48374200426439223,0.0,1.0,0.0,0.0,1.0,0.0,0.0,1.0,0.0,0.0,1.0,0.0,0.0,0.0,0.0,1.0,0.0,0.0,0.0,0.26984126984126977,0.8728827068809897,0.8743059708078851,0.9661016949152543,0.22763625661531622
0.6829268292682928,0.18798665183537255,0.20000000000000018,0.6410256410256414,0.4693877551020411,0.625,0.25333333333333335,0.17770270270270272,27.7,0.045454545454545525,0.33333333333333337,0.0,0.2641257995735607,1.0,0.0,1.0,0.0,0.0,0.0,0.0,0.0,1.0,0.0,0.0,1.0,0.0,0.0,1.0,0.0,0.0,0.0,0.0,0.5396825396825395,0.3955950628467897,0.26508336193334436,0.10734463276836159,0.10316595635594578
0.3170731707317073,0.4315906562847608,0.41999999999999993,0.4358974358974361,0.020408163265306367,0.375,0.6599999999999999,0.46554054054054056,24.7,0.4545454545454545,0.6666666666666666,0.5,0.38992537313432835,0.0,1.0,0.0,1.0,0.0,0.0,0.0,1.0,0.0,0.0,0.0,0.0,1.0,0.0,0.0,0.0,1.0,0.0,0.0,0.5079365079365079,0.21573463281314476,0.32306085838978293,0.1694915254237288,0.25409227503824927
0.6585365853658538,0.09121245828698554,0.2799999999999998,0.2051282051282053,0.795918367346939,0.7083333333333335,0.49999999999999994,0.39932432432432435,32.1,0.4545454545454545,0.6666666666666666,0.5,0.14925373134328362,1.0,0.0,0.0,0.0,1.0,0.0,0.0,0.0,1.0,0.0,0.0,1.0,0.0,0.0,0.0,0.0,0.0,0.0,1.0,0.23809523809523792,0.7722637737672533,0.4499189090292468,0.1694915254237288,0.5443631426942482
0.09756097560975613,0.11902113459399333,0.18000000000000016,0.9487179487179489,0.38775510204081653,0.666666666666667,0.5133333333333334,0.39189189189189194,29.4,0.13636363636363635,0.33333333333333337,0.5,0.2060234541577825,1.0,0.0,0.0,0.0,1.0,0.0,1.0,0.0,0.0,0.0,0.0,1.0,0.0,0.0,1.0,0.0,0.0,0.0,0.0,0.714285714285714,0.2616874455963163,0.39878266776266313,0.15254237288135591,0.27806004573743853
0.7073170731707319,0.518353726362625,0.98,0.5641025641025639,0.6734693877551021,0.8333333333333335,0.9866666666666666,0.8087837837837839,10.6,0.9090909090909091,0.6666666666666666,1.0,0.25453091684434964,0.0,1.0,0.0,0.0,1.0,0.0,0.0,0.0,1.0,0.0,0.0,0.0,0.0,1.0,1.0,0.0,0.0,0.0,0.0,0.41269841269841256,0.5270819515667211,0.558676810678203,0.3389830508474576,0.6955095926280275
0.09756097560975613,0.6262513904338152,0.2599999999999998,0.5128205128205128,0.8571428571428572,0.5,0.5666666666666667,0.6081081081081081,27.1,0.40909090909090906,0.6666666666666666,0.5,0.6377931769722813,0.0,1.0,1.0,0.0,0.0,0.0,1.0,0.0,0.0,0.0,0.0,0.0,0.0,1.0,0.0,1.0,0.0,0.0,0.0,0.5079365079365079,0.6806799621518187,0.9013969336280507,0.15254237288135591,0.49659545093370505
0.26829268292682934,0.453837597330367,0.96,0.0,0.5102040816326534,0.0,0.7666666666666666,0.6844594594594595,14.6,0.9090909090909091,0.9999999999999999,1.0,0.2209488272921108,0.0,1.0,0.0,0.0,1.0,0.0,1.0,0.0,0.0,0.0,0.0,0.0,0.0,1.0,1.0,0.0,0.0,0.0,0.0,0.38095238095238093,0.7040384595587856,0.6613373013651469,0.22033898305084743,0.8339533379748715
0.3658536585365854,0.20022246941045596,0.06000000000000005,0.5128205128205128,0.12244897959183687,0.0,0.8933333333333333,0.5783783783783785,18.3,0.5454545454545455,0.9999999999999999,1.0,0.33208955223880593,1.0,0.0,0.0,0.0,1.0,0.0,0.0,1.0,0.0,0.0,0.0,1.0,0.0,0.0,1.0,0.0,0.0,0.0,0.0,0.6984126984126982,0.3011942196632492,0.2309730951413631,0.11186440677966103,0.518784000631022
0.6097560975609757,0.6218020022246942,0.7000000000000002,0.666666666666667,0.7551020408163267,0.5833333333333335,0.52,0.4675675675675676,27.7,0.8636363636363636,0.0,0.0,0.4184434968017057,0.0,1.0,0.0,0.0,0.0,1.0,0.0,0.0,1.0,0.0,0.0,0.0,0.0,1.0,0.0,0.0,1.0,0.0,0.0,0.5714285714285712,0.5577241869643264,0.6094116057324159,0.8983050847457625,0.14544708601002188
0.6097560975609757,0.2391546162402669,0.16000000000000014,0.12820512820512864,0.5918367346938775,0.0,0.9066666666666667,0.6378378378378378,16.8,0.5454545454545455,0.9999999999999999,1.0,0.3283582089552239,1.0,0.0,0.0,1.0,0.0,0.0,0.0,0.0,1.0,0.0,0.0,0.0,1.0,0.0,1.0,0.0,0.0,0.0,0.0,0.46031746031746024,0.7000438179732464,0.33501643079694543,0.11186440677966103,0.8308280890157029
0.48780487804878053,0.006674082313681828,0.5800000000000001,0.8974358974358978,0.8367346938775513,0.20833333333333348,0.08000000000000002,0.1324324324324324,26.8,0.5454545454545455,0.0,0.0,0.009328358208955223,1.0,0.0,1.0,0.0,0.0,0.0,0.0,1.0,0.0,0.0,0.0,1.0,0.0,0.0,0.0,0.0,0.0,0.0,1.0,0.8571428571428572,0.550285520164356,0.6799777570299559,0.6610169491525424,0.14350718016562214
0.9268292682926831,0.47274749721913223,0.7400000000000002,0.6923076923076925,0.08163265306122458,1.0,0.6733333333333333,0.4216216216216216,13.2,0.9090909090909091,0.9999999999999999,1.0,0.30037313432835816,0.0,1.0,0.0,0.0,0.0,1.0,0.0,0.0,0.0,1.0,0.0,0.0,0.0,1.0,1.0,0.0,0.0,0.0,0.0,0.4285714285714284,0.09597926852609917,0.1899499128115405,0.22033898305084743,0.3582319714404897
0.853658536585366,0.7241379310344827,0.6800000000000002,0.4102564102564106,0.20408163265306145,0.5,0.12666666666666665,0.0952702702702703,23.3,0.6363636363636364,0.33333333333333337,0.0,0.4989339019189765,0.0,1.0,1.0,0.0,0.0,0.0,0.0,0.0,0.0,1.0,1.0,0.0,0.0,0.0,0.0,1.0,0.0,0.0,0.0,0.4444444444444442,0.31834029644374773,0.2658441857279612,0.4011299435028248,0.08301893581006059
0.7804878048780488,0.20133481646273632,0.16000000000000014,1.0,0.0,0.0,0.9533333333333334,0.49932432432432433,19.3,0.5454545454545455,0.9999999999999999,1.0,0.29184434968017053,1.0,0.0,0.0,0.0,0.0,1.0,0.0,0.0,0.0,1.0,0.0,1.0,0.0,0.0,1.0,0.0,0.0,0.0,0.0,1.0,0.13542440107643983,0.0,0.11186440677966103,0.3890922768790257
0.7073170731707319,0.23359288097886532,0.52,0.0512820512820511,0.6734693877551021,0.16666666666666696,0.6933333333333334,0.5114864864864865,15.6,0.5454545454545455,0.9999999999999999,1.0,0.19642857142857145,1.0,0.0,0.0,1.0,0.0,0.0,0.0,0.0,1.0,0.0,0.0,0.0,1.0,0.0,1.0,0.0,0.0,0.0,0.0,0.3492063492063491,0.7806024232816215,0.3809097272376074,0.11186440677966103,0.8938539430256032
0.878048780487805,0.27252502780867627,0.06000000000000005,0.28205128205128194,0.0,0.3333333333333335,0.8266666666666667,0.43040540540540545,17.2,0.5454545454545455,0.6666666666666666,1.0,0.4059168443496802,1.0,0.0,0.0,0.0,0.0,1.0,0.0,0.0,0.0,1.0,0.0,0.0,1.0,0.0,0.0,0.0,1.0,0.0,0.0,0.4285714285714284,0.24930078374351006,0.0008559626404722742,0.2033898305084746,0.478184636927669
0.5365853658536586,0.20244716351501668,0.96,0.9743589743589745,0.36734693877551017,1.0,0.6199999999999999,0.5283783783783784,24.0,0.4545454545454545,0.33333333333333337,0.5,0.06743070362473347,0.0,1.0,1.0,0.0,0.0,0.0,0.0,0.0,1.0,0.0,0.0,1.0,0.0,0.0,0.0,0.0,0.0,0.0,1.0,0.603174603174603,0.202315158112368,0.5616680837168668,0.3107344632768362,0.24709303227046864
0.21951219512195125,0.32814238042269184,0.52,0.28205128205128194,0.020408163265306367,0.666666666666667,0.2933333333333333,0.17972972972972973,34.4,0.2272727272727273,0.33333333333333337,0.0,0.2697228144989339,1.0,0.0,0.0,0.0,1.0,0.0,1.0,0.0,0.0,0.0,0.0,0.0,1.0,0.0,1.0,0.0,0.0,0.0,0.0,0.3015873015873014,0.2134040797838782,0.16790835684645256,0.19774011299435024,0.05565295942454915
0.09756097560975613,0.2469410456062291,0.6800000000000002,0.02564102564102555,0.40816326530612246,0.625,0.006666666666666654,0.0608108108108108,21.5,0.36363636363636365,0.33333333333333337,0.0,0.1612473347547974,0.0,1.0,0.0,0.0,1.0,0.0,1.0,0.0,0.0,0.0,0.0,0.0,1.0,0.0,0.0,0.0,0.0,0.0,1.0,0.1587301587301586,0.5850908730608084,0.5920734943686972,0.2655367231638418,0.15258395552279935
0.853658536585366,0.3114571746384871,0.3999999999999999,0.5384615384615383,0.38775510204081653,0.29166666666666696,0.37333333333333335,0.24324324324324326,25.1,0.40909090909090906,0.6666666666666666,0.5,0.29877398720682297,1.0,0.0,0.0,1.0,0.0,0.0,0.0,0.0,0.0,1.0,0.0,0.0,1.0,0.0,1.0,0.0,0.0,0.0,0.0,0.603174603174603,0.4118957777039095,0.21963012152413786,0.15254237288135591,0.35640473549668855
0.8048780487804879,0.18131256952169073,0.0,0.5641025641025639,0.44897959183673475,0.666666666666667,0.6199999999999999,0.41283783783783784,27.4,0.40909090909090906,0.33333333333333337,0.0,0.3384861407249466,1.0,0.0,1.0,0.0,0.0,0.0,0.0,0.0,0.0,1.0,0.0,1.0,0.0,0.0,0.0,0.0,1.0,0.0,0.0,0.47619047619047605,0.4030628780276376,0.25476346994995414,0.2881355932203389,0.10511346371227498
0.7317073170731709,0.6062291434927696,0.3999999999999999,0.7435897435897436,0.40816326530612246,0.5833333333333335,0.34,0.2682432432432433,28.2,0.9090909090909091,0.33333333333333337,0.5,0.5431769722814499,0.0,1.0,1.0,0.0,0.0,0.0,0.0,0.0,1.0,0.0,0.0,0.0,0.0,1.0,0.0,1.0,0.0,0.0,0.0,0.6190476190476188,0.3349564035783036,0.39312021378581674,0.536723163841808,0.3162751946678629
0.21951219512195125,0.20022246941045596,0.5800000000000001,0.10256410256410309,0.4693877551020411,0.9583333333333335,0.5933333333333333,0.4668918918918919,27.1,0.0,0.0,0.0,0.15405117270788915,1.0,0.0,1.0,0.0,0.0,0.0,1.0,0.0,0.0,0.0,0.0,1.0,0.0,0.0,0.0,0.0,0.0,0.0,1.0,0.0793650793650793,0.5677377768873635,0.4496825683312624,0.2542372881355932,0.14805849772363694
0.43902439024390244,0.48943270300333697,0.8799999999999999,0.2051282051282053,0.06122448979591866,0.0,0.8666666666666667,0.6182432432432432,11.2,0.9090909090909091,0.9999999999999999,1.0,0.26652452025586354,0.0,1.0,0.0,1.0,0.0,0.0,0.0,1.0,0.0,0.0,0.0,0.0,0.0,1.0,1.0,0.0,0.0,0.0,0.0,0.5079365079365079,0.35032407025328727,0.3510226363341573,0.22033898305084743,0.557221244907569
0.7560975609756098,0.23359288097886532,0.7400000000000002,0.5128205128205128,0.22448979591836737,0.4583333333333335,0.4266666666666666,0.2945945945945946,21.3,0.6818181818181818,0.6666666666666666,0.5,0.13646055437100213,0.0,1.0,0.0,0.0,1.0,0.0,0.0,0.0,1.0,0.0,0.0,0.0,1.0,0.0,0.0,0.0,0.0,0.0,1.0,0.5238095238095237,0.3064205639225456,0.2780796561092236,0.2542372881355932,0.30139165609525764
0.0,0.2758620689655171,0.06000000000000005,0.2564102564102564,0.4285714285714288,0.16666666666666696,0.9866666666666666,0.7385135135135135,18.6,0.5454545454545455,0.9999999999999999,1.0,0.40938166311300633,1.0,0.0,0.0,0.0,0.0,1.0,1.0,0.0,0.0,0.0,0.0,0.0,1.0,0.0,0.0,0.0,1.0,0.0,0.0,0.47619047619047605,0.5399728230098515,0.42387010573575146,0.11186440677966103,0.7055948985804466
0.09756097560975613,0.06340378197997776,0.54,0.10256410256410309,0.38775510204081653,0.9583333333333335,0.36000000000000004,0.3324324324324324,20.7,0.40909090909090906,0.33333333333333337,0.0,0.06050106609808098,0.0,1.0,0.0,1.0,0.0,0.0,1.0,0.0,0.0,0.0,0.0,1.0,0.0,0.0,0.0,0.0,0.0,0.0,1.0,0.0793650793650793,0.5042750251673362,0.576250539780353,0.2881355932203389,0.13150825205812866
0.07317073170731708,0.45494994438264735,0.7999999999999998,0.8717948717948723,0.34693877551020424,0.20833333333333348,0.8666666666666667,0.7114864864864865,11.7,0.9090909090909091,0.6666666666666666,1.0,0.2689232409381663,0.0,1.0,0.0,0.0,0.0,1.0,1.0,0.0,0.0,0.0,0.0,0.0,0.0,1.0,1.0,0.0,0.0,0.0,0.0,0.841269841269841,0.30886453785674883,0.5477885768174666,0.3389830508474576,0.5247849530162136
0.3658536585365854,0.26807563959955494,0.2599999999999998,0.666666666666667,0.0,1.0,0.72,0.4358108108108108,16.4,0.5454545454545455,0.9999999999999999,1.0,0.3147654584221748,1.0,0.0,0.0,0.0,1.0,0.0,0.0,1.0,0.0,0.0,0.0,0.0,1.0,0.0,1.0,0.0,0.0,0.0,0.0,0.41269841269841256,0.0501197081708914,0.15425669585084822,0.11186440677966103,0.3223532723885209
0.5609756097560976,0.30033370411568405,0.54,0.02564102564102555,0.5918367346938775,0.0,0.4799999999999999,0.40337837837837837,25.6,0.5000000000000001,0.33333333333333337,0.5,0.2417377398720682,0.0,1.0,0.0,1.0,0.0,0.0,0.0,0.0,1.0,0.0,0.0,0.0,1.0,0.0,1.0,0.0,0.0,0.0,0.0,0.39682539682539675,0.7448331583763583,0.5076780572321304,0.33333333333333337,0.5300560598410439
0.3658536585365854,0.739710789766407,0.20000000000000018,0.5897435897435903,0.6530612244897962,1.0,0.5999999999999999,0.5858108108108109,27.3,0.818181818181818,0.6666666666666666,0.5,0.7803837953091683,0.0,1.0,0.0,0.0,1.0,0.0,0.0,1.0,0.0,0.0,1.0,0.0,0.0,0.0,0.0,0.0,0.0,1.0,0.0,0.3650793650793649,0.4903015752473303,0.7592203016846246,0.30508474576271183,0.39729912396154354
0.024390243902439046,0.6129032258064515,0.7000000000000002,0.7692307692307692,0.4693877551020411,0.0,0.47333333333333333,0.4385135135135136,25.3,0.36363636363636365,0.6666666666666666,0.5,0.41231343283582084,0.0,1.0,0.0,0.0,0.0,1.0,1.0,0.0,0.0,0.0,0.0,0.0,0.0,1.0,0.0,0.0,1.0,0.0,0.0,0.8571428571428572,0.4162204571557985,0.6336217969923632,0.13559322033898302,0.3586603738172296
0.6585365853658538,0.2836484983314793,0.14000000000000012,0.8205128205128212,0.26530612244897966,0.375,0.10666666666666669,0.06216216216216214,34.3,0.36363636363636365,0.0,0.0,0.3797974413646055,1.0,0.0,1.0,0.0,0.0,0.0,0.0,0.0,1.0,0.0,0.0,0.0,1.0,0.0,0.0,0.0,1.0,0.0,0.0,0.746031746031746,0.2604444527693369,0.1503680409005852,0.5254237288135593,0.06792046608012323
0.7560975609756098,0.7308120133481646,0.2799999999999998,0.9743589743589745,0.7142857142857144,0.375,0.4666666666666666,0.4175675675675676,29.5,0.7272727272727274,0.33333333333333337,0.5,0.7190831556503197,0.0,1.0,1.0,0.0,0.0,0.0,0.0,0.0,1.0,0.0,1.0,0.0,0.0,0.0,0.0,1.0,0.0,0.0,0.0,0.841269841269841,0.45428098694184726,0.5841475006024257,0.4463276836158192,0.37851173862717113
0.6341463414634148,0.08898776418242482,0.52,0.7435897435897436,0.08163265306122458,0.08333333333333348,0.25333333333333335,0.127027027027027,28.6,0.5000000000000001,0.0,0.0,0.0847547974413646,1.0,0.0,0.0,0.0,0.0,1.0,0.0,0.0,1.0,0.0,0.0,1.0,0.0,0.0,0.0,0.0,0.0,0.0,1.0,0.8095238095238093,0.21591325184093524,0.04634652098104941,0.6271186440677966,0.05630731828601998
0.4634146341463415,0.32814238042269184,0.0,0.9230769230769234,0.20408163265306145,0.666666666666667,0.12666666666666665,0.09797297297297297,32.8,0.40909090909090906,0.0,0.0,0.4949360341151386,1.0,0.0,1.0,0.0,0.0,0.0,0.0,1.0,0.0,0.0,0.0,0.0,1.0,0.0,0.0,1.0,0.0,0.0,0.0,0.6984126984126982,0.16792244105119203,0.2807225177115762,0.559322033898305,0.04379195003093489
0.5609756097560976,0.29032258064516114,0.3799999999999999,0.6923076923076925,0.4693877551020411,0.75,0.18,0.1635135135135135,27.4,0.8636363636363636,0.0,0.0,0.2883795309168444,0.0,1.0,0.0,0.0,0.0,1.0,0.0,0.0,1.0,0.0,0.0,0.0,1.0,0.0,1.0,0.0,0.0,0.0,0.0,0.5238095238095237,0.36708348836080684,0.4309067194552749,0.8983050847457625,0.0957305151047505
0.26829268292682934,0.3114571746384871,0.3999999999999999,0.7692307692307692,0.6122448979591839,0.41666666666666696,0.17333333333333328,0.2189189189189189,28.9,0.6363636363636364,0.0,0.0,0.29877398720682297,0.0,1.0,0.0,1.0,0.0,0.0,1.0,0.0,0.0,0.0,0.0,0.0,1.0,0.0,1.0,0.0,0.0,0.0,0.0,0.6984126984126982,0.45667796137731587,0.7317219559649077,0.7288135593220338,0.1190955678089975
0.8292682926829269,0.114571746384872,0.56,0.2564102564102564,0.24489795918367374,0.7083333333333335,0.23333333333333334,0.17027027027027025,24.5,0.36363636363636365,0.0,0.0,0.09488272921108742,0.0,1.0,0.0,1.0,0.0,0.0,0.0,0.0,0.0,1.0,0.0,1.0,0.0,0.0,0.0,0.0,0.0,0.0,1.0,0.26984126984126977,0.3682614092236858,0.29013087470121524,0.5254237288135593,0.09603770127501268
0.7804878048780488,0.3259176863181311,0.3599999999999999,0.5641025641025639,0.30612244897959195,0.04166666666666696,0.4666666666666666,0.28783783783783784,30.3,0.2272727272727273,0.0,0.0,0.32595948827292104,1.0,0.0,0.0,1.0,0.0,0.0,0.0,0.0,0.0,1.0,0.0,0.0,1.0,0.0,1.0,0.0,0.0,0.0,0.0,0.714285714285714,0.3829206793210246,0.17350553785465017,0.423728813559322,0.09986064488858806
0.7804878048780488,0.5194660734149054,0.2599999999999998,0.02564102564102555,0.4693877551020411,0.3333333333333335,0.8,0.6081081081081081,12.1,0.9090909090909091,0.6666666666666666,1.0,0.5413113006396588,0.0,1.0,1.0,0.0,0.0,0.0,0.0,0.0,0.0,1.0,0.0,0.0,0.0,1.0,0.0,1.0,0.0,0.0,0.0,0.26984126984126977,0.6486065745888545,0.4305341928465942,0.3389830508474576,0.7905856322377259
0.878048780487805,0.9555061179087874,0.8799999999999999,1.0,0.24489795918367374,0.9583333333333335,0.5666666666666667,0.3912162162162162,28.5,0.6363636363636364,0.33333333333333337,0.5,0.5631663113006398,0.0,1.0,0.0,0.0,1.0,0.0,0.0,0.0,0.0,1.0,1.0,0.0,0.0,0.0,0.0,1.0,0.0,0.0,0.0,0.6349206349206349,0.1331942130266215,0.29113735010010644,0.4011299435028248,0.2110413770618212
0.26829268292682934,0.5350389321468296,0.8599999999999999,0.666666666666667,0.4693877551020411,0.666666666666667,0.9199999999999999,0.7945945945945947,11.1,0.9090909090909091,0.9999999999999999,1.0,0.30197228144989335,0.0,1.0,1.0,0.0,0.0,0.0,1.0,0.0,0.0,0.0,0.0,0.0,0.0,1.0,1.0,0.0,0.0,0.0,0.0,0.5396825396825395,0.38356358283320124,0.6334299967965571,0.22033898305084743,0.583226519691095
0.04878048780487804,0.9377085650723025,0.6400000000000001,0.8717948717948723,0.5102040816326534,0.541666666666667,0.49999999999999994,0.46891891891891896,22.4,0.7727272727272728,0.33333333333333337,0.5,0.6719083155650318,0.0,1.0,1.0,0.0,0.0,0.0,1.0,0.0,0.0,0.0,1.0,0.0,0.0,0.0,0.0,1.0,0.0,0.0,0.0,0.714285714285714,0.3608782731892596,0.6613995198443512,0.4689265536723164,0.32979535566129836
0.0,0.24471635150166848,0.7000000000000002,0.02564102564102555,0.020408163265306367,0.125,0.25333333333333335,0.1912162162162162,23.7,0.6818181818181818,0.33333333333333337,0.0,0.15458422174840086,0.0,1.0,0.0,0.0,1.0,0.0,1.0,0.0,0.0,0.0,0.0,0.0,1.0,0.0,0.0,0.0,0.0,0.0,1.0,0.3492063492063491,0.3661847783691289,0.32341318618728976,0.423728813559322,0.09549614343410606
0.7804878048780488,0.33036707452725245,0.43999999999999995,0.9743589743589745,0.30612244897959195,0.666666666666667,0.49333333333333335,0.3040540540540541,27.3,0.2272727272727273,0.6666666666666666,0.5,0.2995735607675905,1.0,0.0,0.0,0.0,1.0,0.0,0.0,0.0,0.0,1.0,0.0,0.0,1.0,0.0,1.0,0.0,0.0,0.0,0.0,0.7301587301587298,0.21184154991198356,0.17288460746743084,0.0847457627118644,0.25206174605347864
0.9512195121951221,0.23248053392658508,0.040000000000000036,0.9230769230769234,0.7551020408163267,0.666666666666667,0.54,0.420945945945946,30.6,0.13636363636363635,0.33333333333333337,0.5,0.3742004264392324,1.0,0.0,0.0,0.0,1.0,0.0,0.0,0.0,0.0,1.0,0.0,0.0,1.0,0.0,0.0,0.0,1.0,0.0,0.0,0.6984126984126982,0.4677839429283206,0.4285404495945915,0.15254237288135591,0.38555452302368054
0.21951219512195125,0.4060066740823136,0.94,0.5128205128205128,0.9183673469387754,0.4583333333333335,0.4199999999999999,0.4878378378378379,21.3,0.36363636363636365,0.0,0.0,0.1969616204690831,0.0,1.0,0.0,0.0,1.0,0.0,1.0,0.0,0.0,0.0,0.0,0.0,1.0,0.0,1.0,0.0,0.0,0.0,0.0,0.5238095238095237,0.7189284501027224,0.9423803743545991,0.5254237288135593,0.1874870241620537
0.6829268292682928,0.6084538375973303,0.6400000000000001,0.10256410256410309,0.0,0.791666666666667,0.6466666666666667,0.38513513513513514,23.2,0.7727272727272728,0.33333333333333337,0.5,0.4336353944562899,0.0,1.0,1.0,0.0,0.0,0.0,0.0,0.0,1.0,0.0,0.0,0.0,0.0,1.0,0.0,0.0,1.0,0.0,0.0,0.1428571428571428,0.23222022897806172,0.1385433554395814,0.4689265536723164,0.26269072559631523
0.2926829268292683,0.31034482758620685,0.5,0.5128205128205128,0.9795918367346941,0.7083333333333335,0.49999999999999994,0.5756756756756758,29.1,0.7272727272727274,0.0,0.0,0.2625266524520256,0.0,1.0,0.0,0.0,0.0,1.0,0.0,1.0,0.0,0.0,0.0,0.0,1.0,0.0,1.0,0.0,0.0,0.0,0.0,0.4285714285714284,0.7475957082000955,0.9858066704150936,0.7966101694915255,0.19496306563849553
0.26829268292682934,0.9021134593993323,0.7400000000000002,0.7179487179487181,0.20408163265306145,0.08333333333333348,0.54,0.4283783783783784,24.1,0.7727272727272728,0.6666666666666666,0.5,0.5946162046908317,0.0,1.0,0.0,1.0,0.0,0.0,1.0,0.0,0.0,0.0,1.0,0.0,0.0,0.0,0.0,1.0,0.0,0.0,0.0,0.7936507936507935,0.285188540369154,0.45009131596017116,0.288135593220339,0.2903175946573072
0.7317073170731709,0.35038932146829804,0.2799999999999998,0.4871794871794872,0.6938775510204085,0.41666666666666696,0.6399999999999999,0.47905405405405405,32.5,0.18181818181818177,0.6666666666666666,0.5,0.3800639658848613,1.0,0.0,0.0,0.0,0.0,1.0,0.0,0.0,1.0,0.0,0.0,0.0,1.0,0.0,0.0,0.0,1.0,0.0,0.0,0.5238095238095237,0.5976026012261999,0.3933290714231832,0.06779661016949151,0.4532644986728629
0.024390243902439046,0.6518353726362622,0.3999999999999999,0.9487179487179489,0.8571428571428572,1.0,0.21999999999999992,0.29527027027027025,21.1,0.40909090909090906,0.0,0.0,0.5810234541577823,0.0,1.0,1.0,0.0,0.0,0.0,1.0,0.0,0.0,0.0,0.0,0.0,0.0,1.0,0.0,1.0,0.0,0.0,0.0,0.5873015873015872,0.4900861985632652,0.9025650918219454,0.559322033898305,0.12780799388088088
0.8292682926829269,0.3136818687430478,0.2599999999999998,0.4871794871794872,0.5714285714285716,0.7083333333333335,0.4466666666666666,0.3216216216216216,27.5,0.40909090909090906,0.33333333333333337,0.0,0.35581023454157784,1.0,0.0,0.0,0.0,1.0,0.0,0.0,0.0,0.0,1.0,0.0,0.0,1.0,0.0,0.0,0.0,1.0,0.0,0.0,0.41269841269841256,0.5013002086804601,0.3231639134340678,0.2881355932203389,0.13073245929255795
0.5365853658536586,0.1968854282536151,0.3799999999999999,0.6153846153846159,0.7346938775510203,0.125,0.4533333333333333,0.41689189189189196,33.1,0.40909090909090906,0.6666666666666666,0.5,0.21002132196162043,1.0,0.0,0.0,1.0,0.0,0.0,0.0,0.0,1.0,0.0,0.0,1.0,0.0,0.0,1.0,0.0,0.0,0.0,0.0,0.714285714285714,0.592323537572794,0.6153588997837318,0.15254237288135591,0.45051107881697117
0.39024390243902446,0.9410456062291432,0.2599999999999998,0.02564102564102555,0.3265306122448983,0.666666666666667,0.6066666666666667,0.508108108108108,27.6,0.5909090909090909,0.33333333333333337,0.5,0.9216417910447761,0.0,1.0,0.0,1.0,0.0,0.0,0.0,1.0,0.0,0.0,1.0,0.0,0.0,0.0,0.0,0.0,0.0,1.0,0.0,0.1428571428571428,0.5209757493041856,0.5346829822616863,0.37853107344632764,0.41329796115244044
0.6097560975609757,0.36707452725250267,0.18000000000000016,0.7948717948717947,0.7755102040816326,0.7083333333333335,0.54,0.4243243243243244,28.9,0.31818181818181823,0.33333333333333337,0.0,0.44136460554371,1.0,0.0,0.0,0.0,0.0,1.0,0.0,0.0,1.0,0.0,0.0,0.0,1.0,0.0,0.0,0.0,1.0,0.0,0.0,0.603174603174603,0.5166860874996804,0.438336297942582,0.24293785310734467,0.13474489284352043
0.17073170731707316,0.21579532814238034,0.020000000000000018,0.6410256410256414,0.8367346938775513,0.16666666666666696,0.7466666666666668,0.6763513513513515,19.8,0.5454545454545455,0.9999999999999999,1.0,0.36593816631130066,1.0,0.0,1.0,0.0,0.0,0.0,1.0,0.0,0.0,0.0,0.0,1.0,0.0,0.0,0.0,0.0,1.0,0.0,0.0,0.714285714285714,0.6364083498363242,0.6802332839382765,0.11186440677966103,0.7810422255527422
0.6829268292682928,0.13348164627363734,0.2999999999999998,0.12820512820512864,0.5510204081632653,0.541666666666667,0.1333333333333333,0.10810810810810811,34.1,0.18181818181818177,0.0,0.0,0.1807036247334755,1.0,0.0,1.0,0.0,0.0,0.0,0.0,0.0,1.0,0.0,0.0,1.0,0.0,0.0,1.0,0.0,0.0,0.0,0.0,0.25396825396825395,0.6461329407768088,0.31191387797722636,0.38983050847457623,0.16850291883985302
0.6097560975609757,0.02447163515016687,0.2999999999999998,0.0512820512820511,0.5714285714285716,0.375,0.5533333333333335,0.3939189189189189,34.6,0.36363636363636365,0.33333333333333337,0.5,0.0847547974413646,1.0,0.0,1.0,0.0,0.0,0.0,0.0,0.0,1.0,0.0,0.0,1.0,0.0,0.0,0.0,0.0,0.0,0.0,1.0,0.26984126984126977,0.7046756076618883,0.32407104134804854,0.2655367231638418,0.509110944426521
0.21951219512195125,0.5483870967741934,0.2799999999999998,0.8205128205128212,0.8571428571428572,0.5833333333333335,0.8800000000000001,0.8912162162162163,12.1,0.9090909090909091,0.6666666666666666,1.0,0.556503198294243,0.0,1.0,0.0,1.0,0.0,0.0,1.0,0.0,0.0,0.0,0.0,0.0,0.0,1.0,0.0,1.0,0.0,0.0,0.0,0.6666666666666665,0.5625318480353301,0.9016476307970056,0.3389830508474576,0.72324418399718
0.6097560975609757,0.778642936596218,0.52,0.0,0.04081632653061229,0.0,0.39333333333333337,0.23986486486486486,22.0,0.8636363636363636,0.33333333333333337,0.0,0.6180703624733475,0.0,1.0,0.0,0.0,0.0,1.0,0.0,0.0,1.0,0.0,1.0,0.0,0.0,0.0,0.0,1.0,0.0,0.0,0.0,0.38095238095238093,0.402157688308747,0.16367508949185194,0.5141242937853107,0.10487740221453812
0.8048780487804879,0.2914349276974416,0.16000000000000014,0.10256410256410309,0.18367346938775508,0.625,0.23999999999999994,0.1324324324324324,31.3,0.36363636363636365,0.33333333333333337,0.0,0.3784648187633262,1.0,0.0,0.0,1.0,0.0,0.0,0.0,0.0,0.0,1.0,0.0,0.0,1.0,0.0,0.0,0.0,1.0,0.0,0.0,0.20634920634920628,0.3904907985986007,0.10352331382532376,0.2655367231638418,0.10183483179926286
0.9756097560975612,0.2068965517241379,0.31999999999999984,0.3076923076923075,0.8367346938775513,0.41666666666666696,0.47333333333333333,0.4466216216216216,26.8,0.6363636363636364,0.0,0.0,0.23853944562899781,0.0,1.0,0.0,1.0,0.0,0.0,0.0,0.0,0.0,1.0,0.0,1.0,0.0,0.0,1.0,0.0,0.0,0.0,0.0,0.41269841269841256,0.7591176375430706,0.6590748112122669,0.7288135593220338,0.1979678323086853
0.14634146341463422,0.12235817575083419,0.33999999999999986,0.4615384615384617,0.26530612244897966,0.916666666666667,0.3133333333333333,0.275,21.3,0.5909090909090909,0.33333333333333337,0.0,0.1591151385927505,0.0,1.0,0.0,0.0,1.0,0.0,1.0,0.0,0.0,0.0,0.0,1.0,0.0,0.0,0.0,0.0,0.0,0.0,1.0,0.3174603174603172,0.2879927698950737,0.49293047956035374,0.37853107344632764,0.07510470256129037
0.07317073170731708,0.6840934371523915,0.8999999999999999,0.28205128205128194,0.22448979591836737,0.791666666666667,0.3133333333333333,0.26756756756756755,27.9,0.7272727272727274,0.33333333333333337,0.0,0.3829957356076759,0.0,1.0,0.0,0.0,0.0,1.0,1.0,0.0,0.0,0.0,1.0,0.0,0.0,0.0,0.0,0.0,1.0,0.0,0.0,0.25396825396825395,0.33472992866040074,0.4638257012728182,0.4463276836158192,0.0872931349615502
0.2439024390243903,0.8253615127919911,0.7400000000000002,0.6153846153846159,0.9387755102040818,0.20833333333333348,0.36666666666666664,0.4432432432432432,20.2,0.7727272727272728,0.33333333333333337,0.5,0.5421108742004264,0.0,1.0,0.0,0.0,1.0,0.0,1.0,0.0,0.0,0.0,1.0,0.0,0.0,0.0,0.0,1.0,0.0,0.0,0.0,0.6825396825396823,0.6994598836550945,0.9584305395652419,0.4689265536723164,0.5063905608535949
0.6829268292682928,0.16017797552836477,0.43999999999999995,0.8717948717948723,0.8367346938775513,0.9583333333333335,0.2733333333333334,0.28513513513513516,24.8,0.6363636363636364,0.0,0.0,0.16178038379530918,0.0,1.0,1.0,0.0,0.0,0.0,0.0,0.0,1.0,0.0,0.0,1.0,0.0,0.0,0.0,0.0,0.0,0.0,1.0,0.5555555555555554,0.5071596957000648,0.6590981198333468,0.7288135593220338,0.13226053595201542
0.853658536585366,0.13793103448275856,0.14000000000000012,0.28205128205128194,0.5918367346938775,0.875,0.56,0.40202702702702703,28.3,0.31818181818181823,0.33333333333333337,0.5,0.23827292110874204,1.0,0.0,0.0,1.0,0.0,0.0,0.0,0.0,0.0,1.0,0.0,1.0,0.0,0.0,1.0,0.0,0.0,0.0,0.0,0.2222222222222221,0.5832861510587701,0.334295616085414,0.24293785310734467,0.44579741724613065
0.5853658536585367,0.5027808676307007,0.6200000000000001,0.7435897435897436,0.6326530612244898,0.625,0.6933333333333334,0.5729729729729729,13.7,0.9090909090909091,0.9999999999999999,1.0,0.36487206823027724,0.0,1.0,0.0,0.0,0.0,1.0,0.0,0.0,1.0,0.0,0.0,0.0,0.0,1.0,0.0,0.0,1.0,0.0,0.0,0.603174603174603,0.4584692487242521,0.5325672702978654,0.22033898305084743,0.6418297383651518
0.48780487804878053,0.48498331479421564,0.48,0.10256410256410309,0.6326530612244898,0.04166666666666696,0.7733333333333332,0.7270270270270272,11.6,0.9090909090909091,0.9999999999999999,1.0,0.40751599147121526,0.0,1.0,1.0,0.0,0.0,0.0,0.0,1.0,0.0,0.0,0.0,0.0,0.0,1.0,0.0,0.0,1.0,0.0,0.0,0.4285714285714284,0.7348189152653113,0.7464098273734312,0.22033898305084743,0.858034744303737
0.853658536585366,0.8387096774193548,0.8399999999999999,0.8461538461538467,0.8367346938775513,0.0,0.5733333333333335,0.5277027027027028,28.3,0.31818181818181823,0.6666666666666666,0.5,0.505863539445629,0.0,1.0,0.0,0.0,0.0,1.0,0.0,0.0,0.0,1.0,1.0,0.0,0.0,0.0,0.0,1.0,0.0,0.0,0.0,0.9047619047619047,0.5778341237519133,0.6600105837938803,0.11864406779661019,0.44295378412723874
0.21951219512195125,0.3470522803114572,0.94,0.5384615384615383,0.6326530612244898,0.9583333333333335,0.15999999999999998,0.21081081081081082,25.9,0.9545454545454545,0.33333333333333337,0.0,0.1607142857142857,0.0,1.0,0.0,1.0,0.0,0.0,1.0,0.0,0.0,0.0,0.0,0.0,1.0,0.0,0.0,0.0,0.0,0.0,1.0,0.3492063492063491,0.4998678896312232,0.7473291251571792,0.559322033898305,0.13035892944246835
0.878048780487805,0.4238042269187985,0.20000000000000018,0.9743589743589745,0.5102040816326534,0.9583333333333335,0.4000000000000001,0.28040540540540543,32.9,0.40909090909090906,0.6666666666666666,0.5,0.48480810234541577,1.0,0.0,0.0,0.0,0.0,1.0,0.0,0.0,0.0,1.0,0.0,0.0,1.0,0.0,0.0,1.0,0.0,0.0,0.0,0.6190476190476188,0.2887555203261237,0.2895818881200012,0.15254237288135591,0.2921780369788829
0.1951219512195122,0.15795328142380416,0.2999999999999998,0.3076923076923075,0.0,0.3333333333333335,0.38000000000000006,0.22905405405405405,34.9,0.18181818181818177,0.6666666666666666,0.5,0.20229211087420035,1.0,0.0,1.0,0.0,0.0,0.0,1.0,0.0,0.0,0.0,0.0,1.0,0.0,0.0,1.0,0.0,0.0,0.0,0.0,0.4444444444444442,0.2423520016210836,0.15425669585084822,0.06779661016949151,0.2679751900017933
0.5609756097560976,0.418242491657397,0.52,0.0512820512820511,0.8367346938775513,0.875,0.5133333333333334,0.41689189189189196,31.8,0.31818181818181823,0.6666666666666666,0.5,0.33928571428571425,1.0,0.0,0.0,0.0,1.0,0.0,0.0,0.0,1.0,0.0,0.0,0.0,1.0,0.0,0.0,0.0,1.0,0.0,0.0,0.0793650793650793,0.8850515354874997,0.4735550723968549,0.11864406779661019,0.6031902535251142
0.8292682926829269,0.04560622914349277,0.2400000000000002,0.4871794871794872,0.020408163265306367,0.4583333333333335,0.6066666666666667,0.3141891891891892,34.8,0.045454545454545525,0.33333333333333337,0.0,0.11940298507462688,1.0,0.0,0.0,1.0,0.0,0.0,0.0,0.0,0.0,1.0,0.0,1.0,0.0,0.0,0.0,0.0,0.0,0.0,1.0,0.5079365079365079,0.19126382600584602,0.012279421496564025,0.10734463276836159,0.04987907428418112
0.8292682926829269,0.5061179087875416,0.6000000000000001,0.7692307692307692,0.3265306122448983,0.666666666666667,0.8,0.5682432432432434,10.1,0.9090909090909091,0.9999999999999999,1.0,0.37499999999999994,0.0,1.0,0.0,0.0,1.0,0.0,0.0,0.0,0.0,1.0,0.0,0.0,0.0,1.0,0.0,0.0,1.0,0.0,0.0,0.603174603174603,0.27217536464288195,0.3414611200446873,0.22033898305084743,0.4960808007301919
0.853658536585366,0.08676307007786421,0.52,0.10256410256410309,0.5918367346938775,1.0,0.37333333333333335,0.2756756756756757,28.4,0.0,0.6666666666666666,0.5,0.08288912579957353,1.0,0.0,0.0,1.0,0.0,0.0,0.0,0.0,0.0,1.0,0.0,1.0,0.0,0.0,0.0,0.0,0.0,0.0,1.0,0.06349206349206327,0.6602876231457366,0.3358495449433194,0.0,0.4859593467277641
0.4146341463414634,0.6952169076751946,0.8799999999999999,0.5897435897435903,0.7755102040816326,0.5833333333333335,0.22666666666666663,0.2885135135135135,21.1,0.40909090909090906,0.0,0.0,0.39738805970149255,0.0,1.0,1.0,0.0,0.0,0.0,0.0,1.0,0.0,0.0,1.0,0.0,0.0,0.0,0.0,0.0,1.0,0.0,0.0,0.5238095238095237,0.5976026012261999,0.8447707105904112,0.559322033898305,0.1558468486250526
0.9268292682926831,0.8676307007786428,0.7999999999999998,1.0,0.12244897959183687,0.75,0.10666666666666669,0.07364864864864867,22.6,0.7727272727272728,0.0,0.0,0.5429104477611939,0.0,1.0,0.0,1.0,0.0,0.0,0.0,0.0,0.0,1.0,1.0,0.0,0.0,0.0,0.0,1.0,0.0,0.0,0.0,0.714285714285714,0.09636939960807733,0.21647517505505665,0.8305084745762712,0.02513186388745725
0.7560975609756098,0.4705228031145716,0.6800000000000002,0.8205128205128212,0.5306122448979593,0.875,0.5266666666666666,0.425,28.4,0.8636363636363636,0.6666666666666666,0.5,0.31956289978678026,0.0,1.0,0.0,0.0,1.0,0.0,0.0,0.0,1.0,0.0,0.0,0.0,0.0,1.0,1.0,0.0,0.0,0.0,0.0,0.5555555555555554,0.35204309387198174,0.468604709969785,0.32203389830508466,0.3251871600115147
0.5609756097560976,0.46273637374860943,0.7400000000000002,0.17948717948717974,0.16326530612244916,0.375,0.9133333333333333,0.595945945945946,10.2,0.9090909090909091,0.9999999999999999,1.0,0.2934434968017057,0.0,1.0,0.0,1.0,0.0,0.0,0.0,0.0,1.0,0.0,0.0,0.0,0.0,1.0,1.0,0.0,0.0,0.0,0.0,0.3492063492063491,0.3795530894953383,0.24072208239199067,0.22033898305084743,0.5800888689503422
0.5365853658536586,0.2246941045606229,0.7599999999999998,0.5897435897435903,0.4285714285714288,0.4583333333333335,0.4799999999999999,0.43445945945945946,25.2,0.6818181818181818,0.33333333333333337,0.5,0.1255330490405117,0.0,1.0,1.0,0.0,0.0,0.0,0.0,0.0,1.0,0.0,0.0,0.0,1.0,0.0,0.0,0.0,0.0,0.0,1.0,0.5714285714285712,0.40387903269221115,0.6044481918960531,0.423728813559322,0.3522234135153577
0.7560975609756098,0.10233592880978859,0.08000000000000007,0.4871794871794872,0.6734693877551021,0.541666666666667,0.52,0.3905405405405406,30.7,0.2727272727272728,0.33333333333333337,0.5,0.22468017057569295,1.0,0.0,0.0,1.0,0.0,0.0,0.0,0.0,1.0,0.0,0.0,1.0,0.0,0.0,1.0,0.0,0.0,0.0,0.0,0.47619047619047605,0.5773118989140917,0.38083160693726725,0.22033898305084748,0.4426814054760039
0.878048780487805,0.07341490545050056,0.0,0.384615384615385,0.9183673469387754,0.3333333333333335,0.5866666666666667,0.4878378378378379,30.6,0.2272727272727273,0.0,0.0,0.22361407249466952,1.0,0.0,0.0,0.0,1.0,0.0,0.0,0.0,0.0,1.0,0.0,1.0,0.0,0.0,1.0,0.0,0.0,0.0,0.0,0.49206349206349187,0.7775174284063424,0.520635620947369,0.423728813559322,0.20276625422906702
0.26829268292682934,0.3192436040044494,0.43999999999999995,0.28205128205128194,0.9795918367346941,0.5,0.38666666666666666,0.4081081081081081,29.8,0.09090909090909094,0.6666666666666666,0.5,0.2905117270788912,1.0,0.0,1.0,0.0,0.0,0.0,1.0,0.0,0.0,0.0,0.0,0.0,1.0,0.0,1.0,0.0,0.0,0.0,0.0,0.3650793650793649,0.8611802252074896,0.7697443599230349,0.03389830508474573,0.5907396099969338
0.2926829268292683,0.2291434927697441,0.10000000000000009,0.3076923076923075,0.0,0.08333333333333348,0.5333333333333334,0.32229729729729734,32.9,0.045454545454545525,0.33333333333333337,0.5,0.34381663113006394,1.0,0.0,0.0,0.0,1.0,0.0,0.0,1.0,0.0,0.0,0.0,0.0,1.0,0.0,0.0,0.0,1.0,0.0,0.0,0.5396825396825395,0.27528026271090467,0.15425669585084822,0.10734463276836159,0.28514969931959705
0.5365853658536586,0.1345939933259177,0.2200000000000002,0.9743589743589745,0.16326530612244916,0.8333333333333335,0.24666666666666665,0.20878378378378376,21.3,0.818181818181818,0.0,0.0,0.2073560767590618,0.0,1.0,0.0,1.0,0.0,0.0,0.0,0.0,1.0,0.0,0.0,1.0,0.0,0.0,1.0,0.0,0.0,0.0,0.0,0.6666666666666665,0.11135134752576148,0.41975796486880657,0.8644067796610169,0.02903895760566541
0.5853658536585367,0.07341490545050056,0.54,0.6153846153846159,0.38775510204081653,0.541666666666667,0.0733333333333333,0.05337837837837839,28.1,0.5000000000000001,0.0,0.0,0.06796375266524518,1.0,0.0,0.0,0.0,0.0,1.0,0.0,0.0,1.0,0.0,0.0,1.0,0.0,0.0,0.0,0.0,0.0,0.0,1.0,0.5555555555555554,0.3639751401664497,0.22157505039966385,0.6271186440677966,0.09491989903727363
0.8292682926829269,0.2836484983314793,0.48,0.7948717948717947,0.36734693877551017,0.8333333333333335,0.6533333333333333,0.47837837837837843,26.2,0.5909090909090909,0.6666666666666666,0.5,0.24813432835820887,0.0,1.0,0.0,0.0,1.0,0.0,0.0,0.0,0.0,1.0,0.0,0.0,1.0,0.0,1.0,0.0,0.0,0.0,0.0,0.5555555555555554,0.2685187698107062,0.3675546748118972,0.22033898305084743,0.2816230836109826
0.9756097560975612,0.046718576195773076,0.14000000000000012,0.5897435897435903,0.7142857142857144,0.375,0.38666666666666666,0.3040540540540541,31.9,0.36363636363636365,0.33333333333333337,0.0,0.1495202558635394,1.0,0.0,0.0,1.0,0.0,0.0,0.0,0.0,0.0,1.0,0.0,1.0,0.0,0.0,0.0,0.0,0.0,0.0,1.0,0.603174603174603,0.5749029262751084,0.4037787218260589,0.2655367231638418,0.14992707384716208
0.7073170731707319,0.5461624026696328,0.6800000000000002,0.2051282051282053,0.795918367346939,0.625,0.6266666666666667,0.5608108108108107,24.0,0.9545454545454545,0.33333333333333337,0.5,0.373134328358209,0.0,1.0,0.0,0.0,0.0,1.0,0.0,0.0,1.0,0.0,0.0,0.0,0.0,1.0,0.0,0.0,1.0,0.0,0.0,0.26984126984126977,0.7747618990031806,0.6336954457603603,0.559322033898305,0.5456660986877165
0.39024390243902446,0.28809788654060065,0.2400000000000002,1.0,0.8979591836734695,0.25,0.20666666666666672,0.2891891891891892,28.8,0.31818181818181823,0.0,0.0,0.34088486140724944,0.0,1.0,0.0,0.0,0.0,1.0,0.0,1.0,0.0,0.0,0.0,0.0,1.0,0.0,0.0,0.0,1.0,0.0,0.0,0.9047619047619047,0.547545083158264,0.9305474433292817,0.4915254237288136,0.14279251046642977
0.4634146341463415,0.17352614015572854,0.14000000000000012,0.5641025641025639,0.06122448979591866,0.125,0.3133333333333333,0.19864864864864867,29.2,0.40909090909090906,0.0,0.0,0.2729211087420042,1.0,0.0,1.0,0.0,0.0,0.0,0.0,1.0,0.0,0.0,0.0,1.0,0.0,0.0,1.0,0.0,0.0,0.0,0.0,0.6825396825396823,0.2405848319740448,0.19394502987930595,0.559322033898305,0.06274133983555169
0.5853658536585367,0.26362625139043383,0.96,0.3076923076923075,0.16326530612244916,0.791666666666667,0.5800000000000001,0.38175675675675674,24.0,0.6818181818181818,0.0,0.0,0.10474413646055436,0.0,1.0,0.0,0.0,0.0,1.0,0.0,0.0,1.0,0.0,0.0,0.0,1.0,0.0,0.0,0.0,0.0,0.0,1.0,0.26984126984126977,0.284157859614135,0.24043156029609292,0.7627118644067796,0.07410460871829538
0.5121951219512195,0.5139043381535038,0.6400000000000001,0.7948717948717947,0.8163265306122449,0.916666666666667,0.9733333333333334,0.9608108108108109,10.2,0.9090909090909091,0.9999999999999999,1.0,0.365138592750533,0.0,1.0,0.0,0.0,1.0,0.0,0.0,1.0,0.0,0.0,0.0,0.0,0.0,1.0,0.0,0.0,1.0,0.0,0.0,0.5238095238095237,0.5248070919002863,0.8731420196663098,0.22033898305084743,0.6937298327540712
0.2926829268292683,0.21357063403781973,0.2599999999999998,0.3589743589743595,0.4285714285714288,1.0,0.9000000000000001,0.6763513513513515,17.8,0.5454545454545455,0.6666666666666666,1.0,0.2654584221748401,1.0,0.0,0.0,0.0,1.0,0.0,0.0,1.0,0.0,0.0,0.0,1.0,0.0,0.0,1.0,0.0,0.0,0.0,0.0,0.2222222222222221,0.4244706148794021,0.4233936579220252,0.2033898305084746,0.6152305572467716
0.43902439024390244,0.5050055617352613,0.7599999999999998,0.8974358974358978,0.34693877551020424,0.41666666666666696,0.9866666666666666,0.8033783783783786,13.5,0.9090909090909091,0.9999999999999999,1.0,0.31556503198294245,0.0,1.0,0.0,0.0,0.0,1.0,0.0,1.0,0.0,0.0,0.0,0.0,0.0,1.0,1.0,0.0,0.0,0.0,0.0,0.7777777777777777,0.2806275871613886,0.5483070641441683,0.22033898305084743,0.5026934840117779
0.853658536585366,0.31256952169076735,0.10000000000000009,0.10256410256410309,0.22448979591836737,0.625,0.6066666666666667,0.3567567567567567,26.1,0.31818181818181823,0.6666666666666666,0.5,0.42723880597014924,1.0,0.0,0.0,1.0,0.0,0.0,0.0,0.0,0.0,1.0,0.0,0.0,1.0,0.0,0.0,0.0,1.0,0.0,0.0,0.20634920634920628,0.4196580228739666,0.12695337385963978,0.11864406779661019,0.3604533170976596
0.26829268292682934,0.22246941045606228,0.2400000000000002,0.5384615384615383,0.8367346938775513,0.791666666666667,0.23333333333333334,0.25743243243243247,28.1,0.18181818181818177,0.0,0.0,0.2809168443496802,1.0,0.0,0.0,0.0,1.0,0.0,1.0,0.0,0.0,0.0,0.0,0.0,1.0,0.0,1.0,0.0,0.0,0.0,0.0,0.41269841269841256,0.6430997945548957,0.6796368540722668,0.38983050847457623,0.16771191445142797
0.9756097560975612,0.38709677419354827,0.3799999999999999,0.384615384615385,0.8571428571428572,0.125,0.52,0.4256756756756757,32.8,0.36363636363636365,0.6666666666666666,0.5,0.3696695095948827,1.0,0.0,0.0,0.0,1.0,0.0,0.0,0.0,0.0,1.0,0.0,0.0,1.0,0.0,0.0,0.0,1.0,0.0,0.0,0.5714285714285712,0.7470720691453914,0.4850961677911947,0.13559322033898302,0.5312238164304246
0.43902439024390244,0.5595105672969964,0.2999999999999998,0.23076923076923084,0.7755102040816326,0.875,0.5866666666666667,0.6054054054054054,23.7,0.8636363636363636,0.6666666666666666,0.5,0.5557036247334755,0.0,1.0,1.0,0.0,0.0,0.0,0.0,1.0,0.0,0.0,0.0,0.0,0.0,1.0,0.0,1.0,0.0,0.0,0.0,0.19047619047619024,0.7388605538467226,0.8442393415909966,0.32203389830508466,0.5269409074233082
0.26829268292682934,0.5127919911012234,0.2999999999999998,0.5897435897435903,0.16326530612244916,0.875,0.7733333333333332,0.5851351351351353,11.2,0.9090909090909091,0.6666666666666666,1.0,0.5146588486140724,0.0,1.0,0.0,1.0,0.0,0.0,1.0,0.0,0.0,0.0,0.0,0.0,0.0,1.0,0.0,1.0,0.0,0.0,0.0,0.41269841269841256,0.19191929404532726,0.42173056465869907,0.3389830508474576,0.4332916378651309
0.1951219512195122,0.37486095661846497,0.31999999999999984,0.4358974358974361,0.10204081632653095,0.916666666666667,0.2866666666666667,0.22702702702702704,26.7,0.31818181818181823,0.0,0.0,0.384594882729211,0.0,1.0,0.0,0.0,0.0,1.0,1.0,0.0,0.0,0.0,0.0,0.0,1.0,0.0,0.0,0.0,1.0,0.0,0.0,0.3015873015873014,0.18590355403853298,0.3777916352498387,0.4915254237288136,0.04848118630282888
0.14634146341463422,0.30812013348164624,0.1200000000000001,0.4358974358974361,0.36734693877551017,0.666666666666667,0.6133333333333333,0.4574324324324324,27.0,0.2727272727272728,0.33333333333333337,0.5,0.4131130063965885,1.0,0.0,0.0,1.0,0.0,0.0,1.0,0.0,0.0,0.0,0.0,0.0,1.0,0.0,0.0,0.0,1.0,0.0,0.0,0.39682539682539675,0.3936440120337754,0.3856042804974824,0.22033898305084748,0.346885097678189
0.6585365853658538,0.4260289210233592,0.9199999999999999,0.1538461538461542,0.9591836734693877,0.5,0.5266666666666666,0.5155405405405407,29.0,0.31818181818181823,0.33333333333333337,0.0,0.2148187633262259,0.0,1.0,1.0,0.0,0.0,0.0,0.0,0.0,1.0,0.0,0.0,0.0,1.0,0.0,1.0,0.0,0.0,0.0,0.0,0.2857142857142856,0.9147997003562625,0.735203658652934,0.24293785310734467,0.23856765370688526
0.3170731707317073,0.09121245828698554,0.2999999999999998,0.07692307692307754,0.9387755102040818,0.41666666666666696,0.4000000000000001,0.4121621621621622,26.1,0.4545454545454545,0.0,0.0,0.14339019189765456,1.0,0.0,1.0,0.0,0.0,0.0,0.0,1.0,0.0,0.0,0.0,1.0,0.0,0.0,0.0,0.0,0.0,0.0,1.0,0.26984126984126977,0.9429689982222818,0.7445545173007753,0.5932203389830508,0.24591383374591397
0.7317073170731709,0.1868743047830922,0.020000000000000018,0.6410256410256414,0.12244897959183687,0.08333333333333348,0.5800000000000001,0.3202702702702703,32.1,0.2727272727272728,0.6666666666666666,0.5,0.3355543710021322,1.0,0.0,0.0,1.0,0.0,0.0,0.0,0.0,1.0,0.0,0.0,1.0,0.0,0.0,0.0,0.0,1.0,0.0,0.0,0.746031746031746,0.2604444527693369,0.0699551980239781,0.1016949152542373,0.27741173358300414
0.43902439024390244,0.8053392658509455,0.2599999999999998,0.10256410256410309,0.30612244897959195,0.3333333333333335,0.3466666666666666,0.3067567567567568,25.0,0.8636363636363636,0.6666666666666666,0.5,0.7990405117270787,0.0,1.0,1.0,0.0,0.0,0.0,0.0,1.0,0.0,0.0,1.0,0.0,0.0,0.0,0.0,0.0,0.0,1.0,0.0,0.3174603174603172,0.5059214644808274,0.5191040279490555,0.32203389830508466,0.4054460447009046
0.3658536585365854,0.21134593993325912,0.33999999999999986,0.384615384615385,0.08163265306122458,0.20833333333333348,0.26666666666666666,0.1722972972972973,33.7,0.18181818181818177,0.33333333333333337,0.0,0.2356076759061833,1.0,0.0,1.0,0.0,0.0,0.0,0.0,1.0,0.0,0.0,0.0,1.0,0.0,0.0,1.0,0.0,0.0,0.0,0.0,0.5396825396825395,0.2873117427244931,0.20558694119432008,0.1751412429378531,0.07492709968917227
0.09756097560975613,0.6496106785317017,0.7599999999999998,0.8717948717948723,0.30612244897959195,0.875,0.013333333333333364,0.05608108108108106,21.3,0.31818181818181823,0.0,0.0,0.41364605543710015,0.0,1.0,1.0,0.0,0.0,0.0,1.0,0.0,0.0,0.0,0.0,0.0,0.0,1.0,0.0,0.0,1.0,0.0,0.0,0.5873015873015872,0.20837349580607123,0.5194911338717061,0.4915254237288136,0.054341049707161304
0.8292682926829269,0.2947719688542825,0.20000000000000018,0.6410256410256414,0.0,0.8333333333333335,0.56,0.33310810810810815,26.8,0.2727272727272728,0.6666666666666666,0.5,0.3640724946695096,0.0,1.0,0.0,1.0,0.0,0.0,0.0,0.0,0.0,1.0,0.0,0.0,1.0,0.0,0.0,0.0,1.0,0.0,0.0,0.46031746031746024,0.08486901380019984,0.13893423455428922,0.1016949152542373,0.18583623239490582
0.26829268292682934,0.739710789766407,0.6200000000000001,0.4358974358974361,0.7346938775510203,0.41666666666666696,0.5266666666666666,0.5432432432432432,25.7,0.4545454545454545,0.6666666666666666,0.5,0.5381130063965884,0.0,1.0,1.0,0.0,0.0,0.0,1.0,0.0,0.0,0.0,1.0,0.0,0.0,0.0,0.0,1.0,0.0,0.0,0.0,0.49206349206349187,0.6417776538940618,0.8167749787724048,0.1694915254237288,0.4763050367562175
0.5853658536585367,0.5383759733036707,0.8599999999999999,0.7179487179487181,0.7755102040816326,0.625,0.7866666666666666,0.6831081081081081,12.4,0.9090909090909091,0.6666666666666666,1.0,0.3041044776119403,0.0,1.0,0.0,0.0,0.0,1.0,0.0,0.0,1.0,0.0,0.0,0.0,0.0,1.0,1.0,0.0,0.0,0.0,0.0,0.5873015873015872,0.5487763449710139,0.6217285730860393,0.3389830508474576,0.7124824245967329
0.48780487804878053,0.5383759733036707,0.5800000000000001,0.5641025641025639,0.36734693877551017,0.75,0.8266666666666667,0.6878378378378378,12.5,0.9090909090909091,0.9999999999999999,1.0,0.4069829424307036,0.0,1.0,0.0,0.0,0.0,1.0,0.0,1.0,0.0,0.0,0.0,0.0,0.0,1.0,0.0,0.0,1.0,0.0,0.0,0.4444444444444442,0.34366972805130247,0.5628336487284842,0.22033898305084743,0.55201515179624
0.853658536585366,0.14794215795328136,0.48,0.3333333333333339,0.7346938775510203,0.16666666666666696,0.5800000000000001,0.4452702702702703,32.2,0.13636363636363635,0.33333333333333337,0.5,0.14072494669509594,1.0,0.0,0.0,0.0,1.0,0.0,0.0,0.0,0.0,1.0,0.0,1.0,0.0,0.0,0.0,0.0,0.0,0.0,1.0,0.5238095238095237,0.694663280327418,0.4165280224233323,0.15254237288135591,0.5038887795320646
0.5365853658536586,0.20133481646273632,0.1200000000000001,0.3589743589743595,0.3265306122448983,0.541666666666667,0.0733333333333333,0.07567567567567568,34.4,0.31818181818181823,0.0,0.0,0.30783582089552236,1.0,0.0,0.0,0.0,0.0,1.0,0.0,0.0,1.0,0.0,0.0,1.0,0.0,0.0,1.0,0.0,0.0,0.0,0.0,0.39682539682539675,0.4066510174538711,0.3604191566565962,0.4915254237288136,0.10604920298258333
0.3658536585365854,0.38042269187986644,0.52,0.8205128205128212,0.5102040816326534,0.666666666666667,0.4333333333333333,0.3587837837837838,25.9,0.0,0.6666666666666666,0.5,0.3099680170575692,1.0,0.0,0.0,0.0,1.0,0.0,0.0,1.0,0.0,0.0,0.0,0.0,1.0,0.0,1.0,0.0,0.0,0.0,0.0,0.6349206349206349,0.3623652609044976,0.4756286666969336,0.0,0.33057092909049196
0.9268292682926831,0.4961067853170188,0.2599999999999998,0.6153846153846159,0.4285714285714288,0.08333333333333348,0.34,0.2716216216216216,20.2,0.6363636363636364,0.6666666666666666,0.5,0.5202558635394456,0.0,1.0,0.0,1.0,0.0,0.0,0.0,0.0,0.0,1.0,0.0,0.0,0.0,1.0,0.0,1.0,0.0,0.0,0.0,0.7301587301587298,0.4305957319772289,0.40582572005895345,0.23728813559322032,0.3661581366263007
1.0,0.42269187986651824,0.8399999999999999,0.5128205128205128,0.14285714285714324,0.125,0.14666666666666667,0.10135135135135137,28.1,0.5454545454545455,0.33333333333333337,0.0,0.2356076759061833,0.0,1.0,1.0,0.0,0.0,0.0,0.0,0.0,0.0,1.0,0.0,0.0,1.0,0.0,1.0,0.0,0.0,0.0,0.0,0.6507936507936507,0.29839586210709046,0.22911330364341165,0.35593220338983056,0.07781769131647981
0.9268292682926831,0.5450500556173525,0.3599999999999999,0.4102564102564106,0.6530612244897962,0.625,0.8466666666666667,0.6952702702702702,10.5,0.9090909090909091,0.9999999999999999,1.0,0.5119936034115138,0.0,1.0,0.0,0.0,0.0,1.0,0.0,0.0,0.0,1.0,0.0,0.0,0.0,1.0,0.0,1.0,0.0,0.0,0.0,0.39682539682539675,0.5887490933352104,0.5457585671146172,0.22033898305084743,0.743755515697708
0.3170731707317073,0.030033370411568394,0.52,0.5641025641025639,0.020408163265306367,0.625,0.6399999999999999,0.39189189189189194,34.9,0.31818181818181823,0.33333333333333337,0.0,0.03891257995735603,1.0,0.0,0.0,0.0,1.0,0.0,0.0,1.0,0.0,0.0,0.0,1.0,0.0,0.0,0.0,0.0,0.0,0.0,1.0,0.49206349206349187,0.14817847384940575,0.16656189165236546,0.24293785310734467,0.038642984712776746
0.7317073170731709,0.4883203559510567,0.6400000000000001,0.4102564102564106,0.5918367346938775,0.8333333333333335,0.9333333333333333,0.741891891891892,13.1,0.9090909090909091,0.9999999999999999,1.0,0.34674840085287834,0.0,1.0,0.0,1.0,0.0,0.0,0.0,0.0,1.0,0.0,0.0,0.0,0.0,1.0,0.0,0.0,1.0,0.0,0.0,0.3174603174603172,0.5331625513040468,0.5068144336046949,0.22033898305084743,0.7002668124169042
0.09756097560975613,0.43047830923248054,0.040000000000000036,0.3333333333333339,0.9387755102040818,1.0,0.6333333333333333,0.6087837837837837,31.5,0.36363636363636365,0.33333333333333337,0.5,0.5794243070362473,1.0,0.0,0.0,0.0,1.0,0.0,1.0,0.0,0.0,0.0,0.0,0.0,1.0,0.0,0.0,1.0,0.0,0.0,0.0,0.20634920634920628,0.7988319384537252,0.7454395215308358,0.2655367231638418,0.5582203940905514
0.8292682926829269,0.28809788654060065,0.040000000000000036,0.7179487179487181,0.38775510204081653,0.125,0.5133333333333334,0.3317567567567568,27.0,0.36363636363636365,0.6666666666666666,0.5,0.4317697228144988,1.0,0.0,1.0,0.0,0.0,0.0,0.0,0.0,0.0,1.0,0.0,0.0,1.0,0.0,0.0,0.0,1.0,0.0,0.0,0.7777777777777777,0.3768794272700965,0.21892472148041908,0.13559322033898302,0.33814113405230783
0.5365853658536586,0.41045606229143494,0.8399999999999999,0.4871794871794872,0.34693877551020424,0.75,0.4199999999999999,0.3702702702702703,22.4,1.0,0.6666666666666666,0.5,0.22761194029850745,0.0,1.0,0.0,0.0,0.0,1.0,0.0,0.0,1.0,0.0,0.0,0.0,1.0,0.0,1.0,0.0,0.0,0.0,0.0,0.39682539682539675,0.3546229957734883,0.5471829102057442,0.3728813559322034,0.32653276854898283
0.6829268292682928,0.4927697441601778,1.0,0.7435897435897436,0.8571428571428572,0.666666666666667,0.8866666666666667,0.7864864864864864,13.3,0.9090909090909091,0.9999999999999999,1.0,0.23320895522388058,0.0,1.0,0.0,1.0,0.0,0.0,0.0,0.0,1.0,0.0,0.0,0.0,0.0,1.0,1.0,0.0,0.0,0.0,0.0,0.5873015873015872,0.5839904328156633,0.6717665464448686,0.22033898305084743,0.7400325286618777
0.2439024390243903,0.2491657397107897,0.20000000000000018,0.4615384615384617,0.18367346938775508,0.5,0.4000000000000001,0.275,34.1,0.09090909090909094,0.33333333333333337,0.5,0.32116204690831557,1.0,0.0,0.0,0.0,1.0,0.0,1.0,0.0,0.0,0.0,0.0,0.0,1.0,0.0,1.0,0.0,0.0,0.0,0.0,0.47619047619047605,0.29104565031491725,0.2709163443587388,0.12994350282485873,0.2933725081574315
0.4146341463414634,0.26362625139043383,0.48,0.9743589743589745,0.4693877551020411,0.875,0.35333333333333333,0.3425675675675676,29.8,0.5454545454545455,0.6666666666666666,0.5,0.23240938166311292,0.0,1.0,0.0,1.0,0.0,0.0,0.0,1.0,0.0,0.0,0.0,0.0,1.0,0.0,1.0,0.0,0.0,0.0,0.0,0.6507936507936507,0.27565920696330115,0.6326745165278684,0.2033898305084746,0.28534734661035316
0.26829268292682934,0.16573971078976635,0.040000000000000036,0.3076923076923075,0.06122448979591866,0.916666666666667,0.6533333333333333,0.41013513513513516,27.0,0.2272727272727273,0.33333333333333337,0.0,0.30490405117270786,1.0,0.0,0.0,0.0,1.0,0.0,1.0,0.0,0.0,0.0,0.0,1.0,0.0,0.0,1.0,0.0,0.0,0.0,0.0,0.2222222222222221,0.193466198618503,0.19240755387640185,0.19774011299435024,0.05045342391130195
0.1951219512195122,0.40489432703003336,0.5800000000000001,0.4358974358974361,0.7346938775510203,0.9583333333333335,0.4466666666666666,0.4736486486486487,21.3,0.5454545454545455,0.33333333333333337,0.5,0.3070362473347547,0.0,1.0,0.0,0.0,1.0,0.0,1.0,0.0,0.0,0.0,0.0,0.0,1.0,0.0,1.0,0.0,0.0,0.0,0.0,0.2857142857142856,0.6093852077036315,0.8167239648136058,0.35593220338983056,0.45940999430601126
0.21951219512195125,0.7385984427141268,0.7200000000000002,0.5641025641025639,0.06122448979591866,0.0,0.56,0.4081081081081081,20.6,0.7272727272727274,0.0,0.0,0.4914712153518123,0.0,1.0,1.0,0.0,0.0,0.0,1.0,0.0,0.0,0.0,1.0,0.0,0.0,0.0,0.0,1.0,0.0,0.0,0.0,0.7301587301587298,0.25559238632503256,0.3515333850440425,0.7966101694915255,0.06665511137264268
0.39024390243902446,0.31590656284760843,0.0,0.8205128205128212,0.24489795918367374,0.4583333333333335,0.5800000000000001,0.40608108108108104,33.7,0.2727272727272728,0.6666666666666666,0.5,0.48187633262260116,1.0,0.0,1.0,0.0,0.0,0.0,0.0,1.0,0.0,0.0,0.0,0.0,1.0,0.0,0.0,1.0,0.0,0.0,0.0,0.714285714285714,0.23964503946455107,0.3078727585575889,0.1016949152542373,0.266563310198803
0.902439024390244,0.2614015572858731,0.7200000000000002,0.9743589743589745,0.48979591836734704,0.125,0.5733333333333335,0.45,22.9,0.6363636363636364,0.6666666666666666,0.5,0.1607142857142857,0.0,1.0,0.0,0.0,1.0,0.0,0.0,0.0,0.0,1.0,0.0,0.0,1.0,0.0,0.0,0.0,0.0,0.0,1.0,0.9365079365079363,0.36323453039644826,0.4429893259078779,0.23728813559322032,0.3310243170464628
0.14634146341463422,0.21579532814238034,0.0,1.0,0.24489795918367374,0.41666666666666696,0.49999999999999994,0.3527027027027027,25.0,0.2272727272727273,0.33333333333333337,0.5,0.37526652452025583,1.0,0.0,0.0,0.0,0.0,1.0,1.0,0.0,0.0,0.0,0.0,1.0,0.0,0.0,0.0,0.0,1.0,0.0,0.0,0.841269841269841,0.20499564565310713,0.308247431881264,0.19774011299435024,0.2484911036146889
0.2926829268292683,0.8164627363737484,0.8199999999999998,0.4358974358974361,0.34693877551020424,0.16666666666666696,0.5133333333333334,0.4418918918918919,22.2,1.0,0.33333333333333337,0.0,0.49999999999999994,0.0,1.0,0.0,1.0,0.0,0.0,0.0,1.0,0.0,0.0,1.0,0.0,0.0,0.0,0.0,1.0,0.0,0.0,0.0,0.5873015873015872,0.43139605215551646,0.5483274770310462,0.5819209039548022,0.11250238051135597
0.9512195121951221,0.24360400444938812,0.040000000000000036,0.2051282051282053,0.4693877551020411,0.04166666666666696,0.27999999999999997,0.19527027027027027,28.4,0.5000000000000001,0.33333333333333337,0.0,0.38566098081023453,1.0,0.0,0.0,1.0,0.0,0.0,0.0,0.0,0.0,1.0,0.0,0.0,1.0,0.0,0.0,0.0,1.0,0.0,0.0,0.49206349206349187,0.5924177358895963,0.265844185727961,0.33333333333333337,0.1544947043713346
1.0,0.3414905450500556,0.3599999999999999,0.8205128205128212,0.020408163265306367,0.666666666666667,0.4466666666666666,0.2256756756756757,34.9,0.18181818181818177,0.33333333333333337,0.5,0.33928571428571425,1.0,0.0,1.0,0.0,0.0,0.0,0.0,0.0,0.0,1.0,0.0,0.0,1.0,0.0,0.0,0.0,1.0,0.0,0.0,0.6349206349206349,0.08736000345104633,0.011672681007870667,0.1751412429378531,0.187135466656087
0.1951219512195122,0.7953281423804226,0.7999999999999998,0.7948717948717947,0.9591836734693877,0.29166666666666696,0.3466666666666666,0.4283783783783784,25.2,0.31818181818181823,0.0,0.0,0.4949360341151386,0.0,1.0,0.0,0.0,0.0,1.0,1.0,0.0,0.0,0.0,1.0,0.0,0.0,0.0,0.0,1.0,0.0,0.0,0.0,0.7619047619047619,0.6423301902896343,0.9720179574502785,0.4915254237288136,0.16751121184540974
0.6341463414634148,0.35706340378197987,0.31999999999999984,0.4102564102564106,0.6530612244897962,0.20833333333333348,0.5999999999999999,0.4425675675675676,27.0,0.4545454545454545,0.0,0.0,0.36886993603411505,1.0,0.0,0.0,0.0,1.0,0.0,0.0,0.0,1.0,0.0,0.0,0.0,1.0,0.0,0.0,0.0,1.0,0.0,0.0,0.5555555555555554,0.6145481123502761,0.3705770155126229,0.5932203389830508,0.16026601363807175
0.024390243902439046,0.18798665183537255,0.7400000000000002,0.4615384615384617,0.36734693877551017,0.8333333333333335,0.0733333333333333,0.10810810810810811,23.3,1.0,0.33333333333333337,0.0,0.10527718550106607,0.0,1.0,1.0,0.0,0.0,0.0,1.0,0.0,0.0,0.0,0.0,1.0,0.0,0.0,0.0,0.0,0.0,0.0,1.0,0.3492063492063491,0.3661847783691289,0.5623742203030433,0.5819209039548022,0.09549614343410606
0.09756097560975613,0.5139043381535038,0.7999999999999998,0.666666666666667,0.16326530612244916,0.3333333333333335,0.94,0.7040540540540541,11.7,0.9090909090909091,0.9999999999999999,1.0,0.30810234541577813,0.0,1.0,0.0,0.0,1.0,0.0,1.0,0.0,0.0,0.0,0.0,0.0,0.0,1.0,1.0,0.0,0.0,0.0,0.0,0.6666666666666665,0.24670549767863204,0.4216577121689351,0.22033898305084743,0.4761541881629121
0.6829268292682928,0.21579532814238034,0.3599999999999999,0.12820512820512864,0.5510204081632653,0.5,0.4399999999999999,0.3655405405405406,20.2,0.4545454545454545,0.6666666666666666,0.5,0.2326759061833688,0.0,1.0,0.0,0.0,1.0,0.0,0.0,0.0,1.0,0.0,0.0,1.0,0.0,0.0,1.0,0.0,0.0,0.0,0.0,0.26984126984126977,0.6486065745888545,0.4817082609729968,0.1694915254237288,0.4798668210175647
0.878048780487805,0.3959955506117907,0.43999999999999995,0.8717948717948723,0.6938775510204085,0.41666666666666696,0.3133333333333333,0.24932432432432433,26.4,0.18181818181818177,0.33333333333333337,0.0,0.35261194029850745,1.0,0.0,1.0,0.0,0.0,0.0,0.0,0.0,0.0,1.0,0.0,0.0,1.0,0.0,0.0,0.0,1.0,0.0,0.0,0.7619047619047619,0.4699388348710529,0.39238670002159437,0.1751412429378531,0.12255382809731263
0.902439024390244,0.403781979977753,0.45999999999999996,0.9230769230769234,0.7755102040816326,0.625,0.38666666666666666,0.3141891891891892,32.0,0.5000000000000001,0.33333333333333337,0.0,0.35101279317697215,1.0,0.0,0.0,0.0,0.0,1.0,0.0,0.0,0.0,1.0,0.0,0.0,1.0,0.0,0.0,0.0,1.0,0.0,0.0,0.714285714285714,0.48211150691396787,0.43942472553680334,0.33333333333333337,0.12572829985051798
0.43902439024390244,0.6206896551724137,0.7200000000000002,0.8461538461538467,0.18367346938775508,0.625,0.5800000000000001,0.4520270270270271,21.2,0.7727272727272728,0.33333333333333337,0.0,0.4096481876332622,0.0,1.0,0.0,1.0,0.0,0.0,0.0,1.0,0.0,0.0,0.0,0.0,0.0,1.0,0.0,0.0,1.0,0.0,0.0,0.6666666666666665,0.17902842260219676,0.43526168860708125,0.4689265536723164,0.04668824302239882
0.17073170731707316,0.8965517241379308,0.6600000000000001,0.4871794871794872,0.0,0.04166666666666696,0.36000000000000004,0.2587837837837838,22.3,0.4545454545454545,0.33333333333333337,0.5,0.6313965884861406,0.0,1.0,1.0,0.0,0.0,0.0,1.0,0.0,0.0,0.0,1.0,0.0,0.0,0.0,0.0,1.0,0.0,0.0,0.0,0.6666666666666665,0.23542598516589286,0.3072603117785051,0.3107344632768362,0.26436276316211105
0.0,0.2814238042269187,0.10000000000000009,0.6153846153846159,0.8367346938775513,0.375,0.6133333333333333,0.5675675675675675,28.5,0.31818181818181823,0.33333333333333337,0.5,0.3960554371002131,1.0,0.0,0.0,0.0,0.0,1.0,1.0,0.0,0.0,0.0,0.0,0.0,1.0,0.0,0.0,0.0,1.0,0.0,0.0,0.6190476190476188,0.6352621447174724,0.6802109703209303,0.24293785310734467,0.4729067196462331
0.5121951219512195,0.503893214682981,0.7799999999999998,0.07692307692307754,0.40816326530612246,0.4583333333333335,0.18,0.19594594594594594,27.6,0.9545454545454545,0.0,0.0,0.30810234541577813,0.0,1.0,0.0,0.0,1.0,0.0,0.0,1.0,0.0,0.0,0.0,0.0,0.0,1.0,1.0,0.0,0.0,0.0,0.0,0.25396825396825395,0.5753595289321707,0.5908970945518108,0.9661016949152543,0.1500461497766024
0.39024390243902446,0.3114571746384871,0.3599999999999999,0.23076923076923084,0.16326530612244916,0.29166666666666696,0.11333333333333334,0.11418918918918919,25.8,0.8636363636363636,0.0,0.0,0.31369936034115137,0.0,1.0,1.0,0.0,0.0,0.0,0.0,1.0,0.0,0.0,0.0,0.0,1.0,0.0,1.0,0.0,0.0,0.0,0.0,0.41269841269841256,0.37239149424915463,0.4223997685406271,0.8983050847457625,0.09711477278449429
0.14634146341463422,0.14015572858731917,0.14000000000000012,0.23076923076923084,0.9387755102040818,0.41666666666666696,0.5266666666666666,0.518918918918919,31.9,0.40909090909090906,0.0,0.0,0.2404051172707889,1.0,0.0,0.0,1.0,0.0,0.0,1.0,0.0,0.0,0.0,0.0,1.0,0.0,0.0,1.0,0.0,0.0,0.0,0.0,0.3650793650793649,0.8611802252074896,0.7451513806187229,0.559322033898305,0.22458440428708804
0.5853658536585367,0.2591768631813125,0.54,0.5897435897435903,0.28571428571428603,0.375,0.5466666666666666,0.3871621621621622,25.7,0.818181818181818,0.33333333333333337,0.5,0.21002132196162043,0.0,1.0,0.0,1.0,0.0,0.0,0.0,0.0,1.0,0.0,0.0,0.0,1.0,0.0,1.0,0.0,0.0,0.0,0.0,0.603174603174603,0.3303922034183101,0.31758020376189533,0.49152542372881347,0.3138946286864919
0.07317073170731708,0.403781979977753,0.2999999999999998,0.5128205128205128,0.6938775510204085,0.5,0.4266666666666666,0.38851351351351354,31.8,0.09090909090909094,0.33333333333333337,0.5,0.4187100213219616,1.0,0.0,0.0,0.0,1.0,0.0,1.0,0.0,0.0,0.0,0.0,0.0,1.0,0.0,0.0,0.0,1.0,0.0,0.0,0.5079365079365079,0.5827967349226242,0.5910140465803904,0.12994350282485873,0.4455421507451881
0.853658536585366,0.23359288097886532,0.2599999999999998,0.2564102564102564,0.08163265306122458,1.0,0.026666666666666672,0.01891891891891892,20.0,0.8636363636363636,0.33333333333333337,0.0,0.2835820895522388,0.0,1.0,1.0,0.0,0.0,0.0,0.0,0.0,0.0,1.0,0.0,0.0,1.0,0.0,1.0,0.0,0.0,0.0,0.0,0.1587301587301586,0.20910712263616804,0.1875262993142095,0.5141242937853107,0.05453236987428037
0.12195121951219517,0.3092324805339265,0.2200000000000002,0.666666666666667,0.8163265306122449,0.666666666666667,0.56,0.5195945945945946,34.3,0.13636363636363635,0.0,0.0,0.36886993603411505,1.0,0.0,0.0,1.0,0.0,0.0,1.0,0.0,0.0,0.0,0.0,0.0,1.0,0.0,0.0,0.0,1.0,0.0,0.0,0.5396825396825395,0.5880987430642055,0.6675591492855675,0.35593220338983056,0.1533683682079875
0.7317073170731709,0.8331479421579533,0.7200000000000002,0.384615384615385,0.4285714285714288,0.25,0.5733333333333335,0.4364864864864865,21.1,0.9545454545454545,0.33333333333333337,0.0,0.556769722814499,0.0,1.0,1.0,0.0,0.0,0.0,0.0,0.0,1.0,0.0,1.0,0.0,0.0,0.0,0.0,1.0,0.0,0.0,0.0,0.5238095238095237,0.4884093372373295,0.4052464984494426,0.559322033898305,0.1273706906417516
0.43902439024390244,0.5339265850945494,0.41999999999999993,0.6410256410256414,0.8163265306122449,0.9583333333333335,0.9133333333333333,0.9074324324324325,12.0,0.9090909090909091,0.9999999999999999,1.0,0.4736140724946694,0.0,1.0,0.0,1.0,0.0,0.0,0.0,1.0,0.0,0.0,0.0,0.0,0.0,1.0,0.0,1.0,0.0,0.0,0.0,0.41269841269841256,0.5786454373392431,0.8734291172406687,0.22033898305084743,0.7358508164377039
0.9268292682926831,0.30812013348164624,0.16000000000000014,0.7435897435897436,0.44897959183673475,0.08333333333333348,0.6333333333333333,0.4216216216216216,32.7,0.18181818181818177,0.0,0.0,0.39445628997867804,1.0,0.0,0.0,0.0,1.0,0.0,0.0,0.0,0.0,1.0,0.0,0.0,1.0,0.0,0.0,0.0,1.0,0.0,0.0,0.8095238095238093,0.4056066593544472,0.2551471780776726,0.38983050847457623,0.10577684821321437
0.6341463414634148,0.943270300333704,0.7000000000000002,0.384615384615385,0.12244897959183687,0.791666666666667,0.5666666666666667,0.36418918918918924,24.4,0.9090909090909091,0.6666666666666666,0.5,0.6433901918976546,0.0,1.0,0.0,0.0,1.0,0.0,0.0,0.0,1.0,0.0,1.0,0.0,0.0,0.0,0.0,1.0,0.0,0.0,0.0,0.3174603174603172,0.23351059624863524,0.2150925421838521,0.3389830508474576,0.2633637470064469
0.21951219512195125,0.1446051167964404,0.16000000000000014,0.1538461538461542,0.44897959183673475,0.5,0.5066666666666666,0.39999999999999997,34.5,0.13636363636363635,0.6666666666666666,0.5,0.2374733475479744,1.0,0.0,1.0,0.0,0.0,0.0,1.0,0.0,0.0,0.0,0.0,1.0,0.0,0.0,1.0,0.0,0.0,0.0,0.0,0.2857142857142856,0.5677377768873635,0.4373878110390468,0.050847457627118675,0.43768779687003156
0.6097560975609757,0.23581757508342605,0.7599999999999998,0.384615384615385,0.8775510204081636,0.75,0.35333333333333333,0.3567567567567567,24.7,0.6363636363636364,0.33333333333333337,0.0,0.13326226012793174,0.0,1.0,0.0,0.0,0.0,1.0,0.0,0.0,1.0,0.0,0.0,0.0,1.0,0.0,0.0,0.0,0.0,0.0,1.0,0.33333333333333326,0.7389982400570632,0.6850014656644172,0.4011299435028248,0.1927209597415389
0.43902439024390244,0.09677419354838712,0.3599999999999999,0.8717948717948723,0.48979591836734704,0.25,0.48666666666666664,0.3939189189189189,33.7,0.045454545454545525,0.33333333333333337,0.0,0.13139658848614072,1.0,0.0,0.0,0.0,0.0,1.0,0.0,1.0,0.0,0.0,0.0,1.0,0.0,0.0,0.0,0.0,0.0,0.0,1.0,0.8253968253968251,0.3778093967397457,0.46307280604734613,0.10734463276836159,0.09852769004352885
0.9268292682926831,0.11790878754171297,0.3999999999999999,0.384615384615385,0.5306122448979593,0.3333333333333335,0.5266666666666666,0.36824324324324326,33.1,0.36363636363636365,0.0,0.0,0.1383262260127932,1.0,0.0,0.0,0.0,1.0,0.0,0.0,0.0,0.0,1.0,0.0,1.0,0.0,0.0,0.0,0.0,0.0,0.0,1.0,0.49206349206349187,0.5430578178851306,0.3014829809445274,0.5254237288135593,0.14162229107593927
0.04878048780487804,0.36262513904338145,0.45999999999999996,1.0,0.8163265306122449,0.75,0.5133333333333334,0.48175675675675683,34.8,0.4545454545454545,0.33333333333333337,0.5,0.31823027718550106,1.0,0.0,0.0,1.0,0.0,0.0,1.0,0.0,0.0,0.0,0.0,0.0,1.0,0.0,1.0,0.0,0.0,0.0,0.0,0.714285714285714,0.47109030384808537,0.6675591492855675,0.3107344632768362,0.3872790333544758
0.2926829268292683,0.33815350389321464,0.1200000000000001,0.28205128205128194,0.10204081632653095,0.5,0.35333333333333333,0.23040540540540538,34.3,0.40909090909090906,0.6666666666666666,0.5,0.4426972281449893,1.0,0.0,0.0,0.0,0.0,1.0,0.0,1.0,0.0,0.0,0.0,0.0,1.0,0.0,0.0,0.0,1.0,0.0,0.0,0.3650793650793649,0.291616584197245,0.21904244240086124,0.15254237288135591,0.2936702921568702
0.6585365853658538,0.13904338153503892,0.7599999999999998,0.8717948717948723,0.6734693877551021,0.875,0.38666666666666666,0.34797297297297297,29.0,0.6363636363636364,0.6666666666666666,0.5,0.06743070362473347,0.0,1.0,0.0,0.0,1.0,0.0,0.0,0.0,1.0,0.0,0.0,1.0,0.0,0.0,0.0,0.0,0.0,0.0,1.0,0.5873015873015872,0.4196580228739666,0.5582447379059514,0.23728813559322032,0.3604533170976596
0.4634146341463415,0.403781979977753,0.54,0.5128205128205128,0.16326530612244916,0.29166666666666696,0.5733333333333335,0.4418918918918919,27.3,0.2727272727272728,0.6666666666666666,0.5,0.3206289978678038,0.0,1.0,0.0,1.0,0.0,0.0,0.0,1.0,0.0,0.0,0.0,0.0,1.0,0.0,1.0,0.0,0.0,0.0,0.0,0.5873015873015872,0.2905397007769195,0.42034362943281667,0.1016949152542373,0.29310861827175005
0.6585365853658538,0.013348164627363712,0.16000000000000014,0.8974358974358978,0.9795918367346941,0.875,0.6466666666666667,0.5459459459459459,28.7,0.5000000000000001,0.0,0.0,0.11140724946695091,1.0,0.0,0.0,1.0,0.0,0.0,0.0,0.0,1.0,0.0,0.0,1.0,0.0,0.0,0.0,0.0,0.0,0.0,1.0,0.603174603174603,0.5865462940301942,0.5540739129819734,0.6271186440677966,0.15296351004789038
0.17073170731707316,0.17018909899888757,0.52,0.4102564102564106,0.6530612244897962,0.7083333333333335,0.7066666666666668,0.5966216216216216,15.5,0.5454545454545455,0.6666666666666666,1.0,0.14738805970149255,1.0,0.0,0.0,0.0,0.0,1.0,1.0,0.0,0.0,0.0,0.0,1.0,0.0,0.0,0.0,0.0,0.0,0.0,1.0,0.3650793650793649,0.58302123773737,0.5655567386671299,0.2033898305084746,0.7392742689169655
0.9756097560975612,0.10789766407119017,0.33999999999999986,0.7948717948717947,0.10204081632653095,0.916666666666667,0.5866666666666667,0.31959459459459455,31.9,0.36363636363636365,0.6666666666666666,0.5,0.14658848614072495,1.0,0.0,0.0,0.0,1.0,0.0,0.0,0.0,0.0,1.0,0.0,1.0,0.0,0.0,0.0,0.0,0.0,0.0,1.0,0.5238095238095237,0.10016662083245709,0.05754753795735068,0.13559322033898302,0.19381505926945392
0.9268292682926831,0.09232480533926579,0.7400000000000002,0.12820512820512864,0.7346938775510203,0.04166666666666696,0.12000000000000005,0.15000000000000002,29.8,0.818181818181818,0.33333333333333337,0.0,0.03971215351812368,0.0,1.0,0.0,1.0,0.0,0.0,0.0,0.0,0.0,1.0,0.0,1.0,0.0,0.0,0.0,0.0,0.0,0.0,1.0,0.4444444444444442,0.7869347811835101,0.5958477771145405,0.49152542372881347,0.20522217518674113
0.0,0.48053392658509453,0.9199999999999999,0.5897435897435903,0.6122448979591839,0.7083333333333335,0.8866666666666667,0.8155405405405407,13.6,0.9090909090909091,0.6666666666666666,1.0,0.24893390191897652,0.0,1.0,0.0,1.0,0.0,0.0,1.0,0.0,0.0,0.0,0.0,0.0,0.0,1.0,1.0,0.0,0.0,0.0,0.0,0.47619047619047605,0.49018738847086474,0.7320725723948491,0.3389830508474576,0.6666447514538625
0.04878048780487804,0.8954393770856506,0.45999999999999996,0.666666666666667,0.6734693877551021,0.7083333333333335,0.34,0.3695945945945946,29.3,0.8636363636363636,0.33333333333333337,0.5,0.7446695095948825,0.0,1.0,1.0,0.0,0.0,0.0,1.0,0.0,0.0,0.0,1.0,0.0,0.0,0.0,0.0,0.0,0.0,1.0,0.0,0.5238095238095237,0.5005419221249818,0.7742854019799152,0.5141242937853107,0.4026402178136611
0.2926829268292683,0.907675194660734,1.0,0.4871794871794872,0.8163265306122449,0.41666666666666696,0.49333333333333335,0.5324324324324325,28.0,0.818181818181818,0.6666666666666666,0.5,0.48187633262260116,0.0,1.0,1.0,0.0,0.0,0.0,0.0,1.0,0.0,0.0,1.0,0.0,0.0,0.0,0.0,1.0,0.0,0.0,0.0,0.5238095238095237,0.6703981105521135,0.8724661770679758,0.30508474576271183,0.49123270931726415
0.6585365853658538,0.36707452725250267,0.5,0.6153846153846159,0.5714285714285716,0.0,0.4266666666666666,0.3081081081081081,26.6,0.2272727272727273,0.6666666666666666,0.5,0.3070362473347547,1.0,0.0,0.0,0.0,0.0,1.0,0.0,0.0,1.0,0.0,0.0,0.0,1.0,0.0,1.0,0.0,0.0,0.0,0.0,0.7619047619047619,0.5130366737256982,0.32310618711226935,0.0847457627118644,0.40915714949143156
0.5853658536585367,0.1946607341490545,0.33999999999999986,0.02564102564102555,0.26530612244897966,0.541666666666667,0.8400000000000001,0.5067567567567568,16.2,0.5454545454545455,0.9999999999999999,1.0,0.22121535181236668,1.0,0.0,1.0,0.0,0.0,0.0,0.0,0.0,1.0,0.0,0.0,1.0,0.0,0.0,1.0,0.0,0.0,0.0,0.0,0.19047619047619024,0.4884093372373295,0.14988195903180213,0.11186440677966103,0.6652536747707701
0.7804878048780488,0.030033370411568394,0.06000000000000005,0.2051282051282053,0.7142857142857144,0.625,0.6066666666666667,0.4594594594594595,28.4,0.40909090909090906,0.6666666666666666,0.5,0.15778251599147114,1.0,0.0,0.0,0.0,1.0,0.0,0.0,0.0,0.0,1.0,0.0,1.0,0.0,0.0,0.0,0.0,0.0,0.0,1.0,0.26984126984126977,0.7186928659301466,0.40362703670388567,0.15254237288135591,0.5164219752787602
0.902439024390244,1.0,0.45999999999999996,0.6923076923076925,0.7142857142857144,0.41666666666666696,0.12666666666666665,0.1527027027027027,21.7,0.7272727272727274,0.33333333333333337,0.0,0.8283582089552237,0.0,1.0,0.0,0.0,0.0,1.0,0.0,0.0,0.0,1.0,1.0,0.0,0.0,0.0,0.0,0.0,0.0,1.0,0.0,0.6507936507936507,0.537130741116878,0.5820087403797813,0.4463276836158192,0.14007658790464184
0.12195121951219517,0.7630700778642934,0.8399999999999999,0.9487179487179489,0.28571428571428603,0.0,0.25999999999999995,0.23851351351351352,25.8,0.9090909090909091,0.0,0.0,0.45682302771855005,0.0,1.0,0.0,0.0,0.0,1.0,1.0,0.0,0.0,0.0,1.0,0.0,0.0,0.0,0.0,0.0,1.0,0.0,0.0,0.9682539682539679,0.282155394147241,0.5060707369690265,0.9322033898305084,0.07358239222884974
0.7560975609756098,0.5406006674082312,1.0,0.0512820512820511,0.14285714285714324,0.25,0.8866666666666667,0.5722972972972973,14.9,0.9090909090909091,0.6666666666666666,1.0,0.26199360341151373,0.0,1.0,1.0,0.0,0.0,0.0,0.0,0.0,1.0,0.0,0.0,0.0,0.0,1.0,1.0,0.0,0.0,0.0,0.0,0.3174603174603172,0.4241982040111698,0.2271849132787318,0.3389830508474576,0.6150174338002297
0.48780487804878053,0.10789766407119017,0.020000000000000018,0.4871794871794872,0.5102040816326534,0.625,0.49999999999999994,0.4074324324324325,32.6,0.4545454545454545,0.33333333333333337,0.0,0.2526652452025587,1.0,0.0,0.0,1.0,0.0,0.0,0.0,1.0,0.0,0.0,0.0,1.0,0.0,0.0,1.0,0.0,0.0,0.0,0.0,0.4444444444444442,0.47031688608907607,0.47455742679411306,0.3107344632768362,0.1226524188511462
0.3658536585365854,0.18242491657397097,0.08000000000000007,0.12820512820512864,0.7142857142857144,0.541666666666667,0.37333333333333335,0.35067567567567565,29.2,0.0,0.33333333333333337,0.0,0.3054371002132196,1.0,0.0,0.0,0.0,1.0,0.0,0.0,1.0,0.0,0.0,0.0,1.0,0.0,0.0,1.0,0.0,0.0,0.0,0.0,0.25396825396825395,0.7593703997282302,0.6046069616001772,0.0847457627118644,0.19803374934105406
0.48780487804878053,0.07675194660734141,0.48,0.9743589743589745,0.9591836734693877,0.5833333333333335,0.35333333333333333,0.43445945945945946,20.0,0.5000000000000001,0.6666666666666666,0.5,0.08448827292110872,0.0,1.0,0.0,0.0,1.0,0.0,0.0,1.0,0.0,0.0,0.0,1.0,0.0,0.0,0.0,0.0,0.0,0.0,1.0,0.7619047619047619,0.566908972294005,0.9715538061740905,0.1864406779661017,0.4372555143339921
0.2439024390243903,0.34816462736373743,0.33999999999999986,0.8205128205128212,0.40816326530612246,0.541666666666667,0.6399999999999999,0.48581081081081084,28.1,0.0,0.6666666666666666,0.5,0.3531449893390191,1.0,0.0,0.0,0.0,1.0,0.0,1.0,0.0,0.0,0.0,0.0,0.0,1.0,0.0,0.0,0.0,1.0,0.0,0.0,0.6825396825396823,0.3189293529927606,0.41090792256820796,0.0,0.30791590934552293
0.878048780487805,0.3515016685205783,0.7200000000000002,0.0,0.5510204081632653,0.8333333333333335,0.4266666666666666,0.3560810810810811,25.3,0.31818181818181823,0.33333333333333337,0.5,0.22334754797441364,0.0,1.0,0.0,0.0,0.0,1.0,0.0,0.0,0.0,1.0,0.0,0.0,1.0,0.0,1.0,0.0,0.0,0.0,0.0,0.06349206349206327,0.6923715698486392,0.48295037217308123,0.24293785310734467,0.5026934840117779
0.853658536585366,0.4705228031145716,0.2200000000000002,0.9230769230769234,0.06122448979591866,0.41666666666666696,0.9133333333333333,0.5648648648648649,11.6,0.9090909090909091,0.9999999999999999,1.0,0.5178571428571428,0.0,1.0,0.0,0.0,1.0,0.0,0.0,0.0,0.0,1.0,0.0,0.0,0.0,1.0,0.0,1.0,0.0,0.0,0.0,0.7936507936507935,0.1259483637187181,0.17758862555242616,0.22033898305084743,0.3816786015203979
0.8292682926829269,0.34037819799777513,0.3799999999999999,0.12820512820512864,0.30612244897959195,0.625,0.5733333333333335,0.35337837837837843,26.1,0.31818181818181823,0.33333333333333337,0.0,0.33049040511727074,1.0,0.0,0.0,1.0,0.0,0.0,0.0,0.0,0.0,1.0,0.0,0.0,1.0,0.0,1.0,0.0,0.0,0.0,0.0,0.2222222222222221,0.4677839429283206,0.17312810958006564,0.24293785310734467,0.12199186080046143
0.43902439024390244,0.7764182424916573,0.2400000000000002,0.8461538461538467,0.4285714285714288,0.75,0.22666666666666663,0.23513513513513512,24.4,0.9090909090909091,0.33333333333333337,0.0,0.7867803837953091,0.0,1.0,0.0,1.0,0.0,0.0,0.0,1.0,0.0,0.0,1.0,0.0,0.0,0.0,0.0,0.0,0.0,1.0,0.0,0.6190476190476188,0.30030574113916875,0.6033963426062277,0.536723163841808,0.07831576248918509
0.4634146341463415,0.37263626251390425,0.3799999999999999,0.3589743589743595,0.22448979591836737,0.666666666666667,0.026666666666666672,0.03445945945945944,27.5,0.045454545454545525,0.0,0.0,0.3574093816631129,1.0,0.0,1.0,0.0,0.0,0.0,0.0,1.0,0.0,0.0,0.0,0.0,1.0,0.0,0.0,0.0,1.0,0.0,0.0,0.3492063492063491,0.3260798449905006,0.2968407106938258,0.288135593220339,0.08503730763159736
0.4146341463414634,0.5072302558398218,0.7000000000000002,0.6410256410256414,0.30612244897959195,0.20833333333333348,0.8533333333333333,0.6885135135135136,14.5,0.9090909090909091,0.9999999999999999,1.0,0.3382196162046908,0.0,1.0,0.0,0.0,1.0,0.0,0.0,1.0,0.0,0.0,0.0,0.0,0.0,1.0,0.0,0.0,1.0,0.0,0.0,0.6984126984126982,0.34561814586726824,0.5204893452115749,0.22033898305084743,0.5535395165285895
0.9756097560975612,0.38487208008898766,0.3599999999999999,0.3333333333333339,0.795918367346939,0.41666666666666696,0.35333333333333333,0.29324324324324325,26.0,0.2272727272727273,0.6666666666666666,0.5,0.37606609808102337,1.0,0.0,0.0,0.0,0.0,1.0,0.0,0.0,0.0,1.0,0.0,0.0,1.0,0.0,0.0,0.0,1.0,0.0,0.0,0.4285714285714284,0.7220421223305271,0.45077607429129274,0.0847457627118644,0.5181688587567289
0.3170731707317073,0.25806451612903225,0.6000000000000001,0.1538461538461542,0.7551020408163267,0.666666666666667,0.06,0.10810810810810811,25.5,0.5000000000000001,0.0,0.0,0.19163113006396587,1.0,0.0,1.0,0.0,0.0,0.0,0.0,1.0,0.0,0.0,0.0,0.0,1.0,0.0,1.0,0.0,0.0,0.0,0.0,0.2222222222222221,0.7709772392707508,0.6284089621591911,0.6271186440677966,0.20106065946742718
0.34146341463414637,0.2513904338153503,0.2599999999999998,0.7692307692307692,0.8367346938775513,0.3333333333333335,0.78,0.7033783783783785,15.0,0.5454545454545455,0.9999999999999999,1.0,0.2995735607675905,1.0,0.0,0.0,1.0,0.0,0.0,0.0,1.0,0.0,0.0,0.0,0.0,1.0,0.0,1.0,0.0,0.0,0.0,0.0,0.7301587301587298,0.5837236594229007,0.6798538188289143,0.11186440677966103,0.7398238157522932
0.7317073170731709,0.5239154616240266,0.52,0.5897435897435903,0.7346938775510203,0.7083333333333335,0.8733333333333333,0.7398648648648649,11.6,0.9090909090909091,0.9999999999999999,1.0,0.42110874200426435,0.0,1.0,0.0,0.0,1.0,0.0,0.0,0.0,1.0,0.0,0.0,0.0,0.0,1.0,0.0,0.0,1.0,0.0,0.0,0.47619047619047605,0.564865540279345,0.5966610203581202,0.22033898305084743,0.7250699721437387
0.0,0.4705228031145716,0.6800000000000002,0.7692307692307692,0.5714285714285716,0.666666666666667,0.8200000000000001,0.7466216216216217,13.3,0.9090909090909091,0.9999999999999999,1.0,0.31956289978678026,0.0,1.0,0.0,1.0,0.0,0.0,1.0,0.0,0.0,0.0,0.0,0.0,0.0,1.0,1.0,0.0,0.0,0.0,0.0,0.603174603174603,0.4118957777039095,0.7031639437434671,0.22033898305084743,0.6053925039564116
0.04878048780487804,0.27030033370411555,0.56,0.7179487179487181,0.34693877551020424,0.4583333333333335,0.8066666666666666,0.5864864864864865,18.7,0.5454545454545455,0.6666666666666666,1.0,0.21242004264392317,1.0,0.0,1.0,0.0,0.0,0.0,1.0,0.0,0.0,0.0,0.0,0.0,1.0,0.0,1.0,0.0,0.0,0.0,0.0,0.6507936507936507,0.3211325172508799,0.37188492903223525,0.2033898305084746,0.5343829329630012
0.3658536585365854,0.1523915461624027,0.31999999999999984,0.7948717948717947,0.18367346938775508,0.916666666666667,0.49999999999999994,0.33986486486486484,29.5,0.4545454545454545,0.33333333333333337,0.0,0.1910980810234541,1.0,0.0,0.0,1.0,0.0,0.0,0.0,1.0,0.0,0.0,0.0,1.0,0.0,0.0,1.0,0.0,0.0,0.0,0.0,0.5238095238095237,0.14869696038306612,0.2692364454202252,0.3107344632768362,0.03877819913814856
0.5365853658536586,0.25583982202447153,1.0,0.4102564102564106,0.8367346938775513,0.875,0.6133333333333333,0.6445945945945946,26.8,0.6363636363636364,0.6666666666666666,0.5,0.09141791044776115,0.0,1.0,0.0,0.0,1.0,0.0,0.0,0.0,1.0,0.0,0.0,0.0,1.0,0.0,0.0,0.0,0.0,0.0,1.0,0.3015873015873014,0.694663280327418,0.8862549128968389,0.23728813559322032,0.5038887795320646
0.2439024390243903,0.9833147942157952,0.7200000000000002,0.3333333333333339,0.7755102040816326,0.875,0.37333333333333335,0.4175675675675676,23.6,0.818181818181818,0.6666666666666666,0.5,0.6607142857142856,0.0,1.0,0.0,0.0,1.0,0.0,1.0,0.0,0.0,0.0,1.0,0.0,0.0,0.0,0.0,1.0,0.0,0.0,0.0,0.25396825396825395,0.6885969878835918,0.8443095224022399,0.30508474576271183,0.5007247619783645
0.26829268292682934,0.5339265850945494,0.7799999999999998,1.0,0.34693877551020424,0.16666666666666696,0.8333333333333333,0.6864864864864866,13.3,0.9090909090909091,0.9999999999999999,1.0,0.3283582089552239,0.0,1.0,1.0,0.0,0.0,0.0,1.0,0.0,0.0,0.0,0.0,0.0,0.0,1.0,1.0,0.0,0.0,0.0,0.0,0.9365079365079363,0.2835778351340692,0.5487662957763897,0.22033898305084743,0.5050016408785385
0.21951219512195125,0.26362625139043383,0.040000000000000036,0.8974358974358978,0.0,0.41666666666666696,0.4599999999999999,0.2777027027027027,25.4,0.2727272727272728,0.6666666666666666,0.5,0.40644989339019183,1.0,0.0,0.0,0.0,1.0,0.0,1.0,0.0,0.0,0.0,0.0,0.0,1.0,0.0,0.0,0.0,1.0,0.0,0.0,0.7777777777777777,0.09881855584494004,0.15425669585084822,0.1016949152542373,0.19311194425752054
0.7560975609756098,0.486095661846496,0.7400000000000002,0.5897435897435903,0.7755102040816326,0.125,0.5266666666666666,0.4770270270270271,23.9,0.36363636363636365,0.6666666666666666,0.5,0.30970149253731344,0.0,1.0,0.0,1.0,0.0,0.0,0.0,0.0,1.0,0.0,0.0,0.0,0.0,1.0,1.0,0.0,0.0,0.0,0.0,0.6984126984126982,0.6232676846423875,0.6217996282429377,0.13559322033898302,0.466650726784671
0.3658536585365854,0.6963292547274749,0.5,0.666666666666667,0.40816326530612246,0.125,0.5999999999999999,0.5236486486486487,27.9,0.31818181818181823,0.33333333333333337,0.5,0.5644989339019189,0.0,1.0,0.0,1.0,0.0,0.0,0.0,1.0,0.0,0.0,1.0,0.0,0.0,0.0,0.0,1.0,0.0,0.0,0.0,0.746031746031746,0.4015655717257133,0.5905637812703597,0.24293785310734467,0.35101677351644883
0.17073170731707316,0.4193548387096774,0.10000000000000009,0.6153846153846159,0.0,0.08333333333333348,0.03333333333333338,0.018243243243243223,33.0,0.09090909090909094,0.0,0.0,0.533582089552239,1.0,0.0,0.0,0.0,0.0,1.0,1.0,0.0,0.0,0.0,0.0,0.0,1.0,0.0,0.0,1.0,0.0,0.0,0.0,0.7301587301587298,0.20090384080872126,0.15425669585084822,0.32203389830508466,0.052393062551039926
0.902439024390244,0.5283648498331478,0.7599999999999998,0.7948717948717947,0.28571428571428603,0.9583333333333335,0.4599999999999999,0.3283783783783784,27.2,0.5000000000000001,0.6666666666666666,0.5,0.3315565031982943,0.0,1.0,0.0,0.0,0.0,1.0,0.0,0.0,0.0,1.0,0.0,0.0,0.0,1.0,1.0,0.0,0.0,0.0,0.0,0.5079365079365079,0.20349922940949527,0.31601167067271385,0.1864406779661017,0.24771061251468457
0.26829268292682934,0.5228031145717463,0.7200000000000002,0.4358974358974361,0.06122448979591866,0.916666666666667,0.6799999999999999,0.48986486486486486,11.0,0.9090909090909091,0.6666666666666666,1.0,0.34195095948827287,0.0,1.0,0.0,0.0,0.0,1.0,1.0,0.0,0.0,0.0,0.0,0.0,0.0,1.0,0.0,0.0,1.0,0.0,0.0,0.3015873015873014,0.15840302829318786,0.3501221057140962,0.3389830508474576,0.40706984238884125
0.5609756097560976,0.4760845383759732,0.31999999999999984,0.4358974358974361,0.38775510204081653,1.0,0.98,0.7108108108108109,11.2,0.9090909090909091,0.9999999999999999,1.0,0.472547974413646,0.0,1.0,0.0,1.0,0.0,0.0,0.0,0.0,1.0,0.0,0.0,0.0,0.0,1.0,0.0,1.0,0.0,0.0,0.0,0.26984126984126977,0.3682614092236858,0.3796407680442657,0.22033898305084743,0.5712547066705533
0.6585365853658538,0.28253615127919907,0.3599999999999999,0.9230769230769234,0.18367346938775508,0.666666666666667,0.17333333333333328,0.09324324324324323,35.0,0.5000000000000001,0.33333333333333337,0.0,0.2891791044776119,1.0,0.0,0.0,1.0,0.0,0.0,0.0,0.0,1.0,0.0,0.0,0.0,1.0,0.0,1.0,0.0,0.0,0.0,0.0,0.6984126984126982,0.1568164595001872,0.10360184847242215,0.33333333333333337,0.04089565703947093
0.17073170731707316,0.08008898776418238,0.41999999999999993,0.6410256410256414,0.44897959183673475,0.25,0.25999999999999995,0.2222972972972973,26.0,0.4545454545454545,0.0,0.0,0.10181236673773986,1.0,0.0,1.0,0.0,0.0,0.0,1.0,0.0,0.0,0.0,0.0,1.0,0.0,0.0,0.0,0.0,0.0,0.0,1.0,0.6825396825396823,0.4196580228739666,0.4368614174047949,0.5932203389830508,0.10944125783745096
0.6585365853658538,0.20244716351501668,0.3999999999999999,0.2051282051282053,0.8163265306122449,0.125,0.3,0.25743243243243247,26.8,0.2272727272727273,0.33333333333333337,0.0,0.20842217484008524,1.0,0.0,0.0,0.0,0.0,1.0,0.0,0.0,1.0,0.0,0.0,1.0,0.0,0.0,1.0,0.0,0.0,0.0,0.0,0.46031746031746024,0.8004805206953765,0.4622381679116798,0.19774011299435024,0.20875472476214224
0.853658536585366,0.37263626251390425,0.10000000000000009,0.8717948717948723,0.6734693877551021,0.916666666666667,0.4466666666666666,0.33986486486486484,26.3,0.2727272727272728,0.6666666666666666,0.5,0.4869402985074626,1.0,0.0,0.0,1.0,0.0,0.0,0.0,0.0,0.0,1.0,0.0,0.0,1.0,0.0,0.0,1.0,0.0,0.0,0.0,0.5714285714285712,0.41571327532852775,0.38239111959961236,0.1016949152542373,0.3583958412020842
0.6097560975609757,0.16907675194660732,0.45999999999999996,0.17948717948717974,0.9183673469387754,0.5,0.78,0.6331081081081082,16.6,0.5454545454545455,0.9999999999999999,1.0,0.1631130063965885,1.0,0.0,1.0,0.0,0.0,0.0,0.0,0.0,1.0,0.0,0.0,1.0,0.0,0.0,0.0,0.0,0.0,0.0,1.0,0.3015873015873014,0.8734166976721613,0.5200231147654089,0.11186440677966103,0.9664681458830204
0.17073170731707316,0.271412680756396,0.41999999999999993,0.4871794871794872,0.9591836734693877,0.4583333333333335,0.4133333333333334,0.42702702702702705,27.1,0.13636363636363635,0.33333333333333337,0.0,0.25852878464818757,1.0,0.0,0.0,1.0,0.0,0.0,1.0,0.0,0.0,0.0,0.0,0.0,1.0,0.0,1.0,0.0,0.0,0.0,0.0,0.5079365079365079,0.7540923825737147,0.7569287728746479,0.15254237288135591,0.19665731232616757
0.6585365853658538,0.37263626251390425,0.48,0.5384615384615383,0.6530612244897962,0.0,0.4533333333333333,0.34054054054054056,30.0,0.36363636363636365,0.6666666666666666,0.5,0.31876332622601283,1.0,0.0,1.0,0.0,0.0,0.0,0.0,0.0,1.0,0.0,0.0,0.0,1.0,0.0,1.0,0.0,0.0,0.0,0.0,0.714285714285714,0.5813023345069113,0.36958272504592116,0.13559322033898302,0.4447627110476534
0.6585365853658538,0.5517241379310344,0.6200000000000001,0.4615384615384617,0.6734693877551021,0.8333333333333335,0.8,0.664864864864865,12.4,0.9090909090909091,0.9999999999999999,1.0,0.40058635394456293,0.0,1.0,0.0,0.0,0.0,1.0,0.0,0.0,1.0,0.0,0.0,0.0,0.0,1.0,0.0,0.0,1.0,0.0,0.0,0.3492063492063491,0.5667094452622705,0.5573500931069368,0.22033898305084743,0.7265125701854639
0.878048780487805,0.5172413793103448,0.52,0.7435897435897436,0.7755102040816326,0.75,0.6533333333333333,0.5777027027027026,29.0,0.8636363636363636,0.33333333333333337,0.5,0.4157782515991471,0.0,1.0,0.0,0.0,0.0,1.0,0.0,0.0,0.0,1.0,0.0,0.0,0.0,1.0,0.0,0.0,1.0,0.0,0.0,0.5555555555555554,0.5310237882890005,0.6224717716190045,0.5141242937853107,0.4185387522983691
0.9756097560975612,0.06785317018909898,0.33999999999999986,0.6923076923076925,0.18367346938775508,0.8333333333333335,0.52,0.2972972972972973,25.3,0.13636363636363635,0.6666666666666666,0.5,0.11220682302771856,1.0,0.0,0.0,0.0,0.0,1.0,0.0,0.0,0.0,1.0,0.0,1.0,0.0,0.0,0.0,0.0,0.0,0.0,1.0,0.49206349206349187,0.18519841235275492,0.10412950313261393,0.050847457627118675,0.23816539079140414
0.853658536585366,0.3170189098998887,0.94,0.8717948717948723,0.38775510204081653,0.791666666666667,0.5333333333333334,0.39932432432432435,23.2,0.2727272727272728,0.33333333333333337,0.5,0.1420575692963752,0.0,1.0,0.0,1.0,0.0,0.0,0.0,0.0,0.0,1.0,0.0,0.0,1.0,0.0,0.0,0.0,0.0,0.0,1.0,0.6190476190476188,0.265655078700034,0.3793200792799174,0.22033898305084748,0.28012945813439294
0.6341463414634148,0.6073414905450498,0.6800000000000002,0.2564102564102564,0.0,0.7083333333333335,0.5066666666666666,0.3006756756756757,26.0,0.7272727272727274,0.6666666666666666,0.5,0.4163113006396589,0.0,1.0,0.0,1.0,0.0,0.0,0.0,0.0,1.0,0.0,0.0,0.0,0.0,1.0,0.0,0.0,1.0,0.0,0.0,0.26984126984126977,0.2000543100045844,0.13796137986879353,0.27118644067796616,0.24591383374591397
0.39024390243902446,0.15795328142380416,0.040000000000000036,0.7692307692307692,0.24489795918367374,0.41666666666666696,0.4199999999999999,0.2993243243243244,31.0,0.31818181818181823,0.33333333333333337,0.0,0.296908315565032,1.0,0.0,1.0,0.0,0.0,0.0,0.0,1.0,0.0,0.0,0.0,1.0,0.0,0.0,1.0,0.0,0.0,0.0,0.0,0.6984126984126982,0.2567702934592302,0.30870168184005586,0.24293785310734467,0.06696229396264647
0.1951219512195122,0.08565072302558396,0.54,0.9743589743589745,0.0,0.791666666666667,0.4333333333333333,0.3081081081081081,24.8,0.5454545454545455,0.33333333333333337,0.5,0.07755863539445629,0.0,1.0,0.0,0.0,1.0,0.0,1.0,0.0,0.0,0.0,0.0,1.0,0.0,0.0,0.0,0.0,0.0,0.0,1.0,0.6825396825396823,0.027935417780387772,0.308247431881264,0.35593220338983056,0.15614117583935028
0.7804878048780488,0.13570634037819795,0.6800000000000002,0.8974358974358978,0.08163265306122458,0.08333333333333348,0.5866666666666667,0.36756756756756753,28.2,0.7272727272727274,0.6666666666666666,0.5,0.08262260127931764,0.0,1.0,0.0,0.0,1.0,0.0,0.0,0.0,0.0,1.0,0.0,1.0,0.0,0.0,0.0,0.0,0.0,0.0,1.0,0.9047619047619047,0.18407659603447168,0.1895927343119339,0.27118644067796616,0.23758028109615897
0.4634146341463415,0.5428253615127918,0.8999999999999999,0.7435897435897436,0.30612244897959195,0.666666666666667,0.72,0.5878378378378379,10.3,0.9090909090909091,0.9999999999999999,1.0,0.2939765458422175,0.0,1.0,0.0,0.0,0.0,1.0,0.0,1.0,0.0,0.0,0.0,0.0,0.0,1.0,1.0,0.0,0.0,0.0,0.0,0.5873015873015872,0.26706364221381995,0.5197410376951894,0.22033898305084743,0.492081592075574
0.2926829268292683,0.6785317018909898,0.3599999999999999,0.5641025641025639,0.28571428571428603,0.4583333333333335,0.6399999999999999,0.5222972972972972,28.2,0.6363636363636364,0.6666666666666666,0.5,0.6255330490405115,0.0,1.0,0.0,0.0,1.0,0.0,0.0,1.0,0.0,0.0,1.0,0.0,0.0,0.0,0.0,1.0,0.0,0.0,0.0,0.5555555555555554,0.3281790012830459,0.5058337187513409,0.23728813559322032,0.31274028103993406
0.6585365853658538,0.872080088987764,0.8999999999999999,0.4615384615384617,0.9795918367346941,0.375,0.37333333333333335,0.3905405405405406,24.9,0.40909090909090906,0.33333333333333337,0.5,0.5015991471215351,0.0,1.0,0.0,0.0,0.0,1.0,0.0,0.0,1.0,0.0,1.0,0.0,0.0,0.0,0.0,1.0,0.0,0.0,0.0,0.5238095238095237,0.7795913745409837,0.7474600028862548,0.2881355932203389,0.5481850252838661
0.6829268292682928,0.08787541713014457,0.43999999999999995,0.28205128205128194,0.5510204081632653,0.29166666666666696,0.6066666666666667,0.4256756756756757,26.3,0.2272727272727273,0.33333333333333337,0.0,0.10314498933901922,1.0,0.0,1.0,0.0,0.0,0.0,0.0,0.0,1.0,0.0,0.0,1.0,0.0,0.0,0.0,0.0,0.0,0.0,1.0,0.4444444444444442,0.5969640441268498,0.31261596339985753,0.19774011299435024,0.15568032138538418
0.2926829268292683,0.12791991101223577,0.48,0.3589743589743595,0.6122448979591839,0.5833333333333335,0.38666666666666666,0.3425675675675676,33.9,0.2272727272727273,0.33333333333333337,0.5,0.125,1.0,0.0,0.0,0.0,1.0,0.0,0.0,1.0,0.0,0.0,0.0,1.0,0.0,0.0,0.0,0.0,0.0,0.0,1.0,0.38095238095238093,0.5859112012435532,0.5392335359268878,0.19774011299435024,0.4471665739330045
0.8292682926829269,0.4438264738598443,0.020000000000000018,0.7692307692307692,0.44897959183673475,0.16666666666666696,0.16666666666666669,0.11891891891891893,31.5,0.5000000000000001,0.33333333333333337,0.0,0.6055437100213219,1.0,0.0,0.0,0.0,1.0,0.0,0.0,0.0,0.0,1.0,0.0,0.0,1.0,0.0,0.0,1.0,0.0,0.0,0.0,0.7936507936507935,0.3913486581361114,0.25349517018156065,0.33333333333333337,0.10205855021215074
0.12195121951219517,0.904338153503893,0.7000000000000002,0.9230769230769234,0.9591836734693877,0.125,0.14666666666666667,0.24189189189189192,21.6,0.9545454545454545,0.0,0.0,0.6162046908315564,0.0,1.0,0.0,0.0,0.0,1.0,1.0,0.0,0.0,0.0,1.0,0.0,0.0,0.0,0.0,1.0,0.0,0.0,0.0,0.9047619047619047,0.6081231643455627,0.9705501808268948,0.9661016949152543,0.15859047223805128
0.4146341463414634,0.43270300333704115,0.2799999999999998,0.9230769230769234,0.8979591836734695,0.8333333333333335,0.52,0.5047297297297297,25.3,0.5000000000000001,0.6666666666666666,0.5,0.45362473347547966,1.0,0.0,1.0,0.0,0.0,0.0,0.0,1.0,0.0,0.0,0.0,0.0,1.0,0.0,0.0,0.0,1.0,0.0,0.0,0.6349206349206349,0.5342435468129048,0.7196914297125312,0.1864406779661017,0.4202180931119951
0.09756097560975613,0.539488320355951,0.2400000000000002,0.3589743589743595,0.8571428571428572,0.791666666666667,0.9199999999999999,0.9270270270270271,10.7,0.9090909090909091,0.9999999999999999,1.0,0.5703624733475479,0.0,1.0,0.0,0.0,1.0,0.0,1.0,0.0,0.0,0.0,0.0,0.0,0.0,1.0,0.0,1.0,0.0,0.0,0.0,0.3015873015873014,0.7359140689454355,0.9010025523104004,0.22033898305084743,0.8588915490572169
0.5853658536585367,0.37263626251390425,0.2599999999999998,0.7179487179487181,0.3265306122448983,0.75,0.013333333333333364,0.031756756756756765,26.1,0.7727272727272728,0.33333333333333337,0.0,0.4088486140724947,0.0,1.0,0.0,0.0,1.0,0.0,0.0,0.0,1.0,0.0,0.0,0.0,1.0,0.0,0.0,0.0,1.0,0.0,0.0,0.5396825396825395,0.27528026271090467,0.34180951537507265,0.4689265536723164,0.07178944894841968
0.024390243902439046,0.9777530589543937,0.8599999999999999,0.6410256410256414,0.9795918367346941,0.8333333333333335,0.5133333333333334,0.5878378378378379,21.8,0.6818181818181818,0.6666666666666666,0.5,0.5868869936034116,0.0,1.0,0.0,0.0,1.0,0.0,1.0,0.0,0.0,0.0,1.0,0.0,0.0,0.0,0.0,1.0,0.0,0.0,0.0,0.46031746031746024,0.68748923013298,0.98483665003065,0.2542372881355932,0.5001469848598628
0.21951219512195125,0.539488320355951,0.96,0.02564102564102555,0.6734693877551021,0.125,0.8666666666666667,0.818918918918919,11.1,0.9090909090909091,0.6666666666666666,1.0,0.2731876332622601,0.0,1.0,1.0,0.0,0.0,0.0,1.0,0.0,0.0,0.0,0.0,0.0,0.0,1.0,1.0,0.0,0.0,0.0,0.0,0.3492063492063491,0.7939707344078311,0.7744971604178008,0.3389830508474576,0.9043127788281118
0.7073170731707319,0.03781979977753053,0.2400000000000002,0.4871794871794872,0.24489795918367374,0.5833333333333335,0.006666666666666654,0.0,25.3,0.36363636363636365,0.33333333333333337,0.0,0.11247334754797439,1.0,0.0,1.0,0.0,0.0,0.0,0.0,0.0,1.0,0.0,0.0,1.0,0.0,0.0,0.0,0.0,0.0,0.0,1.0,0.46031746031746024,0.3108515949249925,0.13915956486747416,0.2655367231638418,0.08106598157325351
0.09756097560975613,0.031145717463848643,0.1200000000000001,0.3589743589743595,0.26530612244897966,0.666666666666667,0.6466666666666667,0.4560810810810811,32.2,0.5000000000000001,0.33333333333333337,0.5,0.14045842217484006,1.0,0.0,0.0,0.0,1.0,0.0,1.0,0.0,0.0,0.0,0.0,1.0,0.0,0.0,0.0,0.0,0.0,0.0,1.0,0.3492063492063491,0.3528164672429195,0.3218656602376955,0.33333333333333337,0.32559053108929736
0.7804878048780488,0.27252502780867627,0.5800000000000001,0.07692307692307754,0.20408163265306145,0.4583333333333335,0.4466666666666666,0.3040540540540541,28.1,0.40909090909090906,0.6666666666666666,0.5,0.20815565031982936,0.0,1.0,0.0,0.0,0.0,1.0,0.0,0.0,0.0,1.0,0.0,0.0,1.0,0.0,1.0,0.0,0.0,0.0,0.0,0.25396825396825395,0.4338127052428944,0.26613030749687705,0.15254237288135591,0.36783602472295995
0.0,0.11902113459399333,0.06000000000000005,0.5384615384615383,0.5510204081632653,0.08333333333333348,0.5266666666666666,0.4358108108108108,33.0,0.2727272727272728,0.33333333333333337,0.5,0.24893390191897652,1.0,0.0,0.0,0.0,0.0,1.0,1.0,0.0,0.0,0.0,0.0,1.0,0.0,0.0,1.0,0.0,0.0,0.0,0.0,0.6825396825396823,0.5203866927551726,0.5004374202603101,0.22033898305084748,0.4129907248497964
0.4146341463414634,0.21357063403781973,0.31999999999999984,0.9487179487179489,0.8367346938775513,0.375,0.5333333333333334,0.5729729729729729,21.3,0.7727272727272728,0.33333333333333337,0.0,0.24413646055437094,0.0,1.0,0.0,0.0,1.0,0.0,0.0,1.0,0.0,0.0,0.0,1.0,0.0,0.0,1.0,0.0,0.0,0.0,0.0,0.8253968253968251,0.5242795882095188,0.8866998120980825,0.4689265536723164,0.13672517732225625
0.7560975609756098,0.43270300333704115,0.45999999999999996,0.5641025641025639,0.6326530612244898,0.5833333333333335,0.5866666666666667,0.4290540540540541,34.0,0.36363636363636365,0.0,0.0,0.3742004264392324,1.0,0.0,1.0,0.0,0.0,0.0,0.0,0.0,1.0,0.0,0.0,0.0,1.0,0.0,0.0,0.0,1.0,0.0,0.0,0.5079365079365079,0.5216197179043778,0.3588337606255554,0.5254237288135593,0.1360315183523036
0.2439024390243903,0.43047830923248054,0.2599999999999998,0.6410256410256414,0.6938775510204085,0.375,0.4000000000000001,0.36756756756756753,31.7,0.13636363636363635,0.33333333333333337,0.5,0.46108742004264386,1.0,0.0,0.0,0.0,1.0,0.0,1.0,0.0,0.0,0.0,0.0,0.0,1.0,0.0,0.0,0.0,1.0,0.0,0.0,0.6349206349206349,0.5457020992067985,0.5905637812703595,0.15254237288135591,0.4261945707134286
0.48780487804878053,0.3192436040044494,0.8399999999999999,0.2564102564102564,0.6122448979591839,0.9583333333333335,0.54,0.5256756756756757,29.0,0.6818181818181818,0.6666666666666666,0.5,0.16844349680170573,0.0,1.0,1.0,0.0,0.0,0.0,0.0,1.0,0.0,0.0,0.0,0.0,1.0,0.0,1.0,0.0,0.0,0.0,0.0,0.17460317460317443,0.6032311199885128,0.732211748382307,0.2542372881355932,0.45620018506289384
0.6097560975609757,0.14571746384872075,0.18000000000000016,0.6923076923076925,0.3265306122448983,0.916666666666667,0.21333333333333332,0.13445945945945947,29.5,0.4545454545454545,0.0,0.0,0.2313432835820895,1.0,0.0,0.0,0.0,1.0,0.0,0.0,0.0,1.0,0.0,0.0,1.0,0.0,0.0,1.0,0.0,0.0,0.0,0.0,0.46031746031746024,0.2606332435639275,0.1855556259383313,0.5932203389830508,0.06796970022054696
0.5853658536585367,0.2758620689655171,0.2999999999999998,0.02564102564102555,0.9387755102040818,0.7083333333333335,0.4000000000000001,0.40608108108108104,24.4,0.5909090909090909,0.33333333333333337,0.5,0.3059701492537313,0.0,1.0,1.0,0.0,0.0,0.0,0.0,0.0,1.0,0.0,0.0,0.0,1.0,0.0,1.0,0.0,0.0,0.0,0.0,0.12698412698412698,0.9777139043553051,0.7235557805693549,0.37853107344632764,0.6515204921972633
0.5121951219512195,0.114571746384872,0.2200000000000002,0.17948717948717974,0.16326530612244916,0.0,0.4466666666666666,0.3013513513513513,32.8,0.4545454545454545,0.0,0.0,0.18896588486140725,1.0,0.0,0.0,1.0,0.0,0.0,0.0,1.0,0.0,0.0,0.0,1.0,0.0,0.0,1.0,0.0,0.0,0.0,0.0,0.49206349206349187,0.4196580228739666,0.25735590658346275,0.5932203389830508,0.10944125783745096
0.6341463414634148,0.6929922135706339,0.2599999999999998,0.7179487179487181,0.18367346938775508,0.08333333333333348,0.56,0.3736486486486487,20.9,0.5000000000000001,0.6666666666666666,0.5,0.6977611940298507,0.0,1.0,0.0,0.0,0.0,1.0,0.0,0.0,1.0,0.0,1.0,0.0,0.0,0.0,0.0,1.0,0.0,0.0,0.0,0.7936507936507935,0.2745725285924583,0.25385269427848023,0.1864406779661017,0.28478056393833207
0.2926829268292683,0.2547274749721913,0.8399999999999999,0.2564102564102564,0.14285714285714324,0.8333333333333335,0.4199999999999999,0.3283783783783784,25.2,0.9545454545454545,0.0,0.0,0.12633262260127925,0.0,1.0,0.0,1.0,0.0,0.0,0.0,1.0,0.0,0.0,0.0,0.0,1.0,0.0,0.0,0.0,0.0,0.0,1.0,0.2222222222222221,0.28009285471634005,0.4063654229802902,0.9661016949152543,0.07304450924472072
0.7804878048780488,0.18353726362625133,0.20000000000000018,0.9230769230769234,0.40816326530612246,0.4583333333333335,0.9199999999999999,0.5952702702702704,19.2,0.5454545454545455,0.9999999999999999,1.0,0.2598614072494669,1.0,0.0,0.0,0.0,0.0,1.0,0.0,0.0,0.0,1.0,0.0,1.0,0.0,0.0,1.0,0.0,0.0,0.0,0.0,0.7777777777777777,0.3020168849633236,0.230705997426232,0.11186440677966103,0.5194276212957918
0.8048780487804879,0.38487208008898766,0.10000000000000009,0.4358974358974361,0.24489795918367374,0.0,0.13999999999999996,0.08040540540540542,33.3,0.2727272727272728,0.0,0.0,0.4992004264392324,1.0,0.0,1.0,0.0,0.0,0.0,0.0,0.0,0.0,1.0,0.0,0.0,1.0,0.0,0.0,1.0,0.0,0.0,0.0,0.6507936507936507,0.3893424826822476,0.13979747181043356,0.4576271186440678,0.10153536620720818
0.9756097560975612,0.13348164627363734,0.5800000000000001,0.3333333333333339,1.0,0.08333333333333348,0.4133333333333334,0.4283783783783784,29.6,0.6818181818181818,0.33333333333333337,0.0,0.10421108742004265,0.0,1.0,0.0,1.0,0.0,0.0,0.0,0.0,0.0,1.0,0.0,1.0,0.0,0.0,0.0,0.0,0.0,0.0,1.0,0.5555555555555554,0.8531890382396348,0.7615118304946009,0.423728813559322,0.22250040849597474
0.8292682926829269,0.1345939933259177,0.33999999999999986,0.23076923076923084,0.08163265306122458,0.08333333333333348,0.6666666666666667,0.36081081081081084,32.0,0.0,0.0,0.0,0.16950959488272915,1.0,0.0,0.0,0.0,0.0,1.0,0.0,0.0,0.0,1.0,0.0,1.0,0.0,0.0,1.0,0.0,0.0,0.0,0.0,0.49206349206349187,0.34561814586726824,0.04646318062955723,0.2542372881355932,0.09013263789435802
0.0,0.35817575083426023,0.08000000000000007,0.8717948717948723,0.10204081632653095,0.16666666666666696,0.3133333333333333,0.20472972972972975,27.1,0.09090909090909094,0.0,0.0,0.4829424307036247,1.0,0.0,0.0,0.0,1.0,0.0,1.0,0.0,0.0,0.0,0.0,0.0,1.0,0.0,0.0,1.0,0.0,0.0,0.0,0.8571428571428572,0.1893411197567011,0.21775803029638063,0.32203389830508466,0.04937765794304391
0.48780487804878053,0.5094549499443826,0.6000000000000001,0.2051282051282053,0.5918367346938775,0.75,0.8133333333333332,0.7479729729729729,10.1,0.9090909090909091,0.6666666666666666,1.0,0.3773987206823028,0.0,1.0,1.0,0.0,0.0,0.0,0.0,1.0,0.0,0.0,0.0,0.0,0.0,1.0,0.0,0.0,1.0,0.0,0.0,0.2222222222222221,0.6265994791076888,0.7182925313110922,0.3389830508474576,0.773368154580703
0.12195121951219517,0.46051167964404893,0.7000000000000002,0.8717948717948723,0.6122448979591839,1.0,0.7333333333333334,0.6871621621621622,12.4,0.9090909090909091,0.6666666666666666,1.0,0.3054371002132196,0.0,1.0,1.0,0.0,0.0,0.0,1.0,0.0,0.0,0.0,0.0,0.0,0.0,1.0,1.0,0.0,0.0,0.0,0.0,0.5396825396825395,0.3715321028196127,0.7317219559649077,0.3389830508474576,0.573813567468837
0.6585365853658538,0.12124582869855394,0.2999999999999998,0.2564102564102564,0.3265306122448983,0.0,0.6333333333333333,0.3945945945945946,30.1,0.36363636363636365,0.0,0.0,0.17004264392324087,1.0,0.0,0.0,0.0,1.0,0.0,0.0,0.0,1.0,0.0,0.0,1.0,0.0,0.0,1.0,0.0,0.0,0.0,0.0,0.5396825396825395,0.4918469029554977,0.18434683967288357,0.5254237288135593,0.12826716228196666
0.39024390243902446,0.13348164627363734,0.56,0.28205128205128194,0.20408163265306145,0.125,0.5866666666666667,0.46216216216216216,22.4,0.5454545454545455,0.6666666666666666,0.5,0.10900852878464817,0.0,1.0,0.0,0.0,1.0,0.0,0.0,1.0,0.0,0.0,0.0,1.0,0.0,0.0,0.0,0.0,0.0,0.0,1.0,0.5079365079365079,0.3992656838678845,0.44996354402519767,0.2033898305084746,0.34981721289171863
0.09756097560975613,0.34482758620689646,0.8599999999999999,0.0512820512820511,0.38775510204081653,0.125,0.6133333333333333,0.529054054054054,21.2,0.6363636363636364,0.6666666666666666,0.5,0.17963752665245197,0.0,1.0,0.0,0.0,0.0,1.0,1.0,0.0,0.0,0.0,0.0,0.0,1.0,0.0,1.0,0.0,0.0,0.0,0.0,0.3650793650793649,0.5962669038073758,0.5771889990329762,0.23728813559322032,0.45256783425736935
0.7317073170731709,0.4516129032258063,0.54,0.9743589743589745,0.9591836734693877,0.666666666666667,0.6733333333333333,0.6385135135135136,12.9,0.9090909090909091,0.6666666666666666,1.0,0.3574093816631129,0.0,1.0,1.0,0.0,0.0,0.0,0.0,0.0,1.0,0.0,0.0,0.0,0.0,1.0,0.0,0.0,1.0,0.0,0.0,0.7301587301587298,0.5618482412163761,0.7355462292106962,0.3389830508474576,0.7227093571663699
0.09756097560975613,0.20355951056729693,0.43999999999999995,0.3333333333333339,0.16326530612244916,0.541666666666667,0.3333333333333333,0.2277027027027027,32.6,0.045454545454545525,0.33333333333333337,0.5,0.1969616204690831,1.0,0.0,0.0,0.0,0.0,1.0,1.0,0.0,0.0,0.0,0.0,1.0,0.0,0.0,1.0,0.0,0.0,0.0,0.0,0.38095238095238093,0.310280931841344,0.25691718653779216,0.10734463276836159,0.3034051218112486
0.902439024390244,0.25583982202447153,0.3999999999999999,0.6923076923076925,0.020408163265306367,0.7083333333333335,0.5466666666666666,0.2810810810810811,34.9,0.4545454545454545,0.33333333333333337,0.0,0.2526652452025587,1.0,0.0,0.0,0.0,1.0,0.0,0.0,0.0,0.0,1.0,0.0,0.0,1.0,0.0,1.0,0.0,0.0,0.0,0.0,0.5396825396825395,0.10683954252066585,0.012320790166247653,0.3107344632768362,0.027862338577883172
0.04878048780487804,0.7897664071190209,0.8799999999999999,0.2564102564102564,0.7346938775510203,0.0,0.3466666666666666,0.3864864864864865,27.6,0.818181818181818,0.6666666666666666,0.5,0.4576226012793176,0.0,1.0,1.0,0.0,0.0,0.0,1.0,0.0,0.0,0.0,1.0,0.0,0.0,0.0,0.0,0.0,1.0,0.0,0.0,0.5396825396825395,0.7324765032272675,0.8160142706220797,0.30508474576271183,0.5236111556167953
0.5365853658536586,0.14015572858731917,0.31999999999999984,0.9743589743589745,0.0,0.875,0.5133333333333334,0.3101351351351352,32.9,0.09090909090909094,0.33333333333333337,0.5,0.18043710021321963,1.0,0.0,0.0,0.0,1.0,0.0,0.0,0.0,1.0,0.0,0.0,1.0,0.0,0.0,1.0,0.0,0.0,0.0,0.0,0.6507936507936507,0.014187672809724439,0.15425669585084822,0.12994350282485873,0.14897071598866496
0.878048780487805,0.8498331479421579,1.0,0.6153846153846159,0.06122448979591866,0.625,0.4199999999999999,0.26013513513513514,26.2,0.7272727272727274,0.33333333333333337,0.0,0.447228144989339,0.0,1.0,0.0,0.0,0.0,1.0,0.0,0.0,0.0,1.0,1.0,0.0,0.0,0.0,0.0,0.0,1.0,0.0,0.0,0.5238095238095237,0.16082954527071835,0.17696919379043785,0.4463276836158192,0.041942216691848666
0.878048780487805,0.3959955506117907,0.2200000000000002,0.5128205128205128,0.7142857142857144,0.08333333333333348,0.6066666666666667,0.4594594594594595,34.9,0.4545454545454545,0.6666666666666666,0.5,0.44909381663113007,1.0,0.0,0.0,0.0,0.0,1.0,0.0,0.0,0.0,1.0,0.0,0.0,1.0,0.0,0.0,0.0,1.0,0.0,0.0,0.6666666666666665,0.6189294105990262,0.40362703670388567,0.1694915254237288,0.4643879978850898
0.21951219512195125,0.24026696329254726,0.6000000000000001,0.23076923076923084,0.48979591836734704,0.916666666666667,0.6533333333333333,0.5871621621621621,26.4,0.7272727272727274,0.0,0.0,0.17830490405117277,0.0,1.0,0.0,0.0,0.0,1.0,1.0,0.0,0.0,0.0,0.0,0.0,1.0,0.0,1.0,0.0,0.0,0.0,0.0,0.17460317460317443,0.5288095941312645,0.6467495903625384,0.7966101694915255,0.13790654290819632
0.21951219512195125,0.7563959955506117,0.6000000000000001,0.3589743589743595,0.04081632653061229,0.8333333333333335,0.5866666666666667,0.420945945945946,28.6,0.4545454545454545,0.6666666666666666,0.5,0.5599680170575692,0.0,1.0,1.0,0.0,0.0,0.0,1.0,0.0,0.0,0.0,1.0,0.0,0.0,0.0,0.0,1.0,0.0,0.0,0.0,0.2857142857142856,0.17902842260219676,0.3365162626501328,0.1694915254237288,0.23494728746755533
0.43902439024390244,0.21468298109009998,0.5,0.4615384615384617,0.16326530612244916,0.3333333333333335,0.3266666666666666,0.22364864864864864,34.5,0.36363636363636365,0.33333333333333337,0.0,0.18763326226012783,1.0,0.0,0.0,0.0,1.0,0.0,0.0,1.0,0.0,0.0,0.0,1.0,0.0,0.0,1.0,0.0,0.0,0.0,0.0,0.5396825396825395,0.2993432227380818,0.2579541611911955,0.2655367231638418,0.07806475042992492
0.39024390243902446,0.3971078976640712,0.8799999999999999,0.5384615384615383,0.4285714285714288,0.916666666666667,0.4533333333333333,0.41351351351351356,29.3,0.40909090909090906,0.6666666666666666,0.5,0.2076226012793177,0.0,1.0,0.0,0.0,1.0,0.0,0.0,1.0,0.0,0.0,0.0,0.0,1.0,0.0,1.0,0.0,0.0,0.0,0.0,0.3650793650793649,0.3710905806172792,0.6044838478041827,0.15254237288135591,0.33512182487873954
0.48780487804878053,0.18131256952169073,0.20000000000000018,0.5128205128205128,0.44897959183673475,0.125,0.47333333333333333,0.37567567567567567,28.8,0.18181818181818177,0.6666666666666666,0.5,0.2577292110874199,1.0,0.0,0.0,0.0,0.0,1.0,0.0,1.0,0.0,0.0,0.0,1.0,0.0,0.0,1.0,0.0,0.0,0.0,0.0,0.6507936507936507,0.46892077568551005,0.4363609367881114,0.06779661016949151,0.38614746489594876
0.3170731707317073,0.20244716351501668,0.45999999999999996,0.7948717948717947,0.22448979591836737,0.8333333333333335,0.4466666666666666,0.31283783783783786,25.8,0.13636363636363635,0.33333333333333337,0.5,0.19003198294243068,1.0,0.0,0.0,0.0,0.0,1.0,0.0,1.0,0.0,0.0,0.0,1.0,0.0,0.0,1.0,0.0,0.0,0.0,0.0,0.5555555555555554,0.1849944457494307,0.29464711046547243,0.15254237288135591,0.23805900721045048
0.1951219512195122,0.1746384872080089,0.3599999999999999,0.5641025641025639,0.18367346938775508,0.16666666666666696,0.4199999999999999,0.33716216216216216,21.7,0.6363636363636364,0.33333333333333337,0.0,0.19749466950959488,0.0,1.0,0.0,0.0,0.0,1.0,1.0,0.0,0.0,0.0,0.0,1.0,0.0,0.0,1.0,0.0,0.0,0.0,0.0,0.6666666666666665,0.30310306024232814,0.43589167030175635,0.4011299435028248,0.07904526628641009
0.0,0.9555061179087874,0.33999999999999986,0.3076923076923075,0.6734693877551021,0.41666666666666696,0.6399999999999999,0.6256756756756756,20.6,0.31818181818181823,0.33333333333333337,0.5,0.874733475479744,0.0,1.0,0.0,0.0,0.0,1.0,1.0,0.0,0.0,0.0,1.0,0.0,0.0,0.0,0.0,0.0,0.0,1.0,0.0,0.41269841269841256,0.6559906659980264,0.7747901412702178,0.24293785310734467,0.4837181676272265
0.2926829268292683,0.25250278086763067,0.33999999999999986,0.10256410256410309,0.8571428571428572,0.8333333333333335,0.3466666666666666,0.35337837837837843,26.1,0.5000000000000001,0.6666666666666666,0.5,0.27078891257995735,1.0,0.0,0.0,1.0,0.0,0.0,0.0,1.0,0.0,0.0,0.0,0.0,1.0,0.0,1.0,0.0,0.0,0.0,0.0,0.12698412698412698,0.8701985510423869,0.6927210342578578,0.1864406779661017,0.5954433300221104
0.07317073170731708,0.518353726362625,0.7200000000000002,0.07692307692307754,0.18367346938775508,0.3333333333333335,0.5800000000000001,0.4520270270270271,21.8,0.5000000000000001,0.33333333333333337,0.5,0.3387526652452026,0.0,1.0,0.0,1.0,0.0,0.0,1.0,0.0,0.0,0.0,0.0,0.0,0.0,1.0,0.0,0.0,1.0,0.0,0.0,0.3015873015873014,0.43340828574663925,0.43526168860708125,0.33333333333333337,0.36762509021937995
0.0,0.27252502780867627,0.6400000000000001,0.6923076923076925,0.5918367346938775,0.08333333333333348,0.4666666666666666,0.4594594594594595,23.4,0.40909090909090906,0.33333333333333337,0.5,0.19056503198294233,0.0,1.0,0.0,1.0,0.0,0.0,1.0,0.0,0.0,0.0,0.0,0.0,1.0,0.0,1.0,0.0,0.0,0.0,0.0,0.7777777777777777,0.4945205651807396,0.716750634406395,0.2881355932203389,0.39949963742702554
0.9512195121951221,0.40711902113459386,0.7200000000000002,0.3333333333333339,0.4285714285714288,0.20833333333333348,0.4266666666666666,0.33310810810810815,25.4,0.5909090909090909,0.6666666666666666,0.5,0.26172707889125796,0.0,1.0,0.0,0.0,0.0,1.0,0.0,0.0,0.0,1.0,0.0,0.0,1.0,0.0,1.0,0.0,0.0,0.0,0.0,0.5079365079365079,0.5093843145007282,0.40640526946790345,0.22033898305084743,0.4072521756038002
0.7560975609756098,0.46051167964404893,0.6600000000000001,0.17948717948717974,0.10204081632653095,0.9583333333333335,0.9866666666666666,0.6229729729729729,13.6,0.9090909090909091,0.9999999999999999,1.0,0.31956289978678026,0.0,1.0,0.0,0.0,0.0,1.0,0.0,0.0,1.0,0.0,0.0,0.0,0.0,1.0,1.0,0.0,0.0,0.0,0.0,0.12698412698412698,0.25582510353999566,0.20221677357075896,0.22033898305084743,0.48328900567180433
0.8048780487804879,0.23025583982202447,0.41999999999999993,0.2051282051282053,1.0,0.41666666666666696,0.4266666666666666,0.4398648648648649,22.1,0.4545454545454545,0.0,0.0,0.22494669509594883,0.0,1.0,0.0,0.0,1.0,0.0,0.0,0.0,0.0,1.0,0.0,0.0,1.0,0.0,1.0,0.0,0.0,0.0,0.0,0.3492063492063491,0.914285534543716,0.7621148643919635,0.5932203389830508,0.23843356606839156
0.6585365853658538,0.19132369299221352,0.10000000000000009,0.8717948717948723,0.020408163265306367,0.3333333333333335,0.78,0.40945945945945944,18.4,0.5454545454545455,0.9999999999999999,1.0,0.30623667377398717,1.0,0.0,1.0,0.0,0.0,0.0,0.0,0.0,1.0,0.0,0.0,1.0,0.0,0.0,1.0,0.0,0.0,0.0,0.0,0.7936507936507935,0.1259483637187181,0.011331162409444318,0.11186440677966103,0.3816786015203979
0.7317073170731709,0.36707452725250267,0.18000000000000016,0.9230769230769234,0.5918367346938775,0.5833333333333335,0.4599999999999999,0.3344594594594595,32.0,0.2727272727272728,0.33333333333333337,0.5,0.44136460554371,1.0,0.0,0.0,0.0,1.0,0.0,0.0,0.0,1.0,0.0,0.0,0.0,1.0,0.0,0.0,0.0,1.0,0.0,0.0,0.7301587301587298,0.3868448955641798,0.3354222676513374,0.22033898305084748,0.34333885851173634
0.17073170731707316,0.9321468298109008,0.98,0.5128205128205128,0.020408163265306367,0.916666666666667,0.4199999999999999,0.3033783783783784,25.6,0.5000000000000001,0.33333333333333337,0.0,0.5047974413646055,0.0,1.0,0.0,1.0,0.0,0.0,1.0,0.0,0.0,0.0,1.0,0.0,0.0,0.0,0.0,1.0,0.0,0.0,0.0,0.3492063492063491,0.11218686697114955,0.3223291806038098,0.33333333333333337,0.02925685001821768
0.9268292682926831,0.5962180200222469,0.31999999999999984,0.4358974358974361,0.6326530612244898,0.08333333333333348,0.5800000000000001,0.4871621621621622,29.0,0.31818181818181823,0.0,0.0,0.5770255863539444,0.0,1.0,0.0,0.0,1.0,0.0,0.0,0.0,0.0,1.0,0.0,0.0,0.0,1.0,0.0,1.0,0.0,0.0,0.0,0.6190476190476188,0.6006114822783377,0.5326767527625758,0.4915254237288136,0.15663152497837024
0.6097560975609757,0.40934371523915447,0.8399999999999999,0.8205128205128212,0.8367346938775513,0.0,0.49333333333333335,0.4628378378378379,21.1,0.4545454545454545,0.33333333333333337,0.0,0.2268123667377398,0.0,1.0,0.0,0.0,0.0,1.0,0.0,0.0,1.0,0.0,0.0,0.0,1.0,0.0,1.0,0.0,0.0,0.0,0.0,0.8888888888888888,0.5857263385544837,0.6592800774559755,0.3107344632768362,0.15274967651262783
0.8048780487804879,0.16351501668520574,0.06000000000000005,0.17948717948717974,0.30612244897959195,0.791666666666667,0.4066666666666667,0.25067567567567567,26.8,0.2272727272727273,0.6666666666666666,0.5,0.29450959488272915,1.0,0.0,0.0,1.0,0.0,0.0,0.0,0.0,0.0,1.0,0.0,1.0,0.0,0.0,1.0,0.0,0.0,0.0,0.0,0.19047619047619024,0.4294796392115898,0.17275408156020733,0.0847457627118644,0.36557601218460267
0.04878048780487804,0.5817575083426028,0.8799999999999999,0.4102564102564106,0.22448979591836737,0.875,0.4266666666666666,0.35000000000000003,24.3,0.2727272727272728,0.33333333333333337,0.5,0.3251599147121535,0.0,1.0,0.0,1.0,0.0,0.0,1.0,0.0,0.0,0.0,0.0,0.0,0.0,1.0,1.0,0.0,0.0,0.0,0.0,0.3015873015873014,0.282155394147241,0.4626884332217105,0.22033898305084748,0.28873558588045717
0.26829268292682934,0.3537263626251389,0.10000000000000009,0.7692307692307692,0.0,0.75,0.4666666666666666,0.28175675675675677,26.3,0.40909090909090906,0.6666666666666666,0.5,0.4682835820895522,1.0,0.0,1.0,0.0,0.0,0.0,1.0,0.0,0.0,0.0,0.0,0.0,1.0,0.0,0.0,0.0,1.0,0.0,0.0,0.5714285714285712,0.07252023887534775,0.15425669585084822,0.15254237288135591,0.17939543828701732
0.0,0.2992213570634038,0.14000000000000012,0.8461538461538467,0.14285714285714324,0.541666666666667,0.38000000000000006,0.25405405405405407,30.7,0.31818181818181823,0.33333333333333337,0.5,0.3949893390191897,1.0,0.0,1.0,0.0,0.0,0.0,1.0,0.0,0.0,0.0,0.0,0.0,1.0,0.0,0.0,0.0,1.0,0.0,0.0,0.6984126984126982,0.16792244105119203,0.24300525088395397,0.24293785310734467,0.22915470148462747
0.09756097560975613,0.09677419354838712,0.52,0.12820512820512864,0.9591836734693877,0.666666666666667,0.5800000000000001,0.5682432432432434,29.0,0.31818181818181823,0.6666666666666666,0.5,0.09061833688699361,1.0,0.0,0.0,1.0,0.0,0.0,1.0,0.0,0.0,0.0,0.0,1.0,0.0,0.0,0.0,0.0,0.0,0.0,1.0,0.20634920634920628,0.9300844476928725,0.757480746967562,0.11864406779661019,0.6266782284342446
0.7073170731707319,0.2914349276974416,0.41999999999999993,0.5384615384615383,1.0,0.875,0.6133333333333333,0.597972972972973,22.8,0.6363636363636364,0.33333333333333337,0.0,0.27505330490405117,0.0,1.0,0.0,1.0,0.0,0.0,0.0,0.0,1.0,0.0,0.0,0.0,1.0,0.0,1.0,0.0,0.0,0.0,0.0,0.38095238095238093,0.7434142123305298,0.761544105548263,0.4011299435028248,0.19387258686133935
0.7073170731707319,0.0,0.52,0.3333333333333339,0.24489795918367374,0.541666666666667,0.2,0.1162162162162162,26.7,0.31818181818181823,0.33333333333333337,0.0,0.015724946695095943,1.0,0.0,0.0,0.0,1.0,0.0,0.0,0.0,1.0,0.0,0.0,1.0,0.0,0.0,0.0,0.0,0.0,0.0,1.0,0.38095238095238093,0.3627819355370029,0.13821599418101327,0.24293785310734467,0.09460872706298412
0.39024390243902446,0.8053392658509455,0.7000000000000002,0.0512820512820511,0.28571428571428603,0.666666666666667,0.4533333333333333,0.3831081081081081,23.4,0.9545454545454545,0.6666666666666666,0.5,0.546908315565032,0.0,1.0,0.0,1.0,0.0,0.0,0.0,1.0,0.0,0.0,1.0,0.0,0.0,0.0,0.0,1.0,0.0,0.0,0.0,0.1587301587301586,0.47981542294190915,0.5066083799882406,0.35593220338983056,0.3918298245051858
0.5365853658536586,0.3337041156840934,0.10000000000000009,0.28205128205128194,0.8775510204081636,1.0,0.23333333333333334,0.26351351351351354,31.1,0.0,0.33333333333333337,0.0,0.4482942430703624,1.0,0.0,0.0,0.0,0.0,1.0,0.0,0.0,1.0,0.0,0.0,0.0,1.0,0.0,0.0,0.0,1.0,0.0,0.0,0.17460317460317443,0.7818427820459088,0.7068116898423404,0.0847457627118644,0.20389424920856042
0.34146341463414637,0.48943270300333697,0.48,0.8974358974358978,0.14285714285714324,0.541666666666667,0.6333333333333333,0.47972972972972977,25.8,0.2727272727272728,0.33333333333333337,0.0,0.4109808102345415,0.0,1.0,0.0,0.0,1.0,0.0,0.0,1.0,0.0,0.0,0.0,0.0,0.0,1.0,0.0,0.0,1.0,0.0,0.0,0.7301587301587298,0.15715300439567226,0.40736790564796865,0.22033898305084748,0.04098342349375772
0.878048780487805,0.042269187986651746,0.2999999999999998,0.28205128205128194,0.18367346938775508,0.4583333333333335,0.5266666666666666,0.3013513513513513,26.6,0.09090909090909094,0.6666666666666666,0.5,0.10047974413646055,1.0,0.0,0.0,0.0,0.0,1.0,0.0,0.0,0.0,1.0,0.0,1.0,0.0,0.0,0.0,0.0,0.0,0.0,1.0,0.38095238095238093,0.3496566846130881,0.10451808602190238,0.03389830508474573,0.32394247211435656
0.48780487804878053,0.9265850945494993,0.2400000000000002,0.02564102564102555,0.9183673469387754,0.625,0.56,0.616891891891892,21.2,0.36363636363636365,0.6666666666666666,0.5,0.9237739872068229,0.0,1.0,0.0,0.0,0.0,1.0,0.0,1.0,0.0,0.0,1.0,0.0,0.0,0.0,0.0,0.0,0.0,1.0,0.0,0.1587301587301586,0.961074623485449,0.9433634526236256,0.13559322033898302,0.6428418837653945
0.3170731707317073,0.1991101223581757,0.1200000000000001,0.02564102564102555,0.08163265306122458,0.0,0.8666666666666667,0.5493243243243244,15.1,0.5454545454545455,0.9999999999999999,1.0,0.3057036247334754,1.0,0.0,0.0,0.0,0.0,1.0,0.0,1.0,0.0,0.0,0.0,1.0,0.0,0.0,1.0,0.0,0.0,0.0,0.0,0.39682539682539675,0.4196580228739666,0.20558694119432008,0.11186440677966103,0.6114653763578684
0.024390243902439046,0.471635150166852,0.9199999999999999,0.3589743589743595,1.0,0.5,0.9333333333333333,0.9885135135135137,10.1,0.9090909090909091,0.9999999999999999,1.0,0.2433368869936034,0.0,1.0,0.0,1.0,0.0,0.0,1.0,0.0,0.0,0.0,0.0,0.0,0.0,1.0,1.0,0.0,0.0,0.0,0.0,0.41269841269841256,0.8364628662018538,0.9998549480880439,0.22033898305084743,0.937556935486086
0.2439024390243903,0.4983314794215794,0.5800000000000001,0.5641025641025639,0.36734693877551017,0.20833333333333348,0.5666666666666667,0.4878378378378379,28.8,0.36363636363636365,0.6666666666666666,0.5,0.3771321961620468,0.0,1.0,1.0,0.0,0.0,0.0,1.0,0.0,0.0,0.0,0.0,0.0,0.0,1.0,0.0,0.0,1.0,0.0,0.0,0.6507936507936507,0.40071081025414224,0.5629975384007173,0.13559322033898302,0.35057095255985615
0.9268292682926831,0.7741935483870965,0.31999999999999984,0.7179487179487181,0.9387755102040818,0.666666666666667,0.5266666666666666,0.5114864864864865,20.5,0.7272727272727274,0.33333333333333337,0.5,0.7316098081023454,0.0,1.0,1.0,0.0,0.0,0.0,0.0,0.0,0.0,1.0,1.0,0.0,0.0,0.0,0.0,1.0,0.0,0.0,0.0,0.5714285714285712,0.6405638854185423,0.7232663922939866,0.4463276836158192,0.4756719672498866
0.902439024390244,0.5161290322580645,0.54,0.4102564102564106,0.7551020408163267,0.4583333333333335,0.3333333333333333,0.3202702702702703,27.3,0.5909090909090909,0.33333333333333337,0.5,0.4067164179104477,0.0,1.0,0.0,0.0,0.0,1.0,0.0,0.0,0.0,1.0,0.0,0.0,0.0,1.0,0.0,0.0,1.0,0.0,0.0,0.46031746031746024,0.6623800544524476,0.6085293671405749,0.37853107344632764,0.4870507035071562
0.8048780487804879,0.26585094549499433,0.6000000000000001,0.7948717948717947,0.20408163265306145,0.916666666666667,0.38000000000000006,0.21824324324324323,33.7,0.5454545454545455,0.6666666666666666,0.5,0.197228144989339,1.0,0.0,0.0,1.0,0.0,0.0,0.0,0.0,0.0,1.0,0.0,0.0,1.0,0.0,1.0,0.0,0.0,0.0,0.0,0.5238095238095237,0.16082954527071835,0.11587894232301865,0.2033898305084746,0.22545523480645502
0.902439024390244,0.34260289210233585,0.2400000000000002,0.1538461538461542,0.8571428571428572,0.75,0.026666666666666672,0.06148648648648647,26.0,0.13636363636363635,0.33333333333333337,0.0,0.3907249466950959,1.0,0.0,0.0,0.0,1.0,0.0,0.0,0.0,0.0,1.0,0.0,0.0,1.0,0.0,0.0,0.0,1.0,0.0,0.0,0.19047619047619024,0.8419875253917668,0.4869527304844625,0.15254237288135591,0.21957920220672622
0.8048780487804879,0.8375973303670743,0.33999999999999986,0.7435897435897436,0.38775510204081653,0.20833333333333348,0.5866666666666667,0.43716216216216214,24.4,0.4545454545454545,0.33333333333333337,0.5,0.773454157782516,0.0,1.0,0.0,0.0,0.0,1.0,0.0,0.0,0.0,1.0,1.0,0.0,0.0,0.0,0.0,0.0,0.0,1.0,0.0,0.7619047619047619,0.3621942377344396,0.381151258600978,0.3107344632768362,0.33048172793226166
0.4146341463414634,0.17018909899888757,0.1200000000000001,0.6923076923076925,0.38775510204081653,0.25,0.8066666666666666,0.597972972972973,19.8,0.5454545454545455,0.9999999999999999,1.0,0.277185501066098,1.0,0.0,0.0,0.0,1.0,0.0,0.0,1.0,0.0,0.0,0.0,1.0,0.0,0.0,1.0,0.0,0.0,0.0,0.0,0.714285714285714,0.37189947625514197,0.3973999632672942,0.11186440677966103,0.574100985857303
0.7073170731707319,0.3770856507230256,0.6000000000000001,0.3333333333333339,0.40816326530612246,0.0,0.5733333333333335,0.4317567567567568,28.3,1.0,0.33333333333333337,0.0,0.27958422174840075,0.0,1.0,0.0,0.0,1.0,0.0,0.0,0.0,1.0,0.0,0.0,0.0,1.0,0.0,1.0,0.0,0.0,0.0,0.0,0.5873015873015872,0.5135622571263647,0.3920365088389903,0.5819209039548022,0.13393023922869085
0.34146341463414637,0.6373748609566183,0.9199999999999999,0.7435897435897436,0.34693877551020424,0.0,0.5733333333333335,0.4878378378378379,24.9,0.8636363636363636,0.33333333333333337,0.5,0.34674840085287834,0.0,1.0,0.0,1.0,0.0,0.0,0.0,1.0,0.0,0.0,0.0,0.0,0.0,1.0,0.0,0.0,1.0,0.0,0.0,0.841269841269841,0.3607989839585697,0.5486692427914965,0.5141242937853107,0.32975400049749026
0.6341463414634148,0.2269187986651835,0.2999999999999998,0.4102564102564106,1.0,0.16666666666666696,0.5133333333333334,0.44797297297297295,32.6,0.2727272727272728,0.6666666666666666,0.5,0.26305970149253727,1.0,0.0,0.0,1.0,0.0,0.0,0.0,0.0,1.0,0.0,0.0,0.0,1.0,0.0,1.0,0.0,0.0,0.0,0.0,0.5714285714285712,0.8180775249632906,0.566515359239363,0.1016949152542373,0.5682583825507833
0.8048780487804879,0.10344827586206884,0.2200000000000002,0.7948717948717947,0.18367346938775508,0.20833333333333348,0.5733333333333335,0.38175675675675674,28.3,0.6363636363636364,0.0,0.0,0.17857142857142855,0.0,1.0,1.0,0.0,0.0,0.0,0.0,0.0,0.0,1.0,0.0,1.0,0.0,0.0,1.0,0.0,0.0,0.0,0.0,0.7936507936507935,0.2427244932623711,0.2523880472427795,0.7288135593220338,0.06329933517932437
0.902439024390244,0.5761957730812013,0.56,0.12820512820512864,0.6734693877551021,0.625,0.6266666666666667,0.5324324324324325,23.5,0.8636363636363636,0.33333333333333337,0.0,0.4437633262260127,0.0,1.0,1.0,0.0,0.0,0.0,0.0,0.0,0.0,1.0,0.0,0.0,0.0,1.0,0.0,0.0,1.0,0.0,0.0,0.2222222222222221,0.7276639112218322,0.5588388379677973,0.5141242937853107,0.18976511680071778
0.7804878048780488,0.3737486095661845,0.10000000000000009,0.5897435897435903,0.5102040816326534,1.0,0.25999999999999995,0.18783783783783786,33.9,0.2727272727272728,0.33333333333333337,0.0,0.48800639658848605,1.0,0.0,0.0,1.0,0.0,0.0,0.0,0.0,0.0,1.0,0.0,0.0,1.0,0.0,0.0,1.0,0.0,0.0,0.0,0.3650793650793649,0.3975819127572905,0.28979161333080206,0.22033898305084748,0.10368410051496912
0.5609756097560976,0.07897664071190214,0.56,0.12820512820512864,0.5918367346938775,0.625,0.5066666666666666,0.42297297297297304,24.7,0.40909090909090906,0.33333333333333337,0.0,0.06796375266524518,0.0,1.0,0.0,0.0,0.0,1.0,0.0,0.0,1.0,0.0,0.0,1.0,0.0,0.0,0.0,0.0,0.0,0.0,1.0,0.2222222222222221,0.6699128071566074,0.5066429039627787,0.2881355932203389,0.17470439324510523
0.34146341463414637,0.28031145717463846,0.2400000000000002,0.666666666666667,0.16326530612244916,0.541666666666667,0.05333333333333329,0.07094594594594594,25.3,0.8636363636363636,0.0,0.0,0.3336886993603411,0.0,1.0,1.0,0.0,0.0,0.0,0.0,1.0,0.0,0.0,0.0,0.0,1.0,0.0,1.0,0.0,0.0,0.0,0.0,0.5873015873015872,0.22011152508762089,0.4197579648688068,0.8983050847457625,0.05740217238106626
0.7073170731707319,0.5250278086763069,0.2799999999999998,0.4358974358974361,0.9183673469387754,0.0,1.0,0.8993243243243245,15.0,0.9090909090909091,0.6666666666666666,1.0,0.5357142857142858,0.0,1.0,0.0,0.0,1.0,0.0,0.0,0.0,1.0,0.0,0.0,0.0,0.0,1.0,0.0,1.0,0.0,0.0,0.0,0.6507936507936507,0.7644972925547706,0.7111898578275186,0.3389830508474576,0.8812539282399035
1.0,0.6307007786429366,0.41999999999999993,0.5897435897435903,0.6122448979591839,0.5,0.046666666666666634,0.08108108108108109,28.4,0.6363636363636364,0.33333333333333337,0.0,0.5530383795309168,0.0,1.0,0.0,0.0,0.0,1.0,0.0,0.0,0.0,1.0,0.0,0.0,0.0,1.0,0.0,1.0,0.0,0.0,0.0,0.5555555555555554,0.5071596957000648,0.5189715969755175,0.4011299435028248,0.13226053595201542
0.39024390243902446,0.07675194660734141,0.2200000000000002,0.9230769230769234,0.8367346938775513,0.791666666666667,0.3466666666666666,0.35000000000000003,28.6,0.09090909090909094,0.33333333333333337,0.5,0.1537846481876332,1.0,0.0,0.0,0.0,1.0,0.0,0.0,1.0,0.0,0.0,0.0,1.0,0.0,0.0,0.0,0.0,0.0,0.0,1.0,0.6507936507936507,0.5030257584011941,0.6801400917717129,0.12994350282485873,0.4039357210639951
0.09756097560975613,0.35706340378197987,0.2400000000000002,0.5897435897435903,0.06122448979591866,0.375,0.5866666666666667,0.368918918918919,25.1,0.2727272727272728,0.33333333333333337,0.0,0.4037846481876332,1.0,0.0,0.0,1.0,0.0,0.0,1.0,0.0,0.0,0.0,0.0,0.0,1.0,0.0,0.0,0.0,1.0,0.0,0.0,0.603174603174603,0.202315158112368,0.19331231730783793,0.22033898305084748,0.052761115423855476
0.6829268292682928,0.25027808676307006,0.08000000000000007,0.9487179487179489,0.10204081632653095,0.9583333333333335,0.74,0.4074324324324325,18.1,0.5454545454545455,0.6666666666666666,1.0,0.3739339019189765,1.0,0.0,0.0,0.0,1.0,0.0,0.0,0.0,1.0,0.0,0.0,0.0,1.0,0.0,0.0,0.0,1.0,0.0,0.0,0.603174603174603,0.06259474505134033,0.05861027595617996,0.2033898305084746,0.33211324589086194
0.07317073170731708,0.7864293659621802,0.3799999999999999,0.8461538461538467,0.26530612244897966,0.375,0.37333333333333335,0.31891891891891894,27.0,0.5454545454545455,0.33333333333333337,0.0,0.704690831556503,0.0,1.0,0.0,0.0,0.0,1.0,1.0,0.0,0.0,0.0,1.0,0.0,0.0,0.0,0.0,1.0,0.0,0.0,0.0,0.7619047619047619,0.25444964059782615,0.4908087761688953,0.35593220338983056,0.06635709841219131
0.21951219512195125,0.6963292547274749,0.6600000000000001,1.0,0.06122448979591866,0.3333333333333335,0.6066666666666667,0.4398648648648649,26.5,0.9090909090909091,0.33333333333333337,0.5,0.48827292110874193,0.0,1.0,0.0,1.0,0.0,0.0,1.0,0.0,0.0,0.0,1.0,0.0,0.0,0.0,0.0,1.0,0.0,0.0,0.0,0.873015873015873,0.12271085658114422,0.3508406141875493,0.536723163841808,0.205573535851999
0.39024390243902446,0.27030033370411555,0.2400000000000002,0.3589743589743595,0.5102040816326534,0.5,0.8400000000000001,0.6574324324324325,19.8,0.5454545454545455,0.9999999999999999,1.0,0.32462686567164173,1.0,0.0,0.0,0.0,0.0,1.0,0.0,1.0,0.0,0.0,0.0,0.0,1.0,0.0,1.0,0.0,0.0,0.0,0.0,0.41269841269841256,0.5270819515667211,0.4750707292475478,0.11186440677966103,0.6955095926280275
0.21951219512195125,0.45272525027808674,0.2200000000000002,0.2564102564102564,0.9387755102040818,0.08333333333333348,0.8333333333333333,0.875,14.3,0.9090909090909091,0.6666666666666666,1.0,0.5013326226012793,0.0,1.0,0.0,0.0,1.0,0.0,1.0,0.0,0.0,0.0,0.0,0.0,0.0,1.0,0.0,1.0,0.0,0.0,0.0,0.5079365079365079,0.8519756098029092,0.9579416800857803,0.3389830508474576,0.9496934901067935
0.39024390243902446,0.8375973303670743,0.6200000000000001,0.5384615384615383,0.9591836734693877,0.7083333333333335,0.5733333333333335,0.6391891891891892,24.5,0.31818181818181823,0.0,0.0,0.6095415778251598,0.0,1.0,0.0,0.0,0.0,1.0,0.0,1.0,0.0,0.0,1.0,0.0,0.0,0.0,0.0,1.0,0.0,0.0,0.0,0.4444444444444442,0.7236112021646233,0.971388910325971,0.4915254237288136,0.1887082239196221
0.4634146341463415,0.5317018909899888,0.3799999999999999,0.5897435897435903,0.7755102040816326,0.791666666666667,0.8733333333333333,0.8581081081081081,10.3,0.9090909090909091,0.9999999999999999,1.0,0.49093816631130055,0.0,1.0,0.0,1.0,0.0,0.0,0.0,1.0,0.0,0.0,0.0,0.0,0.0,1.0,0.0,1.0,0.0,0.0,0.0,0.4444444444444442,0.5842993283230724,0.844804471604186,0.22033898305084743,0.7402741962413965
0.5609756097560976,0.3815350389321467,0.2200000000000002,0.0,0.3265306122448983,0.04166666666666696,0.37333333333333335,0.2777027027027027,24.8,0.9090909090909091,0.6666666666666666,0.5,0.435501066098081,0.0,1.0,0.0,0.0,1.0,0.0,0.0,0.0,1.0,0.0,0.0,0.0,1.0,0.0,0.0,0.0,1.0,0.0,0.0,0.3650793650793649,0.58302123773737,0.3431132589070185,0.3389830508474576,0.44565924547039104
0.09756097560975613,0.4282536151279198,0.3999999999999999,0.4358974358974361,0.36734693877551017,0.666666666666667,0.5733333333333335,0.4290540540540541,31.9,0.2727272727272728,0.6666666666666666,0.5,0.39552238805970147,1.0,0.0,0.0,0.0,1.0,0.0,1.0,0.0,0.0,0.0,0.0,0.0,1.0,0.0,0.0,0.0,1.0,0.0,0.0,0.39682539682539675,0.3936440120337754,0.38448794334730296,0.1016949152542373,0.346885097678189
0.8048780487804879,0.41490545050055605,0.16000000000000014,0.28205128205128194,0.9795918367346941,0.75,0.3133333333333333,0.29054054054054057,31.1,0.2272727272727273,0.0,0.0,0.49680170575692967,1.0,0.0,1.0,0.0,0.0,0.0,0.0,0.0,0.0,1.0,0.0,0.0,1.0,0.0,0.0,1.0,0.0,0.0,0.0,0.26984126984126977,0.8588654486127312,0.5537859250706556,0.423728813559322,0.2239807411891967
0.12195121951219517,0.27252502780867627,0.3999999999999999,0.6923076923076925,0.10204081632653095,0.916666666666667,0.006666666666666654,0.010810810810810811,30.4,0.09090909090909094,0.0,0.0,0.26652452025586354,1.0,0.0,1.0,0.0,0.0,0.0,1.0,0.0,0.0,0.0,0.0,0.0,1.0,0.0,1.0,0.0,0.0,0.0,0.0,0.46031746031746024,0.12253277732099865,0.21967759677880272,0.32203389830508466,0.03195492650060397
0.024390243902439046,0.3559510567296996,0.8799999999999999,1.0,0.5714285714285716,0.5,0.4466666666666666,0.4385135135135136,24.7,0.7727272727272728,0.33333333333333337,0.5,0.18150319829424305,0.0,1.0,0.0,0.0,0.0,1.0,1.0,0.0,0.0,0.0,0.0,0.0,1.0,0.0,1.0,0.0,0.0,0.0,0.0,0.8095238095238093,0.36345256879588905,0.7026567529392238,0.4689265536723164,0.3311380401037667
0.2926829268292683,0.421579532814238,0.54,0.1538461538461542,0.20408163265306145,0.5,0.6066666666666667,0.4141891891891892,27.9,0.5000000000000001,0.6666666666666666,0.5,0.3344882729211088,1.0,0.0,1.0,0.0,0.0,0.0,0.0,1.0,0.0,0.0,0.0,0.0,1.0,0.0,1.0,0.0,0.0,0.0,0.0,0.2857142857142856,0.4011480536222921,0.28167219847648806,0.1864406779661017,0.35079900712611317
0.2439024390243903,0.3292547274749721,0.16000000000000014,0.5641025641025639,0.30612244897959195,0.0,0.6599999999999999,0.47500000000000003,27.8,0.2272727272727273,0.33333333333333337,0.5,0.41471215351812357,1.0,0.0,1.0,0.0,0.0,0.0,1.0,0.0,0.0,0.0,0.0,0.0,1.0,0.0,0.0,0.0,1.0,0.0,0.0,0.7301587301587298,0.3868448955641798,0.34717573875248786,0.19774011299435024,0.34333885851173634
0.5365853658536586,0.32146829810901,0.98,0.5128205128205128,0.5918367346938775,0.04166666666666696,0.4399999999999999,0.43783783783783786,25.0,0.40909090909090906,0.6666666666666666,0.5,0.1353944562899786,0.0,1.0,1.0,0.0,0.0,0.0,0.0,0.0,1.0,0.0,0.0,0.0,1.0,0.0,0.0,0.0,0.0,0.0,1.0,0.6825396825396823,0.5539629160489081,0.7184468925140097,0.15254237288135591,0.43050319410050863
0.3658536585365854,0.06562847608453837,0.7799999999999998,0.8461538461538467,0.48979591836734704,0.0,0.6333333333333333,0.570945945945946,21.6,0.6363636363636364,0.33333333333333337,0.5,0.014125799573560749,0.0,1.0,1.0,0.0,0.0,0.0,0.0,1.0,0.0,0.0,0.0,1.0,0.0,0.0,0.0,0.0,0.0,0.0,1.0,0.9047619047619047,0.4061962270545668,0.6463190477641312,0.4011299435028248,0.35343200075471676
0.7317073170731709,0.3136818687430478,0.3799999999999999,0.2564102564102564,0.795918367346939,0.9583333333333335,0.16666666666666669,0.1581081081081081,28.4,0.4545454545454545,0.33333333333333337,0.0,0.30810234541577813,1.0,0.0,0.0,1.0,0.0,0.0,0.0,0.0,1.0,0.0,0.0,0.0,1.0,0.0,1.0,0.0,0.0,0.0,0.0,0.17460317460317443,0.7371898665315599,0.4519721188429855,0.3107344632768362,0.19224935986143732
0.2439024390243903,0.4404894327030032,0.18000000000000016,0.5384615384615383,0.20408163265306145,0.16666666666666696,0.6599999999999999,0.4493243243243243,28.2,0.0,0.33333333333333337,0.5,0.5109275053304903,1.0,0.0,0.0,1.0,0.0,0.0,1.0,0.0,0.0,0.0,0.0,0.0,1.0,0.0,0.0,1.0,0.0,0.0,0.0,0.6507936507936507,0.3211325172508799,0.28172106348228865,0.0847457627118644,0.30906502150108156
0.3658536585365854,0.15127919911012233,0.040000000000000036,0.8717948717948723,0.12244897959183687,0.9583333333333335,0.3466666666666666,0.22972972972972971,30.9,0.36363636363636365,0.0,0.0,0.28997867803837946,1.0,0.0,1.0,0.0,0.0,0.0,0.0,1.0,0.0,0.0,0.0,1.0,0.0,0.0,1.0,0.0,0.0,0.0,0.0,0.5555555555555554,0.0895380753936873,0.23225853926494766,0.5254237288135593,0.023350344950685192
0.17073170731707316,0.1968854282536151,0.16000000000000014,0.7179487179487181,0.5102040816326534,0.08333333333333348,0.5733333333333335,0.46148648648648655,25.7,0.31818181818181823,0.33333333333333337,0.5,0.2875799573560767,1.0,0.0,0.0,0.0,0.0,1.0,1.0,0.0,0.0,0.0,0.0,1.0,0.0,0.0,1.0,0.0,0.0,0.0,0.0,0.7936507936507935,0.4444287170195901,0.4750707292475478,0.24293785310734467,0.3733730554419351
0.07317073170731708,0.38042269187986644,0.8599999999999999,0.6923076923076925,0.4285714285714288,0.25,0.5466666666666666,0.4871621621621622,28.3,0.4545454545454545,0.33333333333333337,0.5,0.20255863539445634,0.0,1.0,0.0,1.0,0.0,0.0,1.0,0.0,0.0,0.0,0.0,0.0,1.0,0.0,1.0,0.0,0.0,0.0,0.0,0.714285714285714,0.3939418823869072,0.6053406700813593,0.3107344632768362,0.34704045896925156
0.9512195121951221,0.271412680756396,0.1200000000000001,0.4358974358974361,0.48979591836734704,0.9583333333333335,0.6799999999999999,0.4608108108108108,17.8,0.5454545454545455,0.9999999999999999,1.0,0.376865671641791,1.0,0.0,1.0,0.0,0.0,0.0,0.0,0.0,0.0,1.0,0.0,0.0,1.0,0.0,0.0,0.0,1.0,0.0,0.0,0.2857142857142856,0.44279548443856,0.27751682447168524,0.11186440677966103,0.6295672075545181
0.07317073170731708,0.16573971078976635,0.56,0.3333333333333339,0.36734693877551017,0.875,0.03333333333333338,0.05202702702702705,31.7,0.2272727272727273,0.0,0.0,0.13352878464818757,1.0,0.0,0.0,1.0,0.0,0.0,1.0,0.0,0.0,0.0,0.0,1.0,0.0,0.0,0.0,0.0,0.0,0.0,1.0,0.25396825396825395,0.405503340505039,0.3875759928666298,0.423728813559322,0.10574990402480086
0.5853658536585367,0.114571746384872,0.2799999999999998,0.4358974358974361,0.6122448979591839,0.5,0.08666666666666667,0.11148648648648646,27.0,0.40909090909090906,0.33333333333333337,0.0,0.17004264392324087,0.0,1.0,0.0,0.0,1.0,0.0,0.0,0.0,1.0,0.0,0.0,1.0,0.0,0.0,1.0,0.0,0.0,0.0,0.0,0.46031746031746024,0.5619433517303176,0.5209013054470764,0.2881355932203389,0.1465473883367862
0.04878048780487804,0.0723025583982202,0.3599999999999999,0.6923076923076925,0.5102040816326534,0.916666666666667,0.2733333333333334,0.2412162162162162,27.9,0.40909090909090906,0.0,0.0,0.1108742004264392,1.0,0.0,0.0,1.0,0.0,0.0,1.0,0.0,0.0,0.0,0.0,1.0,0.0,0.0,0.0,0.0,0.0,0.0,1.0,0.46031746031746024,0.3736245341263237,0.4757758150352329,0.559322033898305,0.09743633326413667
0.7560975609756098,0.19799777530589535,0.98,0.5897435897435903,0.8367346938775513,0.7083333333333335,0.2866666666666667,0.295945945945946,24.7,0.7272727272727274,0.33333333333333337,0.0,0.060767590618336864,0.0,1.0,0.0,1.0,0.0,0.0,0.0,0.0,1.0,0.0,0.0,1.0,0.0,0.0,0.0,0.0,0.0,0.0,1.0,0.47619047619047605,0.6270973334530785,0.6592800774559755,0.4463276836158192,0.16353868440215114
0.04878048780487804,0.4783092324805338,0.6000000000000001,0.17948717948717974,0.8163265306122449,0.9583333333333335,0.1933333333333333,0.2648648648648649,29.6,0.6363636363636364,0.0,0.0,0.35447761194029853,0.0,1.0,0.0,0.0,0.0,1.0,1.0,0.0,0.0,0.0,0.0,0.0,0.0,1.0,0.0,0.0,1.0,0.0,0.0,0.12698412698412698,0.793401870104588,0.8722303807183989,0.7288135593220338,0.20690870637997882
0.6341463414634148,0.47274749721913223,0.5800000000000001,0.17948717948717974,0.7142857142857144,0.8333333333333335,0.6733333333333333,0.5783783783783785,13.8,0.9090909090909091,0.9999999999999999,1.0,0.3579424307036247,0.0,1.0,0.0,1.0,0.0,0.0,0.0,0.0,1.0,0.0,0.0,0.0,0.0,1.0,0.0,0.0,1.0,0.0,0.0,0.17460317460317443,0.7223055613601101,0.5842749763772854,0.22033898305084743,0.8482447930827044
0.6829268292682928,0.2947719688542825,0.45999999999999996,0.07692307692307754,0.44897959183673475,0.25,0.4066666666666667,0.27432432432432435,34.7,0.2272727272727273,0.33333333333333337,0.0,0.2638592750533048,1.0,0.0,0.0,0.0,0.0,1.0,0.0,0.0,1.0,0.0,0.0,0.0,1.0,0.0,1.0,0.0,0.0,0.0,0.0,0.33333333333333326,0.6175590025367306,0.253680144038654,0.19774011299435024,0.1610512139470266
0.7560975609756098,0.335928809788654,0.33999999999999986,0.666666666666667,0.9387755102040818,0.0,0.2866666666666667,0.2648648648648649,32.5,0.13636363636363635,0.33333333333333337,0.0,0.34248400852878463,1.0,0.0,0.0,0.0,1.0,0.0,0.0,0.0,1.0,0.0,0.0,0.0,1.0,0.0,0.0,0.0,1.0,0.0,0.0,0.7936507936507935,0.6885969878835918,0.5323343094022275,0.15254237288135591,0.1795769802778034
0.43902439024390244,0.911012235817575,0.8599999999999999,0.8974358974358978,0.24489795918367374,0.16666666666666696,0.6599999999999999,0.5263513513513514,21.8,0.8636363636363636,0.33333333333333337,0.5,0.5439765458422174,0.0,1.0,1.0,0.0,0.0,0.0,0.0,1.0,0.0,0.0,1.0,0.0,0.0,0.0,0.0,1.0,0.0,0.0,0.0,0.873015873015873,0.25582510353999566,0.47808508929288607,0.5141242937853107,0.27500240330695036
0.48780487804878053,0.3370411568409343,0.040000000000000036,0.10256410256410309,0.48979591836734704,0.666666666666667,0.4599999999999999,0.37432432432432433,25.6,0.2272727272727273,0.6666666666666666,0.5,0.4826759061833688,1.0,0.0,0.0,0.0,0.0,1.0,0.0,1.0,0.0,0.0,0.0,0.0,1.0,0.0,0.0,1.0,0.0,0.0,0.0,0.19047619047619024,0.6062687332888086,0.46266951451120497,0.0847457627118644,0.45778452374957734
0.09756097560975613,0.0033370411568408587,0.1200000000000001,0.8205128205128212,0.020408163265306367,0.29166666666666696,0.6333333333333333,0.3878378378378378,30.8,0.2727272727272728,0.6666666666666666,0.5,0.1130063965884861,1.0,0.0,0.0,1.0,0.0,0.0,1.0,0.0,0.0,0.0,0.0,1.0,0.0,0.0,0.0,0.0,0.0,0.0,1.0,0.7777777777777777,0.14159715144881035,0.16664675507168658,0.1016949152542373,0.21542412730287247
0.4146341463414634,0.6829810901001112,0.52,0.8461538461538467,0.020408163265306367,0.5833333333333335,0.22666666666666663,0.17297297297297298,23.6,0.6363636363636364,0.0,0.0,0.5442430703624734,0.0,1.0,0.0,1.0,0.0,0.0,0.0,1.0,0.0,0.0,1.0,0.0,0.0,0.0,0.0,1.0,0.0,0.0,0.0,0.6825396825396823,0.09508786436785843,0.3223021419157861,0.7288135593220338,0.024797656459008527
0.6585365853658538,0.436040044493882,0.8999999999999999,0.7435897435897436,0.30612244897959195,0.791666666666667,0.6466666666666667,0.45878378378378376,22.8,0.5909090909090909,0.33333333333333337,0.5,0.2268123667377398,0.0,1.0,0.0,0.0,0.0,1.0,0.0,0.0,1.0,0.0,0.0,0.0,1.0,0.0,1.0,0.0,0.0,0.0,0.0,0.5396825396825395,0.2512173026837278,0.3288493670871473,0.37853107344632764,0.2725990963565867
1.0,0.3982202447163514,0.54,0.17948717948717974,0.16326530612244916,0.125,0.6399999999999999,0.3635135135135135,33.1,0.13636363636363635,0.33333333333333337,0.0,0.31636460554371,1.0,0.0,0.0,0.0,1.0,0.0,0.0,0.0,0.0,1.0,0.0,0.0,1.0,0.0,1.0,0.0,0.0,0.0,0.0,0.4444444444444442,0.4069933070701893,0.09273071684326206,0.15254237288135591,0.1061384675840272
0.5121951219512195,0.35261401557285865,0.7599999999999998,0.9743589743589745,0.5510204081632653,0.04166666666666696,0.03333333333333338,0.09594594594594597,23.7,0.31818181818181823,0.0,0.0,0.21242004264392317,0.0,1.0,1.0,0.0,0.0,0.0,0.0,1.0,0.0,0.0,0.0,0.0,1.0,0.0,1.0,0.0,0.0,0.0,0.0,0.9682539682539679,0.4000147901987201,0.6908910789871456,0.4915254237288136,0.10431856275050794
0.48780487804878053,0.1968854282536151,0.1200000000000001,0.6410256410256414,0.24489795918367374,0.16666666666666696,0.76,0.5263513513513514,16.6,0.5454545454545455,0.9999999999999999,1.0,0.30357142857142855,1.0,0.0,0.0,1.0,0.0,0.0,0.0,1.0,0.0,0.0,0.0,1.0,0.0,0.0,1.0,0.0,0.0,0.0,0.0,0.714285714285714,0.31679346092572913,0.3076214532795143,0.11186440677966103,0.5309882275874198
0.12195121951219517,0.082313681868743,0.20000000000000018,0.9230769230769234,0.6938775510204085,0.0,0.17333333333333328,0.19054054054054054,33.5,0.045454545454545525,0.33333333333333337,0.0,0.16524520255863534,1.0,0.0,0.0,0.0,1.0,0.0,1.0,0.0,0.0,0.0,0.0,1.0,0.0,0.0,1.0,0.0,0.0,0.0,0.0,0.9523809523809521,0.48558394075664335,0.5898883833053139,0.10734463276836159,0.12663386463609538
0.0,0.19132369299221352,0.5,0.8461538461538467,0.8163265306122449,1.0,0.5266666666666666,0.49256756756756753,33.5,0.40909090909090906,0.33333333333333337,0.5,0.16950959488272915,1.0,0.0,1.0,0.0,0.0,0.0,1.0,0.0,0.0,0.0,0.0,1.0,0.0,0.0,1.0,0.0,0.0,0.0,0.0,0.5238095238095237,0.5005419221249818,0.6675591492855675,0.2881355932203389,0.4026402178136611
0.09756097560975613,0.053392658509454904,0.43999999999999995,0.1538461538461542,0.24489795918367374,0.16666666666666696,0.6533333333333333,0.4554054054054055,28.6,0.13636363636363635,0.6666666666666666,0.5,0.0751599147121535,1.0,0.0,1.0,0.0,0.0,0.0,1.0,0.0,0.0,0.0,0.0,1.0,0.0,0.0,0.0,0.0,0.0,0.0,1.0,0.41269841269841256,0.4626275943510685,0.3085942578633145,0.050847457627118675,0.3828651081030354
0.9756097560975612,0.5583982202447162,0.43999999999999995,1.0,0.6122448979591839,0.20833333333333348,0.26666666666666666,0.24662162162162166,28.3,0.2727272727272728,0.0,0.0,0.484275053304904,0.0,1.0,0.0,1.0,0.0,0.0,0.0,0.0,0.0,1.0,0.0,0.0,0.0,1.0,0.0,1.0,0.0,0.0,0.0,0.9206349206349205,0.40963178952930956,0.5192717738488708,0.4576271186440678,0.1068265488868238
0.26829268292682934,0.49944382647385976,0.43999999999999995,0.6923076923076925,0.40816326530612246,0.04166666666666696,0.8600000000000001,0.7263513513513513,14.3,0.9090909090909091,0.6666666666666666,1.0,0.4365671641791044,0.0,1.0,0.0,0.0,0.0,1.0,1.0,0.0,0.0,0.0,0.0,0.0,0.0,1.0,0.0,0.0,1.0,0.0,0.0,0.7936507936507935,0.4019646699128071,0.5901336395496044,0.3389830508474576,0.5976227995604304
0.6097560975609757,0.6195773081201335,0.54,0.9743589743589745,0.6326530612244898,0.0,0.38666666666666666,0.34054054054054056,24.2,0.8636363636363636,0.33333333333333337,0.0,0.4858742004264392,0.0,1.0,0.0,1.0,0.0,0.0,0.0,0.0,1.0,0.0,0.0,0.0,0.0,1.0,0.0,1.0,0.0,0.0,0.0,0.9841269841269837,0.4424202823591341,0.5321043351847388,0.5141242937853107,0.11537735383346948
0.8048780487804879,0.21134593993325912,0.2999999999999998,0.9743589743589745,0.6734693877551021,0.125,0.4799999999999999,0.41959459459459464,20.7,0.36363636363636365,0.33333333333333337,0.5,0.2492004264392324,0.0,1.0,0.0,1.0,0.0,0.0,0.0,0.0,0.0,1.0,0.0,1.0,0.0,0.0,1.0,0.0,0.0,0.0,0.0,0.9365079365079363,0.4528483125666246,0.5581668231437422,0.2655367231638418,0.3777644935983637
0.3170731707317073,0.22803114571746375,0.54,0.6923076923076925,0.14285714285714324,0.25,0.8133333333333332,0.5331081081081082,15.0,0.5454545454545455,0.6666666666666666,1.0,0.18630063965884852,1.0,0.0,0.0,1.0,0.0,0.0,0.0,1.0,0.0,0.0,0.0,0.0,1.0,0.0,1.0,0.0,0.0,0.0,0.0,0.714285714285714,0.23964503946455107,0.2437861935429506,0.2033898305084746,0.4706303660095833
0.6097560975609757,0.15350389321468294,0.43999999999999995,0.3333333333333339,0.8163265306122449,0.875,0.35333333333333333,0.2966216216216216,30.2,0.36363636363636365,0.6666666666666666,0.5,0.15644989339019189,1.0,0.0,0.0,0.0,1.0,0.0,0.0,0.0,1.0,0.0,0.0,1.0,0.0,0.0,0.0,0.0,0.0,0.0,1.0,0.25396825396825395,0.7169063526214472,0.46323487170475697,0.13559322033898302,0.5154901772289651
0.6341463414634148,0.518353726362625,0.94,0.9487179487179489,0.9591836734693877,0.0,0.7733333333333332,0.7222972972972974,11.7,0.9090909090909091,0.9999999999999999,1.0,0.26625799573560766,0.0,1.0,0.0,0.0,0.0,1.0,0.0,0.0,1.0,0.0,0.0,0.0,0.0,1.0,1.0,0.0,0.0,0.0,0.0,0.9682539682539679,0.6062687332888086,0.7355871852829401,0.22033898305084743,0.7574621863357447
0.1951219512195122,0.36484983314794206,0.33999999999999986,0.07692307692307754,0.020408163265306367,0.0,0.5800000000000001,0.3554054054054054,35.0,0.18181818181818177,0.0,0.0,0.36727078891257997,1.0,0.0,0.0,0.0,1.0,0.0,1.0,0.0,0.0,0.0,0.0,0.0,1.0,0.0,0.0,0.0,1.0,0.0,0.0,0.4285714285714284,0.3642919201565682,0.16737026217947237,0.38983050847457623,0.09500251106584606
0.6097560975609757,0.29254727474972186,0.54,0.4358974358974361,0.7551020408163267,0.29166666666666696,0.6533333333333333,0.5020270270270271,32.7,0.09090909090909094,0.6666666666666666,0.5,0.2356076759061833,1.0,0.0,0.0,1.0,0.0,0.0,0.0,0.0,1.0,0.0,0.0,0.0,1.0,0.0,1.0,0.0,0.0,0.0,0.0,0.5396825396825395,0.6602876231457366,0.4282492216707323,0.03389830508474573,0.4859593467277641
0.5121951219512195,0.17797552836484976,0.20000000000000018,0.6153846153846159,0.6326530612244898,0.791666666666667,0.25999999999999995,0.24932432432432433,32.6,0.2272727272727273,0.0,0.0,0.25453091684434964,1.0,0.0,0.0,0.0,0.0,1.0,0.0,1.0,0.0,0.0,0.0,1.0,0.0,0.0,1.0,0.0,0.0,0.0,0.0,0.46031746031746024,0.48661582468872,0.5522102833451812,0.423728813559322,0.12690296630772635
0.7073170731707319,0.06562847608453837,0.8599999999999999,0.1538461538461542,0.795918367346939,0.625,0.5266666666666666,0.4810810810810811,29.6,0.2272727272727273,0.33333333333333337,0.5,0.0,0.0,1.0,1.0,0.0,0.0,0.0,0.0,0.0,1.0,0.0,0.0,1.0,0.0,0.0,0.0,0.0,0.0,0.0,1.0,0.23809523809523792,0.8008534292450873,0.6337368946018842,0.19774011299435024,0.5592747501750527
0.39024390243902446,0.5339265850945494,0.2799999999999998,0.9487179487179489,0.5510204081632653,0.8333333333333335,0.9333333333333333,0.8331081081081082,14.4,0.9090909090909091,0.6666666666666666,1.0,0.5437100213219614,0.0,1.0,0.0,0.0,0.0,1.0,0.0,1.0,0.0,0.0,0.0,0.0,0.0,1.0,0.0,1.0,0.0,0.0,0.0,0.6507936507936507,0.3325008448227744,0.6891718841670296,0.3389830508474576,0.5432770610470243
0.6097560975609757,0.6006674082313681,0.5800000000000001,0.6923076923076925,0.7346938775510203,0.5,0.54,0.47905405405405405,23.2,0.8636363636363636,0.0,0.0,0.45362473347547966,0.0,1.0,0.0,1.0,0.0,0.0,0.0,0.0,1.0,0.0,0.0,0.0,0.0,1.0,0.0,0.0,1.0,0.0,0.0,0.6190476190476188,0.542860378213113,0.5970290411800336,0.8983050847457625,0.14157080142275769
0.853658536585366,0.052280311457174655,0.5800000000000001,0.10256410256410309,0.8163265306122449,0.916666666666667,0.56,0.44729729729729734,26.7,0.2727272727272728,0.33333333333333337,0.5,0.04344349680170573,1.0,0.0,0.0,0.0,0.0,1.0,0.0,0.0,0.0,1.0,0.0,1.0,0.0,0.0,0.0,0.0,0.0,0.0,1.0,0.09523809523809512,0.8381442842161753,0.4626212294440939,0.22033898305084748,0.578724672976102
0.0,0.25806451612903225,0.2599999999999998,0.0512820512820511,0.0,0.9583333333333335,0.10666666666666669,0.08986486486486484,27.5,0.31818181818181823,0.33333333333333337,0.0,0.3057036247334754,0.0,1.0,1.0,0.0,0.0,0.0,1.0,0.0,0.0,0.0,0.0,0.0,1.0,0.0,1.0,0.0,0.0,0.0,0.0,0.04761904761904745,0.2195839732097984,0.3098028938613693,0.24293785310734467,0.05726459383392446
0.17073170731707316,0.618464961067853,0.7999999999999998,0.7692307692307692,0.8163265306122449,0.916666666666667,0.6466666666666667,0.6695945945945947,23.8,0.40909090909090906,0.6666666666666666,0.5,0.3773987206823028,0.0,1.0,1.0,0.0,0.0,0.0,1.0,0.0,0.0,0.0,0.0,0.0,0.0,1.0,0.0,0.0,1.0,0.0,0.0,0.5079365079365079,0.5338551213080269,0.8735785013444006,0.15254237288135591,0.4200155006509295
0.8292682926829269,0.08676307007786421,0.7200000000000002,0.4871794871794872,0.18367346938775508,0.7083333333333335,0.34,0.2310810810810811,24.7,0.5909090909090909,0.33333333333333337,0.5,0.03997867803837951,0.0,1.0,0.0,0.0,0.0,1.0,0.0,0.0,0.0,1.0,0.0,1.0,0.0,0.0,0.0,0.0,0.0,0.0,1.0,0.41269841269841256,0.25637365126098,0.253359644781314,0.37853107344632764,0.27528851127723175
0.34146341463414637,0.503893214682981,0.2799999999999998,0.4615384615384617,0.06122448979591866,0.791666666666667,0.8466666666666667,0.604054054054054,13.2,0.9090909090909091,0.6666666666666666,1.0,0.5167910447761195,0.0,1.0,1.0,0.0,0.0,0.0,0.0,1.0,0.0,0.0,0.0,0.0,0.0,1.0,0.0,1.0,0.0,0.0,0.0,0.3650793650793649,0.17240558956719398,0.35000763148273273,0.3389830508474576,0.41802489032247814
0.5121951219512195,0.2191323692992213,0.6600000000000001,0.2564102564102564,0.6938775510204085,0.375,0.5666666666666667,0.5675675675675675,29.1,0.36363636363636365,0.6666666666666666,0.5,0.14685501066098072,0.0,1.0,0.0,0.0,1.0,0.0,0.0,1.0,0.0,0.0,0.0,1.0,0.0,0.0,0.0,0.0,0.0,0.0,1.0,0.39682539682539675,0.6928051366959758,0.7873297217536688,0.13559322033898302,0.5029196210021024
0.3170731707317073,0.335928809788654,0.96,1.0,0.18367346938775508,0.4583333333333335,0.13999999999999996,0.1358108108108108,24.2,0.4545454545454545,0.0,0.0,0.14898720682302768,0.0,1.0,0.0,0.0,0.0,1.0,0.0,1.0,0.0,0.0,0.0,0.0,1.0,0.0,0.0,0.0,0.0,0.0,1.0,0.8253968253968251,0.16856626606864156,0.4362115646389335,0.5932203389830508,0.04395985107391831
0.6097560975609757,0.3637374860956618,0.6000000000000001,0.0512820512820511,0.9387755102040818,0.0,0.1933333333333333,0.19391891891891894,32.8,0.2727272727272728,0.33333333333333337,0.0,0.2697228144989339,1.0,0.0,1.0,0.0,0.0,0.0,0.0,0.0,1.0,0.0,0.0,0.0,1.0,0.0,1.0,0.0,0.0,0.0,0.0,0.41269841269841256,0.9524807091900287,0.5311116616636802,0.22033898305084748,0.24839436207078086
0.6585365853658538,0.11568409343715236,0.5800000000000001,0.5641025641025639,0.20408163265306145,0.375,0.15999999999999998,0.08783783783783783,27.7,0.4545454545454545,0.0,0.0,0.09088486140724944,1.0,0.0,1.0,0.0,0.0,0.0,0.0,0.0,1.0,0.0,0.0,1.0,0.0,0.0,0.0,0.0,0.0,0.0,1.0,0.5873015873015872,0.2905397007769195,0.1161058378252946,0.5932203389830508,0.07576890842449618
0.5365853658536586,0.4638487208008898,0.48,0.1538461538461542,0.26530612244897966,0.3333333333333335,0.2733333333333334,0.24527027027027026,27.0,0.5454545454545455,0.0,0.0,0.39099147121535177,0.0,1.0,0.0,0.0,0.0,1.0,0.0,0.0,1.0,0.0,0.0,0.0,0.0,1.0,0.0,0.0,1.0,0.0,0.0,0.3492063492063491,0.4597629562525949,0.4926978739396741,0.6610169491525424,0.11990009363995968
0.3170731707317073,0.10344827586206884,0.2400000000000002,0.5641025641025639,0.7551020408163267,0.08333333333333348,0.040000000000000036,0.12229729729729727,20.0,0.7727272727272728,0.0,0.0,0.17244136460554366,0.0,1.0,0.0,0.0,1.0,0.0,0.0,1.0,0.0,0.0,0.0,1.0,0.0,0.0,1.0,0.0,0.0,0.0,0.0,0.6984126984126982,0.6232676846423875,0.8325492236038701,0.8305084745762712,0.16253996268095666
0.5609756097560976,0.24360400444938812,0.2799999999999998,0.1538461538461542,0.22448979591836737,0.75,0.9533333333333334,0.5641891891891893,19.4,0.5454545454545455,0.6666666666666666,1.0,0.2849147121535181,1.0,0.0,0.0,0.0,0.0,1.0,0.0,0.0,1.0,0.0,0.0,0.0,1.0,0.0,1.0,0.0,0.0,0.0,0.0,0.19047619047619024,0.38528236569228536,0.12766071380759847,0.2033898305084746,0.5845712271514175
0.024390243902439046,0.10122358175750834,0.3599999999999999,0.8461538461538467,0.8979591836734695,0.3333333333333335,0.6133333333333333,0.5817567567567568,25.3,0.5000000000000001,0.6666666666666666,0.5,0.1353944562899786,1.0,0.0,1.0,0.0,0.0,0.0,1.0,0.0,0.0,0.0,0.0,1.0,0.0,0.0,0.0,0.0,0.0,0.0,1.0,0.7777777777777777,0.5907724052894474,0.718166433427019,0.1864406779661017,0.4497020492790672
0.6097560975609757,0.2947719688542825,0.6600000000000001,0.4615384615384617,0.3265306122448983,0.375,0.4066666666666667,0.3,27.1,0.40909090909090906,0.33333333333333337,0.5,0.20095948827292104,0.0,1.0,0.0,0.0,0.0,1.0,0.0,0.0,1.0,0.0,0.0,0.0,1.0,0.0,1.0,0.0,0.0,0.0,0.0,0.5238095238095237,0.3913486581361114,0.34154272615811054,0.2881355932203389,0.34568790184705916
0.3170731707317073,0.39488320355951045,0.8599999999999999,0.2051282051282053,0.30612244897959195,0.75,0.06666666666666665,0.09662162162162163,20.5,0.8636363636363636,0.0,0.0,0.2118869936034115,0.0,1.0,1.0,0.0,0.0,0.0,0.0,1.0,0.0,0.0,0.0,0.0,1.0,0.0,1.0,0.0,0.0,0.0,0.0,0.2222222222222221,0.4244706148794021,0.5221234541457305,0.8983050847457625,0.11069631813375203
0.14634146341463422,0.5361512791991101,0.5800000000000001,0.4358974358974361,0.6938775510204085,0.625,0.8400000000000001,0.8027027027027027,11.3,0.9090909090909091,0.6666666666666666,1.0,0.4053837953091684,0.0,1.0,0.0,1.0,0.0,0.0,1.0,0.0,0.0,0.0,0.0,0.0,0.0,1.0,0.0,0.0,1.0,0.0,0.0,0.41269841269841256,0.6044271802255041,0.7885935346125044,0.3389830508474576,0.756021428342542
0.04878048780487804,0.38709677419354827,0.5,0.6153846153846159,0.020408163265306367,0.9583333333333335,0.5533333333333335,0.3932432432432433,25.0,0.818181818181818,0.33333333333333337,0.5,0.3224946695095949,0.0,1.0,0.0,0.0,0.0,1.0,1.0,0.0,0.0,0.0,0.0,0.0,1.0,0.0,1.0,0.0,0.0,0.0,0.0,0.39682539682539675,0.08147588195147926,0.3221413328764895,0.49152542372881347,0.18406646464454007
0.5365853658536586,0.35817575083426023,0.20000000000000018,0.3333333333333339,0.20408163265306145,0.7083333333333335,0.24666666666666665,0.17770270270270272,29.2,0.18181818181818177,0.33333333333333337,0.0,0.4232409381663112,1.0,0.0,0.0,0.0,0.0,1.0,0.0,0.0,1.0,0.0,0.0,0.0,1.0,0.0,0.0,0.0,1.0,0.0,0.0,0.3174603174603172,0.31523385671829285,0.2840573162596278,0.1751412429378531,0.08220881744601324
0.4146341463414634,0.2536151279199109,0.2599999999999998,0.6153846153846159,0.8163265306122449,0.541666666666667,0.6066666666666667,0.6337837837837839,21.9,1.0,0.6666666666666666,0.5,0.30170575692963747,0.0,1.0,1.0,0.0,0.0,0.0,0.0,1.0,0.0,0.0,0.0,0.0,1.0,0.0,1.0,0.0,0.0,0.0,0.0,0.5555555555555554,0.6145481123502761,0.8732441749526718,0.3728813559322034,0.4621028286989012
0.902439024390244,0.49721913236929915,0.5800000000000001,0.4615384615384617,0.04081632653061229,0.08333333333333348,0.4599999999999999,0.2810810810810811,23.3,0.40909090909090906,0.33333333333333337,0.5,0.37606609808102337,0.0,1.0,1.0,0.0,0.0,0.0,0.0,0.0,0.0,1.0,0.0,0.0,0.0,1.0,0.0,0.0,1.0,0.0,0.0,0.6349206349206349,0.2592382893594535,0.16504036083897256,0.2881355932203389,0.2767826306775901
0.8292682926829269,0.8509454949944382,0.3799999999999999,0.9743589743589745,0.5714285714285716,0.04166666666666696,0.020000000000000018,0.0574324324324324,27.3,0.40909090909090906,0.0,0.0,0.7587953091684434,0.0,1.0,1.0,0.0,0.0,0.0,0.0,0.0,0.0,1.0,1.0,0.0,0.0,0.0,0.0,0.0,0.0,1.0,0.0,0.9682539682539679,0.40983640653634335,0.4932300141567947,0.559322033898305,0.10687991029397945
0.34146341463414637,0.4160177975528365,0.8399999999999999,0.3589743589743595,0.34693877551020424,0.0,0.5933333333333333,0.5027027027027027,26.7,0.818181818181818,0.33333333333333337,0.5,0.2313432835820895,0.0,1.0,1.0,0.0,0.0,0.0,0.0,1.0,0.0,0.0,0.0,0.0,1.0,0.0,1.0,0.0,0.0,0.0,0.0,0.603174603174603,0.4701126164793379,0.5475423885903994,0.49152542372881347,0.3867690975039719
0.5853658536585367,0.3659621802002224,0.2400000000000002,0.384615384615385,0.38775510204081653,0.7083333333333335,0.4466666666666666,0.2898648648648649,25.7,0.2272727272727273,0.6666666666666666,0.5,0.41204690831556506,1.0,0.0,0.0,0.0,0.0,1.0,0.0,0.0,1.0,0.0,0.0,0.0,1.0,0.0,0.0,0.0,1.0,0.0,0.0,0.3492063492063491,0.4196580228739666,0.22006470270145329,0.0847457627118644,0.3604533170976596
0.878048780487805,0.2046718576195773,0.18000000000000016,0.666666666666667,0.9387755102040818,0.9583333333333335,0.38666666666666666,0.34054054054054056,32.5,0.18181818181818177,0.0,0.0,0.28731343283582095,1.0,0.0,1.0,0.0,0.0,0.0,0.0,0.0,0.0,1.0,0.0,1.0,0.0,0.0,1.0,0.0,0.0,0.0,0.0,0.4285714285714284,0.6453813647218216,0.5321043351847388,0.38983050847457623,0.16830691775245565
0.6585365853658538,0.27030033370411555,0.08000000000000007,1.0,0.26530612244897966,0.3333333333333335,0.78,0.4702702702702703,15.3,0.5454545454545455,0.6666666666666666,1.0,0.39418976545842216,1.0,0.0,0.0,0.0,0.0,1.0,0.0,0.0,1.0,0.0,0.0,0.0,1.0,0.0,0.0,0.0,1.0,0.0,0.0,0.873015873015873,0.22510643116487605,0.1496461947720933,0.2033898305084746,0.4592559361681673
0.21951219512195125,0.5483870967741934,0.7400000000000002,0.23076923076923084,0.6734693877551021,0.5,0.7466666666666668,0.7162162162162162,12.7,0.9090909090909091,0.9999999999999999,1.0,0.35234541577825157,0.0,1.0,0.0,0.0,1.0,0.0,1.0,0.0,0.0,0.0,0.0,0.0,0.0,1.0,0.0,0.0,1.0,0.0,0.0,0.33333333333333326,0.6850252456035821,0.7737050270020063,0.22033898305084743,0.8190781543441157
0.9268292682926831,0.5583982202447162,0.2200000000000002,0.07692307692307754,0.9795918367346941,0.04166666666666696,0.5866666666666667,0.570945945945946,22.6,0.36363636363636365,0.33333333333333337,0.5,0.5991471215351811,0.0,1.0,0.0,0.0,0.0,1.0,0.0,0.0,0.0,1.0,0.0,0.0,0.0,1.0,0.0,1.0,0.0,0.0,0.0,0.41269841269841256,0.9653715806331593,0.7493899751954507,0.2655367231638418,0.6450830628659321
0.39024390243902446,0.21134593993325912,0.2400000000000002,0.4615384615384617,0.6122448979591839,0.25,0.4199999999999999,0.36756756756756753,30.9,0.40909090909090906,0.6666666666666666,0.5,0.27078891257995735,1.0,0.0,1.0,0.0,0.0,0.0,0.0,1.0,0.0,0.0,0.0,1.0,0.0,0.0,1.0,0.0,0.0,0.0,0.0,0.5714285714285712,0.5695584296006428,0.5380979110299087,0.15254237288135591,0.43863740112952787
0.9268292682926831,0.20800889877641826,0.7200000000000002,0.6923076923076925,0.795918367346939,0.625,0.39333333333333337,0.37500000000000006,22.6,0.818181818181818,0.33333333333333337,0.5,0.12393390191897646,0.0,1.0,1.0,0.0,0.0,0.0,0.0,0.0,0.0,1.0,0.0,1.0,0.0,0.0,0.0,0.0,0.0,0.0,1.0,0.5714285714285712,0.5695584296006428,0.6345947715420535,0.49152542372881347,0.43863740112952787
0.5121951219512195,0.9733036707452725,0.6400000000000001,0.5128205128205128,0.8367346938775513,0.8333333333333335,0.5066666666666666,0.5493243243243244,29.8,0.6818181818181818,0.33333333333333337,0.5,0.6974946695095949,0.0,1.0,0.0,0.0,1.0,0.0,0.0,1.0,0.0,0.0,1.0,0.0,0.0,0.0,0.0,1.0,0.0,0.0,0.0,0.38095238095238093,0.6515374558631268,0.8875459150433043,0.423728813559322,0.48139549110485114
0.6097560975609757,0.31813125695216893,0.040000000000000036,0.3333333333333339,0.34693877551020424,0.75,0.6133333333333333,0.3864864864864865,28.1,0.5000000000000001,0.6666666666666666,0.5,0.46295309168443494,1.0,0.0,0.0,0.0,0.0,1.0,0.0,0.0,1.0,0.0,0.0,0.0,1.0,0.0,0.0,0.0,1.0,0.0,0.0,0.3015873015873014,0.40590776000129414,0.19582696496704055,0.1864406779661017,0.3532815439759394
0.5853658536585367,0.18576195773081194,0.06000000000000005,0.8205128205128212,0.5918367346938775,1.0,0.38000000000000006,0.27972972972972976,27.4,0.18181818181818177,0.33333333333333337,0.0,0.31716417910447753,1.0,0.0,0.0,0.0,1.0,0.0,0.0,0.0,1.0,0.0,0.0,1.0,0.0,0.0,1.0,0.0,0.0,0.0,0.0,0.5079365079365079,0.3747948770605858,0.3341524155125488,0.1751412429378531,0.09774154321091583
0.39024390243902446,0.27252502780867627,0.56,0.23076923076923084,0.48979591836734704,0.5833333333333335,0.5533333333333335,0.4425675675675676,27.8,0.13636363636363635,0.6666666666666666,0.5,0.21428571428571425,1.0,0.0,0.0,0.0,0.0,1.0,0.0,1.0,0.0,0.0,0.0,0.0,1.0,0.0,1.0,0.0,0.0,0.0,0.0,0.3015873015873014,0.5571606516006922,0.46301005130030326,0.050847457627118675,0.4321710483148621
0.2926829268292683,0.24026696329254726,0.040000000000000036,0.4615384615384617,0.36734693877551017,0.875,0.8533333333333333,0.625,19.5,0.5454545454545455,0.6666666666666666,1.0,0.38219616204690826,1.0,0.0,1.0,0.0,0.0,0.0,0.0,1.0,0.0,0.0,0.0,0.0,1.0,0.0,0.0,0.0,1.0,0.0,0.0,0.33333333333333326,0.3611872788826954,0.38495442773162103,0.2033898305084746,0.5657201879880172
0.4634146341463415,0.39043381535038924,0.6400000000000001,0.7435897435897436,0.14285714285714324,0.41666666666666696,0.48666666666666664,0.37567567567567567,26.4,0.7727272727272728,0.6666666666666666,0.5,0.2758528784648188,0.0,1.0,0.0,0.0,0.0,1.0,0.0,1.0,0.0,0.0,0.0,0.0,1.0,0.0,1.0,0.0,0.0,0.0,0.0,0.6825396825396823,0.20700860868030957,0.40673473188987685,0.288135593220339,0.24954101184314886
0.5853658536585367,0.43715239154616226,0.8599999999999999,0.5384615384615383,0.5510204081632653,0.0,0.4799999999999999,0.39527027027027034,27.3,0.818181818181818,0.0,0.0,0.23907249466950958,0.0,1.0,1.0,0.0,0.0,0.0,0.0,0.0,1.0,0.0,0.0,0.0,1.0,0.0,1.0,0.0,0.0,0.0,0.0,0.714285714285714,0.5261963191774983,0.48243367427632466,0.8644067796610169,0.13722503538915348
0.07317073170731708,0.36262513904338145,0.3599999999999999,0.0512820512820511,0.14285714285714324,0.8333333333333335,0.4599999999999999,0.30608108108108106,34.2,0.13636363636363635,0.33333333333333337,0.5,0.35714285714285704,1.0,0.0,1.0,0.0,0.0,0.0,1.0,0.0,0.0,0.0,0.0,0.0,1.0,0.0,0.0,0.0,1.0,0.0,0.0,0.09523809523809512,0.3516540054058578,0.24483948175109305,0.15254237288135591,0.32498422176741276
0.21951219512195125,0.4082313681868742,0.3999999999999999,0.9230769230769234,0.6122448979591839,0.25,0.3066666666666666,0.3304054054054055,29.1,0.2727272727272728,0.33333333333333337,0.0,0.3789978678038379,0.0,1.0,0.0,1.0,0.0,0.0,1.0,0.0,0.0,0.0,0.0,0.0,1.0,0.0,0.0,0.0,1.0,0.0,0.0,0.8571428571428572,0.4265331543103028,0.7317219559649077,0.22033898305084748,0.11123420111788102
0.04878048780487804,0.046718576195773076,0.2200000000000002,0.4358974358974361,0.04081632653061229,0.791666666666667,0.38666666666666666,0.24054054054054053,32.4,0.4545454545454545,0.0,0.0,0.12606609808102343,1.0,0.0,0.0,1.0,0.0,0.0,1.0,0.0,0.0,0.0,0.0,1.0,0.0,0.0,0.0,0.0,0.0,0.0,1.0,0.3492063492063491,0.16566011147598736,0.18039709857206065,0.5932203389830508,0.0432019644215626
0.9756097560975612,0.18353726362625133,0.3999999999999999,0.2564102564102564,0.04081632653061229,0.29166666666666696,0.15999999999999998,0.0695945945945946,27.0,0.5454545454545455,0.0,0.0,0.1926972281449893,1.0,0.0,0.0,0.0,0.0,1.0,0.0,0.0,0.0,1.0,0.0,1.0,0.0,0.0,1.0,0.0,0.0,0.0,0.0,0.4285714285714284,0.2876311625478628,0.02246282267166344,0.6610169491525424,0.07501040015131619
0.4146341463414634,0.6774193548387095,0.2599999999999998,0.02564102564102555,0.8775510204081636,0.375,0.4000000000000001,0.46148648648648655,28.4,0.7272727272727274,0.0,0.0,0.6839019189765456,0.0,1.0,1.0,0.0,0.0,0.0,0.0,1.0,0.0,0.0,1.0,0.0,0.0,0.0,0.0,1.0,0.0,0.0,0.0,0.25396825396825395,0.9292265881553616,0.9148776041222957,0.7966101694915255,0.24232999509285558
0.853658536585366,0.17575083426028915,0.10000000000000009,0.28205128205128194,0.4285714285714288,0.16666666666666696,0.4133333333333334,0.2756756756756757,27.0,0.13636363636363635,0.6666666666666666,0.5,0.2907782515991471,1.0,0.0,0.0,0.0,1.0,0.0,0.0,0.0,0.0,1.0,0.0,1.0,0.0,0.0,1.0,0.0,0.0,0.0,0.0,0.49206349206349187,0.5307178383840143,0.24362631943992885,0.050847457627118675,0.4183791769269386
0.5121951219512195,0.20355951056729693,0.8599999999999999,0.12820512820512864,0.3265306122448983,0.3333333333333335,0.5666666666666667,0.4777027027027027,27.4,1.0,0.6666666666666666,0.5,0.08875266524520253,0.0,1.0,1.0,0.0,0.0,0.0,0.0,1.0,0.0,0.0,0.0,1.0,0.0,0.0,0.0,0.0,0.0,0.0,1.0,0.33333333333333326,0.5096130136297685,0.5344807354321219,0.3728813559322034,0.4073714590154557
0.8048780487804879,0.09566184649610676,0.54,1.0,0.7142857142857144,1.0,0.6466666666666667,0.5574324324324325,26.9,0.9090909090909091,0.0,0.0,0.08502132196162043,0.0,1.0,0.0,0.0,1.0,0.0,0.0,0.0,0.0,1.0,0.0,1.0,0.0,0.0,0.0,0.0,0.0,0.0,1.0,0.6190476190476188,0.39270750764352846,0.5837546670921441,0.9322033898305084,0.10241292017816517
0.17073170731707316,0.4638487208008898,0.8999999999999999,0.7179487179487181,0.3265306122448983,1.0,0.96,0.7756756756756757,13.8,0.9090909090909091,0.6666666666666666,1.0,0.24440298507462682,0.0,1.0,0.0,0.0,0.0,1.0,1.0,0.0,0.0,0.0,0.0,0.0,0.0,1.0,1.0,0.0,0.0,0.0,0.0,0.4444444444444442,0.2423520016210836,0.5339417580564267,0.3389830508474576,0.47274818571406885
0.9512195121951221,0.5072302558398218,0.3799999999999999,0.7435897435897436,0.26530612244897966,0.0,0.8400000000000001,0.5783783783783785,12.7,0.9090909090909091,0.9999999999999999,1.0,0.470415778251599,0.0,1.0,0.0,0.0,0.0,1.0,0.0,0.0,0.0,1.0,0.0,0.0,0.0,1.0,0.0,1.0,0.0,0.0,0.0,0.841269841269841,0.31925142707711296,0.3044559933047575,0.22033898305084743,0.5329112427044936
0.43902439024390244,0.22246941045606228,0.43999999999999995,0.02564102564102555,0.16326530612244916,0.04166666666666696,0.7533333333333332,0.5,18.2,0.5454545454545455,0.9999999999999999,1.0,0.2121535181236674,1.0,0.0,0.0,0.0,1.0,0.0,0.0,1.0,0.0,0.0,0.0,0.0,1.0,0.0,1.0,0.0,0.0,0.0,0.0,0.38095238095238093,0.4677839429283206,0.25660227705715766,0.11186440677966103,0.6491171852468995
1.0,0.9610678531701891,0.3799999999999999,0.2051282051282053,0.5918367346938775,0.75,0.49333333333333335,0.41351351351351356,29.5,0.6363636363636364,0.33333333333333337,0.0,0.851279317697228,0.0,1.0,0.0,0.0,1.0,0.0,0.0,0.0,0.0,1.0,1.0,0.0,0.0,0.0,0.0,0.0,0.0,1.0,0.0,0.2222222222222221,0.6265994791076888,0.5081870165659168,0.4011299435028248,0.16340885057839588
0.9756097560975612,0.3937708565072302,0.56,0.02564102564102555,0.40816326530612246,0.541666666666667,0.36666666666666664,0.2425675675675676,26.0,0.4545454545454545,0.6666666666666666,0.5,0.3059701492537313,1.0,0.0,1.0,0.0,0.0,0.0,0.0,0.0,0.0,1.0,0.0,0.0,1.0,0.0,1.0,0.0,0.0,0.0,0.0,0.19047619047619024,0.5915363087823737,0.23247421256471035,0.1694915254237288,0.4501004811191628
0.878048780487805,0.2691879866518353,0.3799999999999999,0.7179487179487181,0.22448979591836737,0.791666666666667,0.7933333333333332,0.46824324324324323,16.5,0.5454545454545455,0.6666666666666666,1.0,0.27078891257995735,1.0,0.0,0.0,0.0,0.0,1.0,0.0,0.0,0.0,1.0,0.0,0.0,1.0,0.0,1.0,0.0,0.0,0.0,0.0,0.5238095238095237,0.2093598848213275,0.12692106223598154,0.2033898305084746,0.4469364635654628
0.12195121951219517,0.28031145717463846,0.2400000000000002,0.8205128205128212,0.7346938775510203,0.375,0.5800000000000001,0.5175675675675675,31.1,0.4545454545454545,0.33333333333333337,0.5,0.3336886993603411,1.0,0.0,1.0,0.0,0.0,0.0,1.0,0.0,0.0,0.0,0.0,0.0,1.0,0.0,1.0,0.0,0.0,0.0,0.0,0.746031746031746,0.5101202786152335,0.6169782505894454,0.3107344632768362,0.4076360350037139
0.6097560975609757,0.33481646273637367,0.31999999999999984,0.23076923076923084,0.6326530612244898,0.3333333333333335,0.3266666666666666,0.25,34.6,0.5000000000000001,0.0,0.0,0.34968017057569295,1.0,0.0,0.0,0.0,1.0,0.0,0.0,0.0,1.0,0.0,0.0,0.0,1.0,0.0,0.0,0.0,1.0,0.0,0.0,0.39682539682539675,0.6667911258557844,0.3590591898980342,0.6271186440677966,0.173890300079937
0.8048780487804879,0.6963292547274749,0.54,0.8461538461538467,0.20408163265306145,0.375,0.47333333333333333,0.3216216216216216,21.0,0.8636363636363636,0.0,0.0,0.5445095948827292,0.0,1.0,0.0,1.0,0.0,0.0,0.0,0.0,0.0,1.0,1.0,0.0,0.0,0.0,0.0,1.0,0.0,0.0,0.0,0.7619047619047619,0.2221262614568421,0.26667417532208826,0.8983050847457625,0.05792758895942307
0.12195121951219517,0.7474972191323692,0.8599999999999999,0.17948717948717974,0.38775510204081653,0.20833333333333348,0.4333333333333333,0.38918918918918916,20.2,0.7272727272727274,0.6666666666666666,0.5,0.43869936034115137,0.0,1.0,0.0,1.0,0.0,0.0,1.0,0.0,0.0,0.0,1.0,0.0,0.0,0.0,0.0,0.0,1.0,0.0,0.0,0.41269841269841256,0.5399728230098515,0.5760574075863354,0.27118644067796616,0.42320633191271184
0.878048780487805,0.18353726362625133,0.5,0.9230769230769234,0.6938775510204085,0.666666666666667,0.8400000000000001,0.6195945945945946,15.3,0.5454545454545455,0.9999999999999999,1.0,0.16337953091684432,1.0,0.0,0.0,1.0,0.0,0.0,0.0,0.0,0.0,1.0,0.0,1.0,0.0,0.0,0.0,0.0,0.0,0.0,1.0,0.6984126984126982,0.4344659982753064,0.39340897529202423,0.11186440677966103,0.6230505483237241
0.7804878048780488,0.24026696329254726,0.5,0.8205128205128212,0.9387755102040818,1.0,0.4799999999999999,0.4108108108108108,25.5,0.31818181818181823,0.6666666666666666,0.5,0.2076226012793177,1.0,0.0,0.0,0.0,1.0,0.0,0.0,0.0,0.0,1.0,0.0,0.0,1.0,0.0,1.0,0.0,0.0,0.0,0.0,0.5079365079365079,0.5827967349226242,0.5308187416082859,0.11864406779661019,0.4455421507451881
0.5121951219512195,0.4638487208008898,0.5,0.12820512820512864,0.9183673469387754,0.20833333333333348,0.5466666666666666,0.6047297297297298,29.1,0.5909090909090909,0.6666666666666666,0.5,0.38272921108742003,0.0,1.0,1.0,0.0,0.0,0.0,0.0,1.0,0.0,0.0,0.0,0.0,0.0,1.0,0.0,0.0,1.0,0.0,0.0,0.38095238095238093,0.9009172234175065,0.9436536507542421,0.22033898305084743,0.6114653763578684
0.48780487804878053,0.40711902113459386,0.16000000000000014,1.0,0.20408163265306145,0.125,0.15999999999999998,0.12027027027027026,32.2,0.36363636363636365,0.0,0.0,0.48933901918976536,1.0,0.0,0.0,0.0,0.0,1.0,0.0,1.0,0.0,0.0,0.0,0.0,1.0,0.0,0.0,1.0,0.0,0.0,0.0,0.9523809523809521,0.2185839733318028,0.2825823092095281,0.5254237288135593,0.05700380710158548
0.12195121951219517,0.8542825361512791,0.5800000000000001,0.4615384615384617,0.14285714285714324,0.791666666666667,0.3333333333333333,0.2668918918918919,26.8,0.8636363636363636,0.6666666666666666,0.5,0.6431236673773988,0.0,1.0,0.0,0.0,1.0,0.0,1.0,0.0,0.0,0.0,1.0,0.0,0.0,0.0,0.0,1.0,0.0,0.0,0.0,0.3650793650793649,0.22538825384721672,0.4057748980338607,0.32203389830508466,0.25912734822197914
0.12195121951219517,0.22358175750834253,0.18000000000000016,0.7948717948717947,0.06122448979591866,0.08333333333333348,0.8666666666666667,0.5432432432432432,17.6,0.5454545454545455,0.6666666666666666,1.0,0.30517057569296374,1.0,0.0,0.0,1.0,0.0,0.0,1.0,0.0,0.0,0.0,0.0,0.0,1.0,0.0,1.0,0.0,0.0,0.0,0.0,0.841269841269841,0.1946087564327431,0.19275437985845212,0.2033898305084746,0.4353957664451321
0.07317073170731708,0.5973303670745271,0.45999999999999996,0.666666666666667,0.5306122448979593,0.916666666666667,0.3333333333333333,0.3378378378378379,27.8,0.9545454545454545,0.0,0.0,0.5061300639658848,0.0,1.0,1.0,0.0,0.0,0.0,1.0,0.0,0.0,0.0,0.0,0.0,0.0,1.0,0.0,1.0,0.0,0.0,0.0,0.4444444444444442,0.39432859126641195,0.6752586860870886,0.9661016949152543,0.10283567733060339
0.7073170731707319,0.017797552836484987,0.16000000000000014,0.0,0.8775510204081636,0.75,0.35333333333333333,0.30608108108108106,26.6,0.2727272727272728,0.6666666666666666,0.5,0.11567164179104478,1.0,0.0,0.0,0.0,0.0,1.0,0.0,0.0,1.0,0.0,0.0,1.0,0.0,0.0,0.0,0.0,0.0,0.0,1.0,0.09523809523809512,0.9479969278185048,0.49811950446245645,0.1016949152542373,0.6360209038941931
0.2439024390243903,0.16796440489432696,0.5800000000000001,0.8205128205128212,0.795918367346939,0.7083333333333335,0.9933333333333334,0.8641891891891893,17.0,0.5454545454545455,0.9999999999999999,1.0,0.13006396588486135,1.0,0.0,0.0,0.0,0.0,1.0,1.0,0.0,0.0,0.0,0.0,1.0,0.0,0.0,0.0,0.0,0.0,0.0,1.0,0.6190476190476188,0.5197599365870229,0.6546621027168562,0.11186440677966103,0.6897811388470535
0.7073170731707319,0.968854282536151,0.52,1.0,0.7551020408163267,0.9583333333333335,0.13999999999999996,0.16824324324324325,24.9,0.6818181818181818,0.0,0.0,0.7651918976545842,0.0,1.0,0.0,0.0,1.0,0.0,0.0,0.0,1.0,0.0,1.0,0.0,0.0,0.0,0.0,0.0,0.0,1.0,0.0,0.6349206349206349,0.4196580228739666,0.609722253123909,0.7627118644067796,0.10944125783745096
0.7317073170731709,0.3236929922135705,0.20000000000000018,0.7948717948717947,0.9387755102040818,0.125,0.56,0.47162162162162163,26.1,0.2272727272727273,0.6666666666666666,0.5,0.39099147121535177,1.0,0.0,0.0,0.0,1.0,0.0,0.0,0.0,1.0,0.0,0.0,0.0,1.0,0.0,0.0,0.0,1.0,0.0,0.0,0.8253968253968251,0.639363310078626,0.5315723052786081,0.0847457627118644,0.4750457789338419
0.5609756097560976,0.29810901001112333,0.48,0.10256410256410309,0.5918367346938775,0.29166666666666696,0.56,0.40202702702702703,29.2,0.36363636363636365,0.33333333333333337,0.0,0.259594882729211,1.0,0.0,0.0,0.0,0.0,1.0,0.0,0.0,1.0,0.0,0.0,0.0,1.0,0.0,1.0,0.0,0.0,0.0,0.0,0.33333333333333326,0.6985184942169522,0.334295616085414,0.2655367231638418,0.1821643778100348
0.1951219512195122,0.9510567296996661,0.52,0.4102564102564106,0.8775510204081636,0.666666666666667,0.4333333333333333,0.4918918918918919,23.2,0.7272727272727274,0.6666666666666666,0.5,0.7515991471215351,0.0,1.0,0.0,0.0,0.0,1.0,1.0,0.0,0.0,0.0,1.0,0.0,0.0,0.0,0.0,0.0,0.0,1.0,0.0,0.38095238095238093,0.730288961406615,0.9152833768127586,0.27118644067796616,0.5224701917110671
0.04878048780487804,0.34816462736373743,0.16000000000000014,0.17948717948717974,0.9591836734693877,0.16666666666666696,0.38000000000000006,0.39864864864864863,25.4,0.0,0.33333333333333337,0.5,0.43283582089552236,1.0,0.0,0.0,1.0,0.0,0.0,1.0,0.0,0.0,0.0,0.0,0.0,1.0,0.0,0.0,0.0,1.0,0.0,0.0,0.4285714285714284,0.9009172234175065,0.7563077043186734,0.0847457627118644,0.6114653763578684
0.7317073170731709,0.9922135706340376,0.2200000000000002,0.8461538461538467,0.9591836734693877,0.5,0.37333333333333335,0.3871621621621622,21.4,0.6363636363636364,0.6666666666666666,0.5,1.0,0.0,1.0,0.0,0.0,0.0,1.0,0.0,0.0,1.0,0.0,1.0,0.0,0.0,0.0,0.0,0.0,0.0,1.0,0.0,0.714285714285714,0.614365943704559,0.7353538129467567,0.23728813559322032,0.46200781435560667
0.9512195121951221,0.6262513904338152,0.7200000000000002,0.2051282051282053,0.5306122448979593,1.0,0.4000000000000001,0.3324324324324324,27.6,0.31818181818181823,0.33333333333333337,0.5,0.41364605543710015,0.0,1.0,0.0,0.0,1.0,0.0,0.0,0.0,0.0,1.0,0.0,0.0,0.0,1.0,0.0,0.0,1.0,0.0,0.0,0.12698412698412698,0.5630118272911913,0.46923774682215313,0.24293785310734467,0.43522286666453036
0.878048780487805,0.30589543937708563,0.08000000000000007,0.5641025641025639,0.40816326530612246,0.0,0.14666666666666667,0.10202702702702704,25.2,0.0,0.33333333333333337,0.0,0.43017057569296374,1.0,0.0,1.0,0.0,0.0,0.0,0.0,0.0,0.0,1.0,0.0,0.0,1.0,0.0,0.0,0.0,1.0,0.0,0.0,0.7301587301587298,0.4415334410804911,0.23267790401448596,0.0847457627118644,0.11514607736609206
0.853658536585366,0.271412680756396,0.10000000000000009,0.8717948717948723,0.38775510204081653,0.5,0.8466666666666667,0.5432432432432432,19.7,0.5454545454545455,0.6666666666666666,1.0,0.3861940298507462,1.0,0.0,0.0,1.0,0.0,0.0,0.0,0.0,0.0,1.0,0.0,0.0,1.0,0.0,0.0,0.0,1.0,0.0,0.0,0.7301587301587298,0.2993432227380818,0.21950700772814313,0.2033898305084746,0.5173358541352902
0.5609756097560976,0.2769744160177976,0.14000000000000012,0.1538461538461542,0.06122448979591866,0.125,0.36000000000000004,0.18445945945945946,25.9,0.40909090909090906,0.6666666666666666,0.5,0.37340085287846475,1.0,0.0,0.0,1.0,0.0,0.0,0.0,0.0,1.0,0.0,0.0,0.0,1.0,0.0,0.0,0.0,1.0,0.0,0.0,0.4285714285714284,0.351515127221784,0.035802283519759115,0.15254237288135591,0.32491178658293984
0.7317073170731709,0.1368186874304782,0.31999999999999984,0.3589743589743595,0.20408163265306145,0.875,0.15999999999999998,0.08783783783783783,33.0,0.13636363636363635,0.33333333333333337,0.0,0.17750533049040512,1.0,0.0,0.0,0.0,0.0,1.0,0.0,0.0,1.0,0.0,0.0,1.0,0.0,0.0,1.0,0.0,0.0,0.0,0.0,0.26984126984126977,0.284157859614135,0.1161058378252946,0.15254237288135591,0.07410460871829538
0.12195121951219517,0.18576195773081194,0.10000000000000009,0.4871794871794872,0.24489795918367374,0.9583333333333335,0.5866666666666667,0.4108108108108108,34.0,0.18181818181818177,0.6666666666666666,0.5,0.30063965884861404,1.0,0.0,1.0,0.0,0.0,0.0,1.0,0.0,0.0,0.0,0.0,1.0,0.0,0.0,1.0,0.0,0.0,0.0,0.0,0.3174603174603172,0.2607516830718545,0.3086193901808547,0.06779661016949151,0.2775719767758926
0.024390243902439046,0.07563959955506117,0.2599999999999998,0.6153846153846159,0.16326530612244916,0.541666666666667,0.5666666666666667,0.37905405405405407,34.4,0.045454545454545525,0.6666666666666666,0.5,0.14099147121535177,1.0,0.0,0.0,1.0,0.0,0.0,1.0,0.0,0.0,0.0,0.0,1.0,0.0,0.0,0.0,0.0,0.0,0.0,1.0,0.5555555555555554,0.2327226309273024,0.25691718653779216,0.01694915254237289,0.26295276515361166
0.4634146341463415,0.3370411568409343,0.54,0.0512820512820511,0.06122448979591866,0.08333333333333348,0.34,0.2148648648648649,33.7,0.09090909090909094,0.0,0.0,0.2697228144989339,1.0,0.0,0.0,0.0,1.0,0.0,0.0,1.0,0.0,0.0,0.0,0.0,1.0,0.0,1.0,0.0,0.0,0.0,0.0,0.38095238095238093,0.3890324373848324,0.19237321467025792,0.32203389830508466,0.10145451049735346
0.6585365853658538,0.453837597330367,0.52,0.5897435897435903,0.22448979591836737,0.16666666666666696,0.8,0.539864864864865,11.4,0.9090909090909091,0.6666666666666666,1.0,0.3667377398720681,0.0,1.0,0.0,0.0,0.0,1.0,0.0,0.0,1.0,0.0,0.0,0.0,0.0,1.0,0.0,0.0,1.0,0.0,0.0,0.6825396825396823,0.3189293529927606,0.2780531699145159,0.3389830508474576,0.5326592647296633
0.2439024390243903,0.17797552836484976,0.0,0.8461538461538467,0.16326530612244916,0.25,0.96,0.6344594594594595,16.7,0.5454545454545455,0.9999999999999999,1.0,0.33502132196162043,1.0,0.0,0.0,0.0,1.0,0.0,1.0,0.0,0.0,0.0,0.0,1.0,0.0,0.0,1.0,0.0,0.0,0.0,0.0,0.8095238095238093,0.21591325184093524,0.25744636432483836,0.11186440677966103,0.4520635577035753
0.07317073170731708,0.6807563959955505,0.6800000000000002,0.5384615384615383,0.24489795918367374,0.0,0.5333333333333334,0.4331081081081081,24.3,0.818181818181818,0.0,0.0,0.4682835820895522,0.0,1.0,0.0,0.0,0.0,1.0,1.0,0.0,0.0,0.0,1.0,0.0,0.0,0.0,0.0,0.0,1.0,0.0,0.0,0.714285714285714,0.3608782731892596,0.47803208955582477,0.8644067796610169,0.09411227711927034
0.34146341463414637,0.1846496106785317,0.14000000000000012,0.2564102564102564,0.9591836734693877,0.916666666666667,0.7666666666666666,0.7263513513513513,15.7,0.5454545454545455,0.6666666666666666,1.0,0.2835820895522388,1.0,0.0,0.0,1.0,0.0,0.0,0.0,1.0,0.0,0.0,0.0,1.0,0.0,0.0,1.0,0.0,0.0,0.0,0.0,0.19047619047619024,0.8567199498982017,0.75777594413167,0.2033898305084746,0.9534052734113159
0.12195121951219517,0.010011123470522743,0.5,0.17948717948717974,0.5102040816326534,0.4583333333333335,0.21333333333333332,0.1966216216216216,25.2,0.2727272727272728,0.33333333333333337,0.0,0.027718550106609785,1.0,0.0,0.0,0.0,0.0,1.0,1.0,0.0,0.0,0.0,0.0,1.0,0.0,0.0,0.0,0.0,0.0,0.0,1.0,0.3174603174603172,0.6012652683620949,0.4735057827431739,0.22033898305084748,0.1568020237356036
0.7073170731707319,0.9766407119021132,0.2999999999999998,0.9743589743589745,0.7551020408163267,0.41666666666666696,0.18,0.19932432432432434,28.7,0.9090909090909091,0.0,0.0,0.9227078891257994,0.0,1.0,1.0,0.0,0.0,0.0,0.0,0.0,1.0,0.0,1.0,0.0,0.0,0.0,0.0,0.0,0.0,1.0,0.0,0.8253968253968251,0.4719688055417428,0.6075627586243668,0.9322033898305084,0.12308321757985363
0.902439024390244,0.10344827586206884,0.52,0.8717948717948723,0.8367346938775513,0.9583333333333335,0.52,0.4216216216216216,30.5,0.2272727272727273,0.0,0.0,0.09594882729211085,1.0,0.0,0.0,0.0,1.0,0.0,0.0,0.0,0.0,1.0,0.0,1.0,0.0,0.0,0.0,0.0,0.0,0.0,1.0,0.5555555555555554,0.5071596957000648,0.4730656415388186,0.423728813559322,0.13226053595201542
0.024390243902439046,0.27030033370411555,0.2599999999999998,0.9487179487179489,0.24489795918367374,0.29166666666666696,0.9133333333333333,0.6290540540540541,18.0,0.5454545454545455,0.9999999999999999,1.0,0.31663113006396587,1.0,0.0,1.0,0.0,0.0,0.0,1.0,0.0,0.0,0.0,0.0,0.0,1.0,0.0,1.0,0.0,0.0,0.0,0.0,0.8571428571428572,0.23059190837471888,0.3079729385906571,0.11186440677966103,0.46354755572238826
0.34146341463414637,0.10344827586206884,0.2400000000000002,0.17948717948717974,0.7755102040816326,1.0,0.4533333333333333,0.4878378378378379,29.3,0.4545454545454545,0.33333333333333337,0.5,0.17244136460554366,0.0,1.0,0.0,0.0,1.0,0.0,0.0,1.0,0.0,0.0,0.0,1.0,0.0,0.0,1.0,0.0,0.0,0.0,0.0,0.11111111111111094,0.7611968103564788,0.8437349913542638,0.3107344632768362,0.5385909075403884
0.2439024390243903,0.25583982202447153,0.2400000000000002,0.9230769230769234,0.5510204081632653,0.20833333333333348,0.12000000000000005,0.13310810810810808,31.7,0.18181818181818177,0.0,0.0,0.3115671641791045,1.0,0.0,0.0,0.0,1.0,0.0,1.0,0.0,0.0,0.0,0.0,0.0,1.0,0.0,1.0,0.0,0.0,0.0,0.0,0.873015873015873,0.39917890795722033,0.5014907084684523,0.38983050847457623,0.10410057572553169
0.17073170731707316,0.012235817575083408,0.33999999999999986,0.666666666666667,0.36734693877551017,0.875,0.35333333333333333,0.2756756756756757,31.9,0.40909090909090906,0.33333333333333337,0.5,0.06449893390191896,1.0,0.0,0.0,0.0,0.0,1.0,1.0,0.0,0.0,0.0,0.0,1.0,0.0,0.0,0.0,0.0,0.0,0.0,1.0,0.46031746031746024,0.2982970070847262,0.38599032774127995,0.2881355932203389,0.29715462389291136
0.6097560975609757,0.005561735261401524,0.48,0.6923076923076925,0.4693877551020411,0.04166666666666696,0.6666666666666667,0.44729729729729734,32.9,0.31818181818181823,0.33333333333333337,0.5,0.028251599147121553,1.0,0.0,0.0,1.0,0.0,0.0,0.0,0.0,1.0,0.0,0.0,1.0,0.0,0.0,0.0,0.0,0.0,0.0,1.0,0.7936507936507935,0.4338127052428944,0.26547222742837095,0.24293785310734467,0.36783602472295995
0.09756097560975613,0.34482758620689646,0.2400000000000002,1.0,0.36734693877551017,0.75,0.2733333333333334,0.26216216216216215,21.2,0.9090909090909091,0.0,0.0,0.39259061833688697,0.0,1.0,0.0,1.0,0.0,0.0,1.0,0.0,0.0,0.0,0.0,0.0,1.0,0.0,0.0,0.0,1.0,0.0,0.0,0.714285714285714,0.22862383639866846,0.5632064527081795,0.9322033898305084,0.05962207050336377
0.12195121951219517,0.23248053392658508,0.2400000000000002,0.8461538461538467,0.9795918367346941,0.791666666666667,0.7266666666666668,0.6979729729729731,16.8,0.5454545454545455,0.9999999999999999,1.0,0.29024520255863534,1.0,0.0,1.0,0.0,0.0,0.0,1.0,0.0,0.0,0.0,0.0,0.0,1.0,0.0,1.0,0.0,0.0,0.0,0.0,0.603174603174603,0.6098330295403653,0.7708653034359514,0.11186440677966103,0.7602507501935565
0.6097560975609757,0.2747497219132369,0.31999999999999984,0.7948717948717947,0.24489795918367374,0.791666666666667,0.9199999999999999,0.55,19.8,0.5454545454545455,0.6666666666666666,1.0,0.29744136460554366,1.0,0.0,0.0,0.0,0.0,1.0,0.0,0.0,1.0,0.0,0.0,0.0,1.0,0.0,1.0,0.0,0.0,0.0,0.0,0.5714285714285712,0.20269690787482986,0.1392398687556835,0.2033898305084746,0.44172361497289114
0.07317073170731708,0.12235817575083419,0.41999999999999993,0.3589743589743595,0.24489795918367374,0.9583333333333335,0.38000000000000006,0.2722972972972973,34.2,0.31818181818181823,0.33333333333333337,0.5,0.13646055437100213,1.0,0.0,0.0,1.0,0.0,0.0,1.0,0.0,0.0,0.0,0.0,1.0,0.0,0.0,0.0,0.0,0.0,0.0,1.0,0.23809523809523792,0.3005344583829914,0.30776770996216607,0.24293785310734467,0.29832161926097434
0.43902439024390244,0.1968854282536151,0.54,0.4102564102564106,0.5510204081632653,0.541666666666667,0.7666666666666666,0.6148648648648649,19.4,0.5454545454545455,0.6666666666666666,1.0,0.16257995735607678,1.0,0.0,0.0,0.0,1.0,0.0,0.0,1.0,0.0,0.0,0.0,1.0,0.0,0.0,0.0,0.0,0.0,0.0,1.0,0.4285714285714284,0.5303902283087636,0.5011247174143103,0.2033898305084746,0.6980978569874978
0.4634146341463415,0.41045606229143494,0.6400000000000001,0.8205128205128212,0.020408163265306367,0.0,0.6599999999999999,0.46554054054054056,24.5,0.5909090909090909,0.6666666666666666,0.5,0.2905117270788912,0.0,1.0,0.0,0.0,1.0,0.0,0.0,1.0,0.0,0.0,0.0,0.0,1.0,0.0,1.0,0.0,0.0,0.0,0.0,0.8888888888888888,0.17902842260219676,0.32306085838978293,0.22033898305084743,0.23494728746755533
0.7804878048780488,0.450500556173526,0.54,0.384615384615385,0.18367346938775508,0.375,0.9000000000000001,0.5932432432432433,14.3,0.9090909090909091,0.6666666666666666,1.0,0.3566098081023454,0.0,1.0,0.0,0.0,0.0,1.0,0.0,0.0,0.0,1.0,0.0,0.0,0.0,1.0,0.0,0.0,1.0,0.0,0.0,0.47619047619047605,0.3283847262191574,0.25275527475318604,0.3389830508474576,0.5400567732924642
0.4634146341463415,0.37041156840934364,0.48,0.7179487179487181,0.4285714285714288,0.625,0.35333333333333333,0.28581081081081083,25.5,0.40909090909090906,0.33333333333333337,0.5,0.31689765458422176,1.0,0.0,1.0,0.0,0.0,0.0,0.0,1.0,0.0,0.0,0.0,0.0,1.0,0.0,1.0,0.0,0.0,0.0,0.0,0.5873015873015872,0.3492298471846682,0.42336671998167197,0.2881355932203389,0.32371984501079987
0.26829268292682934,0.10011123470522798,0.14000000000000012,0.2051282051282053,0.24489795918367374,0.125,0.5533333333333335,0.38851351351351354,26.5,0.5000000000000001,0.33333333333333337,0.5,0.2014925373134328,1.0,0.0,0.0,0.0,0.0,1.0,1.0,0.0,0.0,0.0,0.0,1.0,0.0,0.0,1.0,0.0,0.0,0.0,0.0,0.46031746031746024,0.4489520611679213,0.30863337357557574,0.33333333333333337,0.3757323120091507
0.0,0.8286985539488319,0.94,0.8205128205128212,0.16326530612244916,0.41666666666666696,0.35333333333333333,0.28513513513513516,24.1,0.5000000000000001,0.33333333333333337,0.0,0.45788912579957347,0.0,1.0,1.0,0.0,0.0,0.0,1.0,0.0,0.0,0.0,1.0,0.0,0.0,0.0,0.0,0.0,1.0,0.0,0.0,0.7301587301587298,0.20090384080872126,0.4208749604989792,0.33333333333333337,0.052393062551039926
0.6097560975609757,0.4560622914349276,0.56,0.7179487179487181,0.6530612244897962,0.625,0.72,0.5986486486486486,12.4,0.9090909090909091,0.9999999999999999,1.0,0.3528784648187632,0.0,1.0,0.0,0.0,0.0,1.0,0.0,0.0,1.0,0.0,0.0,0.0,0.0,1.0,0.0,0.0,1.0,0.0,0.0,0.5873015873015872,0.4783481692817153,0.5457310353374536,0.22033898305084743,0.6573822164664431
0.3170731707317073,0.15016685205784197,0.52,0.3076923076923075,0.26530612244897966,0.791666666666667,0.4799999999999999,0.34324324324324323,27.6,0.13636363636363635,0.6666666666666666,0.5,0.13192963752665243,1.0,0.0,0.0,0.0,1.0,0.0,0.0,1.0,0.0,0.0,0.0,1.0,0.0,0.0,0.0,0.0,0.0,0.0,1.0,0.26984126984126977,0.35424415095542716,0.3204488836432371,0.050847457627118675,0.3263351731205439
0.902439024390244,0.1345939933259177,0.3599999999999999,0.5128205128205128,0.9591836734693877,0.0,0.18,0.2256756756756757,23.6,0.6818181818181818,0.33333333333333337,0.0,0.1636460554371002,0.0,1.0,0.0,0.0,0.0,1.0,0.0,0.0,0.0,1.0,0.0,1.0,0.0,0.0,0.0,0.0,0.0,0.0,1.0,0.6984126984126982,0.7565394632544447,0.737554938390302,0.423728813559322,0.19729547857852403
0.878048780487805,0.33481646273637367,0.040000000000000036,0.5128205128205128,0.38775510204081653,0.625,0.17333333333333328,0.1162162162162162,26.6,0.2727272727272728,0.0,0.0,0.4802771855010661,1.0,0.0,0.0,1.0,0.0,0.0,0.0,0.0,0.0,1.0,0.0,0.0,1.0,0.0,0.0,1.0,0.0,0.0,0.0,0.46031746031746024,0.3861791219665899,0.21841950253018805,0.4576271186440678,0.10071040360231329
0.2439024390243903,0.5216907675194661,0.56,0.10256410256410309,0.28571428571428603,0.75,0.5266666666666666,0.43783783783783786,24.9,1.0,0.6666666666666666,0.5,0.4027185501066098,0.0,1.0,0.0,1.0,0.0,0.0,1.0,0.0,0.0,0.0,0.0,0.0,0.0,1.0,0.0,0.0,1.0,0.0,0.0,0.1587301587301586,0.44973672290793787,0.5064060534397834,0.3728813559322034,0.37614157080142274
0.853658536585366,0.371523915461624,0.52,0.23076923076923084,0.6326530612244898,0.8333333333333335,0.39333333333333337,0.3459459459459459,27.9,0.5909090909090909,0.33333333333333337,0.5,0.30330490405117266,0.0,1.0,0.0,0.0,0.0,1.0,0.0,0.0,0.0,1.0,0.0,0.0,1.0,0.0,1.0,0.0,0.0,0.0,0.0,0.20634920634920628,0.638412204939212,0.5333470399012601,0.37853107344632764,0.4745497076704819
0.2926829268292683,0.5561735261401557,0.31999999999999984,0.12820512820512864,0.6530612244897962,0.875,0.5466666666666666,0.5412162162162162,26.6,0.2727272727272728,0.6666666666666666,0.5,0.5421108742004264,0.0,1.0,1.0,0.0,0.0,0.0,0.0,1.0,0.0,0.0,0.0,0.0,0.0,1.0,0.0,1.0,0.0,0.0,0.0,0.12698412698412698,0.7012458529792294,0.7608868680918801,0.1016949152542373,0.5073220751754414
0.04878048780487804,0.5083426028921023,0.8399999999999999,0.3076923076923075,0.3265306122448983,0.3333333333333335,0.8133333333333332,0.664864864864865,10.5,0.9090909090909091,0.9999999999999999,1.0,0.29131130063965877,0.0,1.0,1.0,0.0,0.0,0.0,1.0,0.0,0.0,0.0,0.0,0.0,0.0,1.0,1.0,0.0,0.0,0.0,0.0,0.4444444444444442,0.44498745448152144,0.5347570610422827,0.22033898305084743,0.6312821178784112
0.7804878048780488,0.33815350389321464,0.10000000000000009,0.0,0.4693877551020411,0.3333333333333335,0.15333333333333332,0.11283783783783785,29.9,0.5454545454545455,0.0,0.0,0.45255863539445623,1.0,0.0,0.0,0.0,1.0,0.0,0.0,0.0,0.0,1.0,0.0,0.0,1.0,0.0,0.0,0.0,1.0,0.0,0.0,0.25396825396825395,0.6602876231457366,0.2667613431790059,0.6610169491525424,0.1721942726525032
0.12195121951219517,0.1968854282536151,0.41999999999999993,0.4871794871794872,0.5918367346938775,0.3333333333333335,0.4333333333333333,0.4317567567567568,27.0,0.8636363636363636,0.33333333333333337,0.5,0.19749466950959488,0.0,1.0,0.0,0.0,1.0,0.0,1.0,0.0,0.0,0.0,0.0,1.0,0.0,0.0,1.0,0.0,0.0,0.0,0.0,0.5555555555555554,0.5429558345834686,0.7166576448314974,0.5141242937853107,0.4247621917841594
0.21951219512195125,0.3971078976640712,0.52,0.17948717948717974,0.24489795918367374,0.666666666666667,0.12000000000000005,0.12905405405405407,25.3,0.36363636363636365,0.33333333333333337,0.0,0.32302771855010665,0.0,1.0,1.0,0.0,0.0,0.0,1.0,0.0,0.0,0.0,0.0,0.0,1.0,0.0,1.0,0.0,0.0,0.0,0.0,0.23809523809523792,0.4005982525554107,0.47884501199339113,0.2655367231638418,0.10447072201051619
0.09756097560975613,0.24249165739710776,0.040000000000000036,0.23076923076923084,0.9387755102040818,0.4583333333333335,0.8866666666666667,0.8216216216216217,17.0,0.5454545454545455,0.9999999999999999,1.0,0.384594882729211,1.0,0.0,0.0,0.0,0.0,1.0,1.0,0.0,0.0,0.0,0.0,0.0,1.0,0.0,0.0,0.0,1.0,0.0,0.0,0.3492063492063491,0.8608122900388782,0.7446947638727519,0.11186440677966103,0.9566069578406553
0.5365853658536586,0.4482758620689654,0.52,0.2051282051282053,0.9591836734693877,1.0,0.7533333333333332,0.8067567567567568,13.1,0.9090909090909091,0.9999999999999999,1.0,0.3624733475479744,0.0,1.0,0.0,0.0,1.0,0.0,0.0,0.0,1.0,0.0,0.0,0.0,0.0,1.0,0.0,0.0,1.0,0.0,0.0,0.12698412698412698,0.8855578872299468,0.9714467980981472,0.22033898305084743,0.975966930496363
0.21951219512195125,0.7152391546162402,0.3599999999999999,0.0512820512820511,0.30612244897959195,0.5,0.52,0.43716216216216214,29.7,0.9090909090909091,0.33333333333333337,0.5,0.6564498933901919,0.0,1.0,1.0,0.0,0.0,0.0,1.0,0.0,0.0,0.0,1.0,0.0,0.0,0.0,0.0,1.0,0.0,0.0,0.0,0.2222222222222221,0.5110972709772392,0.519182658839594,0.536723163841808,0.40814560835709934
0.024390243902439046,0.28587319243604004,0.16000000000000014,0.2564102564102564,0.020408163265306367,0.29166666666666696,0.6399999999999999,0.39189189189189194,25.9,0.18181818181818177,0.33333333333333337,0.5,0.373134328358209,1.0,0.0,1.0,0.0,0.0,0.0,1.0,0.0,0.0,0.0,0.0,0.0,1.0,0.0,0.0,0.0,1.0,0.0,0.0,0.4285714285714284,0.2748543696130785,0.16656189165236546,0.1751412429378531,0.28492756475388004
0.2926829268292683,0.8932146829810899,0.9199999999999999,0.28205128205128194,0.3265306122448983,0.625,0.10666666666666669,0.12905405405405407,23.9,0.5000000000000001,0.0,0.0,0.5063965884861408,0.0,1.0,0.0,0.0,0.0,1.0,0.0,1.0,0.0,0.0,1.0,0.0,0.0,0.0,0.0,1.0,0.0,0.0,0.0,0.3174603174603172,0.4241982040111698,0.5353448809766248,0.6271186440677966,0.11062527698490482
0.9512195121951221,0.13236929922135698,0.14000000000000012,0.23076923076923084,0.6326530612244898,0.7083333333333335,0.36666666666666664,0.27702702702702703,29.1,0.5000000000000001,0.33333333333333337,0.5,0.2329424307036247,1.0,0.0,0.0,1.0,0.0,0.0,0.0,0.0,0.0,1.0,0.0,1.0,0.0,0.0,1.0,0.0,0.0,0.0,0.0,0.25396825396825395,0.6461329407768088,0.3571333798274279,0.33333333333333337,0.47857663910246373
0.024390243902439046,0.21245828698553948,0.14000000000000012,0.6153846153846159,0.8571428571428572,0.0,0.7666666666666666,0.6979729729729731,17.9,0.5454545454545455,0.9999999999999999,1.0,0.31076759061833686,1.0,0.0,1.0,0.0,0.0,0.0,1.0,0.0,0.0,0.0,0.0,1.0,0.0,0.0,1.0,0.0,0.0,0.0,0.0,0.7619047619047619,0.663879109716957,0.6924465409672511,0.11186440677966103,0.802534257287281
0.4634146341463415,0.2992213570634038,0.5,0.6153846153846159,0.14285714285714324,0.0,0.5866666666666667,0.3871621621621622,26.5,0.2727272727272728,0.6666666666666666,0.5,0.2537313432835821,1.0,0.0,0.0,0.0,1.0,0.0,0.0,1.0,0.0,0.0,0.0,0.0,1.0,0.0,1.0,0.0,0.0,0.0,0.0,0.7619047619047619,0.2867730197388101,0.24352668775253883,0.1016949152542373,0.2911440171526767
0.0,0.2992213570634038,0.5,0.2564102564102564,0.04081632653061229,0.4583333333333335,0.2933333333333333,0.18243243243243246,26.8,0.09090909090909094,0.0,0.0,0.2537313432835821,1.0,0.0,0.0,0.0,0.0,1.0,1.0,0.0,0.0,0.0,0.0,0.0,1.0,0.0,1.0,0.0,0.0,0.0,0.0,0.3650793650793649,0.2651252520572337,0.1788296856429361,0.32203389830508466,0.06914115658007802
0.878048780487805,0.43047830923248054,0.31999999999999984,0.8974358974358978,0.22448979591836737,0.20833333333333348,0.6133333333333333,0.4175675675675676,22.9,0.5000000000000001,0.33333333333333337,0.5,0.43283582089552236,0.0,1.0,0.0,0.0,0.0,1.0,0.0,0.0,0.0,1.0,0.0,0.0,1.0,0.0,0.0,0.0,1.0,0.0,0.0,0.8571428571428572,0.24090460552922321,0.27896750319942454,0.33333333333333337,0.2672202665152964
0.1951219512195122,0.2491657397107897,0.2200000000000002,0.9743589743589745,0.38775510204081653,0.3333333333333335,0.9199999999999999,0.6783783783783783,19.8,0.5454545454545455,0.6666666666666666,1.0,0.3131663113006396,1.0,0.0,0.0,0.0,0.0,1.0,1.0,0.0,0.0,0.0,0.0,0.0,1.0,0.0,1.0,0.0,0.0,0.0,0.0,0.8571428571428572,0.29246809130174556,0.39862142767216424,0.2033898305084746,0.5119570242939999
0.39024390243902446,0.6907675194660732,0.41999999999999993,0.6410256410256414,0.30612244897959195,0.916666666666667,0.3066666666666666,0.27702702702702703,27.3,0.7727272727272728,0.0,0.0,0.6023454157782515,0.0,1.0,0.0,1.0,0.0,0.0,0.0,1.0,0.0,0.0,1.0,0.0,0.0,0.0,0.0,1.0,0.0,0.0,0.0,0.4285714285714284,0.26207757667829434,0.520519383978747,0.8305084745762712,0.06834636317980619
0.1951219512195122,0.13236929922135698,1.0,0.3333333333333339,0.26530612244897966,0.16666666666666696,0.16666666666666669,0.16621621621621624,26.6,0.36363636363636365,0.0,0.0,0.017324093816631136,0.0,1.0,0.0,1.0,0.0,0.0,1.0,0.0,0.0,0.0,0.0,1.0,0.0,0.0,0.0,0.0,0.0,0.0,1.0,0.5238095238095237,0.4156138279114159,0.493036315117763,0.5254237288135593,0.10838658531955095
0.2439024390243903,0.20355951056729693,1.0,0.9743589743589745,0.30612244897959195,0.625,0.5466666666666666,0.4574324324324324,28.2,0.6818181818181818,0.6666666666666666,0.5,0.05996801705756927,0.0,1.0,0.0,0.0,1.0,0.0,1.0,0.0,0.0,0.0,0.0,1.0,0.0,0.0,0.0,0.0,0.0,0.0,1.0,0.746031746031746,0.21702257001352876,0.5197902611755725,0.2542372881355932,0.2547640289880981
0.34146341463414637,0.553948832035595,0.8399999999999999,1.0,0.9795918367346941,0.7083333333333335,0.9533333333333334,1.0,10.6,0.9090909090909091,0.6666666666666666,1.0,0.3208955223880597,0.0,1.0,0.0,0.0,1.0,0.0,0.0,1.0,0.0,0.0,0.0,0.0,0.0,1.0,1.0,0.0,0.0,0.0,0.0,0.7301587301587298,0.5618482412163761,0.9853811347024017,0.3389830508474576,0.7227093571663699
0.5609756097560976,0.67964404894327,0.6600000000000001,0.0,0.8571428571428572,0.666666666666667,0.1933333333333333,0.22364864864864864,28.6,0.7727272727272728,0.0,0.0,0.47627931769722814,0.0,1.0,0.0,0.0,0.0,1.0,0.0,0.0,1.0,0.0,1.0,0.0,0.0,0.0,0.0,1.0,0.0,0.0,0.0,0.12698412698412698,0.9316358957926258,0.6740566486961337,0.8305084745762712,0.24295831063543433
0.902439024390244,0.8743047830923245,0.43999999999999995,0.07692307692307754,0.9795918367346941,0.7083333333333335,0.18,0.2277027027027027,25.9,0.5000000000000001,0.33333333333333337,0.0,0.7401385927505331,0.0,1.0,0.0,0.0,1.0,0.0,0.0,0.0,0.0,1.0,1.0,0.0,0.0,0.0,0.0,0.0,0.0,1.0,0.0,0.1587301587301586,0.9761139735024345,0.7475543368338358,0.33333333333333337,0.2545576045972591
0.8292682926829269,0.4983314794215794,0.7000000000000002,0.7435897435897436,0.6530612244897962,0.0,0.4599999999999999,0.39999999999999997,23.4,0.7727272727272728,0.0,0.0,0.33208955223880593,0.0,1.0,1.0,0.0,0.0,0.0,0.0,0.0,0.0,1.0,0.0,0.0,0.0,1.0,1.0,0.0,0.0,0.0,0.0,0.841269841269841,0.5166023222640321,0.5446253684209501,0.8305084745762712,0.134723047978767
0.7073170731707319,0.44493882091212456,0.54,0.28205128205128194,0.5918367346938775,0.75,0.14666666666666667,0.15405405405405403,28.2,0.9090909090909091,0.33333333333333337,0.0,0.35234541577825157,0.0,1.0,0.0,1.0,0.0,0.0,0.0,0.0,1.0,0.0,0.0,0.0,0.0,1.0,0.0,0.0,1.0,0.0,0.0,0.26984126984126977,0.5925375415158207,0.5071521325872179,0.536723163841808,0.15452594809292536
0.7317073170731709,0.3681868743047829,0.6600000000000001,0.8717948717948723,0.22448979591836737,0.875,0.36666666666666664,0.2554054054054054,28.0,0.5909090909090909,0.6666666666666666,0.5,0.2534648187633261,0.0,1.0,0.0,0.0,0.0,1.0,0.0,0.0,1.0,0.0,0.0,0.0,1.0,0.0,1.0,0.0,0.0,0.0,0.0,0.5873015873015872,0.16142137867987216,0.27891586311356575,0.22033898305084743,0.2257639194458404
0.09756097560975613,0.8598442714126806,0.3599999999999999,0.3076923076923075,0.28571428571428603,0.29166666666666696,0.49333333333333335,0.41283783783783784,28.5,0.5454545454545455,0.33333333333333337,0.5,0.779317697228145,0.0,1.0,0.0,0.0,0.0,1.0,1.0,0.0,0.0,0.0,1.0,0.0,0.0,0.0,0.0,0.0,0.0,1.0,0.0,0.46031746031746024,0.4238428854873888,0.5061172486085188,0.35593220338983056,0.3626360306564441
0.3170731707317073,0.4160177975528365,0.41999999999999993,0.7692307692307692,0.34693877551020424,0.08333333333333348,0.5066666666666666,0.37837837837837834,26.2,0.13636363636363635,0.6666666666666666,0.5,0.3771321961620468,1.0,0.0,1.0,0.0,0.0,0.0,0.0,1.0,0.0,0.0,0.0,0.0,1.0,0.0,0.0,0.0,1.0,0.0,0.0,0.8253968253968251,0.3464229271390801,0.37220654711082823,0.050847457627118675,0.32225582981893225
0.2439024390243903,0.3659621802002224,0.33999999999999986,0.9487179487179489,0.5510204081632653,1.0,0.4199999999999999,0.3567567567567567,34.7,0.31818181818181823,0.33333333333333337,0.5,0.3683368869936034,1.0,0.0,1.0,0.0,0.0,0.0,1.0,0.0,0.0,0.0,0.0,0.0,1.0,0.0,0.0,0.0,1.0,0.0,0.0,0.5873015873015872,0.3140157593400189,0.5017579143265656,0.24293785310734467,0.30535310896736995
0.1951219512195122,0.3470522803114572,0.0,0.5641025641025639,0.44897959183673475,0.16666666666666696,0.4333333333333333,0.34662162162162163,34.6,0.5000000000000001,0.0,0.0,0.5149253731343284,1.0,0.0,1.0,0.0,0.0,0.0,1.0,0.0,0.0,0.0,0.0,0.0,1.0,0.0,0.0,1.0,0.0,0.0,0.0,0.6666666666666665,0.44973672290793787,0.43545717034117293,0.6271186440677966,0.11728538468933253
0.8048780487804879,0.5361512791991101,0.2400000000000002,0.07692307692307754,0.26530612244897966,0.916666666666667,0.7066666666666668,0.48918918918918924,11.8,0.9090909090909091,0.6666666666666666,1.0,0.5674307036247335,0.0,1.0,1.0,0.0,0.0,0.0,0.0,0.0,0.0,1.0,0.0,0.0,0.0,1.0,0.0,1.0,0.0,0.0,0.0,0.0793650793650793,0.42494658551730224,0.3039699114359746,0.3389830508474576,0.6156029377742454
0.26829268292682934,0.3959955506117907,0.6000000000000001,0.384615384615385,0.5918367346938775,0.29166666666666696,0.54,0.45472972972972975,25.7,0.18181818181818177,0.6666666666666666,0.5,0.2934434968017057,1.0,0.0,0.0,0.0,0.0,1.0,1.0,0.0,0.0,0.0,0.0,0.0,1.0,0.0,1.0,0.0,0.0,0.0,0.0,0.5079365079365079,0.5827967349226242,0.5264989330744996,0.06779661016949151,0.4455421507451881
0.8292682926829269,0.1991101223581757,0.1200000000000001,0.1538461538461542,0.6530612244897962,0.75,0.7733333333333332,0.5621621621621622,15.8,0.5454545454545455,0.6666666666666666,1.0,0.3057036247334754,1.0,0.0,0.0,1.0,0.0,0.0,0.0,0.0,0.0,1.0,0.0,1.0,0.0,0.0,1.0,0.0,0.0,0.0,0.0,0.19047619047619024,0.694663280327418,0.36916344593345674,0.2033898305084746,0.8266185700094757
0.8292682926829269,0.34037819799777513,0.16000000000000014,0.5384615384615383,0.8979591836734695,0.7083333333333335,0.3466666666666666,0.3040540540540541,34.9,0.2272727272727273,0.33333333333333337,0.5,0.42537313432835816,1.0,0.0,0.0,1.0,0.0,0.0,0.0,0.0,0.0,1.0,0.0,0.0,1.0,0.0,0.0,0.0,1.0,0.0,0.0,0.4444444444444442,0.6856170547532912,0.5090392739601397,0.19774011299435024,0.4991705077414592
0.0,0.8743047830923245,0.2799999999999998,0.7179487179487181,0.28571428571428603,0.7083333333333335,0.2933333333333333,0.26351351351351354,25.6,0.5454545454545455,0.33333333333333337,0.0,0.8470149253731343,0.0,1.0,1.0,0.0,0.0,0.0,1.0,0.0,0.0,0.0,1.0,0.0,0.0,0.0,0.0,0.0,0.0,1.0,0.0,0.5555555555555554,0.25658672351623835,0.5064695495374378,0.35593220338983056,0.06691442135121731
0.9512195121951221,0.1746384872080089,0.98,0.2564102564102564,0.12244897959183687,0.8333333333333335,0.4199999999999999,0.2716216216216216,23.6,0.6818181818181818,0.33333333333333337,0.5,0.046641791044776115,0.0,1.0,0.0,0.0,1.0,0.0,0.0,0.0,0.0,1.0,0.0,1.0,0.0,0.0,0.0,0.0,0.0,0.0,1.0,0.2222222222222221,0.265655078700034,0.2155804402877397,0.423728813559322,0.28012945813439294
0.5121951219512195,0.6929922135706339,0.8799999999999999,0.8205128205128212,0.28571428571428603,0.0,0.25999999999999995,0.23851351351351352,22.9,0.40909090909090906,0.33333333333333337,0.0,0.3960554371002131,0.0,1.0,0.0,0.0,0.0,1.0,0.0,1.0,0.0,0.0,1.0,0.0,0.0,0.0,0.0,0.0,1.0,0.0,0.0,0.8888888888888888,0.31120524528669,0.5060707369690265,0.2881355932203389,0.08115820890672326
0.6829268292682928,0.36262513904338145,0.7400000000000002,0.7179487179487181,0.8367346938775513,0.5833333333333335,0.54,0.5006756756756756,22.6,0.8636363636363636,0.6666666666666666,0.5,0.22494669509594883,0.0,1.0,0.0,1.0,0.0,0.0,0.0,0.0,1.0,0.0,0.0,0.0,1.0,0.0,1.0,0.0,0.0,0.0,0.0,0.603174603174603,0.5865462940301942,0.6597224706071751,0.32203389830508466,0.44749782151853845
0.17073170731707316,0.2647385984427141,0.3599999999999999,0.9743589743589745,0.9183673469387754,0.7083333333333335,0.3,0.325,31.6,0.18181818181818177,0.0,0.0,0.27398720682302774,1.0,0.0,1.0,0.0,0.0,0.0,1.0,0.0,0.0,0.0,0.0,0.0,1.0,0.0,1.0,0.0,0.0,0.0,0.0,0.714285714285714,0.537217522243381,0.7323973539299533,0.38983050847457623,0.14009921927381236
0.2439024390243903,0.3036707452725249,0.33999999999999986,0.28205128205128194,0.7551020408163267,1.0,0.0733333333333333,0.11891891891891893,29.2,0.36363636363636365,0.33333333333333337,0.0,0.3147654584221748,1.0,0.0,0.0,0.0,1.0,0.0,1.0,0.0,0.0,0.0,0.0,0.0,1.0,0.0,1.0,0.0,0.0,0.0,0.0,0.17460317460317443,0.6925369510172108,0.6296925748518591,0.2655367231638418,0.18060447051431427
0.9756097560975612,0.21468298109009998,0.16000000000000014,0.1538461538461542,0.9183673469387754,0.25,0.98,0.7837837837837838,19.8,0.5454545454545455,0.6666666666666666,1.0,0.304637526652452,1.0,0.0,0.0,0.0,1.0,0.0,0.0,0.0,0.0,1.0,0.0,1.0,0.0,0.0,1.0,0.0,0.0,0.0,0.0,0.38095238095238093,0.8877919724935919,0.520342963402006,0.2033898305084746,0.9777147900966274
0.878048780487805,0.3414905450500556,0.14000000000000012,0.9743589743589745,0.8775510204081636,0.625,0.4266666666666666,0.3601351351351351,31.8,0.2727272727272728,0.33333333333333337,0.0,0.43603411513859275,1.0,0.0,1.0,0.0,0.0,0.0,0.0,0.0,0.0,1.0,0.0,0.0,1.0,0.0,0.0,0.0,1.0,0.0,0.0,0.746031746031746,0.5209757493041856,0.49645833147399454,0.22033898305084748,0.13586357986484138
0.3170731707317073,0.5216907675194661,0.3799999999999999,0.6410256410256414,0.20408163265306145,0.625,0.8133333333333332,0.6263513513513514,14.0,0.9090909090909091,0.6666666666666666,1.0,0.4826759061833688,0.0,1.0,0.0,0.0,0.0,1.0,0.0,1.0,0.0,0.0,0.0,0.0,0.0,1.0,0.0,1.0,0.0,0.0,0.0,0.5396825396825395,0.23918582267013921,0.44970403823478544,0.3389830508474576,0.47027109302400094
0.7073170731707319,0.6473859844271412,0.7999999999999998,1.0,0.5714285714285716,0.5833333333333335,0.17333333333333328,0.17162162162162165,22.9,0.6818181818181818,0.33333333333333337,0.0,0.3965884861407249,0.0,1.0,0.0,1.0,0.0,0.0,0.0,0.0,1.0,0.0,0.0,0.0,0.0,1.0,0.0,0.0,1.0,0.0,0.0,0.7777777777777777,0.3554901294681614,0.4953326681989183,0.423728813559322,0.09270712055343708
0.8292682926829269,0.26251390433815347,0.2400000000000002,0.2051282051282053,0.6122448979591839,0.20833333333333348,0.5333333333333334,0.44729729729729734,20.8,0.36363636363636365,0.6666666666666666,0.5,0.3174307036247334,0.0,1.0,0.0,0.0,1.0,0.0,0.0,0.0,0.0,1.0,0.0,0.0,1.0,0.0,1.0,0.0,0.0,0.0,0.0,0.4285714285714284,0.67093495059139,0.5194911338717061,0.13559322033898302,0.49151271087068893
0.48780487804878053,0.05784204671857618,0.3599999999999999,0.8461538461538467,0.48979591836734704,0.3333333333333335,0.34,0.2864864864864865,29.9,0.40909090909090906,0.33333333333333337,0.5,0.09834754797441364,1.0,0.0,0.0,1.0,0.0,0.0,0.0,1.0,0.0,0.0,0.0,1.0,0.0,0.0,0.0,0.0,0.0,0.0,1.0,0.7777777777777777,0.3768794272700965,0.46172994766075437,0.2881355932203389,0.33814113405230783
0.878048780487805,0.8587319243604004,0.2400000000000002,0.3076923076923075,0.4693877551020411,0.25,0.36000000000000004,0.2925675675675676,23.1,0.36363636363636365,0.6666666666666666,0.5,0.8619402985074625,0.0,1.0,0.0,1.0,0.0,0.0,0.0,0.0,0.0,1.0,1.0,0.0,0.0,0.0,0.0,0.0,0.0,1.0,0.0,0.47619047619047605,0.5399728230098515,0.43065032462338926,0.13559322033898302,0.42320633191271184
0.09756097560975613,0.7497219132369299,0.48,0.8974358974358978,0.36734693877551017,0.541666666666667,0.56,0.48243243243243245,22.0,0.31818181818181823,0.0,0.0,0.6170042643923239,0.0,1.0,0.0,0.0,1.0,0.0,1.0,0.0,0.0,0.0,1.0,0.0,0.0,0.0,0.0,1.0,0.0,0.0,0.0,0.7301587301587298,0.2774678045315573,0.5622172278717257,0.4915254237288136,0.07235993090128381
0.43902439024390244,0.21245828698553948,0.56,0.6153846153846159,0.020408163265306367,0.41666666666666696,0.23333333333333334,0.14256756756756755,34.5,0.31818181818181823,0.0,0.0,0.16871002132196156,1.0,0.0,1.0,0.0,0.0,0.0,0.0,1.0,0.0,0.0,0.0,1.0,0.0,0.0,1.0,0.0,0.0,0.0,0.0,0.603174603174603,0.16738505484711108,0.16633440063754756,0.4915254237288136,0.0436518068216705
0.3170731707317073,0.14794215795328136,0.2799999999999998,0.5897435897435903,0.4285714285714288,0.8333333333333335,0.046666666666666634,0.06689189189189187,29.4,0.40909090909090906,0.33333333333333337,0.0,0.1998933901918976,1.0,0.0,0.0,0.0,1.0,0.0,0.0,1.0,0.0,0.0,0.0,1.0,0.0,0.0,1.0,0.0,0.0,0.0,0.0,0.4285714285714284,0.3642919201565682,0.4244158818691217,0.2881355932203389,0.09500251106584606
0.6097560975609757,0.06896551724137934,0.2599999999999998,0.4102564102564106,0.38775510204081653,0.625,0.4533333333333333,0.34391891891891896,21.7,0.2727272727272728,0.0,0.0,0.13512793176972282,0.0,1.0,0.0,0.0,1.0,0.0,0.0,0.0,1.0,0.0,0.0,1.0,0.0,0.0,0.0,0.0,0.0,0.0,1.0,0.39682539682539675,0.4196580228739666,0.38045777702547046,0.4576271186440678,0.10944125783745096
0.07317073170731708,0.30033370411568405,0.2200000000000002,0.02564102564102555,0.6530612244897962,1.0,0.5466666666666666,0.5412162162162162,22.0,0.2727272727272728,0.33333333333333337,0.5,0.3606076759061834,0.0,1.0,0.0,0.0,0.0,1.0,1.0,0.0,0.0,0.0,0.0,0.0,1.0,0.0,0.0,0.0,1.0,0.0,0.0,0.015873015873015817,0.751560919800546,0.7608868680918801,0.22033898305084748,0.5335650821047001
0.5853658536585367,0.515016685205784,0.54,0.3076923076923075,0.14285714285714324,0.20833333333333348,0.8466666666666667,0.5472972972972974,11.4,0.9090909090909091,0.6666666666666666,1.0,0.4059168443496802,0.0,1.0,0.0,1.0,0.0,0.0,0.0,0.0,1.0,0.0,0.0,0.0,0.0,1.0,0.0,0.0,1.0,0.0,0.0,0.49206349206349187,0.34561814586726824,0.22820704931178248,0.3389830508474576,0.5535395165285895
1.0,0.5061179087875416,0.33999999999999986,0.7692307692307692,0.48979591836734704,0.875,0.9933333333333334,0.7533783783783785,15.0,0.9090909090909091,0.9999999999999999,1.0,0.4888059701492537,0.0,1.0,1.0,0.0,0.0,0.0,0.0,0.0,0.0,1.0,0.0,0.0,0.0,1.0,0.0,1.0,0.0,0.0,0.0,0.5238095238095237,0.3428183185855024,0.4431505389899868,0.22033898305084743,0.5513490428375664
0.5853658536585367,0.335928809788654,0.7400000000000002,0.7179487179487181,0.9183673469387754,0.625,0.5866666666666667,0.5567567567567568,22.7,0.8636363636363636,0.33333333333333337,0.5,0.20655650319829427,0.0,1.0,0.0,1.0,0.0,0.0,0.0,0.0,1.0,0.0,0.0,0.0,1.0,0.0,1.0,0.0,0.0,0.0,0.0,0.5873015873015872,0.6309425499418622,0.710334353738461,0.5141242937853107,0.4706537333582391
0.4146341463414634,0.968854282536151,0.2400000000000002,0.6923076923076925,0.16326530612244916,0.791666666666667,0.3466666666666666,0.28040540540540543,23.3,0.8636363636363636,0.6666666666666666,0.5,0.9624200426439231,0.0,1.0,0.0,0.0,1.0,0.0,0.0,1.0,0.0,0.0,1.0,0.0,0.0,0.0,0.0,0.0,0.0,1.0,0.0,0.5079365079365079,0.17902842260219676,0.4209726765571238,0.32203389830508466,0.23494728746755533
0.9512195121951221,0.3959955506117907,0.33999999999999986,0.666666666666667,0.6734693877551021,0.625,0.36666666666666664,0.28378378378378377,31.6,0.13636363636363635,0.33333333333333337,0.5,0.39418976545842216,1.0,0.0,1.0,0.0,0.0,0.0,0.0,0.0,0.0,1.0,0.0,0.0,1.0,0.0,0.0,0.0,1.0,0.0,0.0,0.5555555555555554,0.5071596957000648,0.3815763538005097,0.15254237288135591,0.40609187332678853
0.17073170731707316,0.2513904338153503,0.2999999999999998,0.3589743589743595,0.44897959183673475,0.4583333333333335,0.4666666666666666,0.37094594594594593,27.9,0.31818181818181823,0.33333333333333337,0.0,0.28438166311300633,1.0,0.0,1.0,0.0,0.0,0.0,1.0,0.0,0.0,0.0,0.0,0.0,1.0,0.0,1.0,0.0,0.0,0.0,0.0,0.4285714285714284,0.4920598495044106,0.4365730452399439,0.24293785310734467,0.1283226959233959
0.9268292682926831,0.1746384872080089,0.06000000000000005,0.7692307692307692,0.08163265306122458,0.666666666666667,0.94,0.5155405405405407,16.1,0.5454545454545455,0.9999999999999999,1.0,0.3057036247334754,1.0,0.0,1.0,0.0,0.0,0.0,0.0,0.0,0.0,1.0,0.0,1.0,0.0,0.0,1.0,0.0,0.0,0.0,0.0,0.603174603174603,0.13245495158185416,0.046758799843577226,0.11186440677966103,0.3867690975039718
0.9512195121951221,0.6240266963292544,0.48,1.0,0.48979591836734704,0.16666666666666696,0.47333333333333333,0.37770270270270273,21.6,0.5909090909090909,0.33333333333333337,0.5,0.5175906183368868,0.0,1.0,1.0,0.0,0.0,0.0,0.0,0.0,0.0,1.0,0.0,0.0,0.0,1.0,0.0,1.0,0.0,0.0,0.0,0.9365079365079363,0.35327744348865087,0.4427241903430874,0.37853107344632764,0.3258309640962516
0.3170731707317073,0.4082313681868742,0.2400000000000002,0.3589743589743595,0.14285714285714324,1.0,0.5933333333333333,0.39189189189189194,28.1,0.36363636363636365,0.6666666666666666,0.5,0.45069296375266527,1.0,0.0,0.0,0.0,0.0,1.0,0.0,1.0,0.0,0.0,0.0,0.0,1.0,0.0,0.0,0.0,1.0,0.0,0.0,0.2222222222222221,0.2223417506511154,0.24473086929797505,0.13559322033898302,0.25753837280097414
0.7560975609756098,0.19132369299221352,0.7799999999999998,0.8205128205128212,0.30612244897959195,0.5,0.4266666666666666,0.3101351351351352,21.1,0.9090909090909091,0.0,0.0,0.09834754797441364,0.0,1.0,1.0,0.0,0.0,0.0,0.0,0.0,1.0,0.0,0.0,1.0,0.0,0.0,0.0,0.0,0.0,0.0,1.0,0.6984126984126982,0.2678762750102349,0.3298601667627259,0.9322033898305084,0.0698585869541104
0.902439024390244,0.33259176863181317,0.6200000000000001,0.4871794871794872,0.9591836734693877,0.29166666666666696,0.4666666666666666,0.46554054054054056,20.2,0.2727272727272728,0.6666666666666666,0.5,0.2404051172707889,0.0,1.0,0.0,0.0,1.0,0.0,0.0,0.0,0.0,1.0,0.0,0.0,1.0,0.0,1.0,0.0,0.0,0.0,0.0,0.5714285714285712,0.7589063117817079,0.7359994764101969,0.1016949152542373,0.537396244117151
0.7804878048780488,0.31034482758620685,0.54,0.28205128205128194,0.8979591836734695,0.9583333333333335,0.35333333333333333,0.30878378378378385,33.0,0.40909090909090906,0.33333333333333337,0.5,0.2492004264392324,1.0,0.0,0.0,0.0,0.0,1.0,0.0,0.0,0.0,1.0,0.0,0.0,1.0,0.0,1.0,0.0,0.0,0.0,0.0,0.19047619047619024,0.7977902518724622,0.5080865423932277,0.2881355932203389,0.5576770779449666
0.5365853658536586,0.5328142380422691,0.7400000000000002,0.9230769230769234,0.28571428571428603,0.16666666666666696,0.9733333333333334,0.7716216216216216,10.7,0.9090909090909091,0.9999999999999999,1.0,0.341684434968017,0.0,1.0,0.0,0.0,1.0,0.0,0.0,0.0,1.0,0.0,0.0,0.0,0.0,1.0,0.0,0.0,1.0,0.0,0.0,0.8888888888888888,0.27053545369146137,0.5064974100700819,0.22033898305084743,0.49479779951861647
0.34146341463414637,0.6985539488320354,0.96,0.2051282051282053,0.0,0.4583333333333335,0.49333333333333335,0.34797297297297297,27.8,0.5909090909090909,0.33333333333333337,0.5,0.37046908315565025,0.0,1.0,0.0,0.0,1.0,0.0,0.0,1.0,0.0,0.0,1.0,0.0,0.0,0.0,0.0,0.0,1.0,0.0,0.0,0.33333333333333326,0.25324128997573325,0.3074195246983047,0.37853107344632764,0.27365475454973703
0.7804878048780488,0.13125695216907662,0.0,0.5641025641025639,0.4285714285714288,0.3333333333333335,0.5466666666666666,0.36148648648648646,33.0,0.31818181818181823,0.33333333333333337,0.0,0.285181236673774,1.0,0.0,0.0,1.0,0.0,0.0,0.0,0.0,0.0,1.0,0.0,1.0,0.0,0.0,1.0,0.0,0.0,0.0,0.0,0.603174603174603,0.4235391454589952,0.24369575970689783,0.24293785310734467,0.11045340323769376
0.5853658536585367,0.1968854282536151,0.14000000000000012,0.17948717948717974,0.04081632653061229,0.08333333333333348,0.8866666666666667,0.4743243243243243,17.7,0.5454545454545455,0.6666666666666666,1.0,0.2955756929637526,1.0,0.0,1.0,0.0,0.0,0.0,0.0,0.0,1.0,0.0,0.0,1.0,0.0,0.0,1.0,0.0,0.0,0.0,0.0,0.46031746031746024,0.335960770605525,0.02382738391251804,0.2033898305084746,0.5459839695943357
0.39024390243902446,0.2947719688542825,0.3799999999999999,0.7948717948717947,0.7551020408163267,0.08333333333333348,0.20666666666666672,0.22500000000000003,28.1,0.36363636363636365,0.33333333333333337,0.0,0.2921108742004264,1.0,0.0,1.0,0.0,0.0,0.0,0.0,1.0,0.0,0.0,0.0,0.0,1.0,0.0,1.0,0.0,0.0,0.0,0.0,0.841269841269841,0.5477629899251246,0.6295367453274399,0.2655367231638418,0.1428493376670471
0.7804878048780488,0.6162402669632925,0.2200000000000002,0.3333333333333339,0.26530612244897966,0.0,0.4399999999999999,0.3114864864864865,21.5,0.9545454545454545,0.6666666666666666,0.5,0.6524520255863537,0.0,1.0,0.0,0.0,1.0,0.0,0.0,0.0,0.0,1.0,0.0,0.0,0.0,1.0,0.0,1.0,0.0,0.0,0.0,0.5873015873015872,0.43139605215551646,0.3047074149610247,0.35593220338983056,0.3665755624454696
0.024390243902439046,0.32480533926585087,0.20000000000000018,0.666666666666667,0.7142857142857144,1.0,0.4466666666666666,0.4081081081081081,32.4,0.045454545454545525,0.33333333333333337,0.0,0.3920575692963753,1.0,0.0,1.0,0.0,0.0,0.0,1.0,0.0,0.0,0.0,0.0,0.0,1.0,0.0,0.0,0.0,1.0,0.0,0.0,0.41269841269841256,0.5013002086804601,0.6039447426633162,0.10734463276836159,0.13073245929255795
0.3170731707317073,0.2958843159065627,0.33999999999999986,0.6153846153846159,0.34693877551020424,0.875,0.3466666666666666,0.26756756756756755,31.0,0.0,0.6666666666666666,0.5,0.30810234541577813,1.0,0.0,0.0,0.0,0.0,1.0,0.0,1.0,0.0,0.0,0.0,0.0,1.0,0.0,1.0,0.0,0.0,0.0,0.0,0.4285714285714284,0.3004079554826471,0.37316509510977247,0.0,0.2982556386969
0.9512195121951221,0.48275862068965514,0.2999999999999998,0.3076923076923075,0.9387755102040818,0.7083333333333335,0.7133333333333334,0.666891891891892,13.3,0.9090909090909091,0.6666666666666666,1.0,0.48800639658848605,0.0,1.0,0.0,1.0,0.0,0.0,0.0,0.0,0.0,1.0,0.0,0.0,0.0,1.0,0.0,1.0,0.0,0.0,0.0,0.3015873015873014,0.8184156461814711,0.723139669721174,0.3389830508474576,0.923437507152699
0.9512195121951221,0.042269187986651746,0.5,0.5128205128205128,0.8163265306122449,0.9583333333333335,0.5933333333333333,0.47162162162162163,25.1,0.09090909090909094,0.0,0.0,0.05277185501066095,1.0,0.0,1.0,0.0,0.0,0.0,0.0,0.0,0.0,1.0,0.0,1.0,0.0,0.0,0.0,0.0,0.0,0.0,1.0,0.33333333333333326,0.6310522511501009,0.46260745025228056,0.32203389830508466,0.16457007459086131
0.9268292682926831,0.2691879866518353,0.3799999999999999,0.7692307692307692,0.34693877551020424,0.4583333333333335,0.9933333333333334,0.6243243243243244,19.6,0.5454545454545455,0.9999999999999999,1.0,0.27078891257995735,1.0,0.0,1.0,0.0,0.0,0.0,0.0,0.0,0.0,1.0,0.0,0.0,1.0,0.0,1.0,0.0,0.0,0.0,0.0,0.6825396825396823,0.30773727856151556,0.1968169495275962,0.11186440677966103,0.5239030301043072
0.12195121951219517,0.04560622914349277,0.2400000000000002,0.9230769230769234,0.04081632653061229,0.3333333333333335,0.05333333333333329,0.03445945945945944,25.7,0.5454545454545455,0.0,0.0,0.11940298507462688,1.0,0.0,0.0,0.0,0.0,1.0,1.0,0.0,0.0,0.0,0.0,1.0,0.0,0.0,0.0,0.0,0.0,0.0,1.0,0.8253968253968251,0.12671763993442064,0.18080682275264426,0.6610169491525424,0.033046283279996175
0.12195121951219517,0.5261401557285872,0.8199999999999998,0.10256410256410309,0.18367346938775508,0.3333333333333335,0.9133333333333333,0.6918918918918919,11.8,0.9090909090909091,0.9999999999999999,1.0,0.30943496801705755,0.0,1.0,0.0,1.0,0.0,0.0,1.0,0.0,0.0,0.0,0.0,0.0,0.0,1.0,1.0,0.0,0.0,0.0,0.0,0.3174603174603172,0.4241982040111698,0.43561231872282,0.22033898305084743,0.6150174338002297
0.04878048780487804,0.1668520578420467,0.20000000000000018,0.3076923076923075,0.9795918367346941,0.7083333333333335,0.4133333333333334,0.4945945945945946,24.0,0.7727272727272728,0.6666666666666666,0.5,0.24413646055437094,0.0,1.0,0.0,0.0,0.0,1.0,1.0,0.0,0.0,0.0,0.0,1.0,0.0,0.0,1.0,0.0,0.0,0.0,0.0,0.3015873015873014,0.8459161719268162,0.9860816538722907,0.288135593220339,0.5827782838709874
0.14634146341463422,0.5239154616240266,0.48,0.6923076923076925,0.7755102040816326,0.7083333333333335,0.7133333333333334,0.7168918918918918,10.0,0.9090909090909091,0.6666666666666666,1.0,0.4384328358208955,0.0,1.0,0.0,0.0,1.0,0.0,1.0,0.0,0.0,0.0,0.0,0.0,0.0,1.0,0.0,0.0,1.0,0.0,0.0,0.5396825396825395,0.5520043030234401,0.8441090377280827,0.3389830508474576,0.7150078508027043
0.17073170731707316,0.2958843159065627,0.2200000000000002,0.6153846153846159,0.9387755102040818,0.25,0.5866666666666667,0.6466216216216216,25.0,0.6818181818181818,0.0,0.0,0.3563432835820895,0.0,1.0,0.0,0.0,1.0,0.0,1.0,0.0,0.0,0.0,0.0,0.0,1.0,0.0,0.0,0.0,1.0,0.0,0.0,0.6666666666666665,0.6978859981882006,0.9576866229660614,0.7627118644067796,0.18199943121735507
1.0,0.2269187986651835,0.52,0.8717948717948723,0.0,0.125,0.8133333333333332,0.42297297297297304,18.8,0.5454545454545455,0.9999999999999999,1.0,0.19136460554371,1.0,0.0,1.0,0.0,0.0,0.0,0.0,0.0,0.0,1.0,0.0,0.0,1.0,0.0,1.0,0.0,0.0,0.0,0.0,0.873015873015873,0.1431899714978906,0.0005643914794060123,0.11186440677966103,0.39516775082513544
0.34146341463414637,0.9610678531701891,0.6600000000000001,0.9743589743589745,0.5306122448979593,0.5,0.4000000000000001,0.39189189189189194,28.2,0.2727272727272728,0.33333333333333337,0.5,0.6775053304904051,0.0,1.0,0.0,1.0,0.0,0.0,0.0,1.0,0.0,0.0,1.0,0.0,0.0,0.0,0.0,1.0,0.0,0.0,0.0,0.7936507936507935,0.34888461102932844,0.6745587281960408,0.22033898305084748,0.32353977897115843
0.6829268292682928,0.5417130144605116,0.2599999999999998,0.1538461538461542,0.5306122448979593,0.666666666666667,0.16666666666666669,0.1614864864864865,28.8,0.9090909090909091,0.0,0.0,0.5613006396588487,0.0,1.0,0.0,0.0,1.0,0.0,0.0,0.0,1.0,0.0,0.0,0.0,0.0,1.0,0.0,1.0,0.0,0.0,0.0,0.2222222222222221,0.6121617030913826,0.46908220062414263,0.9322033898305084,0.15964366968949273
