age,gender,weight,height,max_bpm,avg_bpm,resting_bpm,session_duration,calories_burned,workout_type,water_intake,workout_frequency,experience_level,bmi,age_category,weight_category,bmi_category,hrr,intensity,cardio_load,weekly_cardio_load,bpm_efficiency,calories_per_min,calories_per_kg,fat_burn_efficiency,weight_height_ratio,bmi_age_interaction,weight_age_ratio,fat_risk_score,water_per_session,water_per_kg,hydration_score,experience_intensity_ratio,experience_load,experience_frequency_score
20.0,Male,55.0,1.6,172.0,168.0,67.0,1.12,1035.0,Yoga,3.2,4.0,2.0,21.48,0-29,40-59,healthy,105.0,0.9619047619047619,1.0773333333333335,4.309333333333334,6.160714285714286,924.1071428571428,18.818181818181817,888.9030612244898,34.375,429.6,2.75,738.375,0.8,0.05818181818181818,0.7142857142857143,1.9238095238095239,2.154666666666667,8.0
39.0,Female,60.6,1.65,162.0,167.0,63.0,0.92,768.0,HIIT,1.7,3.0,1.0,22.26,30-39,60-79,healthy,99.0,1.0505050505050506,0.9664646464646466,2.89939393939394,4.598802395209581,834.7826086956521,12.673267326732672,876.943346508564,36.72727272727273,868.1400000000001,1.5538461538461539,817.549090909091,0.5666666666666667,0.028052805280528052,0.6159420289855072,1.0505050505050506,0.9664646464646466,3.0
54.0,Female,75.6,1.72,194.0,154.0,60.0,0.97,672.0,Cardio,1.9,3.0,1.0,25.55,50-100,60-79,overweight,134.0,0.7014925373134329,0.6804477611940298,2.0413432835820897,4.363636363636363,692.7835051546392,8.88888888888889,485.98245883982156,43.95348837209302,1379.7,1.4,1123.0116279069766,0.6333333333333333,0.025132275132275134,0.6529209621993127,0.7014925373134329,0.6804477611940298,3.0
24.0,Female,58.9,1.51,187.0,157.0,68.0,1.04,816.0,Cardio,2.5,2.0,1.0,25.83,0-29,40-59,overweight,119.0,0.7478991596638656,0.7778151260504202,1.5556302521008405,5.197452229299363,784.6153846153846,13.853989813242785,586.8131868131868,39.00662251655629,619.92,2.4541666666666666,1007.5410596026489,1.25,0.042444821731748725,1.2019230769230769,0.7478991596638656,0.7778151260504202,2.0
20.0,Female,65.4,1.52,185.0,127.0,50.0,1.03,654.0,Yoga,2.2,4.0,2.0,28.31,0-29,60-79,overweight,135.0,0.5703703703703704,0.5874814814814815,2.349925925925926,5.149606299212598,634.9514563106796,10.0,362.1574973031284,43.026315789473685,566.1999999999999,3.2700000000000005,1218.075,0.55,0.03363914373088685,0.5339805825242718,1.1407407407407408,1.174962962962963,8.0
19.0,Female,64.3,1.63,197.0,132.0,57.0,1.87,1234.0,Cardio,2.7,5.0,3.0,24.2,0-29,60-79,healthy,140.0,0.5357142857142857,1.0017857142857143,5.008928571428571,9.348484848484848,659.8930481283422,19.191290824261277,353.5141329258976,39.4478527607362,459.8,3.384210526315789,954.638036809816,0.54,0.04199066874027994,0.2887700534759358,1.6071428571428572,3.005357142857143,15.0
19.0,Female,65.2,1.52,188.0,130.0,71.0,1.23,800.0,Cardio,2.4,3.0,1.0,28.22,0-29,60-79,overweight,117.0,0.5042735042735043,0.6202564102564102,1.8607692307692307,6.153846153846154,650.4065040650406,12.269938650306749,327.98276700715724,42.89473684210527,536.18,3.431578947368421,1210.4894736842105,0.7999999999999999,0.03680981595092024,0.6504065040650406,0.5042735042735043,0.6202564102564102,3.0
54.0,Male,78.4,1.9,174.0,146.0,72.0,0.81,585.0,Yoga,3.7,2.0,1.0,21.72,50-100,60-79,healthy,102.0,0.7254901960784313,0.5876470588235294,1.1752941176470588,4.006849315068493,722.2222222222222,7.461734693877551,523.9651416122003,41.26315789473685,1172.8799999999999,1.451851851851852,896.2357894736842,1.85,0.047193877551020405,2.2839506172839505,0.7254901960784313,0.5876470588235294,2.0
53.0,Female,52.4,1.57,171.0,149.0,71.0,1.34,898.0,HIIT,2.2,3.0,2.0,21.26,50-100,40-59,healthy,100.0,0.78,1.0452000000000001,3.1356,6.026845637583893,670.1492537313433,17.137404580152673,522.7164179104477,33.37579617834395,1126.78,0.9886792452830189,709.5694267515923,0.7333333333333334,0.04198473282442749,0.5472636815920399,1.56,2.0904000000000003,6.0
30.0,Male,113.4,1.91,177.0,137.0,54.0,1.27,957.0,HIIT,3.7,3.0,1.0,31.08,30-39,100-130,obesity,123.0,0.6747967479674797,0.8569918699186992,2.570975609756098,6.985401459854015,753.5433070866142,8.439153439153438,508.4885730747071,59.37172774869111,932.4,3.7800000000000002,1845.2732984293195,1.2333333333333334,0.03262786596119929,0.9711286089238845,0.6747967479674797,0.8569918699186992,3.0
22.0,Male,86.2,1.9,186.0,128.0,58.0,1.91,1345.0,Strength,3.5,5.0,3.0,23.88,0-29,80-99,healthy,128.0,0.546875,1.04453125,5.22265625,10.5078125,704.1884816753927,15.603248259860788,385.1030759162304,45.36842105263158,525.36,3.9181818181818184,1083.3978947368423,0.7,0.04060324825986079,0.36649214659685864,1.640625,3.1335937499999997,15.0
34.0,Female,54.2,1.52,190.0,132.0,60.0,1.13,746.0,Cardio,2.2,3.0,1.0,23.46,30-39,40-59,healthy,130.0,0.5538461538461539,0.6258461538461538,1.8775384615384616,5.651515151515151,660.1769911504425,13.763837638376383,365.63648740639894,35.65789473684211,797.64,1.5941176470588236,836.5342105263159,0.7333333333333334,0.04059040590405904,0.648967551622419,0.5538461538461539,0.6258461538461538,3.0
57.0,Female,78.4,1.62,185.0,149.0,52.0,1.01,677.0,Strength,2.0,4.0,2.0,29.87,50-100,60-79,overweight,133.0,0.7293233082706767,0.7366165413533835,2.946466165413534,4.543624161073826,670.2970297029702,8.635204081632653,488.8632472269783,48.39506172839506,1702.5900000000001,1.3754385964912281,1445.5604938271606,0.5,0.02551020408163265,0.49504950495049505,1.4586466165413534,1.473233082706767,8.0
46.0,Male,108.8,1.64,185.0,169.0,63.0,1.4,1171.0,Strength,3.4,3.0,1.0,40.45,40-49,100-130,sever obesity,122.0,0.8688524590163934,1.2163934426229508,3.6491803278688524,6.928994082840236,836.4285714285714,10.762867647058824,726.7330210772834,66.34146341463415,1860.7,2.365217391304348,2683.512195121951,1.1333333333333333,0.03125,0.8095238095238095,0.8688524590163934,1.2163934426229508,3.0
58.0,Female,66.1,1.75,169.0,128.0,57.0,0.63,363.0,Cardio,1.8,2.0,1.0,21.58,50-100,60-79,healthy,112.0,0.6339285714285714,0.399375,0.79875,2.8359375,576.1904761904761,5.491679273827534,365.2636054421768,37.771428571428565,1251.6399999999999,1.139655172413793,815.1074285714285,0.9,0.027231467473524965,1.4285714285714286,0.6339285714285714,0.399375,2.0
25.0,Female,63.8,1.68,198.0,165.0,67.0,0.95,784.0,Cardio,1.9,2.0,1.0,22.6,0-29,60-79,healthy,131.0,0.7480916030534351,0.7106870229007634,1.4213740458015267,4.751515151515152,825.2631578947369,12.288401253918495,617.3724387304138,37.976190476190474,565.0,2.552,858.2619047619048,0.95,0.029780564263322883,1.0,0.7480916030534351,0.7106870229007634,2.0
40.0,Male,76.9,1.92,179.0,137.0,68.0,1.13,851.0,Yoga,3.7,4.0,2.0,20.86,40-49,60-79,healthy,111.0,0.6216216216216216,0.7024324324324324,2.8097297297297295,6.211678832116788,753.0973451327434,11.066319895968789,468.14159292035396,40.052083333333336,834.4,1.9225,835.4864583333334,0.925,0.04811443433029909,0.8185840707964603,1.2432432432432432,1.4048648648648647,8.0
24.0,Female,72.9,1.76,175.0,127.0,68.0,0.86,546.0,Yoga,1.5,3.0,1.0,23.53,0-29,60-79,healthy,107.0,0.5514018691588785,0.4742056074766355,1.4226168224299065,4.299212598425197,634.8837209302326,7.489711934156378,350.07607041947404,41.42045454545455,564.72,3.0375,974.6232954545455,0.5,0.0205761316872428,0.5813953488372093,0.5514018691588785,0.4742056074766355,3.0
51.0,Female,78.1,1.51,193.0,134.0,74.0,0.92,555.0,Strength,2.6,3.0,1.0,34.25,50-100,60-79,obesity,119.0,0.5042016806722689,0.4638655462184874,1.3915966386554621,4.141791044776119,603.2608695652174,7.106274007682459,304.165144318597,51.721854304635755,1746.75,1.5313725490196077,1771.4735099337747,0.8666666666666667,0.03329065300896287,0.9420289855072463,0.5042016806722689,0.4638655462184874,3.0
43.0,Female,72.7,1.8,162.0,166.0,50.0,0.79,590.0,Cardio,2.1,3.0,1.0,22.44,40-49,60-79,healthy,112.0,1.0357142857142858,0.8182142857142858,2.4546428571428573,3.5542168674698793,746.8354430379746,8.11554332874828,773.508137432188,40.38888888888889,964.9200000000001,1.6906976744186046,906.3266666666667,0.7000000000000001,0.02888583218707015,0.8860759493670887,1.0357142857142858,0.8182142857142858,3.0
58.0,Female,44.2,1.57,183.0,155.0,59.0,1.08,753.0,HIIT,2.3,3.0,1.0,17.93,50-100,40-59,under weight,124.0,0.7741935483870968,0.8361290322580646,2.508387096774194,4.858064516129033,697.2222222222222,17.036199095022624,539.7849462365591,28.15286624203822,1039.94,0.7620689655172415,504.7808917197453,0.7666666666666666,0.05203619909502262,0.7098765432098765,0.7741935483870968,0.8361290322580646,3.0
52.0,Male,47.8,1.86,179.0,129.0,67.0,1.01,645.0,Yoga,2.8,3.0,2.0,13.82,50-100,40-59,under weight,112.0,0.5535714285714286,0.5591071428571429,1.6773214285714286,5.0,638.6138613861386,13.493723849372385,353.51838755304107,25.698924731182792,718.64,0.9192307692307692,355.1591397849462,0.9333333333333332,0.058577405857740586,0.924092409240924,1.1071428571428572,1.1182142857142858,6.0
49.0,Female,49.2,1.54,179.0,153.0,63.0,1.28,881.0,HIIT,2.1,3.0,2.0,20.75,40-49,40-59,healthy,116.0,0.7758620689655172,0.993103448275862,2.979310344827586,5.758169934640523,688.28125,17.90650406504065,534.0113146551724,31.948051948051948,1016.75,1.0040816326530613,662.922077922078,0.7000000000000001,0.04268292682926829,0.546875,1.5517241379310345,1.986206896551724,6.0
18.0,Female,58.1,1.61,175.0,150.0,71.0,1.9,1425.0,Yoga,2.7,4.0,3.0,22.41,0-29,40-59,healthy,104.0,0.7596153846153846,1.4432692307692305,5.773076923076922,9.5,750.0,24.52667814113597,569.7115384615385,36.08695652173913,403.38,3.227777777777778,808.7086956521738,0.675,0.04647160068846816,0.3552631578947369,2.2788461538461537,4.329807692307692,12.0
32.0,Female,68.1,1.66,167.0,122.0,54.0,1.11,677.0,Cardio,2.3,4.0,2.0,24.71,30-39,60-79,healthy,113.0,0.6017699115044248,0.6679646017699116,2.6718584070796463,5.549180327868853,609.9099099099099,9.941262848751837,367.02543251215815,41.024096385542165,790.72,2.128125,1013.7054216867471,0.575,0.033773861967694566,0.518018018018018,1.2035398230088497,1.3359292035398231,8.0
25.0,Female,41.2,1.62,193.0,144.0,64.0,1.49,1073.0,Yoga,2.1,4.0,2.0,15.7,0-29,40-59,under weight,129.0,0.6201550387596899,0.9240310077519379,3.6961240310077517,7.451388888888889,720.1342281879195,26.04368932038835,446.59487019405856,25.432098765432098,392.5,1.6480000000000001,399.28395061728395,0.525,0.050970873786407765,0.3523489932885906,1.2403100775193798,1.8480620155038758,8.0
49.0,Male,70.2,1.89,194.0,127.0,51.0,0.7,440.0,Yoga,2.6,3.0,1.0,19.65,40-49,60-79,healthy,143.0,0.5314685314685315,0.372027972027972,1.116083916083916,3.4645669291338583,628.5714285714286,6.267806267806267,334.0659340659341,37.142857142857146,962.8499999999999,1.4326530612244899,729.8571428571429,0.8666666666666667,0.037037037037037035,1.2380952380952381,0.5314685314685315,0.372027972027972,3.0
37.0,Female,69.5,1.5,196.0,130.0,66.0,0.69,448.0,Cardio,2.4,2.0,1.0,30.89,30-39,60-79,obesity,130.0,0.49230769230769234,0.3396923076923077,0.6793846153846154,3.4461538461538463,649.2753623188406,6.446043165467626,319.64325529542924,46.333333333333336,1142.93,1.8783783783783783,1431.2366666666667,1.2,0.034532374100719423,1.7391304347826089,0.49230769230769234,0.3396923076923077,2.0
29.0,Male,125.9,2.0,186.0,152.0,67.0,1.36,1137.0,Strength,3.1,4.0,2.0,31.48,0-29,100-130,obesity,119.0,0.7142857142857143,0.9714285714285715,3.885714285714286,7.480263157894737,836.0294117647059,9.030976965845909,597.1638655462185,62.95,912.92,4.341379310344828,1981.6660000000002,0.775,0.024622716441620333,0.5698529411764706,1.4285714285714286,1.942857142857143,8.0
50.0,Male,45.4,1.67,163.0,158.0,62.0,1.37,1071.0,Yoga,2.8,4.0,2.0,16.28,50-100,40-59,under weight,101.0,0.9504950495049505,1.3021782178217822,5.208712871287129,6.7784810126582276,781.7518248175182,23.590308370044053,743.0512394305124,27.18562874251497,814.0,0.9079999999999999,442.5820359281438,0.7,0.06167400881057269,0.510948905109489,1.900990099009901,2.6043564356435644,8.0
52.0,Female,63.1,1.54,185.0,165.0,67.0,1.36,1010.0,Strength,1.8,3.0,2.0,26.61,50-100,60-79,overweight,118.0,0.8305084745762712,1.129491525423729,3.3884745762711868,6.121212121212121,742.6470588235294,16.00633914421553,616.7746759720837,40.97402597402598,1383.72,1.2134615384615386,1090.3188311688311,0.6,0.028526148969889066,0.4411764705882352,1.6610169491525424,2.258983050847458,6.0
56.0,Female,58.0,1.68,168.0,156.0,74.0,1.59,1116.0,HIIT,2.7,5.0,3.0,20.55,50-100,40-59,healthy,94.0,0.8723404255319149,1.3870212765957448,6.935106382978724,7.153846153846154,701.8867924528302,19.24137931034483,612.2842232035327,34.523809523809526,1150.8,1.0357142857142858,709.4642857142858,0.54,0.04655172413793104,0.33962264150943394,2.617021276595745,4.161063829787235,15.0
19.0,Female,73.0,1.79,177.0,125.0,61.0,0.81,506.0,HIIT,1.6,3.0,1.0,22.78,0-29,60-79,healthy,116.0,0.5517241379310345,0.44689655172413795,1.340689655172414,4.048,624.6913580246913,6.931506849315069,344.65730097914,40.78212290502793,432.82000000000005,3.8421052631578947,929.0167597765363,0.5333333333333333,0.021917808219178082,0.6584362139917695,0.5517241379310345,0.44689655172413795,3.0
45.0,Female,50.9,1.65,170.0,136.0,50.0,1.45,887.0,Strength,2.3,2.0,1.0,18.7,40-49,40-59,healthy,120.0,0.7166666666666667,1.0391666666666666,2.078333333333333,6.522058823529412,611.7241379310345,17.426326129666013,438.40229885057477,30.848484848484848,841.5,1.1311111111111112,576.8666666666667,1.15,0.045186640471512766,0.793103448275862,0.7166666666666667,1.0391666666666666,2.0
47.0,Female,41.6,1.58,160.0,163.0,68.0,1.03,756.0,Yoga,2.1,4.0,2.0,16.66,40-49,40-59,under weight,92.0,1.0326086956521738,1.063586956521739,4.254347826086956,4.638036809815951,733.9805825242719,18.173076923076923,757.9147319544111,26.32911392405063,783.02,0.8851063829787235,438.6430379746835,0.525,0.05048076923076923,0.5097087378640777,2.0652173913043477,2.127173913043478,8.0
36.0,Male,121.9,1.93,195.0,132.0,54.0,1.49,1082.0,Cardio,3.4,3.0,2.0,32.73,30-39,100-130,obesity,141.0,0.5531914893617021,0.8242553191489362,2.472765957446809,8.196969696969697,726.1744966442953,8.876127973748973,401.71355133514214,63.160621761658035,1178.28,3.386111111111111,2067.2471502590674,1.1333333333333333,0.027891714520098438,0.7606263982102908,1.1063829787234043,1.6485106382978725,6.0
32.0,Male,126.4,1.83,198.0,146.0,62.0,1.1,883.0,HIIT,2.1,3.0,2.0,37.74,30-39,100-130,obesity,136.0,0.6176470588235294,0.6794117647058824,2.038235294117647,6.0479452054794525,802.7272727272726,6.985759493670885,495.8021390374331,69.07103825136612,1207.68,3.95,2606.7409836065576,0.7000000000000001,0.01661392405063291,0.6363636363636364,1.2352941176470589,1.3588235294117648,6.0
58.0,Male,103.5,1.66,172.0,168.0,61.0,1.33,1106.0,Cardio,3.1,3.0,1.0,37.56,50-100,100-130,obesity,111.0,0.963963963963964,1.2820720720720722,3.8462162162162166,6.583333333333333,831.578947368421,10.68599033816425,801.6121384542438,62.34939759036145,2178.48,1.7844827586206897,2341.843373493976,1.0333333333333334,0.02995169082125604,0.7769423558897244,0.963963963963964,1.2820720720720722,3.0
20.0,Male,120.5,1.73,186.0,153.0,67.0,1.01,850.0,Cardio,3.4,3.0,2.0,40.26,0-29,100-130,sever obesity,119.0,0.7226890756302521,0.7299159663865546,2.1897478991596637,5.555555555555555,841.5841584158416,7.053941908713693,608.2036775106081,69.65317919075144,805.1999999999999,6.025,2804.2369942196533,1.1333333333333333,0.028215767634854772,1.1221122112211221,1.4453781512605042,1.4598319327731093,6.0
23.0,Male,83.8,1.99,179.0,130.0,71.0,1.79,1280.0,Cardio,3.5,4.0,3.0,21.16,0-29,80-99,healthy,108.0,0.5462962962962963,0.9778703703703704,3.9114814814814816,9.846153846153847,715.0837988826815,15.274463007159905,390.6476308710945,42.11055276381909,486.68,3.643478260869565,891.059296482412,0.875,0.041766109785202864,0.4888268156424581,1.6388888888888888,2.9336111111111114,12.0
22.0,Male,110.5,1.92,172.0,144.0,55.0,1.16,919.0,HIIT,3.3,3.0,2.0,29.98,0-29,100-130,obesity,117.0,0.7606837606837606,0.8823931623931622,2.6471794871794865,6.381944444444445,792.2413793103449,8.316742081447964,602.6451517830828,57.552083333333336,659.5600000000001,5.0227272727272725,1725.4114583333335,1.0999999999999999,0.029864253393665156,0.9482758620689654,1.5213675213675213,1.7647863247863245,6.0
29.0,Male,84.9,1.72,187.0,140.0,51.0,1.79,1378.0,Yoga,3.5,4.0,3.0,28.7,0-29,80-99,overweight,136.0,0.6544117647058824,1.1713970588235294,4.685588235294118,9.842857142857143,769.8324022346369,16.230859835100116,503.7873808741374,49.36046511627907,832.3,2.927586206896552,1416.6453488372094,0.875,0.041224970553592456,0.4888268156424581,1.9632352941176472,3.514191176470588,12.0
47.0,Male,98.2,1.9,199.0,148.0,64.0,0.76,557.0,HIIT,3.0,3.0,1.0,27.2,40-49,80-99,overweight,135.0,0.6222222222222222,0.4728888888888889,1.4186666666666667,3.7635135135135136,732.8947368421052,5.672097759674134,456.02339181286544,51.684210526315795,1278.3999999999999,2.08936170212766,1405.8105263157895,1.0,0.03054989816700611,1.3157894736842106,0.6222222222222222,0.4728888888888889,3.0
29.0,Male,86.1,1.65,183.0,128.0,71.0,1.66,1169.0,HIIT,3.5,4.0,3.0,31.63,0-29,80-99,obesity,112.0,0.5089285714285714,0.8448214285714285,3.379285714285714,9.1328125,704.2168674698795,13.577235772357724,358.39608433734935,52.18181818181818,917.27,2.968965517241379,1650.510909090909,0.875,0.04065040650406505,0.5271084337349398,1.5267857142857142,2.5344642857142854,12.0
44.0,Female,42.8,1.78,167.0,159.0,64.0,1.49,1066.0,Strength,2.6,3.0,2.0,13.51,40-49,40-59,under weight,103.0,0.9223300970873787,1.3742718446601943,4.1228155339805825,6.70440251572327,715.4362416107383,24.90654205607477,659.8683781846615,24.044943820224717,594.4399999999999,0.9727272727272727,324.8471910112359,0.8666666666666667,0.060747663551401876,0.5816554809843401,1.8446601941747574,2.7485436893203885,6.0
23.0,Male,116.8,1.79,178.0,127.0,69.0,1.0,698.0,Strength,3.4,4.0,2.0,36.45,0-29,100-130,obesity,109.0,0.5321100917431193,0.5321100917431193,2.128440366972477,5.496062992125984,698.0,5.976027397260274,371.41284403669727,65.25139664804469,838.35,5.078260869565217,2378.413407821229,0.85,0.02910958904109589,0.85,1.0642201834862386,1.0642201834862386,8.0
42.0,Female,63.7,1.71,173.0,169.0,62.0,1.42,1080.0,Yoga,1.8,3.0,2.0,21.78,40-49,60-79,healthy,111.0,0.963963963963964,1.3688288288288288,4.106486486486487,6.390532544378698,760.5633802816902,16.95447409733124,733.1556909021699,37.251461988304094,914.76,1.5166666666666668,811.3368421052633,0.6,0.028257456828885398,0.4225352112676056,1.927927927927928,2.7376576576576577,6.0
41.0,Male,72.1,1.83,175.0,133.0,58.0,1.13,744.0,Yoga,2.8,3.0,2.0,21.53,40-49,60-79,healthy,117.0,0.6410256410256411,0.7243589743589743,2.173076923076923,5.593984962406015,658.4070796460178,10.319001386962553,422.05582028590885,39.39890710382513,882.73,1.7585365853658534,848.258469945355,0.9333333333333332,0.03883495145631068,0.8259587020648967,1.2820512820512822,1.4487179487179487,6.0
41.0,Male,120.8,1.67,188.0,146.0,54.0,0.82,593.0,HIIT,3.0,2.0,1.0,43.31,40-49,100-130,sever obesity,134.0,0.6865671641791045,0.5629850746268656,1.1259701492537313,4.061643835616438,723.1707317073171,4.908940397350993,496.5052784856207,72.33532934131736,1775.71,2.946341463414634,3132.843113772455,1.5,0.024834437086092717,1.829268292682927,0.6865671641791045,0.5629850746268656,2.0
26.0,Male,73.7,1.66,177.0,125.0,72.0,0.93,639.0,Yoga,2.2,2.0,1.0,26.75,0-29,60-79,overweight,105.0,0.5047619047619047,0.4694285714285714,0.9388571428571428,5.112,687.0967741935483,8.670284938941656,346.8202764976958,44.397590361445786,695.5,2.8346153846153848,1187.6355421686749,1.1,0.02985074626865672,1.1827956989247312,0.5047619047619047,0.4694285714285714,2.0
47.0,Female,43.4,1.62,179.0,132.0,64.0,0.51,303.0,Cardio,2.3,3.0,1.0,16.54,40-49,40-59,under weight,115.0,0.591304347826087,0.3015652173913044,0.9046956521739131,2.2954545454545454,594.1176470588235,6.981566820276498,351.304347826087,26.79012345679012,777.38,0.9234042553191489,443.10864197530856,0.7666666666666666,0.052995391705069124,1.503267973856209,0.591304347826087,0.3015652173913044,3.0
49.0,Male,105.7,1.64,198.0,155.0,59.0,1.2,921.0,Cardio,3.1,3.0,2.0,39.3,40-49,100-130,obesity,139.0,0.6906474820143885,0.8287769784172662,2.4863309352517984,5.941935483870968,767.5,8.713339640491958,530.0719424460432,64.45121951219512,1925.6999999999998,2.157142857142857,2532.9329268292686,1.0333333333333334,0.0293282876064333,0.8611111111111113,1.381294964028777,1.6575539568345323,6.0
29.0,Male,95.2,1.86,174.0,141.0,52.0,0.64,496.0,Yoga,2.5,2.0,1.0,27.52,0-29,80-99,overweight,122.0,0.7295081967213115,0.4668852459016394,0.9337704918032788,3.517730496453901,775.0,5.2100840336134455,565.3688524590165,51.18279569892473,798.08,3.282758620689655,1408.5505376344086,1.25,0.026260504201680673,1.953125,0.7295081967213115,0.4668852459016394,2.0
45.0,Female,73.5,1.74,181.0,152.0,50.0,1.18,807.0,Cardio,2.3,4.0,2.0,24.28,40-49,60-79,healthy,131.0,0.7786259541984732,0.9187786259541983,3.6751145038167934,5.309210526315789,683.8983050847457,10.979591836734693,532.5009703713288,42.241379310344826,1092.6000000000001,1.6333333333333333,1025.6206896551726,0.575,0.03129251700680272,0.4872881355932203,1.5572519083969465,1.8375572519083967,8.0
29.0,Male,106.5,1.81,177.0,156.0,60.0,1.29,1107.0,Cardio,2.5,4.0,2.0,32.51,0-29,100-130,obesity,117.0,0.8205128205128205,1.0584615384615386,4.233846153846154,7.096153846153846,858.1395348837209,10.394366197183098,704.1144901610018,58.83977900552486,942.79,3.6724137931034484,1912.881215469613,0.625,0.023474178403755867,0.4844961240310077,1.641025641025641,2.116923076923077,8.0
19.0,Male,98.6,1.7,197.0,162.0,74.0,0.83,740.0,Cardio,2.4,2.0,1.0,34.12,0-29,80-99,obesity,123.0,0.7154471544715447,0.593821138211382,1.187642276422764,4.567901234567901,891.566265060241,7.505070993914808,637.8685473601724,58.0,648.28,5.189473684210526,1978.9599999999998,1.2,0.02434077079107505,1.4457831325301205,0.7154471544715447,0.593821138211382,2.0
26.0,Female,70.9,1.66,184.0,125.0,68.0,0.81,506.0,HIIT,1.7,3.0,1.0,25.73,0-29,60-79,overweight,116.0,0.49137931034482757,0.3980172413793104,1.1940517241379311,4.048,624.6913580246913,7.136812411847672,306.9604086845466,42.71084337349398,668.98,2.726923076923077,1098.9500000000003,0.5666666666666667,0.02397743300423131,0.6995884773662551,0.49137931034482757,0.3980172413793104,3.0
18.0,Male,92.4,1.74,195.0,168.0,50.0,1.41,1303.0,Yoga,3.1,2.0,1.0,30.52,0-29,80-99,obesity,145.0,0.8137931034482758,1.1474482758620688,2.2948965517241375,7.755952380952381,924.113475177305,14.1017316017316,752.0371729029102,53.10344827586207,549.36,5.133333333333334,1620.7172413793105,1.55,0.03354978354978355,1.0992907801418441,0.8137931034482758,1.1474482758620688,2.0
56.0,Female,45.1,1.73,165.0,129.0,73.0,0.83,482.0,Strength,2.6,3.0,1.0,15.07,50-100,40-59,under weight,92.0,0.6086956521739131,0.5052173913043478,1.5156521739130435,3.7364341085271318,580.722891566265,10.687361419068736,353.4834992142483,26.069364161849713,843.9200000000001,0.8053571428571429,392.86531791907515,0.8666666666666667,0.057649667405764965,1.0441767068273093,0.6086956521739131,0.5052173913043478,3.0
18.0,Male,63.2,1.63,162.0,120.0,73.0,0.66,436.0,Cardio,2.2,3.0,1.0,23.79,0-29,60-79,healthy,89.0,0.5280898876404494,0.3485393258426966,1.0456179775280898,3.6333333333333333,660.6060606060606,6.898734177215189,348.85938032005447,38.77300613496933,428.21999999999997,3.511111111111111,922.4098159509203,0.7333333333333334,0.03481012658227848,1.1111111111111112,0.5280898876404494,0.3485393258426966,3.0
36.0,Male,99.9,1.99,189.0,147.0,73.0,1.33,1075.0,Yoga,2.5,3.0,1.0,25.23,30-39,80-99,overweight,116.0,0.6379310344827587,0.8484482758620691,2.545344827586207,7.312925170068027,808.2706766917292,10.76076076076076,515.6209489240342,50.20100502512563,908.28,2.7750000000000004,1266.5713567839198,0.8333333333333334,0.025025025025025023,0.6265664160401002,0.6379310344827587,0.8484482758620691,3.0
38.0,Male,61.3,1.97,177.0,146.0,51.0,1.37,1100.0,Cardio,2.8,3.0,1.0,15.8,30-39,60-79,under weight,126.0,0.753968253968254,1.032936507936508,3.098809523809524,7.534246575342466,802.9197080291971,17.94453507340946,605.375970339474,31.116751269035532,600.4,1.6131578947368421,491.6446700507614,0.9333333333333332,0.045676998368678626,0.6812652068126519,0.753968253968254,1.032936507936508,3.0
41.0,Male,81.6,1.87,167.0,128.0,59.0,1.87,1185.0,HIIT,3.5,5.0,3.0,23.33,40-49,80-99,healthy,108.0,0.6388888888888888,1.1947222222222222,5.973611111111111,9.2578125,633.6898395721925,14.522058823529413,404.8573975044563,43.63636363636363,956.53,1.9902439024390242,1018.0363636363635,0.7,0.0428921568627451,0.374331550802139,1.9166666666666665,3.5841666666666665,15.0
49.0,Female,68.3,1.52,177.0,150.0,60.0,1.45,979.0,Strength,1.8,4.0,2.0,29.56,40-49,60-79,overweight,117.0,0.7692307692307693,1.1153846153846154,4.461538461538462,6.526666666666666,675.1724137931035,14.333821376281113,519.3633952254643,44.93421052631579,1448.4399999999998,1.393877551020408,1328.2552631578947,0.45,0.02635431918008785,0.3103448275862069,1.5384615384615385,2.230769230769231,8.0
18.0,Male,83.2,1.96,183.0,150.0,67.0,1.83,1510.0,HIIT,3.5,4.0,3.0,21.66,0-29,80-99,healthy,116.0,0.7155172413793104,1.3093965517241382,5.237586206896553,10.066666666666666,825.1366120218579,18.14903846153846,590.3994723949501,42.44897959183674,389.88,4.622222222222223,919.4448979591838,0.875,0.04206730769230769,0.4781420765027322,2.146551724137931,3.9281896551724147,12.0
42.0,Female,59.5,1.74,195.0,141.0,52.0,1.78,1129.0,Yoga,2.7,5.0,3.0,19.65,40-49,40-59,healthy,143.0,0.6223776223776224,1.1078321678321679,5.539160839160839,8.00709219858156,634.2696629213483,18.974789915966387,394.75524475524475,34.195402298850574,825.3,1.4166666666666667,671.9396551724137,0.54,0.04537815126050421,0.30337078651685395,1.867132867132867,3.3234965034965036,15.0
37.0,Female,53.0,1.71,184.0,156.0,50.0,1.13,881.0,Yoga,1.7,4.0,2.0,18.13,30-39,40-59,under weight,134.0,0.7910447761194029,0.8938805970149253,3.575522388059701,5.647435897435898,779.6460176991151,16.62264150943396,616.7349095231806,30.994152046783626,670.81,1.4324324324324325,561.9239766081871,0.425,0.03207547169811321,0.3761061946902655,1.5820895522388059,1.7877611940298506,8.0
33.0,Male,106.5,1.6,183.0,152.0,74.0,1.4,1170.0,Strength,3.3,4.0,2.0,41.6,30-39,100-130,sever obesity,109.0,0.7155963302752294,1.001834862385321,4.007339449541284,7.697368421052632,835.7142857142858,10.985915492957746,598.0340760157275,66.5625,1372.8,3.227272727272727,2769.0,0.825,0.030985915492957743,0.5892857142857143,1.4311926605504588,2.003669724770642,8.0
52.0,Female,70.6,1.69,165.0,135.0,65.0,1.36,826.0,HIIT,2.2,3.0,1.0,24.72,50-100,60-79,healthy,100.0,0.7,0.952,2.856,6.118518518518519,607.3529411764705,11.69971671388102,425.14705882352933,41.77514792899408,1285.44,1.3576923076923075,1032.6816568047336,0.7333333333333334,0.031161473087818702,0.5392156862745098,0.7,0.952,3.0
33.0,Female,78.5,1.66,161.0,156.0,69.0,1.29,1006.0,HIIT,1.9,4.0,2.0,28.49,30-39,60-79,overweight,92.0,0.9456521739130435,1.219891304347826,4.879565217391304,6.448717948717949,779.8449612403101,12.815286624203821,737.4620829120324,47.28915662650603,940.17,2.378787878787879,1347.2680722891564,0.475,0.024203821656050954,0.3682170542635659,1.891304347826087,2.439782608695652,8.0
21.0,Male,86.6,1.86,163.0,129.0,58.0,1.37,972.0,HIIT,2.6,3.0,2.0,25.03,0-29,80-99,overweight,105.0,0.6761904761904762,0.9263809523809525,2.7791428571428574,7.534883720930233,709.4890510948904,11.224018475750578,479.7497393117831,46.55913978494623,525.63,4.123809523809523,1165.3752688172042,0.8666666666666667,0.030023094688221712,0.6326034063260341,1.3523809523809525,1.852761904761905,6.0
33.0,Female,78.0,1.71,187.0,136.0,58.0,1.08,734.0,Cardio,2.1,3.0,1.0,26.67,30-39,60-79,overweight,129.0,0.6046511627906976,0.6530232558139535,1.9590697674418605,5.397058823529412,679.6296296296296,9.41025641025641,410.9388458225667,45.6140350877193,880.11,2.3636363636363638,1216.5263157894738,0.7000000000000001,0.026923076923076925,0.6481481481481481,0.6046511627906976,0.6530232558139535,3.0
21.0,Female,72.6,1.68,162.0,127.0,70.0,1.19,756.0,Cardio,1.8,3.0,2.0,25.72,0-29,60-79,overweight,92.0,0.6195652173913043,0.7372826086956521,2.2118478260869563,5.952755905511811,635.2941176470589,10.413223140495868,393.6061381074169,43.214285714285715,540.12,3.457142857142857,1111.4714285714285,0.6,0.02479338842975207,0.5042016806722689,1.2391304347826086,1.4745652173913042,6.0
55.0,Male,63.5,1.86,198.0,144.0,53.0,1.36,969.0,Strength,2.9,4.0,2.0,18.35,50-100,60-79,under weight,145.0,0.6275862068965518,0.8535172413793104,3.4140689655172416,6.729166666666667,712.5,15.259842519685039,447.15517241379314,34.13978494623656,1009.2500000000001,1.1545454545454545,626.4650537634409,0.725,0.04566929133858268,0.5330882352941176,1.2551724137931035,1.7070344827586208,8.0
27.0,Male,104.3,1.68,162.0,135.0,62.0,1.28,950.0,Cardio,3.5,3.0,2.0,36.95,0-29,100-130,obesity,100.0,0.73,0.9344,2.8032,7.037037037037037,742.1875,9.108341323106425,541.796875,62.083333333333336,997.6500000000001,3.8629629629629627,2293.979166666667,1.1666666666666667,0.03355704697986577,0.9114583333333334,1.46,1.8688,6.0
35.0,Female,65.8,1.62,189.0,158.0,69.0,1.0,790.0,Cardio,1.5,4.0,2.0,25.07,30-39,60-79,overweight,120.0,0.7416666666666667,0.7416666666666667,2.966666666666667,5.0,790.0,12.006079027355623,585.9166666666667,40.61728395061728,877.45,1.88,1018.2753086419752,0.375,0.022796352583586626,0.375,1.4833333333333334,1.4833333333333334,8.0
36.0,Female,60.0,1.72,161.0,128.0,51.0,1.63,1043.0,Strength,2.7,5.0,3.0,20.28,30-39,60-79,healthy,110.0,0.7,1.1409999999999998,5.704999999999999,8.1484375,639.877300613497,17.383333333333333,447.9141104294479,34.883720930232556,730.08,1.6666666666666667,707.4418604651164,0.54,0.045000000000000005,0.33128834355828224,2.0999999999999996,3.422999999999999,15.0
25.0,Female,57.7,1.58,188.0,145.0,52.0,1.36,986.0,Yoga,2.2,3.0,2.0,23.11,0-29,40-59,healthy,136.0,0.6838235294117647,0.93,2.79,6.8,725.0,17.08838821490468,495.77205882352945,36.51898734177215,577.75,2.3080000000000003,843.9537974683544,0.7333333333333334,0.03812824956672444,0.5392156862745098,1.3676470588235294,1.86,6.0
22.0,Female,61.8,1.52,169.0,166.0,61.0,1.83,1519.0,Yoga,2.7,5.0,3.0,26.75,0-29,60-79,overweight,108.0,0.9722222222222222,1.7791666666666668,8.895833333333334,9.150602409638553,830.0546448087431,24.57928802588997,806.9975713418336,40.6578947368421,588.5,2.809090909090909,1087.5986842105262,0.54,0.043689320388349516,0.29508196721311475,2.9166666666666665,5.3375,15.0
20.0,Male,85.7,1.92,172.0,136.0,58.0,1.72,1287.0,Cardio,3.5,5.0,3.0,23.25,0-29,80-99,healthy,114.0,0.6842105263157895,1.176842105263158,5.88421052631579,9.463235294117647,748.2558139534884,15.017502917152859,511.96450428396577,44.63541666666667,465.0,4.285,1037.7734375,0.7,0.040840140023337225,0.4069767441860465,2.0526315789473686,3.5305263157894737,15.0
47.0,Male,88.4,1.6,186.0,126.0,60.0,1.86,1160.0,HIIT,3.5,5.0,3.0,34.53,40-49,80-99,obesity,126.0,0.5238095238095238,0.9742857142857144,4.871428571428572,9.206349206349206,623.6559139784946,13.122171945701357,326.6769073220686,55.25,1622.91,1.8808510638297873,1907.7825,0.7,0.03959276018099547,0.3763440860215053,1.5714285714285716,2.9228571428571435,15.0
37.0,Female,66.9,1.75,184.0,127.0,50.0,1.38,876.0,Strength,2.1,4.0,2.0,21.84,30-39,60-79,healthy,134.0,0.5746268656716418,0.7929850746268656,3.1719402985074625,6.897637795275591,634.7826086956522,13.094170403587443,364.76314081765094,38.228571428571435,808.08,1.8081081081081083,834.912,0.525,0.03139013452914798,0.3804347826086957,1.1492537313432836,1.5859701492537313,8.0
38.0,Male,123.3,1.62,161.0,165.0,65.0,1.34,1216.0,Yoga,2.3,4.0,2.0,46.98,30-39,100-130,sever obesity,96.0,1.0416666666666667,1.3958333333333335,5.583333333333334,7.36969696969697,907.4626865671642,9.86212489862125,945.273631840796,76.1111111111111,1785.2399999999998,3.244736842105263,3575.6999999999994,0.575,0.0186536901865369,0.42910447761194026,2.0833333333333335,2.791666666666667,8.0
38.0,Female,59.1,1.72,196.0,148.0,68.0,1.07,792.0,Cardio,1.7,3.0,2.0,19.98,30-39,40-59,healthy,128.0,0.625,0.6687500000000001,2.00625,5.351351351351352,740.1869158878504,13.401015228426395,462.6168224299065,34.36046511627907,759.24,1.555263157894737,686.5220930232558,0.5666666666666667,0.028764805414551606,0.5295950155763239,1.25,1.3375000000000001,6.0
59.0,Male,89.4,1.62,198.0,125.0,59.0,1.43,885.0,Strength,3.6,3.0,2.0,34.06,50-100,80-99,obesity,139.0,0.4748201438848921,0.6789928057553957,2.036978417266187,7.08,618.8811188811189,9.899328859060402,293.8572219147759,55.18518518518518,2009.5400000000002,1.5152542372881357,1879.6074074074074,1.2,0.040268456375838924,0.8391608391608392,0.9496402877697842,1.3579856115107913,6.0
40.0,Female,69.7,1.51,189.0,141.0,64.0,1.27,895.0,Cardio,1.9,3.0,2.0,30.57,40-49,60-79,obesity,125.0,0.616,0.78232,2.34696,6.347517730496454,704.7244094488188,12.840746054519368,434.1102362204724,46.158940397350996,1222.8,1.7425000000000002,1411.07880794702,0.6333333333333333,0.027259684361549495,0.4986876640419947,1.232,1.56464,6.0
42.0,Male,62.9,1.98,173.0,126.0,61.0,1.42,886.0,Yoga,3.4,4.0,2.0,16.04,40-49,60-79,under weight,112.0,0.5803571428571429,0.8241071428571429,3.2964285714285717,7.031746031746032,623.943661971831,14.085850556438793,362.1101609657948,31.767676767676768,673.68,1.4976190476190476,509.5535353535353,0.85,0.05405405405405406,0.5985915492957746,1.1607142857142858,1.6482142857142859,8.0
33.0,Female,59.0,1.67,175.0,124.0,55.0,0.9,558.0,Cardio,1.9,3.0,1.0,21.16,30-39,40-59,healthy,120.0,0.575,0.5175,1.5524999999999998,4.5,620.0,9.457627118644067,356.5,35.32934131736527,698.28,1.7878787878787878,747.5688622754492,0.6333333333333333,0.03220338983050847,0.7037037037037036,0.575,0.5175,3.0
57.0,Female,64.4,1.56,177.0,144.0,73.0,1.52,985.0,Cardio,2.7,5.0,3.0,26.46,50-100,60-79,overweight,104.0,0.6826923076923077,1.0376923076923077,5.188461538461539,6.840277777777778,648.0263157894736,15.295031055900619,442.4025809716599,41.282051282051285,1508.22,1.129824561403509,1092.323076923077,0.54,0.04192546583850931,0.35526315789473684,2.0480769230769234,3.113076923076923,15.0
41.0,Male,66.1,1.69,187.0,143.0,68.0,0.77,545.0,Yoga,3.4,2.0,1.0,23.14,40-49,60-79,healthy,119.0,0.6302521008403361,0.4852941176470588,0.9705882352941176,3.8111888111888113,707.7922077922078,8.245083207261725,446.0875259194587,39.112426035502956,948.74,1.6121951219512194,905.0615384615384,1.7,0.05143721633888049,2.207792207792208,0.6302521008403361,0.4852941176470588,2.0
23.0,Female,65.2,1.62,192.0,156.0,59.0,1.37,1069.0,Cardio,2.5,3.0,2.0,24.84,0-29,60-79,healthy,133.0,0.7293233082706767,0.9991729323308272,2.9975187969924812,6.852564102564102,780.2919708029196,16.395705521472394,569.0851215630316,40.24691358024691,571.32,2.8347826086956522,999.7333333333332,0.8333333333333334,0.03834355828220859,0.6082725060827251,1.4586466165413534,1.9983458646616543,6.0
49.0,Male,57.8,1.99,183.0,161.0,67.0,0.93,741.0,HIIT,3.1,3.0,1.0,14.6,40-49,40-59,under weight,116.0,0.8103448275862069,0.7536206896551724,2.2608620689655172,4.60248447204969,796.7741935483871,12.820069204152249,645.6618464961067,29.045226130653266,715.4,1.1795918367346938,424.06030150753764,1.0333333333333334,0.05363321799307959,1.1111111111111112,0.8103448275862069,0.7536206896551724,3.0
38.0,Female,56.3,1.6,180.0,142.0,53.0,1.21,859.0,Yoga,1.9,4.0,2.0,21.99,30-39,40-59,healthy,127.0,0.7007874015748031,0.8479527559055118,3.391811023622047,6.049295774647887,709.9173553719008,15.257548845470694,497.5011388039305,35.18749999999999,835.6199999999999,1.4815789473684209,773.7731249999998,0.475,0.03374777975133215,0.39256198347107435,1.4015748031496063,1.6959055118110236,8.0
27.0,Female,69.5,1.76,171.0,121.0,66.0,0.94,569.0,Strength,2.0,3.0,1.0,22.44,0-29,60-79,healthy,105.0,0.5238095238095238,0.49238095238095236,1.477142857142857,4.702479338842975,605.3191489361702,8.18705035971223,317.07193515704154,39.48863636363637,605.88,2.574074074074074,886.1250000000001,0.6666666666666666,0.02877697841726619,0.7092198581560284,0.5238095238095238,0.49238095238095236,3.0
38.0,Female,45.2,1.68,193.0,144.0,58.0,1.01,727.0,HIIT,2.4,3.0,2.0,16.01,30-39,40-59,under weight,135.0,0.6370370370370371,0.6434074074074074,1.9302222222222223,5.048611111111111,719.8019801980198,16.084070796460175,458.54052071873855,26.90476190476191,608.3800000000001,1.1894736842105265,430.7452380952382,0.7999999999999999,0.053097345132743355,0.792079207920792,1.2740740740740741,1.2868148148148149,6.0
26.0,Male,51.9,2.0,173.0,133.0,54.0,0.75,549.0,HIIT,2.3,2.0,1.0,12.97,0-29,40-59,under weight,119.0,0.6638655462184874,0.49789915966386555,0.9957983193277311,4.12781954887218,732.0,10.578034682080926,485.94957983193274,25.95,337.22,1.9961538461538462,336.5715,1.15,0.04431599229287091,1.5333333333333332,0.6638655462184874,0.49789915966386555,2.0
34.0,Male,92.0,1.76,175.0,143.0,73.0,0.73,574.0,Yoga,3.5,3.0,1.0,29.7,30-39,80-99,overweight,102.0,0.6862745098039216,0.5009803921568627,1.5029411764705882,4.013986013986014,786.3013698630137,6.239130434782608,539.6185871608918,52.27272727272727,1009.8,2.7058823529411766,1552.5,1.1666666666666667,0.03804347826086957,1.5981735159817354,0.6862745098039216,0.5009803921568627,3.0
53.0,Female,68.1,1.55,164.0,131.0,65.0,1.41,831.0,HIIT,2.2,4.0,2.0,28.35,50-100,60-79,overweight,99.0,0.6666666666666666,0.94,3.76,6.343511450381679,589.3617021276596,12.202643171806168,392.9078014184397,43.93548387096774,1502.5500000000002,1.2849056603773583,1245.5709677419354,0.55,0.03230543318649046,0.39007092198581567,1.3333333333333333,1.88,8.0
45.0,Female,41.2,1.58,195.0,168.0,71.0,1.47,1111.0,HIIT,2.6,2.0,1.0,16.5,40-49,40-59,under weight,124.0,0.782258064516129,1.1499193548387097,2.2998387096774193,6.613095238095238,755.7823129251701,26.966019417475728,591.216809304367,26.075949367088608,742.5,0.9155555555555556,430.2531645569621,1.3,0.06310679611650485,0.8843537414965987,0.782258064516129,1.1499193548387097,2.0
39.0,Male,102.3,1.94,192.0,134.0,50.0,0.89,656.0,Yoga,2.4,3.0,1.0,27.18,30-39,100-130,overweight,142.0,0.5915492957746479,0.5264788732394367,1.5794366197183098,4.895522388059701,737.0786516853932,6.412512218963832,436.01835733502134,52.7319587628866,1060.02,2.623076923076923,1433.2546391752576,0.7999999999999999,0.02346041055718475,0.8988764044943819,0.5915492957746479,0.5264788732394367,3.0
48.0,Female,69.1,1.6,191.0,166.0,53.0,1.34,1001.0,Strength,2.0,4.0,2.0,26.99,40-49,60-79,overweight,138.0,0.8188405797101449,1.0972463768115943,4.388985507246377,6.030120481927711,747.0149253731342,14.486251808972504,611.6861345446679,43.18749999999999,1295.52,1.4395833333333332,1165.6306249999998,0.5,0.028943560057887122,0.3731343283582089,1.6376811594202898,2.1944927536231886,8.0
43.0,Male,95.9,1.85,186.0,157.0,64.0,1.28,995.0,Yoga,3.4,2.0,1.0,28.02,40-49,80-99,overweight,122.0,0.7622950819672131,0.9757377049180328,1.9514754098360656,6.337579617834395,777.34375,10.375391032325338,592.5653176229508,51.83783783783784,1204.86,2.230232558139535,1452.4962162162162,1.7,0.035453597497393116,1.328125,0.7622950819672131,0.9757377049180328,2.0
57.0,Female,68.5,1.56,168.0,138.0,68.0,1.45,900.0,HIIT,1.6,4.0,2.0,28.15,50-100,60-79,overweight,100.0,0.7,1.015,4.06,6.521739130434782,620.6896551724138,13.138686131386862,434.48275862068965,43.91025641025641,1604.55,1.2017543859649122,1236.0737179487178,0.4,0.023357664233576644,0.27586206896551724,1.4,2.03,8.0
54.0,Male,125.9,1.94,199.0,132.0,73.0,1.35,882.0,Strength,2.9,3.0,2.0,33.45,50-100,100-130,obesity,126.0,0.46825396825396826,0.6321428571428572,1.8964285714285718,6.681818181818182,653.3333333333333,7.005559968228753,305.92592592592587,64.89690721649485,1806.3000000000002,2.3314814814814815,2170.8015463917527,0.9666666666666667,0.023034154090548053,0.7160493827160493,0.9365079365079365,1.2642857142857145,6.0
28.0,Male,84.8,1.79,182.0,138.0,55.0,1.35,1025.0,Cardio,2.3,4.0,2.0,26.47,0-29,80-99,overweight,127.0,0.6535433070866141,0.8822834645669291,3.5291338582677163,7.427536231884058,759.2592592592592,12.087264150943396,496.20880723242925,47.37430167597765,741.16,3.0285714285714285,1253.9977653631283,0.575,0.02712264150943396,0.4259259259259259,1.3070866141732282,1.7645669291338582,8.0
46.0,Female,58.0,1.53,196.0,140.0,62.0,1.83,1153.0,Cardio,2.7,4.0,3.0,24.78,40-49,40-59,healthy,134.0,0.582089552238806,1.065223880597015,4.26089552238806,8.235714285714286,630.0546448087431,19.879310344827587,366.7482260827012,37.908496732026144,1139.88,1.2608695652173914,939.3725490196078,0.675,0.04655172413793104,0.36885245901639346,1.7462686567164178,3.1956716417910447,12.0
32.0,Female,61.7,1.58,183.0,135.0,54.0,1.87,1262.0,HIIT,2.7,5.0,3.0,24.72,30-39,60-79,healthy,129.0,0.627906976744186,1.174186046511628,5.87093023255814,9.348148148148148,674.8663101604278,20.45380875202593,423.7532645193384,39.050632911392405,791.04,1.928125,965.3316455696202,0.54,0.04376012965964344,0.2887700534759358,1.8837209302325582,3.522558139534884,15.0
23.0,Male,83.1,1.8,185.0,162.0,56.0,0.7,624.0,Strength,3.1,3.0,1.0,25.65,0-29,80-99,overweight,129.0,0.8217054263565892,0.5751937984496124,1.7255813953488373,3.8518518518518516,891.4285714285714,7.509025270758123,732.4916943521595,46.166666666666664,589.9499999999999,3.6130434782608694,1184.175,1.0333333333333334,0.03730445246690734,1.4761904761904765,0.8217054263565892,0.5751937984496124,3.0
36.0,Male,123.7,1.69,185.0,138.0,73.0,1.3,987.0,Cardio,2.1,4.0,2.0,43.31,30-39,100-130,sever obesity,112.0,0.5803571428571429,0.7544642857142858,3.0178571428571432,7.1521739130434785,759.2307692307692,7.97898140662894,440.625,73.19526627218936,1559.16,3.4361111111111113,3170.086982248521,0.525,0.016976556184316895,0.40384615384615385,1.1607142857142858,1.5089285714285716,8.0
45.0,Male,81.4,1.61,164.0,141.0,55.0,1.14,796.0,Cardio,2.2,4.0,2.0,31.4,40-49,80-99,obesity,109.0,0.7889908256880734,0.8994495412844037,3.5977981651376147,5.6453900709219855,698.2456140350878,9.778869778869778,550.9093835506197,50.559006211180126,1413.0,1.808888888888889,1587.552795031056,0.55,0.02702702702702703,0.48245614035087725,1.5779816513761469,1.7988990825688074,8.0
51.0,Female,66.2,1.58,164.0,129.0,65.0,0.86,499.0,HIIT,2.3,3.0,1.0,26.52,50-100,60-79,overweight,99.0,0.6464646464646465,0.555959595959596,1.667878787878788,3.868217054263566,580.232558139535,7.5377643504531715,375.0998355649519,41.89873417721519,1352.52,1.2980392156862746,1111.1544303797468,0.7666666666666666,0.034743202416918424,0.8914728682170542,0.6464646464646465,0.555959595959596,3.0
32.0,Female,56.6,1.57,170.0,167.0,72.0,1.65,1378.0,HIIT,2.7,4.0,3.0,22.96,30-39,40-59,healthy,98.0,0.9693877551020408,1.5994897959183672,6.397959183673469,8.251497005988025,835.1515151515152,24.346289752650176,809.5856524427953,36.05095541401274,734.72,1.76875,827.7299363057325,0.675,0.04770318021201413,0.4090909090909091,2.9081632653061225,4.798469387755102,12.0
19.0,Female,65.7,1.58,170.0,121.0,57.0,1.46,883.0,Cardio,1.9,3.0,2.0,26.32,0-29,60-79,overweight,113.0,0.5663716814159292,0.8269026548672566,2.48070796460177,7.297520661157025,604.7945205479452,13.439878234398781,342.5384895138805,41.58227848101266,500.08,3.4578947368421056,1094.4455696202533,0.6333333333333333,0.0289193302891933,0.4337899543378995,1.1327433628318584,1.6538053097345131,6.0
28.0,Male,58.3,2.0,198.0,135.0,65.0,1.32,980.0,Strength,3.0,4.0,2.0,14.57,0-29,40-59,under weight,133.0,0.5263157894736842,0.6947368421052631,2.7789473684210524,7.2592592592592595,742.4242424242424,16.809605488850774,390.74960127591703,29.15,407.96000000000004,2.082142857142857,424.71549999999996,0.75,0.051457975986277875,0.5681818181818181,1.0526315789473684,1.3894736842105262,8.0
21.0,Male,125.2,1.66,196.0,159.0,60.0,1.38,1207.0,HIIT,3.4,3.0,2.0,45.43,0-29,100-130,sever obesity,136.0,0.7279411764705882,1.0045588235294116,3.013676470588235,7.591194968553459,874.6376811594204,9.640575079872205,636.6847826086956,75.42168674698796,954.03,5.961904761904762,3426.407228915663,1.1333333333333333,0.027156549520766772,0.8212560386473431,1.4558823529411764,2.0091176470588232,6.0
56.0,Male,84.6,1.63,184.0,141.0,52.0,1.01,705.0,HIIT,2.9,4.0,2.0,31.84,50-100,80-99,obesity,132.0,0.6742424242424242,0.6809848484848484,2.7239393939393937,5.0,698.019801980198,8.333333333333334,470.63456345634563,51.90184049079755,1783.04,1.5107142857142857,1652.5546012269938,0.725,0.034278959810874705,0.7178217821782178,1.3484848484848484,1.3619696969696968,8.0
45.0,Female,73.0,1.75,184.0,148.0,50.0,1.14,759.0,Yoga,2.0,4.0,2.0,23.84,40-49,60-79,healthy,134.0,0.7313432835820896,0.833731343283582,3.334925373134328,5.128378378378378,665.7894736842106,10.397260273972602,486.9206598586018,41.714285714285715,1072.8,1.6222222222222222,994.4685714285714,0.5,0.0273972602739726,0.4385964912280702,1.462686567164179,1.667462686567164,8.0
43.0,Female,42.7,1.66,173.0,134.0,53.0,0.73,440.0,Yoga,1.9,2.0,1.0,15.5,40-49,40-59,under weight,120.0,0.675,0.49275,0.9855,3.283582089552239,602.7397260273973,10.304449648711943,406.8493150684932,25.722891566265062,666.5,0.9930232558139536,398.70481927710847,0.95,0.04449648711943793,1.3013698630136985,0.675,0.49275,2.0
56.0,Male,88.3,1.71,180.0,157.0,60.0,1.69,1313.0,Yoga,3.5,4.0,3.0,30.2,50-100,80-99,obesity,120.0,0.8083333333333333,1.3660833333333333,5.464333333333333,8.363057324840764,776.9230769230769,14.869762174405437,628.0128205128206,51.63742690058479,1691.2,1.5767857142857142,1559.4502923976609,0.875,0.039637599093997736,0.5177514792899408,2.425,4.09825,12.0
18.0,Male,125.9,1.67,172.0,153.0,60.0,1.46,1229.0,Yoga,2.2,3.0,2.0,45.14,0-29,100-130,sever obesity,112.0,0.8303571428571429,1.2123214285714285,3.636964285714286,8.032679738562091,841.7808219178082,9.761715647339157,698.9787181996087,75.38922155688624,812.52,6.9944444444444445,3403.0694610778446,0.7333333333333334,0.017474185861795076,0.5022831050228311,1.6607142857142858,2.424642857142857,6.0
53.0,Female,53.3,1.74,173.0,156.0,54.0,1.37,962.0,Strength,1.8,3.0,2.0,17.6,50-100,40-59,under weight,119.0,0.8571428571428571,1.1742857142857144,3.522857142857143,6.166666666666667,702.1897810218977,18.04878048780488,601.8769551616266,30.632183908045974,932.8000000000001,1.0056603773584905,539.1264367816092,0.6,0.03377110694183865,0.437956204379562,1.7142857142857142,2.3485714285714288,6.0
50.0,Female,55.4,1.55,175.0,122.0,65.0,1.85,1016.0,Strength,2.7,4.0,3.0,23.06,50-100,40-59,healthy,110.0,0.5181818181818182,0.9586363636363637,3.834545454545455,8.327868852459016,549.1891891891892,18.339350180505416,284.57985257985257,35.74193548387097,1153.0,1.1079999999999999,824.2090322580644,0.675,0.04873646209386282,0.36486486486486486,1.5545454545454547,2.875909090909091,12.0
58.0,Female,74.8,1.69,175.0,162.0,53.0,1.28,933.0,Strength,2.3,4.0,2.0,26.19,50-100,60-79,overweight,122.0,0.8934426229508197,1.1436065573770493,4.574426229508197,5.7592592592592595,728.90625,12.473262032085563,651.2359118852459,44.260355029585796,1519.02,1.289655172413793,1159.178698224852,0.575,0.030748663101604276,0.44921874999999994,1.7868852459016393,2.2872131147540986,8.0
48.0,Female,56.8,1.51,185.0,126.0,52.0,1.37,777.0,HIIT,2.1,4.0,2.0,24.91,40-49,40-59,overweight,133.0,0.556390977443609,0.7622556390977444,3.0490225563909776,6.166666666666667,567.1532846715328,13.679577464788734,315.55897041874755,37.615894039735096,1195.68,1.1833333333333333,937.0119205298013,0.525,0.0369718309859155,0.38321167883211676,1.112781954887218,1.5245112781954888,8.0
38.0,Female,49.7,1.51,179.0,145.0,65.0,1.25,906.0,HIIT,2.5,3.0,1.0,21.8,30-39,40-59,healthy,114.0,0.7017543859649122,0.8771929824561403,2.631578947368421,6.248275862068965,724.8,18.22937625754527,508.6315789473684,32.913907284768214,828.4,1.3078947368421054,717.523178807947,0.8333333333333334,0.05030181086519114,0.6666666666666667,0.7017543859649122,0.8771929824561403,3.0
32.0,Male,87.9,1.88,173.0,143.0,64.0,1.52,1195.0,Cardio,3.5,5.0,3.0,24.87,30-39,80-99,healthy,109.0,0.7247706422018348,1.101651376146789,5.508256880733945,8.356643356643357,786.1842105263157,13.59499431171786,569.8032351521003,46.755319148936174,795.84,2.746875,1162.8047872340428,0.7,0.03981797497155859,0.4605263157894737,2.1743119266055047,3.304954128440367,15.0
32.0,Male,78.6,1.62,195.0,125.0,69.0,1.28,880.0,Yoga,3.1,3.0,1.0,29.95,30-39,60-79,obesity,126.0,0.4444444444444444,0.5688888888888889,1.7066666666666666,7.04,687.5,11.195928753180663,305.55555555555554,48.51851851851851,958.4,2.45625,1453.1296296296293,1.0333333333333334,0.03944020356234097,0.8072916666666667,0.4444444444444444,0.5688888888888889,3.0
23.0,Male,107.0,1.94,198.0,120.0,73.0,1.35,891.0,HIIT,2.9,2.0,1.0,28.43,0-29,100-130,overweight,125.0,0.376,0.5076,1.0152,7.425,660.0,8.327102803738319,248.16,55.154639175257735,653.89,4.6521739130434785,1568.0463917525772,1.45,0.027102803738317756,1.074074074074074,0.376,0.5076,2.0
44.0,Male,94.6,1.84,170.0,120.0,67.0,1.26,748.0,HIIT,3.1,4.0,2.0,27.94,40-49,80-99,overweight,103.0,0.5145631067961165,0.6483495145631067,2.593398058252427,6.233333333333333,593.6507936507936,7.906976744186047,305.4707967329326,51.41304347826087,1229.3600000000001,2.15,1436.4804347826084,0.775,0.03276955602536998,0.6150793650793651,1.029126213592233,1.2966990291262135,8.0
43.0,Female,64.7,1.66,191.0,132.0,69.0,1.88,1117.0,Yoga,2.7,4.0,3.0,23.48,40-49,60-79,healthy,122.0,0.5163934426229508,0.9708196721311475,3.88327868852459,8.462121212121213,594.1489361702128,17.264296754250385,306.81461457970005,38.975903614457835,1009.64,1.5046511627906978,915.15421686747,0.675,0.04173106646058733,0.3590425531914894,1.5491803278688525,2.9124590163934423,12.0
25.0,Male,81.5,1.61,170.0,159.0,63.0,1.93,1688.0,HIIT,3.5,4.0,3.0,31.44,0-29,80-99,obesity,107.0,0.897196261682243,1.7315887850467289,6.9263551401869154,10.616352201257861,874.6113989637306,20.711656441717793,784.6980775749358,50.62111801242236,786.0,3.26,1591.527950310559,0.875,0.04294478527607362,0.4533678756476684,2.691588785046729,5.194766355140187,12.0
52.0,Male,84.8,1.85,189.0,152.0,50.0,1.19,895.0,Cardio,3.2,2.0,1.0,24.78,50-100,80-99,healthy,139.0,0.7338129496402878,0.8732374100719424,1.7464748201438849,5.8881578947368425,752.1008403361345,10.554245283018869,551.901336073998,45.83783783783783,1288.56,1.6307692307692307,1135.8616216216217,1.6,0.03773584905660378,1.3445378151260505,0.7338129496402878,0.8732374100719424,2.0
54.0,Male,83.6,1.86,168.0,142.0,56.0,1.54,1082.0,HIIT,3.5,5.0,3.0,24.16,50-100,80-99,healthy,112.0,0.7678571428571429,1.1825,5.9125000000000005,7.619718309859155,702.5974025974026,12.942583732057416,539.4944341372914,44.94623655913978,1304.64,1.548148148148148,1085.901075268817,0.7,0.041866028708133975,0.45454545454545453,2.303571428571429,3.5475000000000003,15.0
53.0,Female,56.3,1.79,193.0,141.0,59.0,1.52,964.0,Strength,2.7,5.0,3.0,17.57,50-100,40-59,under weight,134.0,0.6119402985074627,0.9301492537313433,4.650746268656716,6.836879432624113,634.2105263157895,17.122557726465367,388.09897879025925,31.452513966480446,931.21,1.062264150943396,552.6206703910614,0.54,0.04795737122557727,0.35526315789473684,1.835820895522388,2.79044776119403,15.0
55.0,Female,49.3,1.76,194.0,161.0,73.0,1.28,927.0,Strength,2.0,2.0,1.0,15.92,50-100,40-59,under weight,121.0,0.7272727272727273,0.9309090909090909,1.8618181818181818,5.75776397515528,724.21875,18.803245436105477,526.7045454545455,28.011363636363633,875.6,0.8963636363636364,445.9409090909091,1.0,0.04056795131845842,0.78125,0.7272727272727273,0.9309090909090909,2.0
40.0,Male,106.5,1.65,162.0,162.0,74.0,1.32,1176.0,HIIT,3.6,4.0,2.0,39.12,40-49,100-130,obesity,88.0,1.0,1.32,5.28,7.2592592592592595,890.9090909090909,11.04225352112676,890.9090909090909,64.54545454545455,1564.8,2.6625,2525.018181818182,0.9,0.033802816901408454,0.6818181818181818,2.0,2.64,8.0
55.0,Male,128.4,1.68,178.0,165.0,52.0,1.13,923.0,Cardio,2.6,4.0,2.0,45.49,50-100,100-130,sever obesity,126.0,0.8968253968253969,1.0134126984126983,4.053650793650793,5.593939393939394,816.8141592920355,7.188473520249221,732.5396825396826,76.42857142857143,2501.9500000000003,2.3345454545454545,3476.7357142857145,0.65,0.020249221183800622,0.5752212389380532,1.7936507936507937,2.0268253968253966,8.0
56.0,Male,55.6,1.92,181.0,136.0,62.0,0.68,458.0,Strength,3.2,3.0,1.0,15.08,50-100,40-59,under weight,119.0,0.6218487394957983,0.4228571428571429,1.2685714285714287,3.3676470588235294,673.5294117647059,8.237410071942445,418.83341571922887,28.958333333333336,844.48,0.9928571428571429,436.69166666666666,1.0666666666666667,0.05755395683453238,1.568627450980392,0.6218487394957983,0.4228571428571429,3.0
50.0,Male,87.4,1.6,182.0,122.0,67.0,0.77,465.0,Strength,3.1,2.0,1.0,34.14,50-100,80-99,obesity,115.0,0.4782608695652174,0.3682608695652174,0.7365217391304348,3.8114754098360657,603.8961038961039,5.3203661327231115,288.8198757763975,54.625,1707.0,1.7480000000000002,1864.8975,1.55,0.03546910755148741,2.012987012987013,0.4782608695652174,0.3682608695652174,2.0
40.0,Male,93.6,1.93,188.0,157.0,60.0,1.38,1192.0,Cardio,2.0,3.0,1.0,25.13,40-49,80-99,overweight,128.0,0.7578125,1.0457812499999999,3.1373437499999994,7.592356687898089,863.768115942029,12.735042735042736,654.5742753623189,48.49740932642487,1005.1999999999999,2.34,1218.7398963730568,0.6666666666666666,0.021367521367521368,0.48309178743961356,0.7578125,1.0457812499999999,3.0
48.0,Male,69.0,1.74,160.0,167.0,58.0,1.48,1223.0,HIIT,2.3,3.0,2.0,22.79,40-49,60-79,healthy,102.0,1.0686274509803921,1.5815686274509804,4.744705882352941,7.323353293413174,826.3513513513514,17.72463768115942,883.061738208797,39.6551724137931,1093.92,1.4375,903.7413793103449,0.7666666666666666,0.03333333333333333,0.518018018018018,2.1372549019607843,3.1631372549019607,6.0
39.0,Male,62.0,1.64,195.0,127.0,54.0,0.97,678.0,Cardio,3.2,3.0,1.0,23.05,30-39,60-79,healthy,141.0,0.5177304964539007,0.5021985815602836,1.506595744680851,5.338582677165355,698.9690721649484,10.935483870967742,361.8776047378811,37.80487804878049,898.95,1.5897435897435896,871.4024390243903,1.0666666666666667,0.05161290322580645,1.0996563573883162,0.5177304964539007,0.5021985815602836,3.0
18.0,Female,66.9,1.75,170.0,122.0,61.0,0.94,573.0,Yoga,1.7,2.0,1.0,21.84,0-29,60-79,healthy,109.0,0.5596330275229358,0.5260550458715596,1.0521100917431192,4.69672131147541,609.5744680851064,8.565022421524663,341.1380050751513,38.228571428571435,393.12,3.716666666666667,834.912,0.85,0.025411061285500743,0.9042553191489362,0.5596330275229358,0.5260550458715596,2.0
54.0,Male,86.1,1.95,195.0,140.0,64.0,1.17,811.0,Yoga,3.4,2.0,1.0,22.64,50-100,80-99,healthy,131.0,0.5801526717557252,0.6787786259541984,1.3575572519083967,5.792857142857143,693.1623931623932,9.419279907084785,402.1400143537548,44.15384615384615,1222.56,1.5944444444444443,999.6430769230768,1.7,0.03948896631823461,1.452991452991453,0.5801526717557252,0.6787786259541984,2.0
52.0,Male,104.8,1.99,187.0,130.0,67.0,0.93,598.0,Cardio,2.0,2.0,1.0,26.46,50-100,100-130,overweight,120.0,0.525,0.4882500000000001,0.9765000000000001,4.6,643.010752688172,5.706106870229008,337.5806451612903,52.66331658291457,1375.92,2.0153846153846153,1393.4713567839194,1.0,0.019083969465648856,1.075268817204301,0.525,0.4882500000000001,2.0
23.0,Male,80.9,1.8,178.0,126.0,59.0,1.55,1074.0,Cardio,3.5,4.0,3.0,24.97,0-29,80-99,overweight,119.0,0.5630252100840336,0.8726890756302521,3.4907563025210084,8.523809523809524,692.9032258064516,13.275648949320148,390.121984277582,44.94444444444445,574.31,3.5173913043478264,1122.2627777777777,0.875,0.043263288009888747,0.564516129032258,1.6890756302521008,2.6180672268907563,12.0
45.0,Male,84.9,1.86,186.0,136.0,66.0,1.64,1104.0,HIIT,3.5,5.0,3.0,24.54,40-49,80-99,healthy,120.0,0.5833333333333334,0.9566666666666667,4.783333333333333,8.117647058823529,673.1707317073171,13.003533568904592,392.68292682926835,45.645161290322584,1104.3,1.8866666666666667,1120.132258064516,0.7,0.041224970553592456,0.4268292682926829,1.75,2.87,15.0
20.0,Female,64.3,1.78,188.0,137.0,61.0,1.71,1171.0,Cardio,2.7,4.0,3.0,20.29,0-29,60-79,healthy,127.0,0.5984251968503937,1.0233070866141734,4.093228346456693,8.547445255474452,684.7953216374269,18.211508553654745,409.7987751531059,36.12359550561798,405.79999999999995,3.215,732.9477528089888,0.675,0.04199066874027994,0.3947368421052632,1.7952755905511812,3.06992125984252,12.0
43.0,Male,108.6,1.73,174.0,150.0,66.0,1.33,988.0,Cardio,2.2,2.0,1.0,36.29,40-49,100-130,obesity,108.0,0.7777777777777778,1.0344444444444445,2.068888888888889,6.586666666666667,742.8571428571428,9.097605893186005,577.7777777777777,62.774566473988436,1560.47,2.525581395348837,2278.0890173410403,1.1,0.020257826887661146,0.8270676691729324,0.7777777777777778,1.0344444444444445,2.0
48.0,Male,80.6,1.77,198.0,167.0,66.0,1.51,1248.0,Cardio,3.5,4.0,3.0,25.73,40-49,80-99,overweight,132.0,0.7651515151515151,1.1553787878787878,4.621515151515151,7.473053892215569,826.4900662251656,15.483870967741936,632.3901264298615,45.536723163841806,1235.04,1.6791666666666665,1171.6598870056496,0.875,0.043424317617866005,0.5794701986754967,2.2954545454545454,3.4661363636363633,12.0
55.0,Male,87.5,1.88,191.0,134.0,73.0,1.19,789.0,Yoga,2.6,4.0,2.0,24.76,50-100,80-99,healthy,118.0,0.5169491525423728,0.6151694915254237,2.4606779661016946,5.888059701492537,663.0252100840337,9.017142857142858,342.7503204671699,46.54255319148936,1361.8000000000002,1.5909090909090908,1152.3936170212767,0.65,0.029714285714285714,0.546218487394958,1.0338983050847457,1.2303389830508473,8.0
50.0,Male,51.1,1.98,171.0,126.0,52.0,0.92,574.0,Yoga,2.4,2.0,1.0,13.03,50-100,40-59,under weight,119.0,0.6218487394957983,0.5721008403361345,1.144201680672269,4.555555555555555,623.9130434782609,11.232876712328768,387.97953964194375,25.80808080808081,651.5,1.022,336.2792929292929,1.2,0.046966731898238745,1.3043478260869563,0.6218487394957983,0.5721008403361345,2.0
29.0,Male,88.1,1.93,186.0,143.0,66.0,1.88,1479.0,Cardio,3.5,5.0,3.0,23.65,0-29,80-99,healthy,120.0,0.6416666666666667,1.2063333333333333,6.031666666666666,10.342657342657343,786.7021276595746,16.787741203178207,504.8005319148937,45.64766839378238,685.8499999999999,3.0379310344827584,1079.567357512953,0.7,0.03972758229284904,0.3723404255319149,1.9250000000000003,3.6189999999999998,15.0
53.0,Male,94.1,1.95,177.0,138.0,50.0,0.89,608.0,HIIT,3.5,3.0,1.0,24.75,50-100,80-99,healthy,127.0,0.6929133858267716,0.6166929133858268,1.8500787401574803,4.405797101449275,683.1460674157303,6.461211477151966,473.36105458727764,48.256410256410255,1311.75,1.7754716981132075,1194.3461538461538,1.1666666666666667,0.03719447396386823,1.3108614232209739,0.6929133858267716,0.6166929133858268,3.0
49.0,Female,42.0,1.52,171.0,130.0,70.0,1.1,644.0,HIIT,2.2,3.0,1.0,18.18,40-49,40-59,under weight,101.0,0.594059405940594,0.6534653465346535,1.9603960396039604,4.953846153846154,585.4545454545454,15.333333333333334,347.7947794779477,27.63157894736842,890.8199999999999,0.8571428571428571,502.34210526315786,0.7333333333333334,0.05238095238095238,0.6666666666666666,0.594059405940594,0.6534653465346535,3.0
36.0,Male,70.3,1.72,174.0,169.0,73.0,1.49,1385.0,Cardio,2.3,3.0,2.0,23.76,30-39,60-79,healthy,101.0,0.9504950495049505,1.4162376237623762,4.248712871287129,8.195266272189349,929.5302013422819,19.70128022759602,883.5138547411788,40.872093023255815,855.36,1.9527777777777777,971.1209302325582,0.7666666666666666,0.032716927453769556,0.5145413870246085,1.900990099009901,2.8324752475247523,6.0
50.0,Male,64.5,1.79,163.0,130.0,61.0,1.17,753.0,Yoga,2.4,4.0,2.0,20.13,50-100,60-79,healthy,102.0,0.6764705882352942,0.7914705882352941,3.1658823529411766,5.792307692307692,643.5897435897436,11.674418604651162,435.369532428356,36.03351955307262,1006.5,1.29,725.3547486033519,0.6,0.037209302325581395,0.5128205128205129,1.3529411764705883,1.5829411764705883,8.0
45.0,Female,65.5,1.57,192.0,133.0,59.0,0.66,395.0,Cardio,2.3,2.0,1.0,26.57,40-49,60-79,overweight,133.0,0.556390977443609,0.36721804511278194,0.7344360902255639,2.969924812030075,598.4848484848485,6.030534351145038,332.9915698336751,41.71974522292994,1195.65,1.4555555555555555,1108.4936305732483,1.15,0.03511450381679389,1.7424242424242422,0.556390977443609,0.36721804511278194,2.0
35.0,Male,70.1,1.79,185.0,125.0,63.0,1.08,743.0,Cardio,2.3,3.0,2.0,21.88,30-39,60-79,healthy,122.0,0.5081967213114754,0.5488524590163935,1.6465573770491804,5.944,687.9629629629629,10.599144079885878,349.62052216150573,39.162011173184354,765.8,2.0028571428571427,856.8648044692736,0.7666666666666666,0.03281027104136947,0.7098765432098765,1.0163934426229508,1.097704918032787,6.0
51.0,Female,74.6,1.55,177.0,132.0,50.0,0.71,422.0,Cardio,2.1,2.0,1.0,31.05,50-100,60-79,obesity,127.0,0.6456692913385826,0.4584251968503937,0.9168503937007874,3.196969696969697,594.3661971830986,5.656836461126006,383.76400133081955,48.12903225806451,1583.55,1.4627450980392156,1494.406451612903,1.05,0.028150134048257378,1.4788732394366197,0.6456692913385826,0.4584251968503937,2.0
53.0,Male,73.4,1.76,169.0,151.0,70.0,1.09,815.0,Yoga,2.8,3.0,2.0,23.7,50-100,60-79,healthy,99.0,0.8181818181818182,0.891818181818182,2.6754545454545458,5.397350993377484,747.7064220183486,11.103542234332425,611.7597998331943,41.70454545454546,1256.1,1.3849056603773586,988.3977272727274,0.9333333333333332,0.03814713896457765,0.856269113149847,1.6363636363636365,1.783636363636364,6.0
24.0,Female,40.4,1.64,168.0,168.0,55.0,0.99,832.0,HIIT,1.9,2.0,1.0,15.02,0-29,40-59,under weight,113.0,1.0,0.99,1.98,4.9523809523809526,840.4040404040404,20.594059405940595,840.4040404040404,24.634146341463417,360.48,1.6833333333333333,370.0048780487805,0.95,0.04702970297029703,0.9595959595959596,1.0,0.99,2.0
45.0,Male,88.5,1.78,198.0,167.0,67.0,1.53,1265.0,HIIT,3.5,4.0,3.0,27.93,40-49,80-99,overweight,131.0,0.7633587786259542,1.16793893129771,4.67175572519084,7.574850299401198,826.7973856209151,14.293785310734464,631.1430424587138,49.71910112359551,1256.85,1.9666666666666666,1388.6544943820224,0.875,0.03954802259887006,0.5718954248366013,2.290076335877863,3.50381679389313,12.0
43.0,Male,81.0,1.78,188.0,152.0,65.0,1.58,1189.0,Yoga,3.5,5.0,3.0,25.56,40-49,80-99,overweight,123.0,0.7073170731707317,1.117560975609756,5.58780487804878,7.822368421052632,752.5316455696202,14.679012345679013,532.2784810126582,45.50561797752809,1099.08,1.8837209302325582,1163.1235955056177,0.7,0.043209876543209874,0.4430379746835443,2.1219512195121952,3.352682926829268,15.0
48.0,Male,73.7,1.61,172.0,121.0,63.0,1.36,815.0,Cardio,3.6,4.0,2.0,28.43,40-49,60-79,overweight,109.0,0.5321100917431193,0.7236697247706423,2.894678899082569,6.735537190082645,599.2647058823529,11.058344640434193,318.87479762547224,45.77639751552795,1364.6399999999999,1.5354166666666667,1301.4229813664597,0.9,0.048846675712347354,0.6617647058823529,1.0642201834862386,1.4473394495412846,8.0
37.0,Female,72.9,1.76,192.0,121.0,52.0,1.21,732.0,Strength,1.9,3.0,2.0,23.53,30-39,60-79,healthy,140.0,0.4928571428571429,0.5963571428571429,1.7890714285714289,6.049586776859504,604.9586776859504,10.041152263374485,298.1582054309327,41.42045454545455,870.61,1.9702702702702704,974.6232954545455,0.6333333333333333,0.026063100137174208,0.5234159779614325,0.9857142857142858,1.1927142857142858,6.0
29.0,Male,121.1,1.87,188.0,130.0,52.0,1.31,937.0,HIIT,3.2,4.0,2.0,34.63,0-29,100-130,obesity,136.0,0.5735294117647058,0.7513235294117647,3.005294117647059,7.207692307692308,715.267175572519,7.737407101568952,410.22676246070944,64.75935828877004,1004.2700000000001,4.175862068965517,2242.616577540107,0.8,0.02642444260941371,0.6106870229007634,1.1470588235294117,1.5026470588235294,8.0
25.0,Female,64.4,1.71,179.0,167.0,61.0,1.12,935.0,HIIT,1.8,3.0,1.0,22.02,0-29,60-79,healthy,118.0,0.8983050847457628,1.0061016949152544,3.018305084745763,5.598802395209581,834.8214285714284,14.518633540372669,749.9243341404358,37.6608187134503,550.5,2.576,829.2912280701755,0.6,0.02795031055900621,0.5357142857142857,0.8983050847457628,1.0061016949152544,3.0
49.0,Male,82.8,1.95,183.0,159.0,73.0,1.91,1503.0,Yoga,3.5,5.0,3.0,21.78,40-49,80-99,healthy,110.0,0.7818181818181819,1.4932727272727273,7.466363636363637,9.452830188679245,786.910994764398,18.15217391304348,615.2213231794384,42.46153846153846,1067.22,1.6897959183673468,924.8123076923077,0.7,0.042270531400966184,0.36649214659685864,2.3454545454545457,4.479818181818182,15.0
57.0,Female,43.8,1.75,180.0,160.0,73.0,1.39,1001.0,Cardio,1.7,2.0,1.0,14.3,50-100,40-59,under weight,107.0,0.8130841121495327,1.1301869158878504,2.2603738317757007,6.25625,720.1438848920864,22.853881278538815,585.5375512673974,25.02857142857143,815.1,0.7684210526315789,357.90857142857146,0.85,0.03881278538812786,0.6115107913669064,0.8130841121495327,1.1301869158878504,2.0
22.0,Male,71.0,1.93,162.0,139.0,53.0,1.42,1086.0,Yoga,2.9,4.0,2.0,19.06,0-29,60-79,healthy,109.0,0.7889908256880734,1.1203669724770642,4.481467889908257,7.81294964028777,764.7887323943662,15.295774647887324,603.4112934487661,36.78756476683938,419.32,3.227272727272727,701.1709844559585,0.725,0.04084507042253521,0.5105633802816901,1.5779816513761469,2.2407339449541284,8.0
45.0,Male,51.1,1.87,177.0,158.0,57.0,1.44,1126.0,Cardio,3.4,4.0,2.0,14.61,40-49,40-59,under weight,120.0,0.8416666666666667,1.212,4.848,7.1265822784810124,781.9444444444445,22.035225048923678,658.1365740740741,27.326203208556148,657.4499999999999,1.1355555555555557,399.23582887700536,0.85,0.06653620352250489,0.5902777777777778,1.6833333333333333,2.424,8.0
26.0,Female,44.3,1.6,186.0,136.0,61.0,1.08,734.0,Cardio,2.0,3.0,1.0,17.3,0-29,40-59,under weight,125.0,0.6,0.648,1.944,5.397058823529412,679.6296296296296,16.568848758465013,407.7777777777777,27.687499999999996,449.8,1.7038461538461538,478.99375,0.6666666666666666,0.045146726862302484,0.6172839506172839,0.6,0.648,3.0
55.0,Male,129.9,1.73,187.0,155.0,60.0,0.69,529.0,Yoga,3.1,3.0,1.0,43.4,50-100,100-130,sever obesity,127.0,0.7480314960629921,0.5161417322834645,1.5484251968503935,3.412903225806452,766.6666666666667,4.0723633564280215,573.4908136482941,75.08670520231215,2387.0,2.361818181818182,3258.7630057803467,1.0333333333333334,0.02386451116243264,1.4975845410628021,0.7480314960629921,0.5161417322834645,3.0
52.0,Female,79.4,1.59,166.0,163.0,59.0,1.39,1020.0,Strength,1.5,3.0,2.0,31.41,50-100,60-79,obesity,107.0,0.9719626168224299,1.3510280373831776,4.0530841121495325,6.257668711656442,733.8129496402878,12.846347607052897,713.23875479056,49.937106918238996,1633.32,1.526923076923077,1568.524528301887,0.5,0.01889168765743073,0.3597122302158274,1.9439252336448598,2.702056074766355,6.0
42.0,Male,63.3,1.77,183.0,134.0,59.0,1.32,876.0,HIIT,3.3,3.0,2.0,20.2,40-49,60-79,healthy,124.0,0.6048387096774194,0.7983870967741936,2.395161290322581,6.537313432835821,663.6363636363636,13.838862559241706,401.3929618768328,35.762711864406775,848.4,1.5071428571428571,722.4067796610169,1.0999999999999999,0.052132701421800945,0.8333333333333331,1.2096774193548387,1.5967741935483872,6.0
59.0,Female,65.5,1.52,161.0,162.0,61.0,1.4,1021.0,Yoga,2.1,3.0,2.0,28.35,50-100,60-79,overweight,100.0,1.01,1.414,4.242,6.302469135802469,729.2857142857143,15.587786259541986,736.5785714285715,43.0921052631579,1672.65,1.1101694915254237,1221.6611842105265,0.7000000000000001,0.03206106870229008,0.5000000000000001,2.02,2.828,6.0
52.0,Female,68.2,1.63,179.0,148.0,67.0,1.17,779.0,Strength,2.4,3.0,1.0,25.67,50-100,60-79,overweight,112.0,0.7232142857142857,0.8461607142857143,2.5384821428571427,5.263513513513513,665.8119658119658,11.422287390029325,481.52472527472526,41.84049079754602,1334.8400000000001,1.3115384615384615,1074.0453987730064,0.7999999999999999,0.03519061583577712,0.6837606837606838,0.7232142857142857,0.8461607142857143,3.0
47.0,Female,61.0,1.76,162.0,153.0,54.0,1.54,1060.0,HIIT,2.7,5.0,3.0,19.69,40-49,60-79,healthy,108.0,0.9166666666666666,1.4116666666666666,7.058333333333334,6.928104575163399,688.3116883116883,17.37704918032787,630.9523809523808,34.65909090909091,925.4300000000001,1.297872340425532,682.4375000000001,0.54,0.04426229508196722,0.35064935064935066,2.75,4.234999999999999,15.0
27.0,Male,106.4,1.86,182.0,123.0,50.0,1.34,907.0,Cardio,3.1,2.0,1.0,30.76,0-29,100-130,obesity,132.0,0.553030303030303,0.7410606060606061,1.4821212121212122,7.373983739837398,676.865671641791,8.524436090225564,374.3272274988692,57.204301075268816,830.5200000000001,3.940740740740741,1759.604301075269,1.55,0.02913533834586466,1.1567164179104477,0.553030303030303,0.7410606060606061,2.0
39.0,Female,64.3,1.69,190.0,148.0,58.0,1.25,925.0,HIIT,1.9,4.0,2.0,22.51,30-39,60-79,healthy,132.0,0.6818181818181818,0.8522727272727272,3.4090909090909087,6.25,740.0,14.385692068429238,504.5454545454545,38.04733727810651,877.8900000000001,1.6487179487179486,856.4455621301776,0.475,0.029548989113530325,0.38,1.3636363636363635,1.7045454545454544,8.0
50.0,Male,95.4,1.61,173.0,133.0,50.0,1.16,764.0,Strength,3.6,4.0,2.0,36.8,50-100,80-99,obesity,123.0,0.6747967479674797,0.7827642276422764,3.1310569105691055,5.7443609022556394,658.6206896551724,8.0083857442348,444.43509952340906,59.254658385093165,1839.9999999999998,1.9080000000000001,2180.5714285714284,0.9,0.03773584905660377,0.7758620689655173,1.3495934959349594,1.5655284552845528,8.0
34.0,Female,46.9,1.61,196.0,161.0,69.0,1.02,821.0,Strength,1.7,3.0,2.0,18.09,30-39,40-59,under weight,127.0,0.7244094488188977,0.7388976377952756,2.2166929133858266,5.099378881987578,804.9019607843137,17.505330490405118,583.0785857650147,29.130434782608692,615.06,1.3794117647058823,526.9695652173913,0.5666666666666667,0.03624733475479744,0.5555555555555556,1.4488188976377954,1.4777952755905512,6.0
53.0,Male,82.3,1.61,196.0,123.0,60.0,1.87,1139.0,Strength,3.5,5.0,3.0,31.75,50-100,80-99,obesity,136.0,0.4632352941176471,0.8662500000000001,4.331250000000001,9.260162601626016,609.090909090909,13.839611178614824,282.1524064171123,51.118012422360245,1682.75,1.5528301886792453,1622.9968944099378,0.7,0.0425273390036452,0.374331550802139,1.3897058823529411,2.5987500000000003,15.0
55.0,Female,63.0,1.7,187.0,121.0,67.0,1.32,719.0,Strength,2.5,3.0,1.0,21.8,50-100,60-79,healthy,120.0,0.45,0.5940000000000001,1.7820000000000003,5.9421487603305785,544.6969696969696,11.412698412698413,245.11363636363635,37.05882352941177,1199.0,1.1454545454545455,807.8823529411766,0.8333333333333334,0.03968253968253968,0.6313131313131313,0.45,0.5940000000000001,3.0
30.0,Male,120.3,1.96,171.0,136.0,65.0,0.66,494.0,Yoga,2.6,2.0,1.0,31.32,30-39,100-130,obesity,106.0,0.6698113207547169,0.4420754716981132,0.8841509433962264,3.6323529411764706,748.4848484848485,4.1064006650041565,501.3436249285306,61.37755102040816,939.6,4.01,1922.3448979591835,1.3,0.021612635078969246,1.9696969696969697,0.6698113207547169,0.4420754716981132,2.0
34.0,Male,110.5,1.86,188.0,139.0,62.0,1.42,1086.0,Cardio,3.6,2.0,1.0,31.94,30-39,100-130,obesity,126.0,0.6111111111111112,0.8677777777777778,1.7355555555555555,7.81294964028777,764.7887323943662,9.828054298642535,467.3708920187794,59.40860215053763,1085.96,3.25,1897.510752688172,1.8,0.03257918552036199,1.267605633802817,0.6111111111111112,0.8677777777777778,2.0
53.0,Male,84.2,1.76,165.0,137.0,69.0,1.67,1133.0,Cardio,3.5,5.0,3.0,27.18,50-100,80-99,overweight,96.0,0.7083333333333334,1.1829166666666666,5.914583333333333,8.27007299270073,678.4431137724551,13.45605700712589,480.5638722554891,47.84090909090909,1440.54,1.588679245283019,1300.3159090909091,0.7,0.04156769596199525,0.41916167664670656,2.125,3.54875,15.0
56.0,Female,55.7,1.53,190.0,124.0,66.0,1.91,1066.0,Cardio,2.7,5.0,3.0,23.79,50-100,40-59,healthy,124.0,0.46774193548387094,0.8933870967741935,4.466935483870968,8.596774193548388,558.1151832460733,19.138240574506284,261.05387603445365,36.40522875816993,1332.24,0.9946428571428572,866.0803921568628,0.54,0.04847396768402155,0.28272251308900526,1.4032258064516128,2.68016129032258,15.0
23.0,Male,57.7,1.71,179.0,149.0,58.0,1.15,942.0,Strength,3.4,3.0,2.0,19.73,0-29,40-59,healthy,121.0,0.7520661157024794,0.8648760330578512,2.5946280991735535,6.322147651006712,819.1304347826087,16.32582322357019,616.0402443406397,33.74269005847953,453.79,2.508695652173913,665.7432748538013,1.1333333333333333,0.05892547660311958,0.9855072463768116,1.5041322314049588,1.7297520661157024,6.0
29.0,Male,88.0,1.89,199.0,137.0,54.0,1.75,1319.0,Cardio,3.5,5.0,3.0,24.64,0-29,80-99,healthy,145.0,0.5724137931034483,1.0017241379310344,5.008620689655173,9.627737226277372,753.7142857142857,14.988636363636363,431.43645320197044,46.560846560846564,714.5600000000001,3.0344827586206895,1147.2592592592594,0.7,0.03977272727272727,0.39999999999999997,1.717241379310345,3.0051724137931033,15.0
42.0,Male,97.9,1.91,193.0,136.0,73.0,1.01,680.0,Strength,2.8,3.0,2.0,26.84,40-49,80-99,overweight,120.0,0.525,0.53025,1.5907499999999999,5.0,673.2673267326733,6.9458631256384065,353.46534653465346,51.25654450261781,1127.28,2.330952380952381,1375.7256544502618,0.9333333333333332,0.028600612870275786,0.924092409240924,1.05,1.0605,6.0
45.0,Male,78.3,1.96,166.0,167.0,62.0,1.29,1066.0,Cardio,2.2,3.0,1.0,20.38,40-49,60-79,healthy,104.0,1.0096153846153846,1.302403846153846,3.9072115384615382,6.383233532934132,826.3565891472869,13.614303959131545,834.3023255813954,39.94897959183673,917.0999999999999,1.74,814.1602040816326,0.7333333333333334,0.028097062579821204,0.5684754521963825,1.0096153846153846,1.302403846153846,3.0
40.0,Male,68.9,1.99,180.0,149.0,51.0,1.16,951.0,Cardio,2.4,4.0,2.0,17.4,40-49,60-79,under weight,129.0,0.7596899224806202,0.8812403100775194,3.5249612403100774,6.382550335570469,819.8275862068966,13.802612481857764,622.8147554129913,34.62311557788945,696.0,1.7225000000000001,602.4422110552763,0.6,0.03483309143686502,0.5172413793103449,1.5193798449612403,1.7624806201550387,8.0
35.0,Male,102.5,1.94,183.0,158.0,64.0,0.84,730.0,Cardio,2.4,2.0,1.0,27.23,30-39,100-130,overweight,119.0,0.7899159663865546,0.6635294117647058,1.3270588235294116,4.620253164556962,869.047619047619,7.121951219512195,686.4745898359344,52.83505154639175,953.0500000000001,2.9285714285714284,1438.6984536082473,1.2,0.023414634146341463,1.4285714285714286,0.7899159663865546,0.6635294117647058,2.0
29.0,Male,87.0,1.86,177.0,123.0,72.0,1.52,1028.0,Yoga,3.5,4.0,3.0,25.15,0-29,80-99,overweight,105.0,0.4857142857142857,0.7382857142857143,2.9531428571428573,8.357723577235772,676.3157894736842,11.816091954022989,328.49624060150376,46.774193548387096,729.3499999999999,3.0,1176.3709677419354,0.875,0.040229885057471264,0.5756578947368421,1.457142857142857,2.214857142857143,12.0
47.0,Female,66.8,1.75,199.0,146.0,56.0,1.13,742.0,Strength,2.5,3.0,2.0,21.81,40-49,60-79,healthy,143.0,0.6293706293706294,0.7111888111888112,2.1335664335664335,5.082191780821918,656.637168141593,11.107784431137725,413.26814778142216,38.17142857142857,1025.07,1.4212765957446807,832.5188571428571,0.8333333333333334,0.037425149700598806,0.7374631268436579,1.2587412587412588,1.4223776223776223,6.0
25.0,Male,123.8,1.99,180.0,121.0,72.0,1.13,752.0,HIIT,2.6,3.0,1.0,31.26,0-29,100-130,obesity,108.0,0.4537037037037037,0.5126851851851851,1.5380555555555553,6.214876033057851,665.4867256637169,6.074313408723748,301.93379219927897,62.211055276381906,781.5,4.952,1944.7175879396987,0.8666666666666667,0.0210016155088853,0.7669616519174042,0.4537037037037037,0.5126851851851851,3.0
57.0,Female,61.9,1.52,168.0,143.0,51.0,0.92,592.0,HIIT,2.6,3.0,1.0,26.79,50-100,60-79,overweight,117.0,0.7863247863247863,0.7234188034188034,2.1702564102564104,4.13986013986014,643.4782608695651,9.563812600969305,505.9829059829059,40.723684210526315,1527.03,1.0859649122807018,1090.9875,0.8666666666666667,0.0420032310177706,0.9420289855072463,0.7863247863247863,0.7234188034188034,3.0
55.0,Male,69.9,1.81,179.0,167.0,57.0,1.2,992.0,Strength,2.1,4.0,2.0,21.34,50-100,60-79,healthy,122.0,0.9016393442622951,1.081967213114754,4.327868852459016,5.940119760479042,826.6666666666667,14.191702432045778,745.3551912568307,38.61878453038674,1173.7,1.270909090909091,824.1248618784531,0.525,0.030042918454935622,0.43750000000000006,1.8032786885245902,2.163934426229508,8.0
39.0,Female,63.3,1.71,178.0,125.0,56.0,1.88,1175.0,Strength,2.7,4.0,3.0,21.65,30-39,60-79,healthy,122.0,0.5655737704918032,1.06327868852459,4.25311475409836,9.4,625.0,18.562401263823066,353.483606557377,37.01754385964912,844.3499999999999,1.623076923076923,801.4298245614035,0.675,0.04265402843601896,0.3590425531914894,1.6967213114754096,3.18983606557377,12.0
26.0,Female,76.7,1.63,199.0,139.0,72.0,1.08,751.0,Strength,1.7,2.0,1.0,28.87,0-29,60-79,overweight,127.0,0.5275590551181102,0.5697637795275591,1.1395275590551182,5.402877697841727,695.3703703703703,9.791395045632333,366.8489355497229,47.05521472392638,750.62,2.95,1358.4840490797549,0.85,0.022164276401564535,0.787037037037037,0.5275590551181102,0.5697637795275591,2.0
51.0,Female,44.8,1.63,198.0,137.0,69.0,1.08,666.0,Yoga,2.1,4.0,2.0,16.86,50-100,40-59,under weight,129.0,0.5271317829457365,0.5693023255813955,2.277209302325582,4.861313868613139,616.6666666666666,14.866071428571429,325.0645994832041,27.484662576687118,859.86,0.8784313725490196,463.3914110429448,0.525,0.04687500000000001,0.4861111111111111,1.054263565891473,1.138604651162791,8.0
22.0,Male,96.3,1.63,180.0,162.0,62.0,1.35,1203.0,Cardio,2.4,4.0,2.0,36.25,0-29,80-99,obesity,118.0,0.847457627118644,1.1440677966101696,4.576271186440678,7.425925925925926,891.1111111111111,12.49221183800623,755.1789077212806,59.079754601226995,797.5,4.377272727272727,2141.6411042944787,0.6,0.024922118380062305,0.4444444444444444,1.694915254237288,2.288135593220339,8.0
33.0,Female,45.9,1.5,189.0,144.0,62.0,0.92,662.0,Yoga,1.7,3.0,1.0,20.4,30-39,40-59,healthy,127.0,0.6456692913385826,0.594015748031496,1.7820472440944881,4.597222222222222,719.5652173913044,14.422657952069716,464.60116398493665,30.599999999999998,673.1999999999999,1.3909090909090909,624.2399999999999,0.5666666666666667,0.037037037037037035,0.6159420289855072,0.6456692913385826,0.594015748031496,3.0
50.0,Male,89.6,1.68,182.0,139.0,74.0,1.79,1232.0,Cardio,3.5,5.0,3.0,31.75,50-100,80-99,obesity,108.0,0.6018518518518519,1.0773148148148148,5.386574074074074,8.863309352517986,688.268156424581,13.75,414.2354645147941,53.33333333333333,1587.5,1.7919999999999998,1693.3333333333333,0.7,0.0390625,0.39106145251396646,1.8055555555555556,3.2319444444444443,15.0
45.0,Female,71.2,1.68,172.0,144.0,63.0,1.37,888.0,Strength,1.6,3.0,1.0,25.23,40-49,60-79,overweight,109.0,0.7431192660550459,1.018073394495413,3.054220183486239,6.166666666666667,648.1751824817518,12.47191011235955,481.6714658809348,42.38095238095239,1135.35,1.5822222222222222,1069.2714285714287,0.5333333333333333,0.02247191011235955,0.389294403892944,0.7431192660550459,1.018073394495413,3.0
25.0,Male,76.5,1.96,180.0,120.0,59.0,0.67,442.0,Strength,2.3,3.0,1.0,19.91,0-29,60-79,healthy,121.0,0.5041322314049587,0.33776859504132234,1.013305785123967,3.683333333333333,659.7014925373134,5.777777777777778,332.5767854940175,39.03061224489796,497.75,3.06,777.0994897959184,0.7666666666666666,0.03006535947712418,1.144278606965174,0.5041322314049587,0.33776859504132234,3.0
45.0,Female,57.2,1.55,194.0,121.0,58.0,1.67,909.0,Cardio,2.7,5.0,3.0,23.81,40-49,40-59,healthy,136.0,0.4632352941176471,0.7736029411764705,3.8680147058823526,7.512396694214876,544.311377245509,15.891608391608392,252.14424092990492,36.903225806451616,1071.45,1.271111111111111,878.6658064516129,0.54,0.0472027972027972,0.3233532934131737,1.3897058823529411,2.3208088235294118,15.0
31.0,Female,63.1,1.64,184.0,125.0,51.0,1.54,962.0,Cardio,2.7,4.0,3.0,23.46,30-39,60-79,healthy,133.0,0.556390977443609,0.8568421052631578,3.4273684210526314,7.696,624.6753246753246,15.245641838351823,347.56371448100765,38.47560975609756,727.26,2.035483870967742,902.6378048780489,0.675,0.0427892234548336,0.4383116883116883,1.6691729323308269,2.5705263157894738,12.0
57.0,Male,112.5,1.61,195.0,165.0,61.0,1.24,1013.0,Cardio,2.7,3.0,2.0,43.4,50-100,100-130,sever obesity,134.0,0.7761194029850746,0.9623880597014925,2.8871641791044778,6.13939393939394,816.9354838709678,9.004444444444445,634.0394800192586,69.87577639751552,2473.7999999999997,1.9736842105263157,3032.6086956521735,0.9,0.024,0.7258064516129032,1.5522388059701493,1.924776119402985,6.0
34.0,Female,56.2,1.77,192.0,138.0,59.0,1.81,1249.0,Cardio,2.7,5.0,3.0,17.94,30-39,40-59,under weight,133.0,0.5939849624060151,1.0751127819548874,5.375563909774437,9.05072463768116,690.0552486187845,22.224199288256226,409.8824409089021,31.751412429378533,609.96,1.6529411764705884,569.6203389830509,0.54,0.04804270462633452,0.2983425414364641,1.781954887218045,3.225338345864662,15.0
39.0,Female,68.6,1.64,162.0,154.0,53.0,1.33,1024.0,Cardio,1.5,3.0,2.0,25.51,30-39,60-79,overweight,109.0,0.926605504587156,1.2323853211009175,3.6971559633027526,6.64935064935065,769.9248120300751,14.927113702623908,713.416568945299,41.829268292682926,994.8900000000001,1.7589743589743587,1067.0646341463414,0.5,0.02186588921282799,0.37593984962406013,1.853211009174312,2.464770642201835,6.0
56.0,Male,58.7,1.86,187.0,159.0,65.0,1.09,858.0,Cardio,3.3,3.0,2.0,16.97,50-100,40-59,under weight,122.0,0.7704918032786885,0.8398360655737706,2.5195081967213118,5.39622641509434,787.1559633027522,14.616695059625211,606.4972176267107,31.559139784946236,950.3199999999999,1.0482142857142858,535.5586021505376,1.0999999999999999,0.05621805792163543,1.0091743119266052,1.540983606557377,1.679672131147541,6.0
38.0,Male,46.9,1.74,198.0,167.0,64.0,1.03,946.0,Strength,2.6,4.0,2.0,15.49,30-39,40-59,under weight,134.0,0.7686567164179104,0.7917164179104478,3.166865671641791,5.664670658682635,918.4466019417475,20.17057569296375,705.9701492537313,26.954022988505745,588.62,1.2342105263157894,417.51781609195405,0.65,0.05543710021321962,0.6310679611650486,1.537313432835821,1.5834328358208956,8.0
58.0,Male,82.2,1.87,171.0,143.0,55.0,1.57,1111.0,HIIT,3.5,4.0,3.0,23.51,50-100,80-99,healthy,116.0,0.7586206896551724,1.1910344827586208,4.764137931034483,7.769230769230769,707.6433121019109,13.51581508515815,536.832857456622,43.957219251336895,1363.5800000000002,1.4172413793103449,1033.4342245989305,0.875,0.04257907542579075,0.5573248407643312,2.275862068965517,3.5731034482758623,12.0
43.0,Female,53.8,1.72,173.0,160.0,71.0,1.03,742.0,Strength,2.3,4.0,2.0,18.19,40-49,40-59,under weight,102.0,0.8725490196078431,0.8987254901960785,3.594901960784314,4.6375,720.3883495145631,13.79182156133829,628.5741481058443,31.27906976744186,782.1700000000001,1.2511627906976743,568.9662790697674,0.575,0.04275092936802974,0.558252427184466,1.7450980392156863,1.797450980392157,8.0
27.0,Male,61.6,1.8,169.0,144.0,72.0,1.48,1172.0,Yoga,3.1,2.0,1.0,19.01,0-29,60-79,healthy,97.0,0.7422680412371134,1.0985567010309278,2.1971134020618557,8.13888888888889,791.8918918918919,19.025974025974026,587.7960434661466,34.22222222222222,513.2700000000001,2.2814814814814817,650.5644444444445,1.55,0.05032467532467533,1.0472972972972974,0.7422680412371134,1.0985567010309278,2.0
23.0,Male,121.3,1.85,196.0,167.0,53.0,0.72,661.0,Yoga,3.6,2.0,1.0,35.44,0-29,100-130,obesity,143.0,0.7972027972027972,0.5739860139860139,1.1479720279720278,3.9580838323353293,918.0555555555555,5.4492992580379225,731.8764568764568,65.56756756756756,815.1199999999999,5.27391304347826,2323.714594594594,1.8,0.02967848309975268,2.5,0.7972027972027972,0.5739860139860139,2.0
53.0,Male,115.4,1.92,193.0,161.0,50.0,1.36,1084.0,Yoga,2.2,4.0,2.0,31.3,50-100,100-130,obesity,143.0,0.7762237762237763,1.0556643356643358,4.222657342657343,6.732919254658385,797.0588235294117,9.393414211438474,618.6960098724804,60.10416666666667,1658.9,2.177358490566038,1881.260416666667,0.55,0.01906412478336222,0.40441176470588236,1.5524475524475525,2.1113286713286716,8.0
52.0,Female,70.6,1.58,181.0,164.0,67.0,1.02,753.0,HIIT,2.0,3.0,2.0,28.28,50-100,60-79,overweight,114.0,0.8508771929824561,0.8678947368421053,2.603684210526316,4.591463414634147,738.2352941176471,10.6657223796034,628.1475748194015,44.68354430379746,1470.56,1.3576923076923075,1263.6506329113924,0.6666666666666666,0.028328611898017,0.65359477124183,1.7017543859649122,1.7357894736842105,6.0
50.0,Female,61.6,1.75,192.0,166.0,74.0,1.22,911.0,Strength,2.2,4.0,2.0,20.11,50-100,60-79,healthy,118.0,0.7796610169491526,0.9511864406779661,3.8047457627118644,5.4879518072289155,746.7213114754098,14.78896103896104,582.189497082523,35.2,1005.5,1.232,707.8720000000001,0.55,0.03571428571428572,0.4508196721311476,1.5593220338983051,1.9023728813559322,8.0
58.0,Female,63.0,1.78,176.0,154.0,73.0,1.58,1095.0,HIIT,2.7,4.0,3.0,19.88,50-100,60-79,healthy,103.0,0.7864077669902912,1.2425242718446603,4.970097087378641,7.1103896103896105,693.0379746835442,17.38095238095238,545.01044611036,35.39325842696629,1153.04,1.0862068965517242,703.6179775280898,0.675,0.04285714285714286,0.4272151898734177,2.3592233009708736,3.727572815533981,12.0
21.0,Male,93.7,1.73,186.0,146.0,72.0,1.0,803.0,Cardio,3.6,2.0,1.0,31.31,0-29,80-99,obesity,114.0,0.6491228070175439,0.6491228070175439,1.2982456140350878,5.5,803.0,8.569903948772678,521.2456140350878,54.16184971098266,657.51,4.461904761904762,1695.807514450867,1.8,0.0384204909284952,1.8,0.6491228070175439,0.6491228070175439,2.0
40.0,Female,52.6,1.66,198.0,120.0,71.0,1.27,762.0,Strength,1.7,3.0,2.0,19.09,40-49,40-59,healthy,127.0,0.3858267716535433,0.49,1.47,6.35,600.0,14.486692015209124,231.49606299212599,31.68674698795181,763.6,1.315,604.9000000000001,0.5666666666666667,0.03231939163498099,0.44619422572178474,0.7716535433070866,0.98,6.0
37.0,Male,76.3,1.77,180.0,128.0,57.0,1.36,957.0,HIIT,2.1,4.0,2.0,24.35,30-39,60-79,healthy,123.0,0.5772357723577236,0.7850406504065042,3.1401626016260167,7.4765625,703.6764705882352,12.54259501965924,406.18723098995696,43.10734463276836,900.95,2.062162162162162,1049.6638418079096,0.525,0.027522935779816515,0.3860294117647059,1.1544715447154472,1.5700813008130083,8.0
54.0,Female,46.6,1.5,175.0,165.0,58.0,1.38,1025.0,Strength,2.0,2.0,1.0,20.71,50-100,40-59,healthy,117.0,0.9145299145299145,1.262051282051282,2.524102564102564,6.212121212121212,742.7536231884059,21.99570815450644,679.2704075312771,31.066666666666666,1118.3400000000001,0.862962962962963,643.3906666666667,1.0,0.04291845493562232,0.7246376811594204,0.9145299145299145,1.262051282051282,2.0
41.0,Female,77.6,1.76,162.0,161.0,71.0,1.27,920.0,Strength,2.2,4.0,2.0,25.05,40-49,60-79,overweight,91.0,0.989010989010989,1.256043956043956,5.024175824175824,5.714285714285714,724.4094488188977,11.855670103092784,716.4489054252834,44.090909090909086,1027.05,1.8926829268292682,1104.4772727272727,0.55,0.02835051546391753,0.4330708661417323,1.978021978021978,2.512087912087912,8.0
56.0,Male,88.5,1.85,161.0,144.0,59.0,1.57,1119.0,Cardio,3.5,4.0,3.0,25.86,50-100,80-99,overweight,102.0,0.8333333333333334,1.3083333333333333,5.233333333333333,7.770833333333333,712.7388535031847,12.64406779661017,593.9490445859873,47.83783783783784,1448.1599999999999,1.5803571428571428,1237.0864864864866,0.875,0.03954802259887006,0.5573248407643312,2.5,3.925,12.0
58.0,Male,74.6,1.75,193.0,137.0,58.0,1.09,739.0,HIIT,2.9,2.0,1.0,24.36,50-100,60-79,healthy,135.0,0.5851851851851851,0.6378518518518519,1.2757037037037038,5.394160583941606,677.9816513761467,9.906166219839143,396.744818212708,42.628571428571426,1412.8799999999999,1.286206896551724,1038.432,1.45,0.03887399463806971,1.330275229357798,0.5851851851851851,0.6378518518518519,2.0
49.0,Male,83.7,1.87,183.0,158.0,53.0,1.29,1009.0,HIIT,2.3,4.0,2.0,23.94,40-49,80-99,healthy,130.0,0.8076923076923077,1.041923076923077,4.167692307692308,6.386075949367089,782.1705426356589,12.054958183990442,631.7531305903399,44.75935828877005,1173.0600000000002,1.7081632653061225,1071.539037433155,0.575,0.027479091995221024,0.4457364341085271,1.6153846153846154,2.083846153846154,8.0
59.0,Female,60.4,1.76,194.0,120.0,53.0,1.72,929.0,Cardio,2.7,5.0,3.0,19.5,50-100,60-79,healthy,141.0,0.475177304964539,0.8173049645390071,4.0865248226950355,7.741666666666666,540.1162790697674,15.380794701986755,256.6509978558469,34.31818181818182,1150.5,1.023728813559322,669.2045454545454,0.54,0.044701986754966894,0.313953488372093,1.4255319148936172,2.4519148936170216,15.0
38.0,Male,85.8,1.8,168.0,149.0,68.0,1.72,1410.0,Cardio,3.5,4.0,3.0,26.48,30-39,80-99,overweight,100.0,0.81,1.3932,5.5728,9.463087248322148,819.7674418604652,16.433566433566433,664.0116279069769,47.666666666666664,1006.24,2.2578947368421054,1262.2133333333334,0.875,0.04079254079254079,0.5087209302325582,2.43,4.1796,12.0
22.0,Male,106.8,1.82,170.0,130.0,50.0,1.0,715.0,Yoga,2.3,4.0,2.0,32.24,0-29,100-130,obesity,120.0,0.6666666666666666,0.6666666666666666,2.6666666666666665,5.5,715.0,6.694756554307117,476.66666666666663,58.68131868131868,709.2800000000001,4.8545454545454545,1891.8857142857141,0.575,0.02153558052434457,0.575,1.3333333333333333,1.3333333333333333,8.0
33.0,Male,81.8,1.99,184.0,137.0,51.0,1.59,1198.0,Strength,3.5,4.0,3.0,20.66,30-39,80-99,healthy,133.0,0.6466165413533834,1.0281203007518798,4.112481203007519,8.744525547445255,753.4591194968554,14.645476772616137,487.1991299002222,41.10552763819096,681.78,2.4787878787878785,849.2402010050251,0.875,0.042787286063569685,0.550314465408805,1.9398496240601504,3.0843609022556393,12.0
41.0,Male,94.1,1.62,172.0,139.0,50.0,1.13,777.0,Cardio,3.1,4.0,2.0,35.86,40-49,80-99,obesity,122.0,0.7295081967213115,0.824344262295082,3.297377049180328,5.589928057553957,687.6106194690266,8.257173219978746,501.6175830552735,58.08641975308641,1470.26,2.295121951219512,2082.9790123456787,0.775,0.032943676939426146,0.6858407079646018,1.459016393442623,1.648688524590164,8.0
18.0,Male,87.6,1.93,161.0,139.0,72.0,1.72,1315.0,HIIT,3.5,4.0,3.0,23.52,0-29,80-99,healthy,89.0,0.7528089887640449,1.294831460674157,5.179325842696628,9.46043165467626,764.5348837209302,15.011415525114156,575.5487326887901,45.38860103626943,423.36,4.866666666666666,1067.539896373057,0.875,0.039954337899543384,0.5087209302325582,2.258426966292135,3.8844943820224715,12.0
20.0,Male,74.8,1.75,184.0,121.0,73.0,1.33,885.0,Yoga,3.3,3.0,2.0,24.42,0-29,60-79,healthy,111.0,0.43243243243243246,0.5751351351351351,1.7254054054054055,7.31404958677686,665.4135338345865,11.831550802139038,287.7463930095509,42.74285714285714,488.40000000000003,3.7399999999999998,1043.7805714285714,1.0999999999999999,0.044117647058823525,0.8270676691729322,0.8648648648648649,1.1502702702702703,6.0
35.0,Male,63.7,1.74,198.0,143.0,71.0,1.03,810.0,HIIT,2.7,4.0,2.0,21.04,30-39,60-79,healthy,127.0,0.5669291338582677,0.5839370078740157,2.335748031496063,5.664335664335664,786.4077669902913,12.71585557299843,445.83747419922025,36.60919540229885,736.4,1.82,770.2574712643678,0.675,0.0423861852433281,0.6553398058252428,1.1338582677165354,1.1678740157480314,8.0
45.0,Male,58.4,1.72,194.0,150.0,65.0,1.31,973.0,HIIT,3.1,4.0,2.0,19.74,40-49,40-59,healthy,129.0,0.6589147286821705,0.8631782945736434,3.4527131782945735,6.486666666666666,742.7480916030534,16.660958904109588,489.4076572578258,33.95348837209302,888.3,1.2977777777777777,670.2418604651161,0.775,0.05308219178082192,0.5916030534351145,1.317829457364341,1.7263565891472867,8.0
50.0,Male,69.6,1.96,166.0,139.0,68.0,0.97,667.0,Strength,2.0,3.0,1.0,18.12,50-100,60-79,under weight,98.0,0.7244897959183674,0.7027551020408164,2.108265306122449,4.798561151079137,687.6288659793814,9.583333333333334,498.1800967809804,35.51020408163265,906.0,1.392,643.4448979591837,0.6666666666666666,0.02873563218390805,0.6872852233676976,0.7244897959183674,0.7027551020408164,3.0
52.0,Male,82.4,1.72,166.0,137.0,53.0,1.01,685.0,Strength,2.7,4.0,2.0,27.85,50-100,80-99,overweight,113.0,0.7433628318584071,0.7507964601769912,3.003185840707965,5.0,678.2178217821782,8.313106796116504,504.1619206168405,47.90697674418605,1448.2,1.5846153846153848,1334.2093023255816,0.675,0.032766990291262135,0.6683168316831684,1.4867256637168142,1.5015929203539824,8.0
45.0,Female,48.2,1.64,168.0,159.0,67.0,1.25,894.0,Strength,2.5,4.0,2.0,17.92,40-49,40-59,under weight,101.0,0.9108910891089109,1.1386138613861387,4.554455445544555,5.622641509433962,715.2,18.54771784232365,651.4693069306932,29.39024390243903,806.4000000000001,1.0711111111111111,526.6731707317074,0.625,0.051867219917012444,0.5,1.8217821782178218,2.2772277227722775,8.0
21.0,Male,80.9,1.9,194.0,137.0,55.0,1.8,1356.0,Yoga,3.5,4.0,3.0,22.41,0-29,80-99,healthy,139.0,0.5899280575539568,1.0618705035971223,4.247482014388489,9.897810218978103,753.3333333333334,16.76143386897404,444.41247002398086,42.578947368421055,470.61,3.8523809523809525,954.1942105263158,0.875,0.043263288009888747,0.4861111111111111,1.7697841726618706,3.185611510791367,12.0
20.0,Female,51.1,1.58,188.0,169.0,64.0,0.5,422.0,Yoga,1.6,2.0,1.0,20.47,0-29,40-59,healthy,124.0,0.8467741935483871,0.42338709677419356,0.8467741935483871,2.497041420118343,844.0,8.258317025440313,714.6774193548388,32.34177215189873,409.4,2.555,662.036075949367,0.8,0.03131115459882583,1.6,0.8467741935483871,0.42338709677419356,2.0
52.0,Male,74.0,1.63,174.0,150.0,50.0,1.26,936.0,Cardio,3.7,3.0,2.0,27.85,50-100,60-79,overweight,124.0,0.8064516129032258,1.0161290322580645,3.0483870967741935,6.24,742.8571428571429,12.64864864864865,599.0783410138249,45.398773006134974,1448.2,1.4230769230769231,1264.355828220859,1.2333333333333334,0.05,0.9788359788359788,1.6129032258064515,2.032258064516129,6.0
34.0,Female,68.4,1.5,192.0,132.0,61.0,1.37,904.0,Cardio,2.1,4.0,2.0,30.4,30-39,60-79,obesity,131.0,0.5419847328244275,0.7425190839694658,2.970076335877863,6.848484848484849,659.8540145985401,13.216374269005847,357.6308018053156,45.6,1033.6,2.011764705882353,1386.24,0.525,0.03070175438596491,0.38321167883211676,1.083969465648855,1.4850381679389315,8.0
34.0,Female,75.6,1.6,193.0,130.0,51.0,0.64,416.0,HIIT,2.7,2.0,1.0,29.53,30-39,60-79,overweight,142.0,0.5563380281690141,0.35605633802816905,0.7121126760563381,3.2,650.0,5.502645502645503,361.6197183098592,47.24999999999999,1004.02,2.2235294117647055,1395.2924999999998,1.35,0.03571428571428572,2.109375,0.5563380281690141,0.35605633802816905,2.0
19.0,Female,72.4,1.75,169.0,140.0,64.0,1.2,840.0,Cardio,1.7,4.0,2.0,23.64,0-29,60-79,healthy,105.0,0.7238095238095238,0.8685714285714285,3.474285714285714,6.0,700.0,11.60220994475138,506.66666666666663,41.371428571428574,449.16,3.810526315789474,978.0205714285715,0.425,0.023480662983425413,0.3541666666666667,1.4476190476190476,1.737142857142857,8.0
31.0,Female,66.6,1.67,184.0,137.0,71.0,1.02,699.0,Yoga,1.5,4.0,2.0,23.88,30-39,60-79,healthy,113.0,0.584070796460177,0.5957522123893806,2.3830088495575223,5.102189781021898,685.2941176470588,10.495495495495497,400.26028110359186,39.880239520958085,740.28,2.148387096774193,952.3401197604791,0.375,0.022522522522522525,0.3676470588235294,1.168141592920354,1.1915044247787612,8.0
27.0,Male,75.7,1.76,167.0,132.0,66.0,0.68,494.0,Cardio,2.3,3.0,1.0,24.44,0-29,60-79,healthy,101.0,0.6534653465346535,0.4443564356435644,1.3330693069306934,3.742424242424242,726.470588235294,6.525759577278731,474.72335468841,43.01136363636364,659.88,2.803703703703704,1051.1977272727274,0.7666666666666666,0.030383091149273445,1.1274509803921566,0.6534653465346535,0.4443564356435644,3.0
34.0,Male,102.1,1.71,185.0,135.0,72.0,0.96,713.0,HIIT,3.2,2.0,1.0,34.92,30-39,100-130,obesity,113.0,0.5575221238938053,0.5352212389380531,1.0704424778761061,5.281481481481482,742.7083333333334,6.983349657198825,414.0763274336283,59.707602339181285,1187.28,3.0029411764705882,2084.9894736842107,1.6,0.031341821743388835,1.6666666666666667,0.5575221238938053,0.5352212389380531,2.0
30.0,Male,121.6,2.0,179.0,160.0,60.0,1.24,1091.0,Cardio,3.3,4.0,2.0,30.4,30-39,100-130,obesity,119.0,0.8403361344537815,1.0420168067226891,4.168067226890757,6.81875,879.8387096774194,8.97203947368421,739.3602602331256,60.8,912.0,4.053333333333333,1848.32,0.825,0.027138157894736843,0.6653225806451613,1.680672268907563,2.0840336134453783,8.0
26.0,Female,72.8,1.67,163.0,121.0,50.0,1.37,829.0,Strength,1.9,2.0,1.0,26.1,0-29,60-79,overweight,113.0,0.6283185840707964,0.8607964601769912,1.7215929203539824,6.851239669421488,605.1094890510949,11.387362637362639,380.20153736838705,43.59281437125748,678.6,2.8,1137.7724550898204,0.95,0.0260989010989011,0.6934306569343065,0.6283185840707964,0.8607964601769912,2.0
23.0,Male,108.6,1.92,197.0,134.0,50.0,0.89,656.0,Yoga,3.5,2.0,1.0,29.46,0-29,100-130,overweight,147.0,0.5714285714285714,0.5085714285714286,1.0171428571428571,4.895522388059701,737.0786516853932,6.040515653775323,421.1878009630818,56.5625,677.58,4.721739130434782,1666.33125,1.75,0.03222836095764273,1.9662921348314606,0.5714285714285714,0.5085714285714286,2.0
22.0,Male,102.6,1.84,163.0,153.0,65.0,1.25,1052.0,Strength,2.7,3.0,2.0,30.3,0-29,100-130,obesity,98.0,0.8979591836734694,1.1224489795918366,3.36734693877551,6.875816993464053,841.6,10.253411306042885,755.7224489795918,55.760869565217384,666.6,4.663636363636363,1689.5543478260868,0.9,0.026315789473684213,0.72,1.7959183673469388,2.2448979591836733,6.0
53.0,Male,51.7,1.7,175.0,152.0,72.0,1.15,865.0,HIIT,3.5,3.0,2.0,17.89,50-100,40-59,under weight,103.0,0.7766990291262136,0.8932038834951456,2.6796116504854366,5.690789473684211,752.1739130434784,16.731141199226304,584.2127479949346,30.411764705882355,948.1700000000001,0.9754716981132076,544.0664705882353,1.1666666666666667,0.06769825918762089,1.0144927536231885,1.5533980582524272,1.7864077669902911,6.0
29.0,Male,86.7,1.62,174.0,122.0,55.0,1.52,1020.0,Strength,3.5,4.0,3.0,33.04,0-29,80-99,obesity,119.0,0.5630252100840336,0.8557983193277311,3.4231932773109244,8.360655737704919,671.0526315789474,11.76470588235294,377.81954887218046,53.51851851851852,958.16,2.9896551724137934,1768.2518518518518,0.875,0.040369088811995385,0.5756578947368421,1.6890756302521008,2.5673949579831934,12.0
32.0,Male,89.8,1.92,199.0,168.0,67.0,1.93,1783.0,Strength,3.5,4.0,3.0,24.36,30-39,80-99,healthy,132.0,0.7651515151515151,1.476742424242424,5.906969696969696,10.613095238095237,923.8341968911917,19.85523385300668,706.8731355000785,46.770833333333336,779.52,2.80625,1139.3374999999999,0.875,0.03897550111358575,0.4533678756476684,2.2954545454545454,4.430227272727272,12.0
19.0,Female,60.5,1.59,184.0,128.0,53.0,1.14,730.0,Cardio,2.2,2.0,1.0,23.93,0-29,60-79,healthy,131.0,0.5725190839694656,0.6526717557251908,1.3053435114503815,5.703125,640.3508771929825,12.066115702479339,366.61309762957006,38.0503144654088,454.67,3.1842105263157894,910.5440251572326,1.1,0.03636363636363637,0.9649122807017545,0.5725190839694656,0.6526717557251908,2.0
43.0,Male,113.2,1.83,161.0,134.0,63.0,1.45,962.0,Yoga,2.9,4.0,2.0,33.8,40-49,100-130,obesity,98.0,0.7244897959183674,1.0505102040816328,4.202040816326531,7.17910447761194,663.448275862069,8.498233215547703,480.66150598170304,61.857923497267755,1453.3999999999999,2.6325581395348836,2090.79781420765,0.725,0.025618374558303885,0.5,1.4489795918367347,2.1010204081632655,8.0
41.0,Female,71.2,1.64,165.0,147.0,54.0,1.42,939.0,HIIT,2.3,3.0,2.0,26.47,40-49,60-79,overweight,111.0,0.8378378378378378,1.1897297297297296,3.5691891891891885,6.387755102040816,661.2676056338029,13.188202247191011,554.0350209364294,43.41463414634147,1085.27,1.7365853658536585,1149.1853658536586,0.7666666666666666,0.03230337078651685,0.539906103286385,1.6756756756756757,2.379459459459459,6.0
26.0,Female,54.0,1.53,175.0,148.0,54.0,1.14,844.0,Strength,1.7,3.0,1.0,23.07,0-29,40-59,healthy,121.0,0.7768595041322314,0.8856198347107437,2.656859504132231,5.702702702702703,740.3508771929825,15.62962962962963,575.1486153400028,35.294117647058826,599.82,2.076923076923077,814.2352941176471,0.5666666666666667,0.03148148148148148,0.4970760233918129,0.7768595041322314,0.8856198347107437,3.0
57.0,Male,83.4,1.65,172.0,166.0,67.0,1.57,1290.0,HIIT,3.5,4.0,3.0,30.63,50-100,80-99,obesity,105.0,0.9428571428571428,1.4802857142857142,5.921142857142857,7.771084337349397,821.656050955414,15.467625899280575,774.7042766151046,50.545454545454554,1745.9099999999999,1.4631578947368422,1548.2072727272728,0.875,0.041966426858513185,0.5573248407643312,2.8285714285714283,4.440857142857142,12.0
41.0,Female,66.8,1.74,164.0,149.0,57.0,1.34,898.0,Yoga,2.3,3.0,1.0,22.06,40-49,60-79,healthy,107.0,0.8598130841121495,1.1521495327102804,3.4564485981308413,6.026845637583893,670.1492537313433,13.44311377245509,576.2030966662016,38.39080459770115,904.4599999999999,1.6292682926829267,846.9011494252874,0.7666666666666666,0.0344311377245509,0.572139303482587,0.8598130841121495,1.1521495327102804,3.0
45.0,Male,52.5,1.88,194.0,153.0,71.0,1.08,818.0,Strength,2.9,4.0,2.0,14.85,40-49,40-59,under weight,123.0,0.6666666666666666,0.72,2.88,5.34640522875817,757.4074074074074,15.58095238095238,504.9382716049382,27.925531914893618,668.25,1.1666666666666667,414.6941489361702,0.725,0.05523809523809524,0.6712962962962963,1.3333333333333333,1.44,8.0
34.0,Female,64.3,1.62,174.0,145.0,62.0,1.76,1276.0,Yoga,2.7,5.0,3.0,24.5,30-39,60-79,healthy,112.0,0.7410714285714286,1.3042857142857143,6.521428571428571,8.8,725.0,19.84447900466563,537.2767857142858,39.691358024691354,833.0,1.8911764705882352,972.4382716049381,0.54,0.04199066874027994,0.3068181818181818,2.2232142857142856,3.912857142857143,15.0
26.0,Male,77.7,1.62,177.0,126.0,73.0,1.16,804.0,Yoga,3.0,3.0,2.0,29.61,0-29,60-79,overweight,104.0,0.5096153846153846,0.591153846153846,1.7734615384615382,6.380952380952381,693.1034482758621,10.347490347490346,353.2161803713528,47.96296296296296,769.86,2.9884615384615385,1420.1833333333334,1.0,0.03861003861003861,0.8620689655172414,1.0192307692307692,1.182307692307692,6.0
56.0,Male,82.5,1.87,187.0,124.0,74.0,1.51,927.0,Yoga,3.5,5.0,3.0,23.59,50-100,80-99,healthy,113.0,0.4424778761061947,0.668141592920354,3.34070796460177,7.475806451612903,613.9072847682119,11.236363636363636,271.64039149035926,44.11764705882353,1321.04,1.4732142857142858,1040.735294117647,0.7,0.04242424242424243,0.46357615894039733,1.3274336283185841,2.004424778761062,15.0
56.0,Female,52.9,1.64,169.0,155.0,53.0,1.1,767.0,Cardio,2.3,3.0,2.0,19.67,50-100,40-59,healthy,116.0,0.8793103448275862,0.9672413793103449,2.901724137931035,4.948387096774193,697.2727272727273,14.49905482041588,613.1191222570533,32.25609756097561,1101.52,0.9446428571428571,634.4774390243904,0.7666666666666666,0.043478260869565216,0.6969696969696969,1.7586206896551724,1.9344827586206899,6.0
41.0,Male,67.0,1.77,161.0,149.0,50.0,1.22,900.0,HIIT,2.6,3.0,2.0,21.39,40-49,60-79,healthy,111.0,0.8918918918918919,1.088108108108108,3.264324324324324,6.040268456375839,737.7049180327868,13.432835820895523,657.9530350022153,37.85310734463277,876.99,1.6341463414634145,809.677966101695,0.8666666666666667,0.03880597014925373,0.7103825136612022,1.7837837837837838,2.176216216216216,6.0
31.0,Male,78.8,1.71,177.0,121.0,59.0,1.49,992.0,HIIT,2.5,4.0,2.0,26.95,30-39,60-79,overweight,118.0,0.5254237288135594,0.7828813559322034,3.1315254237288137,8.198347107438016,665.771812080537,12.588832487309645,349.81230804231603,46.08187134502924,835.4499999999999,2.541935483870968,1241.906432748538,0.625,0.031725888324873094,0.41946308724832215,1.0508474576271187,1.5657627118644069,8.0
45.0,Male,89.6,1.81,178.0,153.0,70.0,1.7,1287.0,Yoga,3.5,5.0,3.0,27.35,40-49,80-99,overweight,108.0,0.7685185185185185,1.3064814814814814,6.5324074074074066,8.411764705882353,757.0588235294118,14.363839285714286,581.8137254901961,49.50276243093922,1230.75,1.991111111111111,1353.9005524861877,0.7,0.0390625,0.4117647058823529,2.3055555555555554,3.9194444444444443,15.0
53.0,Female,64.4,1.55,194.0,139.0,62.0,1.77,1107.0,HIIT,2.7,4.0,3.0,26.81,50-100,60-79,overweight,132.0,0.5833333333333334,1.0325,4.13,7.9640287769784175,625.4237288135594,17.189440993788818,364.83050847457633,41.5483870967742,1420.9299999999998,1.2150943396226417,1113.9122580645162,0.675,0.04192546583850931,0.38135593220338987,1.75,3.0975,12.0
36.0,Female,59.3,1.75,178.0,128.0,58.0,0.99,634.0,Strength,2.3,3.0,1.0,19.36,30-39,40-59,healthy,120.0,0.5833333333333334,0.5775,1.7325,4.953125,640.4040404040404,10.691399662731872,373.5690235690236,33.885714285714286,696.96,1.6472222222222221,656.0274285714286,0.7666666666666666,0.0387858347386172,0.7744107744107743,0.5833333333333334,0.5775,3.0
29.0,Female,56.2,1.77,191.0,123.0,61.0,0.68,418.0,Yoga,2.6,3.0,1.0,17.94,0-29,40-59,under weight,130.0,0.47692307692307695,0.32430769230769235,0.972923076923077,3.3983739837398375,614.7058823529411,7.437722419928825,293.1674208144796,31.751412429378533,520.26,1.9379310344827587,569.6203389830509,0.8666666666666667,0.046263345195729534,1.2745098039215685,0.47692307692307695,0.32430769230769235,3.0
26.0,Female,64.1,1.5,194.0,134.0,60.0,1.93,1293.0,Strength,2.7,5.0,3.0,28.49,0-29,60-79,overweight,134.0,0.5522388059701493,1.065820895522388,5.32910447761194,9.649253731343284,669.9481865284974,20.171606864274573,369.97138659036426,42.73333333333333,740.74,2.465384615384615,1217.4726666666666,0.54,0.042121684867394704,0.2797927461139897,1.6567164179104479,3.197462686567164,15.0
38.0,Male,68.7,1.92,170.0,150.0,73.0,1.31,1081.0,Cardio,3.0,4.0,2.0,18.64,30-39,60-79,healthy,97.0,0.7938144329896907,1.0398969072164947,4.159587628865979,7.206666666666667,825.1908396946565,15.735080058224163,655.0483985205004,35.78125,708.32,1.8078947368421054,666.9625,0.75,0.043668122270742356,0.5725190839694656,1.5876288659793814,2.0797938144329895,8.0
54.0,Female,64.2,1.69,188.0,131.0,69.0,1.69,996.0,Yoga,2.7,4.0,3.0,22.48,50-100,60-79,healthy,119.0,0.5210084033613446,0.8805042016806723,3.5220168067226894,7.603053435114504,589.3491124260355,15.514018691588785,307.0558400875143,37.98816568047337,1213.92,1.1888888888888889,853.9739644970415,0.675,0.04205607476635514,0.3994082840236687,1.5630252100840338,2.641512605042017,12.0
52.0,Male,63.6,1.62,168.0,150.0,55.0,1.3,965.0,Strength,2.3,4.0,2.0,24.23,50-100,60-79,healthy,113.0,0.8407079646017699,1.092920353982301,4.371681415929204,6.433333333333334,742.3076923076923,15.172955974842766,624.0639891082368,39.25925925925926,1259.96,1.2230769230769232,951.2518518518518,0.575,0.036163522012578615,0.44230769230769224,1.6814159292035398,2.185840707964602,8.0
58.0,Male,52.0,1.79,173.0,169.0,52.0,1.12,937.0,HIIT,3.0,3.0,1.0,16.23,50-100,40-59,under weight,121.0,0.9669421487603306,1.0829752066115703,3.248925619834711,5.544378698224852,836.6071428571428,18.01923076923077,808.9507083825265,29.050279329608937,941.34,0.896551724137931,471.4860335195531,1.0,0.057692307692307696,0.8928571428571428,0.9669421487603306,1.0829752066115703,3.0
33.0,Female,68.2,1.75,177.0,150.0,71.0,0.85,638.0,Strength,1.7,2.0,1.0,22.27,30-39,60-79,healthy,106.0,0.7452830188679245,0.6334905660377358,1.2669811320754716,4.253333333333333,750.5882352941177,9.354838709677418,559.400665926748,38.971428571428575,734.91,2.066666666666667,867.8937142857143,0.85,0.024926686217008796,1.0,0.7452830188679245,0.6334905660377358,2.0
58.0,Female,59.3,1.58,166.0,165.0,56.0,1.97,1463.0,Strength,2.7,4.0,3.0,23.75,50-100,40-59,healthy,110.0,0.990909090909091,1.952090909090909,7.808363636363636,8.866666666666667,742.6395939086294,24.67116357504216,735.8883248730965,37.53164556962025,1377.5,1.0224137931034483,891.376582278481,0.675,0.04553119730185498,0.34263959390862947,2.9727272727272727,5.856272727272727,12.0
28.0,Male,108.5,1.79,183.0,120.0,68.0,1.33,878.0,HIIT,2.1,4.0,2.0,33.86,0-29,100-130,obesity,115.0,0.45217391304347826,0.6013913043478262,2.4055652173913047,7.316666666666666,660.1503759398496,8.09216589861751,298.50277868584504,60.614525139664806,948.0799999999999,3.875,2052.40782122905,0.525,0.01935483870967742,0.39473684210526316,0.9043478260869565,1.2027826086956523,8.0
31.0,Female,48.2,1.65,163.0,166.0,60.0,1.1,913.0,Cardio,2.5,2.0,1.0,17.7,30-39,40-59,under weight,103.0,1.029126213592233,1.1320388349514563,2.2640776699029126,5.5,829.9999999999999,18.941908713692946,854.1747572815533,29.212121212121215,548.6999999999999,1.5548387096774194,517.0545454545455,1.25,0.051867219917012444,1.1363636363636362,1.029126213592233,1.1320388349514563,2.0
59.0,Male,88.1,1.76,187.0,168.0,74.0,1.35,1123.0,Strength,3.0,3.0,2.0,28.44,50-100,80-99,overweight,113.0,0.831858407079646,1.1230088495575221,3.3690265486725663,6.684523809523809,831.8518518518518,12.746878547105563,691.9829564077352,50.05681818181818,1677.96,1.4932203389830507,1423.615909090909,1.0,0.0340522133938706,0.7407407407407407,1.663716814159292,2.2460176991150442,6.0
33.0,Female,56.4,1.54,165.0,155.0,63.0,1.06,822.0,Strength,1.5,3.0,1.0,23.78,30-39,40-59,healthy,102.0,0.9019607843137255,0.9560784313725491,2.8682352941176474,5.303225806451613,775.4716981132075,14.574468085106384,699.4450610432851,36.62337662337662,784.74,1.709090909090909,870.903896103896,0.5,0.026595744680851064,0.4716981132075471,0.9019607843137255,0.9560784313725491,3.0
39.0,Female,42.5,1.75,181.0,131.0,52.0,1.13,740.0,Strength,2.1,2.0,1.0,13.88,30-39,40-59,under weight,129.0,0.6124031007751938,0.6920155038759689,1.3840310077519378,5.648854961832061,654.8672566371682,17.41176470588235,401.04273856074644,24.285714285714285,541.32,1.0897435897435896,337.0857142857143,1.05,0.049411764705882356,0.929203539823009,0.6124031007751938,0.6920155038759689,2.0
25.0,Male,53.2,1.7,190.0,164.0,56.0,0.59,532.0,Strength,2.1,3.0,1.0,18.41,0-29,40-59,under weight,134.0,0.8059701492537313,0.4755223880597015,1.4265671641791045,3.2439024390243905,901.6949152542373,10.0,726.7391854287883,31.294117647058826,460.25,2.128,576.1247058823529,0.7000000000000001,0.039473684210526314,1.1864406779661019,0.8059701492537313,0.4755223880597015,3.0
56.0,Male,118.0,1.9,199.0,126.0,68.0,0.66,412.0,HIIT,3.2,2.0,1.0,32.69,50-100,100-130,obesity,131.0,0.44274809160305345,0.2922137404580153,0.5844274809160306,3.2698412698412698,624.2424242424242,3.4915254237288136,276.382142030997,62.10526315789474,1830.6399999999999,2.107142857142857,2030.221052631579,1.6,0.027118644067796613,2.4242424242424243,0.44274809160305345,0.2922137404580153,2.0
41.0,Male,82.5,1.79,185.0,139.0,61.0,1.69,1163.0,Cardio,3.5,4.0,3.0,25.75,40-49,80-99,overweight,124.0,0.6290322580645161,1.0630645161290322,4.252258064516129,8.366906474820144,688.1656804733728,14.096969696969698,432.87841191067,46.089385474860336,1055.75,2.0121951219512195,1186.8016759776535,0.875,0.04242424242424243,0.5177514792899408,1.8870967741935485,3.1891935483870966,12.0
42.0,Male,88.4,1.93,188.0,158.0,65.0,1.68,1314.0,Yoga,3.5,4.0,3.0,23.73,40-49,80-99,healthy,123.0,0.7560975609756098,1.2702439024390244,5.080975609756098,8.316455696202532,782.1428571428572,14.864253393665157,591.3763066202091,45.80310880829016,996.66,2.104761904761905,1086.9077720207254,0.875,0.03959276018099547,0.5208333333333334,2.2682926829268295,3.810731707317073,12.0
34.0,Male,115.3,1.81,181.0,167.0,67.0,1.36,1249.0,Yoga,2.2,2.0,1.0,35.19,30-39,100-130,obesity,114.0,0.8771929824561403,1.1929824561403508,2.3859649122807016,7.479041916167665,918.3823529411764,10.832610581092801,805.5985552115582,63.70165745856353,1196.46,3.3911764705882352,2241.6613259668507,1.1,0.019080659150043366,0.8088235294117647,0.8771929824561403,1.1929824561403508,2.0
30.0,Female,62.7,1.67,164.0,162.0,70.0,1.02,826.0,HIIT,2.6,4.0,2.0,22.48,30-39,60-79,healthy,94.0,0.9787234042553191,0.9982978723404256,3.993191489361702,5.098765432098766,809.8039215686274,13.17384370015949,792.5740508969544,37.54491017964072,674.4,2.0900000000000003,844.0095808383235,0.65,0.04146730462519936,0.6372549019607843,1.9574468085106382,1.996595744680851,8.0
39.0,Male,81.7,1.75,165.0,165.0,55.0,1.32,1198.0,Cardio,2.8,4.0,2.0,26.68,30-39,80-99,overweight,110.0,1.0,1.32,5.28,7.260606060606061,907.5757575757575,14.663402692778456,907.5757575757575,46.68571428571429,1040.52,2.094871794871795,1245.5748571428571,0.7,0.03427172582619339,0.5303030303030303,2.0,2.64,8.0
43.0,Male,66.3,1.85,170.0,121.0,58.0,1.18,707.0,Cardio,3.2,2.0,1.0,19.37,40-49,60-79,healthy,112.0,0.5625,0.66375,1.3275,5.8429752066115705,599.1525423728814,10.663650075414782,337.0233050847458,35.83783783783783,832.9100000000001,1.541860465116279,694.1789189189188,1.6,0.048265460030165915,1.3559322033898307,0.5625,0.66375,2.0
24.0,Female,58.9,1.76,189.0,130.0,73.0,0.63,410.0,HIIT,1.7,3.0,1.0,19.01,0-29,40-59,healthy,116.0,0.49137931034482757,0.3095689655172414,0.9287068965517242,3.1538461538461537,650.7936507936508,6.960950764006792,319.7865353037767,33.465909090909086,456.24,2.4541666666666666,636.1869318181818,0.5666666666666667,0.028862478777589132,0.8994708994708994,0.49137931034482757,0.3095689655172414,3.0
19.0,Female,49.0,1.69,176.0,147.0,64.0,1.05,772.0,Yoga,2.4,3.0,1.0,17.16,0-29,40-59,under weight,112.0,0.7410714285714286,0.7781250000000001,2.334375,5.2517006802721085,735.2380952380952,15.755102040816327,544.8639455782313,28.994082840236686,326.04,2.5789473684210527,497.53846153846155,0.7999999999999999,0.04897959183673469,0.7619047619047619,0.7410714285714286,0.7781250000000001,3.0
47.0,Male,82.1,1.84,185.0,136.0,65.0,1.37,922.0,Strength,3.4,4.0,2.0,24.25,40-49,80-99,healthy,120.0,0.5916666666666667,0.8105833333333334,3.2423333333333337,6.779411764705882,672.9927007299269,11.23020706455542,398.18734793187343,44.6195652173913,1139.75,1.7468085106382978,1082.024456521739,0.85,0.04141291108404385,0.6204379562043795,1.1833333333333333,1.6211666666666669,8.0
51.0,Male,88.2,1.62,163.0,133.0,72.0,1.56,1027.0,Cardio,3.5,4.0,3.0,33.61,50-100,80-99,obesity,91.0,0.6703296703296703,1.0457142857142856,4.182857142857142,7.7218045112781954,658.3333333333333,11.643990929705215,441.3003663003662,54.44444444444444,1714.11,1.7294117647058824,1829.8777777777777,0.875,0.03968253968253968,0.5608974358974359,2.010989010989011,3.137142857142857,12.0
42.0,Female,57.5,1.67,192.0,149.0,55.0,1.14,764.0,Yoga,2.4,2.0,1.0,20.62,40-49,40-59,healthy,137.0,0.6861313868613139,0.7821897810218978,1.5643795620437957,5.12751677852349,670.1754385964913,13.28695652173913,459.8284031245999,34.4311377245509,866.0400000000001,1.369047619047619,709.9700598802397,1.2,0.041739130434782605,1.0526315789473684,0.6861313868613139,0.7821897810218978,2.0
43.0,Male,66.5,1.83,178.0,136.0,59.0,1.11,747.0,Yoga,2.4,3.0,2.0,19.86,40-49,60-79,healthy,119.0,0.6470588235294118,0.7182352941176472,2.1547058823529417,5.492647058823529,672.9729729729729,11.233082706766917,435.4531001589825,36.33879781420765,853.98,1.5465116279069768,721.688524590164,0.7999999999999999,0.03609022556390977,0.7207207207207206,1.2941176470588236,1.4364705882352944,6.0
28.0,Male,101.8,1.84,169.0,136.0,64.0,1.08,808.0,Cardio,2.7,3.0,1.0,30.07,0-29,100-130,obesity,105.0,0.6857142857142857,0.7405714285714287,2.221714285714286,5.9411764705882355,748.1481481481482,7.93713163064833,513.015873015873,55.326086956521735,841.96,3.6357142857142857,1663.6554347826084,0.9,0.02652259332023576,0.8333333333333333,0.6857142857142857,0.7405714285714287,3.0
52.0,Male,45.1,1.72,196.0,129.0,70.0,0.93,594.0,Cardio,3.3,2.0,1.0,15.24,50-100,40-59,under weight,126.0,0.46825396825396826,0.4354761904761905,0.870952380952381,4.604651162790698,638.7096774193548,13.170731707317072,299.07834101382485,26.22093023255814,792.48,0.8673076923076923,399.6069767441861,1.65,0.07317073170731707,1.7741935483870965,0.46825396825396826,0.4354761904761905,2.0
50.0,Female,71.0,1.68,187.0,161.0,70.0,1.17,848.0,Yoga,2.5,2.0,1.0,25.16,50-100,60-79,overweight,117.0,0.7777777777777778,0.9099999999999999,1.8199999999999998,5.267080745341615,724.7863247863248,11.943661971830986,563.7226970560305,42.261904761904766,1258.0,1.42,1063.3095238095239,1.25,0.035211267605633804,1.0683760683760684,0.7777777777777778,0.9099999999999999,2.0
31.0,Female,62.5,1.62,168.0,169.0,74.0,1.56,1318.0,HIIT,2.7,4.0,3.0,23.81,30-39,60-79,healthy,94.0,1.0106382978723405,1.5765957446808512,6.306382978723405,7.798816568047338,844.8717948717948,21.088,853.8597926895799,38.58024691358025,738.11,2.0161290322580645,918.5956790123456,0.675,0.0432,0.4326923076923077,3.0319148936170217,4.729787234042553,12.0
49.0,Male,82.1,1.86,162.0,160.0,64.0,1.87,1481.0,Strength,3.5,4.0,3.0,23.73,40-49,80-99,healthy,98.0,0.9795918367346939,1.8318367346938775,7.32734693877551,9.25625,791.9786096256684,18.038976857490866,775.8157808577976,44.13978494623655,1162.77,1.6755102040816325,1047.4370967741934,0.875,0.04263093788063338,0.4679144385026738,2.9387755102040813,5.495510204081633,12.0
21.0,Male,74.2,1.93,187.0,141.0,56.0,1.32,1024.0,HIIT,2.5,3.0,2.0,19.92,0-29,60-79,healthy,131.0,0.648854961832061,0.8564885496183207,2.569465648854962,7.26241134751773,775.7575757575758,13.80053908355795,503.35415220911403,38.44559585492228,418.32000000000005,3.5333333333333337,765.8362694300519,0.8333333333333334,0.03369272237196765,0.6313131313131313,1.297709923664122,1.7129770992366413,6.0
43.0,Female,70.1,1.66,169.0,151.0,58.0,0.99,673.0,Strength,2.6,2.0,1.0,25.44,40-49,60-79,overweight,111.0,0.8378378378378378,0.8294594594594594,1.6589189189189189,4.456953642384106,679.7979797979798,9.600570613409415,569.5604695604695,42.2289156626506,1093.92,1.6302325581395347,1074.3036144578314,1.3,0.037089871611982884,1.3131313131313131,0.8378378378378378,0.8294594594594594,2.0
50.0,Female,51.8,1.5,182.0,141.0,58.0,1.32,838.0,HIIT,2.2,3.0,1.0,23.02,50-100,40-59,healthy,124.0,0.6693548387096774,0.8835483870967742,2.6506451612903223,5.943262411347518,634.8484848484849,16.17760617760618,424.93890518084066,34.53333333333333,1151.0,1.036,794.9573333333333,0.7333333333333334,0.042471042471042476,0.5555555555555556,0.6693548387096774,0.8835483870967742,3.0
36.0,Male,88.0,1.71,185.0,160.0,73.0,1.87,1646.0,HIIT,3.5,5.0,3.0,30.09,30-39,80-99,obesity,112.0,0.7767857142857143,1.452589285714286,7.262946428571429,10.2875,880.2139037433154,18.704545454545453,683.7375859434683,51.461988304093566,1083.24,2.4444444444444446,1548.4912280701756,0.7,0.03977272727272727,0.374331550802139,2.330357142857143,4.357767857142858,15.0
50.0,Male,90.8,1.71,173.0,153.0,62.0,1.07,810.0,Yoga,3.4,4.0,2.0,31.05,50-100,80-99,obesity,111.0,0.8198198198198198,0.8772072072072072,3.508828828828829,5.294117647058823,757.0093457943925,8.920704845814978,620.6112654710785,53.099415204678365,1552.5,1.8159999999999998,1648.7368421052633,0.85,0.037444933920704845,0.794392523364486,1.6396396396396395,1.7544144144144145,8.0
40.0,Male,58.2,1.98,198.0,138.0,74.0,1.43,1085.0,Cardio,2.5,3.0,2.0,14.85,40-49,40-59,under weight,124.0,0.5161290322580645,0.7380645161290322,2.2141935483870965,7.86231884057971,758.7412587412588,18.642611683848795,391.6083916083916,29.393939393939394,594.0,1.455,436.5,0.8333333333333334,0.0429553264604811,0.5827505827505828,1.032258064516129,1.4761290322580645,6.0
59.0,Male,78.0,1.92,180.0,127.0,53.0,0.72,453.0,Cardio,2.7,3.0,1.0,21.16,50-100,60-79,healthy,127.0,0.5826771653543307,0.41952755905511807,1.258582677165354,3.5669291338582676,629.1666666666667,5.8076923076923075,366.60104986876644,40.625,1248.44,1.3220338983050848,859.625,0.9,0.03461538461538462,1.25,0.5826771653543307,0.41952755905511807,3.0
45.0,Female,64.3,1.54,199.0,133.0,58.0,1.67,999.0,Yoga,2.7,4.0,3.0,27.11,40-49,60-79,overweight,141.0,0.5319148936170213,0.8882978723404255,3.553191489361702,7.511278195488722,598.2035928143713,15.536547433903579,318.19340043317624,41.75324675324675,1219.95,1.4288888888888889,1131.9305194805193,0.675,0.04199066874027994,0.4041916167664671,1.5957446808510638,2.6648936170212765,12.0
41.0,Male,82.8,1.66,177.0,139.0,74.0,1.97,1355.0,HIIT,3.5,5.0,3.0,30.05,40-49,80-99,obesity,103.0,0.6310679611650486,1.2432038834951458,6.216019417475729,9.748201438848922,687.8172588832488,16.364734299516908,434.0594352175842,49.87951807228916,1232.05,2.0195121951219512,1498.879518072289,0.7,0.042270531400966184,0.35532994923857864,1.8932038834951457,3.7296116504854373,15.0
51.0,Female,57.4,1.77,177.0,123.0,72.0,1.08,598.0,Yoga,2.1,4.0,2.0,18.32,50-100,40-59,under weight,105.0,0.4857142857142857,0.5245714285714286,2.0982857142857143,4.861788617886178,553.7037037037037,10.418118466898955,268.94179894179894,32.429378531073446,934.32,1.1254901960784314,594.1062146892655,0.525,0.03658536585365854,0.4861111111111111,0.9714285714285714,1.0491428571428572,8.0
40.0,Male,63.0,2.0,176.0,161.0,71.0,1.42,1257.0,Strength,2.9,4.0,2.0,15.75,40-49,60-79,under weight,105.0,0.8571428571428571,1.217142857142857,4.868571428571428,7.807453416149069,885.2112676056338,19.952380952380953,758.7525150905432,31.5,630.0,1.575,496.125,0.725,0.04603174603174603,0.5105633802816901,1.7142857142857142,2.434285714285714,8.0
50.0,Female,56.4,1.59,185.0,163.0,74.0,1.26,924.0,HIIT,2.6,3.0,1.0,22.31,50-100,40-59,healthy,111.0,0.8018018018018018,1.0102702702702704,3.030810810810811,5.668711656441718,733.3333333333334,16.382978723404257,587.987987987988,35.471698113207545,1115.5,1.128,791.3735849056602,0.8666666666666667,0.04609929078014185,0.6878306878306879,0.8018018018018018,1.0102702702702704,3.0
46.0,Male,84.3,2.0,189.0,162.0,66.0,1.83,1467.0,HIIT,3.5,5.0,3.0,21.07,40-49,80-99,healthy,123.0,0.7804878048780488,1.4282926829268294,7.141463414634147,9.055555555555555,801.639344262295,17.402135231316727,625.6697321071571,42.15,969.22,1.8326086956521739,888.1005,0.7,0.04151838671411625,0.3825136612021858,2.3414634146341466,4.284878048780488,15.0
31.0,Female,61.1,1.76,189.0,150.0,67.0,1.81,1358.0,Yoga,2.7,4.0,3.0,19.72,30-39,60-79,healthy,122.0,0.680327868852459,1.231393442622951,4.925573770491804,9.053333333333333,750.2762430939226,22.225859247135844,510.4338375147178,34.71590909090909,611.3199999999999,1.9709677419354839,684.5977272727273,0.675,0.044189852700491,0.3729281767955801,2.040983606557377,3.6941803278688528,12.0
35.0,Male,85.6,1.85,185.0,135.0,55.0,1.78,1322.0,Strength,3.5,5.0,3.0,25.01,30-39,80-99,overweight,130.0,0.6153846153846154,1.0953846153846154,5.476923076923077,9.792592592592593,742.6966292134831,15.44392523364486,457.0440795159896,46.27027027027027,875.35,2.4457142857142857,1157.2194594594594,0.7,0.040887850467289724,0.3932584269662921,1.8461538461538463,3.286153846153846,15.0
34.0,Female,74.2,1.57,178.0,158.0,52.0,1.47,1161.0,Cardio,2.4,3.0,1.0,30.1,30-39,60-79,obesity,126.0,0.8412698412698413,1.2366666666666666,3.71,7.348101265822785,789.795918367347,15.646900269541778,664.4314868804665,47.261146496815286,1023.4000000000001,2.182352941176471,1422.56050955414,0.7999999999999999,0.032345013477088944,0.5442176870748299,0.8412698412698413,1.2366666666666666,3.0
43.0,Female,66.3,1.77,177.0,157.0,57.0,1.48,1046.0,HIIT,1.7,4.0,2.0,21.16,40-49,60-79,healthy,120.0,0.8333333333333334,1.2333333333333334,4.933333333333334,6.662420382165605,706.7567567567568,15.776772247360483,588.963963963964,37.45762711864407,909.88,1.541860465116279,792.6033898305084,0.425,0.02564102564102564,0.28716216216216217,1.6666666666666667,2.466666666666667,8.0
53.0,Female,68.0,1.7,181.0,139.0,57.0,1.06,663.0,HIIT,2.4,4.0,2.0,23.53,50-100,60-79,healthy,124.0,0.6612903225806451,0.7009677419354838,2.8038709677419353,4.76978417266187,625.4716981132075,9.75,413.61838101034687,40.0,1247.0900000000001,1.2830188679245282,941.2,0.6,0.03529411764705882,0.5660377358490566,1.3225806451612903,1.4019354838709677,8.0
28.0,Female,52.0,1.61,168.0,164.0,70.0,1.32,1082.0,Yoga,2.0,3.0,2.0,20.06,0-29,40-59,healthy,98.0,0.9591836734693877,1.266122448979592,3.7983673469387758,6.597560975609756,819.6969696969696,20.807692307692307,786.2399505256648,32.29813664596273,561.68,1.8571428571428572,647.9006211180123,0.6666666666666666,0.038461538461538464,0.505050505050505,1.9183673469387754,2.532244897959184,6.0
43.0,Male,55.5,1.82,160.0,124.0,66.0,1.08,663.0,Strength,2.0,3.0,1.0,16.76,40-49,40-59,under weight,94.0,0.6170212765957447,0.6663829787234044,1.999148936170213,5.346774193548387,613.8888888888888,11.945945945945946,378.7825059101654,30.494505494505493,720.6800000000001,1.2906976744186047,511.0879120879121,0.6666666666666666,0.036036036036036036,0.6172839506172839,0.6170212765957447,0.6663829787234044,3.0
31.0,Female,57.9,1.56,161.0,124.0,50.0,1.8,1116.0,Yoga,2.7,5.0,3.0,23.79,30-39,40-59,healthy,111.0,0.6666666666666666,1.2,6.0,9.0,620.0,19.27461139896373,413.3333333333333,37.11538461538461,737.49,1.867741935483871,882.9749999999998,0.54,0.04663212435233161,0.3,2.0,3.5999999999999996,15.0
19.0,Male,95.1,1.85,190.0,143.0,50.0,1.21,952.0,Yoga,2.3,4.0,2.0,27.79,0-29,80-99,overweight,140.0,0.6642857142857143,0.8037857142857142,3.215142857142857,6.6573426573426575,786.7768595041323,10.010515247108307,522.6446280991736,51.405405405405396,528.01,5.005263157894737,1428.556216216216,0.575,0.024185068349106203,0.4752066115702479,1.3285714285714285,1.6075714285714284,8.0
49.0,Female,62.1,1.66,173.0,152.0,73.0,1.37,937.0,HIIT,1.8,3.0,2.0,22.54,40-49,60-79,healthy,100.0,0.79,1.0823,3.2469,6.1644736842105265,683.941605839416,15.088566827697262,540.3138686131387,37.40963855421687,1104.46,1.2673469387755103,843.2132530120482,0.6,0.028985507246376812,0.437956204379562,1.58,2.1646,6.0
52.0,Male,105.2,1.62,189.0,141.0,61.0,1.36,949.0,HIIT,3.2,3.0,1.0,40.09,50-100,100-130,sever obesity,128.0,0.625,0.8500000000000001,2.5500000000000003,6.7304964539007095,697.7941176470588,9.020912547528518,436.1213235294117,64.93827160493827,2084.6800000000003,2.023076923076923,2603.3753086419756,1.0666666666666667,0.030418250950570342,0.784313725490196,0.625,0.8500000000000001,3.0
59.0,Male,86.9,1.76,194.0,123.0,60.0,1.13,688.0,Strength,3.1,3.0,2.0,28.05,50-100,80-99,overweight,134.0,0.4701492537313433,0.5312686567164179,1.5938059701492535,5.59349593495935,608.849557522124,7.917146144994246,286.25016510368516,49.375,1654.95,1.4728813559322036,1384.96875,1.0333333333333334,0.03567318757192175,0.9144542772861358,0.9402985074626866,1.0625373134328358,6.0
27.0,Male,71.2,1.97,181.0,151.0,73.0,0.74,615.0,HIIT,3.6,3.0,1.0,18.35,0-29,60-79,under weight,108.0,0.7222222222222222,0.5344444444444444,1.603333333333333,4.072847682119205,831.081081081081,8.637640449438202,600.2252252252251,36.142131979695435,495.45000000000005,2.6370370370370373,663.2081218274113,1.2,0.05056179775280899,1.6216216216216215,0.7222222222222222,0.5344444444444444,3.0
20.0,Male,82.7,1.99,179.0,146.0,59.0,1.69,1357.0,HIIT,3.5,5.0,3.0,20.88,0-29,80-99,healthy,120.0,0.725,1.22525,6.12625,9.294520547945206,802.9585798816569,16.408706166868196,582.1449704142012,41.55778894472362,417.59999999999997,4.135,867.7266331658292,0.7,0.04232164449818621,0.41420118343195267,2.175,3.67575,15.0
40.0,Male,81.7,1.74,166.0,133.0,58.0,0.91,666.0,Yoga,2.7,2.0,1.0,26.99,40-49,80-99,overweight,108.0,0.6944444444444444,0.6319444444444444,1.2638888888888888,5.007518796992481,731.8681318681319,8.151774785801713,508.2417582417582,46.95402298850575,1079.6,2.0425,1267.2890804597703,1.35,0.033047735618115054,1.4835164835164836,0.6944444444444444,0.6319444444444444,2.0
30.0,Female,59.2,1.63,174.0,141.0,74.0,1.85,1304.0,Strength,2.7,4.0,3.0,22.28,30-39,40-59,healthy,100.0,0.67,1.2395,4.958,9.24822695035461,704.8648648648648,22.027027027027025,472.25945945945944,36.31901840490798,668.4000000000001,1.9733333333333334,809.1877300613498,0.675,0.04560810810810811,0.36486486486486486,2.0100000000000002,3.7185,12.0
23.0,Female,67.8,1.61,186.0,160.0,66.0,1.34,1072.0,HIIT,1.8,2.0,1.0,26.16,0-29,60-79,overweight,120.0,0.7833333333333333,1.0496666666666667,2.0993333333333335,6.7,800.0,15.811209439528024,626.6666666666666,42.11180124223602,601.68,2.9478260869565216,1101.6447204968943,0.9,0.026548672566371685,0.6716417910447761,0.7833333333333333,1.0496666666666667,2.0
27.0,Female,53.0,1.58,166.0,142.0,62.0,1.26,895.0,Cardio,1.8,4.0,2.0,21.23,0-29,40-59,healthy,104.0,0.7692307692307693,0.9692307692307693,3.8769230769230774,6.302816901408451,710.3174603174604,16.88679245283019,546.3980463980464,33.54430379746835,573.21,1.962962962962963,712.1455696202531,0.45,0.033962264150943396,0.35714285714285715,1.5384615384615385,1.9384615384615387,8.0
32.0,Female,59.0,1.66,184.0,160.0,64.0,0.51,408.0,Cardio,1.8,2.0,1.0,21.41,30-39,40-59,healthy,120.0,0.8,0.40800000000000003,0.8160000000000001,2.55,800.0,6.915254237288136,640.0,35.5421686746988,685.12,1.84375,760.9578313253013,0.9,0.030508474576271188,1.7647058823529411,0.8,0.40800000000000003,2.0
31.0,Female,42.3,1.6,163.0,163.0,70.0,1.09,888.0,Cardio,1.9,3.0,2.0,16.52,30-39,40-59,under weight,93.0,1.0,1.09,3.2700000000000005,5.447852760736196,814.6788990825687,20.99290780141844,814.6788990825687,26.437499999999996,512.12,1.364516129032258,436.74749999999995,0.6333333333333333,0.04491725768321513,0.5810397553516818,2.0,2.18,6.0
46.0,Female,52.0,1.65,165.0,147.0,63.0,0.7,463.0,Cardio,1.9,2.0,1.0,19.1,40-49,40-59,healthy,102.0,0.8235294117647058,0.5764705882352941,1.1529411764705881,3.1496598639455784,661.4285714285714,8.903846153846153,544.7058823529412,31.515151515151516,878.6,1.1304347826086956,601.939393939394,0.95,0.036538461538461534,1.3571428571428572,0.8235294117647058,0.5764705882352941,2.0
23.0,Male,107.2,1.93,167.0,139.0,55.0,1.15,879.0,HIIT,3.1,4.0,2.0,28.78,0-29,100-130,overweight,112.0,0.75,0.8624999999999999,3.4499999999999997,6.323741007194244,764.3478260869566,8.199626865671641,573.2608695652175,55.54404145077721,661.94,4.660869565217391,1598.5575129533681,0.775,0.028917910447761194,0.673913043478261,1.5,1.7249999999999999,8.0
21.0,Female,50.3,1.52,171.0,154.0,67.0,1.08,832.0,Cardio,2.6,3.0,1.0,21.77,0-29,40-59,healthy,104.0,0.8365384615384616,0.9034615384615385,2.7103846153846156,5.402597402597403,770.3703703703703,16.54075546719682,644.4444444444445,33.09210526315789,457.17,2.395238095238095,720.4151315789474,0.8666666666666667,0.05168986083499007,0.8024691358024691,0.8365384615384616,0.9034615384615385,3.0
49.0,Female,78.9,1.73,182.0,151.0,64.0,1.38,938.0,Cardio,2.3,2.0,1.0,26.36,40-49,60-79,overweight,118.0,0.7372881355932204,1.017457627118644,2.034915254237288,6.211920529801325,679.7101449275362,11.888466413181241,501.14222549742084,45.60693641618497,1291.6399999999999,1.6102040816326533,1202.1988439306358,1.15,0.02915082382762991,0.8333333333333334,0.7372881355932204,1.017457627118644,2.0
31.0,Female,53.5,1.76,172.0,133.0,69.0,1.22,811.0,Strength,1.8,4.0,2.0,17.27,30-39,40-59,under weight,103.0,0.6213592233009708,0.7580582524271844,3.0322330097087375,6.097744360902255,664.7540983606558,15.158878504672897,413.05109024351424,30.397727272727273,535.37,1.7258064516129032,524.96875,0.45,0.03364485981308411,0.36885245901639346,1.2427184466019416,1.5161165048543688,8.0
59.0,Male,123.3,1.88,177.0,161.0,67.0,1.3,1036.0,HIIT,2.6,4.0,2.0,34.89,50-100,100-130,obesity,110.0,0.8545454545454545,1.1109090909090908,4.443636363636363,6.434782608695652,796.9230769230769,8.402270884022709,681.006993006993,65.58510638297872,2058.51,2.0898305084745763,2288.2643617021276,0.65,0.021086780210867802,0.5,1.709090909090909,2.2218181818181817,8.0
35.0,Female,50.4,1.6,195.0,156.0,59.0,1.03,803.0,Cardio,1.9,4.0,2.0,19.69,30-39,40-59,healthy,136.0,0.7132352941176471,0.7346323529411765,2.938529411764706,5.147435897435898,779.6116504854368,15.932539682539684,556.0465448315248,31.499999999999996,689.1500000000001,1.44,620.235,0.475,0.037698412698412696,0.4611650485436893,1.4264705882352942,1.469264705882353,8.0
24.0,Male,54.7,1.74,160.0,167.0,53.0,0.84,772.0,Yoga,3.6,3.0,1.0,18.07,0-29,40-59,under weight,107.0,1.0654205607476634,0.8949532710280372,2.6848598130841115,4.622754491017964,919.047619047619,14.113345521023765,979.1722296395193,31.436781609195403,433.68,2.279166666666667,568.062643678161,1.2,0.06581352833638025,1.4285714285714286,1.0654205607476634,0.8949532710280372,3.0
30.0,Male,64.1,1.87,182.0,142.0,67.0,0.64,500.0,Yoga,2.1,2.0,1.0,18.33,30-39,60-79,under weight,115.0,0.6521739130434783,0.4173913043478261,0.8347826086956522,3.5211267605633805,781.25,7.8003120124805,509.5108695652174,34.278074866310156,549.9,2.1366666666666663,628.3171122994651,1.05,0.0327613104524181,1.640625,0.6521739130434783,0.4173913043478261,2.0
23.0,Female,41.9,1.58,163.0,132.0,67.0,0.56,370.0,HIIT,1.8,3.0,1.0,16.78,0-29,40-59,under weight,96.0,0.6770833333333334,0.3791666666666667,1.1375000000000002,2.803030303030303,660.7142857142857,8.83054892601432,447.35863095238096,26.51898734177215,385.94000000000005,1.8217391304347825,444.9886075949367,0.6,0.042959427207637235,1.0714285714285714,0.6770833333333334,0.3791666666666667,3.0
46.0,Male,88.7,1.63,166.0,146.0,66.0,0.75,542.0,Strength,3.5,2.0,1.0,33.38,40-49,80-99,obesity,100.0,0.8,0.6000000000000001,1.2000000000000002,3.712328767123288,722.6666666666666,6.110484780157835,578.1333333333333,54.41717791411043,1535.48,1.9282608695652175,1816.4453987730064,1.75,0.03945885005636979,2.3333333333333335,0.8,0.6000000000000001,2.0
27.0,Male,89.3,1.87,169.0,153.0,62.0,1.62,1363.0,Strength,3.5,5.0,3.0,25.54,0-29,80-99,overweight,107.0,0.8504672897196262,1.3777570093457945,6.888785046728972,8.908496732026144,841.358024691358,15.263157894736842,715.5474789431175,47.75401069518716,689.5799999999999,3.3074074074074074,1219.63743315508,0.7,0.03919372900335946,0.4320987654320987,2.5514018691588785,4.133271028037384,15.0
51.0,Female,63.9,1.8,191.0,130.0,72.0,1.07,626.0,HIIT,2.7,4.0,2.0,19.72,50-100,60-79,healthy,119.0,0.48739495798319327,0.5215126050420168,2.086050420168067,4.815384615384615,585.0467289719626,9.796557120500783,285.1488258854944,35.5,1005.7199999999999,1.2529411764705882,700.06,0.675,0.04225352112676057,0.6308411214953271,0.9747899159663865,1.0430252100840336,8.0
52.0,Female,47.8,1.54,198.0,146.0,63.0,1.34,880.0,Cardio,1.9,3.0,2.0,20.16,50-100,40-59,healthy,135.0,0.6148148148148148,0.823851851851852,2.4715555555555557,6.027397260273973,656.7164179104477,18.410041841004187,403.75898286346046,31.038961038961038,1048.32,0.9192307692307692,625.7454545454544,0.6333333333333333,0.0397489539748954,0.47263681592039797,1.2296296296296296,1.647703703703704,6.0
33.0,Female,64.1,1.63,186.0,120.0,74.0,1.58,948.0,Strength,2.7,5.0,3.0,24.13,30-39,60-79,healthy,112.0,0.4107142857142857,0.6489285714285714,3.244642857142857,7.9,600.0,14.789391575663029,246.42857142857142,39.325153374233125,796.29,1.9424242424242422,948.9159509202453,0.54,0.042121684867394704,0.34177215189873417,1.2321428571428572,1.9467857142857143,15.0
28.0,Female,78.7,1.63,185.0,154.0,59.0,1.1,847.0,Strength,1.8,3.0,2.0,29.62,0-29,60-79,overweight,126.0,0.753968253968254,0.8293650793650794,2.488095238095238,5.5,769.9999999999999,10.762388818297332,580.5555555555554,48.28220858895706,829.36,2.810714285714286,1430.119018404908,0.6,0.022871664548919948,0.5454545454545454,1.507936507936508,1.6587301587301588,6.0
52.0,Male,72.3,1.94,171.0,121.0,56.0,1.46,874.0,Yoga,2.9,3.0,2.0,19.21,50-100,60-79,healthy,115.0,0.5652173913043478,0.8252173913043478,2.4756521739130433,7.223140495867769,598.6301369863014,12.088520055325034,338.35616438356163,37.2680412371134,998.9200000000001,1.3903846153846153,715.9190721649485,0.9666666666666667,0.040110650069156296,0.6621004566210046,1.1304347826086956,1.6504347826086956,6.0
26.0,Female,59.3,1.51,181.0,129.0,71.0,1.7,1096.0,Strength,2.7,5.0,3.0,26.01,0-29,40-59,overweight,110.0,0.5272727272727272,0.8963636363636363,4.4818181818181815,8.496124031007753,644.7058823529412,18.482293423271503,339.93582887700535,39.271523178807946,676.26,2.2807692307692307,1021.4523178807947,0.54,0.04553119730185498,0.31764705882352945,1.5818181818181816,2.6890909090909085,15.0
43.0,Male,46.2,1.63,176.0,139.0,65.0,1.18,812.0,Strength,2.1,2.0,1.0,17.39,40-49,40-59,under weight,111.0,0.6666666666666666,0.7866666666666666,1.5733333333333333,5.841726618705036,688.135593220339,17.575757575757574,458.7570621468927,28.343558282208594,747.77,1.0744186046511628,492.8944785276075,1.05,0.045454545454545456,0.8898305084745763,0.6666666666666666,0.7866666666666666,2.0
45.0,Female,65.1,1.78,180.0,158.0,66.0,1.46,1038.0,Cardio,2.3,3.0,1.0,20.55,40-49,60-79,healthy,114.0,0.8070175438596491,1.1782456140350877,3.534736842105263,6.569620253164557,710.9589041095891,15.944700460829495,573.7563085796684,36.573033707865164,924.75,1.4466666666666665,751.5758426966291,0.7666666666666666,0.03533026113671275,0.5251141552511416,0.8070175438596491,1.1782456140350877,3.0
26.0,Male,86.2,1.68,189.0,157.0,72.0,1.97,1701.0,Strength,3.5,5.0,3.0,30.54,0-29,80-99,obesity,117.0,0.7264957264957265,1.4311965811965812,7.155982905982906,10.834394904458598,863.4517766497462,19.73317865429234,627.2940257711831,51.30952380952381,794.04,3.3153846153846156,1566.9928571428572,0.7,0.04060324825986079,0.35532994923857864,2.1794871794871793,4.293589743589743,15.0
35.0,Male,101.4,1.76,193.0,121.0,64.0,0.84,559.0,HIIT,2.9,2.0,1.0,32.74,30-39,100-130,obesity,129.0,0.4418604651162791,0.37116279069767444,0.7423255813953489,4.619834710743802,665.4761904761905,5.512820512820513,294.04761904761904,57.61363636363637,1145.9,2.8971428571428572,1886.2704545454546,1.45,0.028599605522682443,1.7261904761904763,0.4418604651162791,0.37116279069767444,2.0
34.0,Female,51.0,1.62,162.0,158.0,53.0,1.42,1122.0,Yoga,2.4,3.0,2.0,19.43,30-39,40-59,healthy,109.0,0.963302752293578,1.3678899082568807,4.103669724770642,7.10126582278481,790.1408450704225,22.0,761.1448507559116,31.48148148148148,660.62,1.5,611.6851851851851,0.7999999999999999,0.047058823529411764,0.5633802816901409,1.926605504587156,2.7357798165137615,6.0
18.0,Female,72.7,1.55,172.0,125.0,56.0,0.84,525.0,Cardio,2.0,3.0,1.0,30.26,0-29,60-79,obesity,116.0,0.5948275862068966,0.4996551724137931,1.4989655172413792,4.2,625.0,7.2214580467675376,371.76724137931035,46.903225806451616,544.6800000000001,4.038888888888889,1419.2916129032258,0.6666666666666666,0.027510316368638238,0.7936507936507936,0.5948275862068966,0.4996551724137931,3.0
57.0,Female,51.9,1.57,169.0,151.0,67.0,1.05,713.0,HIIT,2.6,3.0,2.0,21.06,50-100,40-59,healthy,102.0,0.8235294117647058,0.8647058823529412,2.5941176470588236,4.7218543046357615,679.047619047619,13.737957610789982,559.2156862745097,33.05732484076433,1200.4199999999998,0.9105263157894736,696.1872611464967,0.8666666666666667,0.05009633911368016,0.8253968253968254,1.6470588235294117,1.7294117647058824,6.0
49.0,Male,115.3,1.91,161.0,125.0,61.0,1.38,854.0,HIIT,3.2,2.0,1.0,31.61,40-49,100-130,obesity,100.0,0.64,0.8832,1.7664,6.832,618.840579710145,7.406764960971379,396.0579710144928,60.36649214659686,1548.8899999999999,2.353061224489796,1908.1848167539267,1.6,0.027753686036426715,1.1594202898550727,0.64,0.8832,2.0
34.0,Male,124.6,1.63,161.0,136.0,66.0,1.41,1055.0,HIIT,2.8,3.0,2.0,46.9,30-39,100-130,sever obesity,95.0,0.7368421052631579,1.0389473684210526,3.116842105263158,7.757352941176471,748.2269503546099,8.46709470304976,551.3251213139231,76.44171779141105,1594.6,3.664705882352941,3585.116564417178,0.9333333333333332,0.02247191011235955,0.6619385342789598,1.4736842105263157,2.0778947368421052,6.0
51.0,Female,64.9,1.6,169.0,125.0,55.0,1.49,838.0,Yoga,2.5,4.0,2.0,25.35,50-100,60-79,overweight,114.0,0.6140350877192983,0.9149122807017545,3.659649122807018,6.704,562.4161073825503,12.91217257318952,345.34322383139056,40.5625,1292.8500000000001,1.2725490196078433,1028.259375,0.625,0.03852080123266564,0.41946308724832215,1.2280701754385965,1.829824561403509,8.0
27.0,Female,63.7,1.52,195.0,120.0,60.0,1.19,714.0,Strength,2.1,4.0,2.0,27.57,0-29,60-79,overweight,135.0,0.4444444444444444,0.5288888888888889,2.1155555555555554,5.95,600.0,11.208791208791208,266.66666666666663,41.90789473684211,744.39,2.359259259259259,1155.400657894737,0.525,0.03296703296703297,0.44117647058823534,0.8888888888888888,1.0577777777777777,8.0
40.0,Male,63.8,1.62,185.0,143.0,72.0,1.3,1022.0,HIIT,3.4,2.0,1.0,24.31,40-49,60-79,healthy,113.0,0.6283185840707964,0.8168141592920354,1.6336283185840708,7.146853146853147,786.1538461538461,16.018808777429467,493.9550714771953,39.382716049382715,972.4,1.595,957.3938271604936,1.7,0.05329153605015674,1.3076923076923077,0.6283185840707964,0.8168141592920354,2.0
55.0,Female,75.2,1.67,188.0,167.0,51.0,1.37,1030.0,HIIT,2.2,2.0,1.0,26.96,50-100,60-79,overweight,137.0,0.8467153284671532,1.1600000000000001,2.3200000000000003,6.167664670658683,751.8248175182481,13.696808510638297,636.581597314721,45.02994011976048,1482.8,1.3672727272727274,1214.0071856287425,1.1,0.02925531914893617,0.8029197080291971,0.8467153284671532,1.1600000000000001,2.0
53.0,Female,44.7,1.79,164.0,160.0,72.0,1.34,965.0,Yoga,2.1,3.0,2.0,13.95,50-100,40-59,under weight,92.0,0.9565217391304348,1.2817391304347827,3.845217391304348,6.03125,720.1492537313433,21.58836689038031,688.8384166125892,24.972067039106147,739.3499999999999,0.8433962264150944,348.36033519553075,0.7000000000000001,0.04697986577181208,0.5223880597014926,1.9130434782608696,2.5634782608695654,6.0
31.0,Female,76.7,1.62,174.0,127.0,74.0,1.39,883.0,Yoga,2.3,4.0,2.0,29.23,30-39,60-79,overweight,100.0,0.53,0.7367,2.9468,6.952755905511811,635.2517985611511,11.51238591916558,336.6834532374101,47.34567901234568,906.13,2.4741935483870967,1383.9141975308642,0.575,0.029986962190352018,0.4136690647482014,1.06,1.4734,8.0
43.0,Male,94.0,1.79,187.0,156.0,62.0,1.31,1012.0,HIIT,3.4,2.0,1.0,29.34,40-49,80-99,overweight,125.0,0.752,0.98512,1.97024,6.487179487179487,772.5190839694657,10.76595744680851,580.9343511450381,52.513966480446925,1261.62,2.186046511627907,1540.7597765363128,1.7,0.036170212765957444,1.297709923664122,0.752,0.98512,2.0
39.0,Male,61.9,1.77,199.0,166.0,69.0,1.32,1205.0,Strength,2.3,3.0,1.0,19.76,30-39,60-79,healthy,130.0,0.7461538461538462,0.984923076923077,2.954769230769231,7.259036144578313,912.8787878787879,19.466882067851373,681.1480186480187,34.97175141242938,770.6400000000001,1.587179487179487,691.0418079096045,0.7666666666666666,0.03715670436187399,0.5808080808080808,0.7461538461538462,0.984923076923077,3.0
31.0,Female,42.7,1.76,182.0,121.0,65.0,1.46,883.0,Strength,2.2,3.0,1.0,13.78,30-39,40-59,under weight,117.0,0.47863247863247865,0.6988034188034188,2.0964102564102562,7.297520661157025,604.7945205479452,20.679156908665103,289.4743004332046,24.261363636363637,427.18,1.3774193548387097,334.32159090909096,0.7333333333333334,0.05152224824355972,0.5022831050228311,0.47863247863247865,0.6988034188034188,3.0
36.0,Male,109.8,1.62,193.0,141.0,68.0,0.84,651.0,HIIT,3.5,3.0,1.0,41.84,30-39,100-130,sever obesity,125.0,0.584,0.49055999999999994,1.4716799999999999,4.617021276595745,775.0,5.92896174863388,452.59999999999997,67.77777777777777,1506.2400000000002,3.05,2835.822222222222,1.1666666666666667,0.031876138433515486,1.388888888888889,0.584,0.49055999999999994,3.0
21.0,Male,62.6,1.81,164.0,150.0,62.0,1.3,1072.0,Strength,3.5,4.0,2.0,19.11,0-29,60-79,healthy,102.0,0.8627450980392157,1.1215686274509804,4.486274509803922,7.1466666666666665,824.6153846153846,17.124600638977636,711.4328808446456,34.58563535911602,401.31,2.980952380952381,660.9314917127072,0.875,0.05591054313099041,0.673076923076923,1.7254901960784315,2.243137254901961,8.0
41.0,Male,64.8,1.71,164.0,131.0,54.0,1.2,778.0,Strength,2.8,3.0,2.0,22.16,40-49,60-79,healthy,110.0,0.7,0.84,2.52,5.938931297709924,648.3333333333334,12.006172839506174,453.8333333333333,37.89473684210526,908.5600000000001,1.5804878048780486,839.7473684210526,0.9333333333333332,0.043209876543209874,0.7777777777777777,1.4,1.68,6.0
54.0,Male,55.2,1.71,164.0,152.0,67.0,0.77,579.0,Cardio,2.8,2.0,1.0,18.88,50-100,40-59,healthy,97.0,0.8762886597938144,0.6747422680412372,1.3494845360824743,3.8092105263157894,751.9480519480519,10.489130434782608,658.923550676128,32.280701754385966,1019.52,1.0222222222222224,609.459649122807,1.4,0.05072463768115942,1.8181818181818181,0.8762886597938144,0.6747422680412372,2.0
57.0,Female,75.6,1.67,186.0,153.0,65.0,1.05,723.0,Cardio,1.8,3.0,2.0,27.11,50-100,60-79,overweight,121.0,0.7272727272727273,0.7636363636363637,2.290909090909091,4.7254901960784315,688.5714285714286,9.563492063492065,500.7792207792208,45.26946107784431,1545.27,1.3263157894736841,1227.2550898203592,0.6,0.02380952380952381,0.5714285714285714,1.4545454545454546,1.5272727272727273,6.0
27.0,Male,88.5,1.98,161.0,153.0,53.0,1.8,1515.0,Cardio,3.5,4.0,3.0,22.57,0-29,80-99,healthy,108.0,0.9259259259259259,1.6666666666666667,6.666666666666667,9.901960784313726,841.6666666666666,17.11864406779661,779.3209876543209,44.696969696969695,609.39,3.2777777777777777,1008.810606060606,0.875,0.03954802259887006,0.4861111111111111,2.7777777777777777,5.0,12.0
52.0,Male,116.5,1.69,198.0,148.0,51.0,0.53,388.0,Cardio,2.4,2.0,1.0,40.79,50-100,100-130,sever obesity,147.0,0.6598639455782312,0.3497278911564626,0.6994557823129252,2.6216216216216215,732.0754716981131,3.3304721030042916,483.0702092157617,68.93491124260355,2121.08,2.2403846153846154,2811.855029585799,1.2,0.020600858369098713,2.2641509433962264,0.6598639455782312,0.3497278911564626,2.0
58.0,Female,75.4,1.78,161.0,140.0,63.0,1.05,662.0,Cardio,2.5,4.0,2.0,23.8,50-100,60-79,healthy,98.0,0.7857142857142857,0.8250000000000001,3.3000000000000003,4.728571428571429,630.4761904761905,8.779840848806366,495.3741496598639,42.359550561797754,1380.4,1.3,1008.1573033707866,0.625,0.03315649867374005,0.5952380952380952,1.5714285714285714,1.6500000000000001,8.0
45.0,Male,113.4,1.71,190.0,129.0,63.0,0.83,530.0,Strength,2.3,2.0,1.0,38.78,40-49,100-130,obesity,127.0,0.5196850393700787,0.4313385826771653,0.8626771653543306,4.108527131782946,638.5542168674699,4.673721340388007,331.84707333270086,66.31578947368422,1745.1000000000001,2.52,2571.7263157894736,1.15,0.020282186948853614,1.3855421686746987,0.5196850393700787,0.4313385826771653,2.0
39.0,Male,105.5,1.99,199.0,133.0,71.0,0.81,593.0,HIIT,2.5,2.0,1.0,26.64,30-39,100-130,overweight,128.0,0.484375,0.39234375000000005,0.7846875000000001,4.458646616541353,732.0987654320987,5.62085308056872,354.6103395061728,53.015075376884425,1038.96,2.7051282051282053,1412.321608040201,1.25,0.023696682464454975,1.5432098765432098,0.484375,0.39234375000000005,2.0
18.0,Female,50.7,1.53,181.0,147.0,52.0,1.29,948.0,Yoga,2.1,3.0,2.0,21.66,0-29,40-59,healthy,129.0,0.7364341085271318,0.95,2.8499999999999996,6.448979591836735,734.8837209302326,18.698224852071004,541.1934378943573,33.13725490196079,389.88,2.816666666666667,717.7529411764706,0.7000000000000001,0.04142011834319526,0.5426356589147288,1.4728682170542635,1.9,6.0
53.0,Male,61.0,1.63,170.0,124.0,74.0,0.54,331.0,Cardio,3.4,3.0,1.0,22.96,50-100,60-79,healthy,96.0,0.5208333333333334,0.28125000000000006,0.8437500000000002,2.6693548387096775,612.9629629629629,5.426229508196721,319.25154320987656,37.423312883435585,1216.88,1.150943396226415,859.239263803681,1.1333333333333333,0.05573770491803279,2.0987654320987654,0.5208333333333334,0.28125000000000006,3.0
44.0,Female,60.4,1.65,176.0,169.0,54.0,1.27,966.0,HIIT,2.1,4.0,2.0,22.19,40-49,60-79,healthy,122.0,0.9426229508196722,1.1971311475409836,4.788524590163934,5.715976331360947,760.6299212598425,15.993377483443709,716.9872208596877,36.60606060606061,976.36,1.3727272727272728,812.2884848484849,0.525,0.034768211920529805,0.41338582677165353,1.8852459016393444,2.394262295081967,8.0
41.0,Female,43.8,1.77,182.0,165.0,58.0,1.19,884.0,Cardio,1.6,3.0,1.0,13.98,40-49,40-59,under weight,124.0,0.8629032258064516,1.0268548387096774,3.0805645161290323,5.357575757575757,742.8571428571429,20.182648401826484,641.0138248847927,24.745762711864405,573.1800000000001,1.068292682926829,345.9457627118644,0.5333333333333333,0.03652968036529681,0.4481792717086835,0.8629032258064516,1.0268548387096774,3.0
43.0,Female,57.3,1.79,175.0,166.0,62.0,1.98,1479.0,Yoga,2.7,4.0,3.0,17.88,40-49,40-59,under weight,113.0,0.9203539823008849,1.8223008849557523,7.289203539823009,8.909638554216867,746.969696969697,25.81151832460733,687.4765352641459,32.01117318435754,768.8399999999999,1.3325581395348836,572.3597765363128,0.675,0.04712041884816755,0.34090909090909094,2.7610619469026547,5.466902654867257,12.0
20.0,Female,74.7,1.58,172.0,166.0,62.0,1.04,863.0,Strength,2.4,3.0,2.0,29.92,0-29,60-79,obesity,110.0,0.9454545454545454,0.9832727272727273,2.949818181818182,5.198795180722891,829.8076923076923,11.552878179384203,784.5454545454545,47.278481012658226,598.4000000000001,3.7350000000000003,1414.5721518987343,0.7999999999999999,0.0321285140562249,0.7692307692307692,1.8909090909090909,1.9665454545454546,6.0
50.0,Male,50.6,1.69,162.0,156.0,60.0,1.31,1012.0,Cardio,3.0,2.0,1.0,17.72,50-100,40-59,under weight,102.0,0.9411764705882353,1.2329411764705882,2.4658823529411764,6.487179487179487,772.5190839694657,20.0,727.0767849124383,29.940828402366865,886.0,1.012,530.5514792899409,1.5,0.05928853754940711,1.1450381679389312,0.9411764705882353,1.2329411764705882,2.0
31.0,Female,58.2,1.73,191.0,131.0,70.0,1.17,766.0,Yoga,1.8,3.0,2.0,19.45,30-39,40-59,healthy,121.0,0.5041322314049587,0.5898347107438016,1.7695041322314047,5.847328244274809,654.7008547008547,13.161512027491408,330.05580278307553,33.64161849710983,602.9499999999999,1.8774193548387097,654.3294797687861,0.6,0.03092783505154639,0.5128205128205129,1.0082644628099173,1.1796694214876031,6.0
36.0,Female,59.1,1.78,184.0,121.0,60.0,0.85,514.0,Cardio,2.2,2.0,1.0,18.65,30-39,40-59,healthy,124.0,0.49193548387096775,0.4181451612903226,0.8362903225806452,4.24793388429752,604.7058823529412,8.697123519458545,297.47628083491463,33.20224719101124,671.4,1.6416666666666666,619.2219101123595,1.1,0.03722504230118444,1.2941176470588236,0.49193548387096775,0.4181451612903226,2.0
18.0,Male,68.1,1.8,174.0,153.0,50.0,1.1,926.0,Yoga,3.3,4.0,2.0,21.02,0-29,60-79,healthy,124.0,0.8306451612903226,0.9137096774193549,3.6548387096774198,6.052287581699346,841.8181818181818,13.597650513950075,699.2521994134897,37.83333333333333,378.36,3.783333333333333,795.2566666666665,0.825,0.048458149779735685,0.7499999999999999,1.6612903225806452,1.8274193548387099,8.0
54.0,Male,67.0,1.68,191.0,164.0,63.0,0.55,446.0,Yoga,2.8,3.0,1.0,23.74,50-100,60-79,healthy,128.0,0.7890625,0.43398437500000003,1.301953125,2.7195121951219514,810.9090909090909,6.656716417910448,639.8579545454545,39.88095238095238,1281.9599999999998,1.2407407407407407,946.7738095238095,0.9333333333333332,0.0417910447761194,1.6969696969696966,0.7890625,0.43398437500000003,3.0
28.0,Female,71.3,1.67,192.0,140.0,63.0,1.46,1022.0,Strength,1.5,4.0,2.0,25.57,0-29,60-79,overweight,129.0,0.5968992248062015,0.8714728682170542,3.4858914728682167,7.3,700.0,14.333800841514726,417.82945736434107,42.69461077844311,715.96,2.5464285714285713,1091.7011976047904,0.375,0.021037868162692847,0.2568493150684932,1.193798449612403,1.7429457364341083,8.0
20.0,Male,128.2,1.84,164.0,132.0,58.0,0.83,603.0,HIIT,2.3,3.0,1.0,37.87,0-29,100-130,obesity,106.0,0.6981132075471698,0.5794339622641509,1.7383018867924527,4.568181818181818,726.5060240963855,4.703588143525741,507.1834507842691,69.67391304347825,757.4,6.409999999999999,2638.5510869565214,0.7666666666666666,0.01794071762870515,0.9236947791164658,0.6981132075471698,0.5794339622641509,3.0
22.0,Female,55.1,1.61,166.0,144.0,68.0,1.62,1166.0,HIIT,2.7,4.0,3.0,21.26,0-29,40-59,healthy,98.0,0.7755102040816326,1.2563265306122449,5.0253061224489795,8.097222222222221,719.753086419753,21.16152450090744,558.1758629377676,34.223602484472046,467.72,2.5045454545454544,727.5937888198758,0.675,0.04900181488203267,0.4166666666666667,2.326530612244898,3.7689795918367346,12.0
43.0,Female,68.6,1.52,173.0,137.0,68.0,1.42,875.0,Yoga,2.6,4.0,2.0,29.69,40-49,60-79,overweight,105.0,0.6571428571428571,0.933142857142857,3.732571428571428,6.386861313868613,616.1971830985916,12.755102040816327,404.9295774647888,45.13157894736842,1276.67,1.595348837209302,1339.9565789473684,0.65,0.037900874635568516,0.4577464788732395,1.3142857142857143,1.866285714285714,8.0
51.0,Male,60.7,1.71,168.0,169.0,60.0,1.14,954.0,Strength,2.5,2.0,1.0,20.76,50-100,60-79,healthy,108.0,1.0092592592592593,1.1505555555555556,2.301111111111111,5.644970414201183,836.8421052631579,15.716639209225699,844.5906432748538,35.49707602339181,1058.76,1.1901960784313725,736.9192982456141,1.25,0.04118616144975288,1.0964912280701755,1.0092592592592593,1.1505555555555556,2.0
47.0,Male,66.2,1.71,181.0,169.0,71.0,1.42,1188.0,HIIT,2.9,3.0,1.0,22.64,40-49,60-79,healthy,110.0,0.8909090909090909,1.265090909090909,3.795272727272727,7.029585798816568,836.6197183098592,17.94561933534743,745.3521126760563,38.71345029239766,1064.08,1.4085106382978725,876.4725146198831,0.9666666666666667,0.043806646525679754,0.6807511737089202,0.8909090909090909,1.265090909090909,3.0
52.0,Female,52.1,1.67,169.0,124.0,52.0,1.5,837.0,Yoga,1.5,2.0,1.0,18.68,50-100,40-59,healthy,117.0,0.6153846153846154,0.9230769230769231,1.8461538461538463,6.75,558.0,16.065259117082533,343.3846153846154,31.197604790419163,971.36,1.001923076923077,582.77125748503,0.75,0.02879078694817658,0.5,0.6153846153846154,0.9230769230769231,2.0
52.0,Female,79.9,1.51,190.0,142.0,54.0,0.75,479.0,Strength,2.6,3.0,1.0,35.04,50-100,60-79,obesity,136.0,0.6470588235294118,0.4852941176470589,1.4558823529411766,3.3732394366197185,638.6666666666666,5.994993742177722,413.2549019607843,52.913907284768214,1822.08,1.5365384615384616,1854.1033112582782,0.8666666666666667,0.03254067584480601,1.1555555555555557,0.6470588235294118,0.4852941176470589,3.0
36.0,Male,90.3,1.65,169.0,158.0,71.0,1.38,1199.0,Cardio,3.4,4.0,2.0,33.17,30-39,80-99,obesity,98.0,0.8877551020408163,1.2251020408163265,4.900408163265306,7.5886075949367084,868.840579710145,13.27796234772979,771.3176574977817,54.72727272727273,1194.1200000000001,2.5083333333333333,1815.3036363636365,0.85,0.03765227021040975,0.6159420289855073,1.7755102040816326,2.450204081632653,8.0
42.0,Female,57.7,1.57,167.0,122.0,52.0,1.83,1005.0,Cardio,2.7,4.0,3.0,23.41,40-49,40-59,healthy,115.0,0.6086956521739131,1.113913043478261,4.455652173913044,8.237704918032787,549.1803278688525,17.417677642980934,334.2836778332146,36.7515923566879,983.22,1.3738095238095238,860.3547770700637,0.675,0.04679376083188908,0.36885245901639346,1.8260869565217392,3.3417391304347825,12.0
45.0,Male,52.4,1.85,186.0,161.0,73.0,1.2,956.0,Strength,2.5,3.0,1.0,15.31,40-49,40-59,under weight,113.0,0.7787610619469026,0.9345132743362832,2.8035398230088493,5.937888198757764,796.6666666666667,18.244274809160306,620.4129793510325,28.324324324324323,688.95,1.1644444444444444,433.6454054054054,0.8333333333333334,0.04770992366412214,0.6944444444444445,0.7787610619469026,0.9345132743362832,3.0
29.0,Female,49.0,1.57,168.0,132.0,53.0,1.33,878.0,Yoga,2.6,3.0,2.0,19.88,0-29,40-59,healthy,115.0,0.6869565217391305,0.9136521739130435,2.7409565217391307,6.651515151515151,660.1503759398496,17.918367346938776,453.49460608041846,31.210191082802545,576.52,1.6896551724137931,620.4585987261146,0.8666666666666667,0.05306122448979592,0.6516290726817042,1.373913043478261,1.827304347826087,6.0
50.0,Female,67.1,1.75,161.0,120.0,59.0,0.67,362.0,Cardio,2.7,3.0,1.0,21.91,50-100,60-79,healthy,102.0,0.5980392156862745,0.40068627450980393,1.2020588235294118,3.0166666666666666,540.2985074626865,5.394932935916543,323.1196956394498,38.34285714285714,1095.5,1.3419999999999999,840.0919999999999,0.9,0.04023845007451565,1.3432835820895521,0.5980392156862745,0.40068627450980393,3.0
51.0,Male,49.3,1.61,191.0,129.0,55.0,1.36,868.0,Cardio,2.9,2.0,1.0,19.02,50-100,40-59,healthy,136.0,0.5441176470588235,0.74,1.48,6.728682170542636,638.235294117647,17.606490872210955,347.27508650519025,30.621118012422357,970.02,0.9666666666666666,582.4136645962732,1.45,0.058823529411764705,1.0661764705882353,0.5441176470588235,0.74,2.0
41.0,Male,51.5,1.8,166.0,126.0,60.0,1.09,680.0,Strength,2.1,4.0,2.0,15.9,40-49,40-59,under weight,106.0,0.6226415094339622,0.6786792452830189,2.7147169811320757,5.396825396825397,623.8532110091743,13.20388349514563,388.43690496797643,28.61111111111111,651.9,1.2560975609756098,454.9166666666667,0.525,0.040776699029126215,0.481651376146789,1.2452830188679245,1.3573584905660379,8.0
19.0,Female,64.0,1.53,166.0,167.0,58.0,1.33,1111.0,HIIT,2.3,3.0,2.0,27.34,0-29,60-79,overweight,108.0,1.0092592592592593,1.342314814814815,4.026944444444445,6.652694610778443,835.3383458646616,17.359375,843.0729601782233,41.830065359477125,519.46,3.3684210526315788,1143.6339869281046,0.7666666666666666,0.0359375,0.5764411027568922,2.0185185185185186,2.68462962962963,6.0
39.0,Male,86.2,1.82,191.0,160.0,72.0,1.96,1725.0,Strength,3.5,5.0,3.0,26.02,30-39,80-99,overweight,119.0,0.7394957983193278,1.4494117647058824,7.247058823529412,10.78125,880.1020408163265,20.011600928074245,650.831761275939,47.362637362637365,1014.78,2.2102564102564104,1232.3758241758242,0.7,0.04060324825986079,0.35714285714285715,2.2184873949579833,4.348235294117647,15.0
52.0,Female,59.7,1.71,169.0,151.0,58.0,1.23,836.0,Strength,2.0,3.0,1.0,20.42,50-100,40-59,healthy,111.0,0.8378378378378378,1.0305405405405406,3.0916216216216217,5.5364238410596025,679.6747967479674,14.003350083752093,569.457262140189,34.91228070175439,1061.8400000000001,1.1480769230769232,712.9087719298246,0.6666666666666666,0.03350083752093802,0.5420054200542005,0.8378378378378378,1.0305405405405406,3.0
42.0,Male,70.2,1.87,188.0,165.0,65.0,1.38,1127.0,HIIT,3.4,3.0,2.0,20.07,40-49,60-79,healthy,123.0,0.8130081300813008,1.121951219512195,3.365853658536585,6.83030303030303,816.6666666666667,16.054131054131055,663.9566395663957,37.54010695187166,842.94,1.6714285714285715,753.4299465240641,1.1333333333333333,0.04843304843304843,0.8212560386473431,1.6260162601626016,2.24390243902439,6.0
42.0,Female,56.7,1.53,192.0,149.0,74.0,1.07,717.0,Strength,1.9,3.0,1.0,24.22,40-49,40-59,healthy,118.0,0.635593220338983,0.6800847457627118,2.0402542372881354,4.8120805369127515,670.0934579439252,12.645502645502646,425.90685886266425,37.05882352941177,1017.24,1.35,897.564705882353,0.6333333333333333,0.03350970017636684,0.5919003115264797,0.635593220338983,0.6800847457627118,3.0
29.0,Female,60.0,1.62,181.0,161.0,69.0,0.85,684.0,Strength,1.9,2.0,1.0,22.86,0-29,60-79,healthy,112.0,0.8214285714285714,0.6982142857142857,1.3964285714285714,4.248447204968944,804.7058823529412,11.4,661.0084033613446,37.03703703703704,662.9399999999999,2.0689655172413794,846.6666666666665,0.95,0.03166666666666666,1.1176470588235294,0.8214285714285714,0.6982142857142857,2.0
18.0,Female,72.2,1.54,194.0,125.0,54.0,0.97,606.0,Strength,1.7,2.0,1.0,30.44,0-29,60-79,obesity,140.0,0.5071428571428571,0.4919285714285714,0.9838571428571428,4.848,624.7422680412371,8.393351800554017,316.83357879234165,46.883116883116884,547.9200000000001,4.011111111111111,1427.122077922078,0.85,0.023545706371191133,0.8762886597938144,0.5071428571428571,0.4919285714285714,2.0
21.0,Male,101.5,1.95,171.0,131.0,69.0,0.97,699.0,Yoga,3.1,3.0,1.0,26.69,0-29,100-130,overweight,102.0,0.6078431372549019,0.5896078431372548,1.7688235294117645,5.33587786259542,720.6185567010309,6.886699507389163,438.02304426925406,52.05128205128205,560.49,4.833333333333333,1389.2487179487182,1.0333333333333334,0.030541871921182268,1.0652920962199315,0.6078431372549019,0.5896078431372548,3.0
20.0,Male,128.4,1.92,167.0,145.0,57.0,0.63,502.0,Cardio,2.0,2.0,1.0,34.83,0-29,100-130,obesity,110.0,0.8,0.504,1.008,3.462068965517241,796.8253968253969,3.909657320872274,637.4603174603176,66.875,696.5999999999999,6.42,2329.25625,1.0,0.01557632398753894,1.5873015873015872,0.8,0.504,2.0
28.0,Female,67.3,1.67,171.0,157.0,74.0,0.61,479.0,Strength,2.3,3.0,1.0,24.13,0-29,60-79,healthy,97.0,0.8556701030927835,0.5219587628865979,1.5658762886597937,3.050955414012739,785.2459016393443,7.11738484398217,671.9114416089235,40.29940119760479,675.64,2.4035714285714285,972.4245508982035,0.7666666666666666,0.03417533432392273,1.256830601092896,0.8556701030927835,0.5219587628865979,3.0
26.0,Male,47.7,1.77,198.0,120.0,69.0,1.15,759.0,Strength,2.7,3.0,2.0,15.23,0-29,40-59,under weight,129.0,0.3953488372093023,0.4546511627906976,1.363953488372093,6.325,660.0,15.91194968553459,260.9302325581395,26.949152542372882,395.98,1.8346153846153848,410.43559322033906,0.9,0.05660377358490566,0.782608695652174,0.7906976744186046,0.9093023255813952,6.0
57.0,Male,81.4,1.86,162.0,145.0,70.0,1.8,1292.0,Cardio,3.5,5.0,3.0,23.53,50-100,80-99,healthy,92.0,0.8152173913043478,1.467391304347826,7.33695652173913,8.910344827586206,717.7777777777777,15.872235872235871,585.1449275362318,43.763440860215056,1341.21,1.4280701754385965,1029.7537634408604,0.7,0.04299754299754299,0.38888888888888884,2.4456521739130435,4.402173913043478,15.0
44.0,Male,65.2,1.8,192.0,139.0,68.0,0.73,502.0,HIIT,2.7,2.0,1.0,20.12,40-49,60-79,healthy,124.0,0.5725806451612904,0.417983870967742,0.835967741935484,3.6115107913669067,687.6712328767123,7.699386503067484,393.74723817940793,36.22222222222222,885.2800000000001,1.481818181818182,728.7911111111111,1.35,0.04141104294478528,1.8493150684931507,0.5725806451612904,0.417983870967742,2.0
49.0,Female,70.2,1.67,186.0,166.0,50.0,0.93,695.0,Strength,1.8,3.0,1.0,25.17,40-49,60-79,overweight,136.0,0.8529411764705882,0.793235294117647,2.3797058823529413,4.186746987951807,747.3118279569892,9.9002849002849,637.4130297280202,42.03592814371258,1233.3300000000002,1.4326530612244899,1058.0443113772458,0.6,0.02564102564102564,0.6451612903225806,0.8529411764705882,0.793235294117647,3.0
27.0,Female,58.0,1.79,164.0,143.0,73.0,1.39,994.0,Cardio,1.5,2.0,1.0,18.1,0-29,40-59,under weight,91.0,0.7692307692307693,1.0692307692307692,2.1384615384615384,6.951048951048951,715.1079136690648,17.137931034482758,550.0830105146653,32.402234636871505,488.70000000000005,2.1481481481481484,586.4804469273744,0.75,0.02586206896551724,0.5395683453237411,0.7692307692307693,1.0692307692307692,2.0
57.0,Male,55.7,1.99,170.0,126.0,70.0,1.13,705.0,Strength,3.0,3.0,2.0,14.07,50-100,40-59,under weight,100.0,0.56,0.6328,1.8984,5.595238095238095,623.8938053097346,12.657091561938959,349.3805309734514,27.98994974874372,801.99,0.9771929824561404,393.8185929648242,1.0,0.05385996409335727,0.8849557522123894,1.12,1.2656,6.0
40.0,Female,62.6,1.53,197.0,143.0,73.0,1.93,1380.0,Cardio,2.7,5.0,3.0,26.74,40-49,60-79,overweight,124.0,0.5645161290322581,1.0895161290322581,5.447580645161291,9.65034965034965,715.0259067357513,22.04472843450479,403.6436570282467,40.91503267973856,1069.6,1.565,1094.0679738562092,0.54,0.04313099041533547,0.2797927461139897,1.6935483870967745,3.268548387096774,15.0
18.0,Female,63.9,1.59,185.0,125.0,50.0,1.87,1169.0,Strength,2.7,4.0,3.0,25.28,0-29,60-79,overweight,135.0,0.5555555555555556,1.038888888888889,4.155555555555556,9.352,625.1336898395722,18.294209702660407,347.2964943553179,40.18867924528302,455.04,3.55,1015.9698113207547,0.675,0.04225352112676057,0.3609625668449198,1.6666666666666667,3.116666666666667,12.0
35.0,Male,96.9,1.71,188.0,145.0,72.0,1.34,1069.0,Strength,2.9,3.0,2.0,33.14,30-39,80-99,obesity,116.0,0.6293103448275862,0.8432758620689655,2.5298275862068964,7.372413793103449,797.7611940298507,11.031991744066048,502.03937210499225,56.66666666666667,1159.9,2.7685714285714287,1877.9333333333334,0.9666666666666667,0.029927760577915373,0.7213930348258706,1.2586206896551724,1.686551724137931,6.0
31.0,Female,53.3,1.64,183.0,141.0,70.0,0.57,402.0,Strength,2.4,3.0,1.0,19.82,30-39,40-59,healthy,113.0,0.6283185840707964,0.3581415929203539,1.0744247787610617,2.851063829787234,705.2631578947369,7.542213883677299,443.12994876571963,32.5,614.42,1.7193548387096773,644.15,0.7999999999999999,0.0450281425891182,1.4035087719298245,0.6283185840707964,0.3581415929203539,3.0
25.0,Female,74.3,1.71,162.0,157.0,64.0,1.43,1123.0,Yoga,1.6,3.0,2.0,25.41,0-29,60-79,overweight,98.0,0.9489795918367347,1.3570408163265306,4.071122448979592,7.1528662420382165,785.3146853146853,15.114401076716018,745.2476095333238,43.45029239766082,635.25,2.972,1104.0719298245615,0.5333333333333333,0.02153432032301481,0.372960372960373,1.8979591836734695,2.7140816326530612,6.0
40.0,Female,57.7,1.69,184.0,156.0,53.0,1.18,920.0,HIIT,2.4,4.0,2.0,20.2,40-49,40-59,healthy,131.0,0.7862595419847328,0.9277862595419847,3.7111450381679387,5.897435897435898,779.6610169491526,15.944540727902945,613.0159140897916,34.14201183431953,808.0,1.4425000000000001,689.6686390532544,0.6,0.04159445407279029,0.5084745762711864,1.5725190839694656,1.8555725190839694,8.0
21.0,Male,67.0,1.61,161.0,152.0,74.0,1.32,1104.0,Yoga,2.1,3.0,2.0,25.85,0-29,60-79,overweight,87.0,0.896551724137931,1.183448275862069,3.550344827586207,7.2631578947368425,836.3636363636364,16.47761194029851,749.8432601880878,41.61490683229813,542.85,3.1904761904761907,1075.7453416149067,0.7000000000000001,0.03134328358208956,0.5303030303030303,1.793103448275862,2.366896551724138,6.0
53.0,Female,55.8,1.55,171.0,141.0,54.0,1.12,711.0,Strength,1.8,4.0,2.0,23.23,50-100,40-59,healthy,117.0,0.7435897435897436,0.832820512820513,3.331282051282052,5.042553191489362,634.8214285714286,12.741935483870968,472.0467032967033,36.0,1231.19,1.0528301886792453,836.28,0.45,0.03225806451612903,0.40178571428571425,1.4871794871794872,1.665641025641026,8.0
34.0,Male,112.4,1.85,162.0,134.0,66.0,1.18,870.0,HIIT,3.6,4.0,2.0,32.84,30-39,100-130,obesity,96.0,0.7083333333333334,0.8358333333333333,3.3433333333333333,6.492537313432836,737.2881355932204,7.740213523131672,522.2457627118645,60.75675675675676,1116.5600000000002,3.3058823529411767,1995.251891891892,0.9,0.03202846975088968,0.7627118644067797,1.4166666666666667,1.6716666666666666,8.0
49.0,Female,40.0,1.65,188.0,148.0,74.0,1.03,686.0,Yoga,2.5,3.0,2.0,14.69,40-49,40-59,under weight,114.0,0.6491228070175439,0.6685964912280702,2.0057894736842106,4.635135135135135,666.0194174757281,17.15,432.32839380003406,24.242424242424242,719.81,0.8163265306122449,356.1212121212122,0.8333333333333334,0.0625,0.8090614886731392,1.2982456140350878,1.3371929824561404,6.0
25.0,Male,81.7,1.95,188.0,136.0,74.0,1.94,1451.0,Yoga,3.5,4.0,3.0,21.49,0-29,80-99,healthy,114.0,0.543859649122807,1.0550877192982457,4.220350877192983,10.669117647058824,747.9381443298969,17.760097919216644,406.7733767408211,41.8974358974359,537.25,3.2680000000000002,900.3758974358974,0.875,0.042839657282741736,0.45103092783505155,1.6315789473684212,3.1652631578947372,12.0
47.0,Male,80.0,1.77,171.0,149.0,68.0,0.72,531.0,HIIT,3.5,3.0,1.0,25.54,40-49,80-99,overweight,103.0,0.7864077669902912,0.5662135922330097,1.6986407766990292,3.563758389261745,737.5,6.6375,579.9757281553398,45.19774011299435,1200.3799999999999,1.702127659574468,1154.3502824858756,1.1666666666666667,0.04375,1.6203703703703705,0.7864077669902912,0.5662135922330097,3.0
40.0,Male,52.1,1.61,198.0,128.0,70.0,0.87,612.0,HIIT,3.3,2.0,1.0,20.1,40-49,40-59,healthy,128.0,0.453125,0.39421875,0.7884375,4.78125,703.448275862069,11.746641074856045,318.75,32.36024844720497,804.0,1.3025,650.4409937888198,1.65,0.06333973128598848,1.896551724137931,0.453125,0.39421875,2.0
59.0,Male,85.5,1.67,190.0,144.0,71.0,1.99,1418.0,Cardio,3.5,5.0,3.0,30.66,50-100,80-99,obesity,119.0,0.6134453781512605,1.2207563025210084,6.1037815126050425,9.847222222222221,712.5628140703518,16.584795321637426,437.1183649339133,51.19760479041916,1808.94,1.4491525423728813,1569.7185628742516,0.7,0.04093567251461988,0.3517587939698492,1.8403361344537816,3.6622689075630253,15.0
32.0,Male,77.4,1.92,174.0,137.0,50.0,1.39,1047.0,Cardio,3.3,3.0,2.0,21.0,30-39,60-79,healthy,124.0,0.7016129032258065,0.975241935483871,2.925725806451613,7.642335766423358,753.2374100719425,13.527131782945736,528.4810860988629,40.31250000000001,672.0,2.41875,846.5625000000001,1.0999999999999999,0.042635658914728675,0.7913669064748201,1.403225806451613,1.950483870967742,6.0
20.0,Female,72.6,1.73,199.0,160.0,68.0,1.27,1016.0,HIIT,2.5,3.0,2.0,24.26,0-29,60-79,healthy,131.0,0.7022900763358778,0.8919083969465649,2.6757251908396946,6.35,800.0,13.994490358126724,561.8320610687023,41.96531791907514,485.20000000000005,3.63,1018.078612716763,0.8333333333333334,0.03443526170798898,0.6561679790026247,1.4045801526717556,1.7838167938931297,6.0
42.0,Male,86.3,1.77,172.0,127.0,55.0,1.77,1113.0,HIIT,3.5,4.0,3.0,27.55,40-49,80-99,overweight,117.0,0.6153846153846154,1.0892307692307692,4.356923076923077,8.763779527559056,628.8135593220339,12.896871378910777,386.9621903520209,48.75706214689265,1157.1000000000001,2.0547619047619046,1343.2570621468926,0.875,0.04055619930475087,0.4943502824858757,1.8461538461538463,3.2676923076923075,12.0
20.0,Male,101.0,1.91,179.0,143.0,58.0,1.36,1070.0,Cardio,2.7,3.0,2.0,27.69,0-29,100-130,overweight,121.0,0.7024793388429752,0.9553719008264463,2.866115702479339,7.4825174825174825,786.7647058823529,10.594059405940595,552.6859504132232,52.87958115183246,553.8000000000001,5.05,1464.235602094241,0.9,0.026732673267326736,0.6617647058823529,1.4049586776859504,1.9107438016528926,6.0
55.0,Male,86.4,1.77,176.0,157.0,61.0,1.0,777.0,Yoga,2.8,3.0,2.0,27.58,50-100,80-99,overweight,115.0,0.8347826086956521,0.8347826086956521,2.5043478260869563,4.949044585987261,777.0,8.993055555555555,648.6260869565217,48.8135593220339,1516.8999999999999,1.570909090909091,1346.2779661016948,0.9333333333333332,0.032407407407407406,0.9333333333333332,1.6695652173913043,1.6695652173913043,6.0
47.0,Female,61.9,1.54,190.0,131.0,61.0,1.95,1150.0,Yoga,2.7,4.0,3.0,26.1,40-49,60-79,overweight,129.0,0.5426356589147286,1.0581395348837208,4.232558139534883,8.778625954198473,589.7435897435897,18.578352180936996,320.01590141125024,40.19480519480519,1226.7,1.3170212765957447,1049.0844155844156,0.675,0.04361873990306947,0.3461538461538462,1.6279069767441858,3.174418604651162,12.0
30.0,Male,62.9,1.92,170.0,127.0,70.0,1.13,789.0,HIIT,3.6,2.0,1.0,17.06,30-39,60-79,under weight,100.0,0.57,0.6440999999999999,1.2881999999999998,6.21259842519685,698.2300884955753,12.543720190779014,397.9911504424779,32.760416666666664,511.79999999999995,2.0966666666666667,558.8927083333333,1.8,0.057233704292527825,1.5929203539823011,0.57,0.6440999999999999,2.0
39.0,Male,58.3,1.93,165.0,136.0,58.0,1.35,1010.0,Cardio,3.7,4.0,2.0,15.65,30-39,40-59,under weight,107.0,0.7289719626168224,0.9841121495327103,3.9364485981308412,7.426470588235294,748.1481481481482,17.32418524871355,545.3790238836967,30.207253886010363,610.35,1.494871794871795,472.7435233160622,0.925,0.06346483704974272,0.6851851851851851,1.4579439252336448,1.9682242990654206,8.0
27.0,Male,102.6,1.83,199.0,123.0,58.0,1.41,954.0,HIIT,3.5,3.0,2.0,30.64,0-29,100-130,obesity,141.0,0.46099290780141844,0.6499999999999999,1.9499999999999997,7.7560975609756095,676.5957446808511,9.298245614035089,311.90583974649167,56.065573770491795,827.28,3.8,1717.8491803278687,1.1666666666666667,0.03411306042884991,0.8274231678486998,0.9219858156028369,1.2999999999999998,6.0
44.0,Female,61.7,1.55,196.0,129.0,66.0,1.41,819.0,Strength,2.6,4.0,2.0,25.68,40-49,60-79,overweight,130.0,0.4846153846153846,0.6833076923076923,2.733230769230769,6.348837209302325,580.8510638297872,13.273905996758508,281.48936170212767,39.806451612903224,1129.92,1.4022727272727273,1022.2296774193549,0.65,0.04213938411669368,0.4609929078014185,0.9692307692307692,1.3666153846153846,8.0
56.0,Male,107.8,1.73,185.0,126.0,50.0,1.09,680.0,Yoga,2.8,3.0,2.0,36.02,50-100,100-130,obesity,135.0,0.562962962962963,0.6136296296296297,1.8408888888888892,5.396825396825397,623.8532110091743,6.307977736549165,351.2062521236833,62.312138728323696,2017.1200000000001,1.925,2244.4832369942196,0.9333333333333332,0.025974025974025972,0.856269113149847,1.125925925925926,1.2272592592592595,6.0
23.0,Male,81.4,1.85,194.0,150.0,74.0,1.6,1320.0,Cardio,3.5,4.0,3.0,23.78,0-29,80-99,healthy,120.0,0.6333333333333333,1.0133333333333334,4.053333333333334,8.8,825.0,16.216216216216214,522.5,44.0,546.94,3.539130434782609,1046.3200000000002,0.875,0.04299754299754299,0.546875,1.9,3.04,12.0
51.0,Male,109.3,1.78,182.0,157.0,64.0,0.54,420.0,Strength,3.3,3.0,1.0,34.5,50-100,100-130,obesity,118.0,0.788135593220339,0.42559322033898306,1.276779661016949,2.6751592356687897,777.7777777777777,3.8426349496797805,612.9943502824858,61.40449438202247,1759.5,2.1431372549019607,2118.455056179775,1.0999999999999999,0.03019213174748399,2.0370370370370368,0.788135593220339,0.42559322033898306,3.0
29.0,Male,80.8,1.98,160.0,145.0,50.0,1.65,1316.0,Strength,3.5,5.0,3.0,20.61,0-29,80-99,healthy,110.0,0.8636363636363636,1.425,7.125,9.075862068965517,797.5757575757576,16.287128712871286,688.8154269972453,40.80808080808081,597.6899999999999,2.786206896551724,841.0545454545454,0.7,0.04331683168316832,0.42424242424242425,2.590909090909091,4.275,15.0
47.0,Male,86.6,1.99,182.0,153.0,70.0,1.98,1500.0,Strength,3.5,4.0,3.0,21.87,40-49,80-99,healthy,112.0,0.7410714285714286,1.4673214285714287,5.869285714285715,9.803921568627452,757.5757575757576,17.321016166281755,561.417748917749,43.51758793969849,1027.89,1.8425531914893616,951.7296482412061,0.875,0.04041570438799077,0.44191919191919193,2.2232142857142856,4.4019642857142856,12.0
37.0,Male,76.9,1.82,192.0,121.0,50.0,1.49,992.0,Strength,2.8,4.0,2.0,23.22,30-39,60-79,healthy,142.0,0.5,0.745,2.98,8.198347107438016,665.771812080537,12.899869960988296,332.8859060402685,42.252747252747255,859.14,2.0783783783783787,981.1087912087911,0.7,0.03641092327698309,0.4697986577181208,1.0,1.49,8.0
56.0,Male,48.3,1.87,165.0,156.0,51.0,0.68,525.0,HIIT,3.3,3.0,1.0,13.81,50-100,40-59,under weight,114.0,0.9210526315789473,0.6263157894736843,1.878947368421053,3.3653846153846154,772.0588235294117,10.869565217391305,711.1068111455107,25.82887700534759,773.36,0.8624999999999999,356.69679144385026,1.0999999999999999,0.06832298136645963,1.617647058823529,0.9210526315789473,0.6263157894736843,3.0
44.0,Male,82.5,1.79,167.0,155.0,70.0,1.51,1159.0,HIIT,3.5,5.0,3.0,25.75,40-49,80-99,overweight,97.0,0.8762886597938144,1.3231958762886598,6.615979381443299,7.47741935483871,767.5496688741722,14.048484848484849,672.5950706629344,46.089385474860336,1133.0,1.875,1186.8016759776535,0.7,0.04242424242424243,0.46357615894039733,2.6288659793814433,3.9695876288659795,15.0
22.0,Female,63.2,1.54,191.0,155.0,53.0,1.02,790.0,Cardio,2.4,4.0,2.0,26.65,0-29,60-79,overweight,138.0,0.7391304347826086,0.7539130434782608,3.0156521739130433,5.096774193548387,774.5098039215686,12.5,572.463768115942,41.03896103896104,586.3,2.872727272727273,1093.6883116883116,0.6,0.03797468354430379,0.5882352941176471,1.4782608695652173,1.5078260869565216,8.0
21.0,Male,96.7,1.72,161.0,151.0,62.0,1.26,1046.0,Strength,2.8,3.0,1.0,32.69,0-29,80-99,obesity,99.0,0.898989898989899,1.1327272727272728,3.3981818181818184,6.927152317880795,830.1587301587301,10.816959669079628,746.3043129709796,56.22093023255814,686.49,4.604761904761905,1837.8622093023257,0.9333333333333332,0.028955532574974144,0.7407407407407407,0.898989898989899,1.1327272727272728,3.0
37.0,Male,103.5,1.89,175.0,168.0,57.0,0.54,499.0,Cardio,3.1,2.0,1.0,28.97,30-39,100-130,overweight,118.0,0.940677966101695,0.5079661016949153,1.0159322033898306,2.9702380952380953,924.074074074074,4.821256038647343,869.256120527307,54.761904761904766,1071.8899999999999,2.7972972972972974,1586.452380952381,1.55,0.02995169082125604,2.8703703703703702,0.940677966101695,0.5079661016949153,2.0
18.0,Female,67.4,1.6,182.0,164.0,71.0,0.6,492.0,Strength,2.4,3.0,1.0,26.33,0-29,60-79,overweight,111.0,0.8378378378378378,0.5027027027027027,1.508108108108108,3.0,820.0,7.299703264094955,687.027027027027,42.125,473.93999999999994,3.744444444444445,1109.15125,0.7999999999999999,0.03560830860534124,1.3333333333333333,0.8378378378378378,0.5027027027027027,3.0
26.0,Female,71.2,1.5,182.0,142.0,54.0,1.15,816.0,Cardio,2.6,2.0,1.0,31.64,0-29,60-79,obesity,128.0,0.6875,0.7906249999999999,1.5812499999999998,5.746478873239437,709.5652173913044,11.46067415730337,487.82608695652175,47.46666666666667,822.64,2.7384615384615385,1501.8453333333334,1.3,0.03651685393258427,1.1304347826086958,0.6875,0.7906249999999999,2.0
33.0,Female,65.3,1.71,172.0,135.0,74.0,1.18,796.0,HIIT,2.5,4.0,2.0,22.33,30-39,60-79,healthy,98.0,0.6224489795918368,0.7344897959183674,2.9379591836734695,5.896296296296296,674.5762711864407,12.189892802450231,419.8893116568662,38.187134502923975,736.89,1.9787878787878788,852.7187134502924,0.625,0.03828483920367535,0.5296610169491526,1.2448979591836735,1.4689795918367348,8.0
43.0,Female,53.1,1.59,187.0,136.0,72.0,0.82,502.0,Strength,2.5,2.0,1.0,21.0,40-49,40-59,healthy,115.0,0.5565217391304348,0.4563478260869565,0.912695652173913,3.6911764705882355,612.1951219512196,9.453860640301318,340.69989395546133,33.39622641509434,903.0,1.2348837209302326,701.3207547169811,1.25,0.047080979284369114,1.524390243902439,0.5565217391304348,0.4563478260869565,2.0
37.0,Male,75.1,1.82,189.0,127.0,60.0,1.23,859.0,Yoga,3.2,4.0,2.0,22.67,30-39,60-79,healthy,129.0,0.5193798449612403,0.6388372093023256,2.5553488372093023,6.7637795275590555,698.3739837398374,11.438082556591212,362.7213713997605,41.263736263736256,838.7900000000001,2.0297297297297296,935.448901098901,0.8,0.0426098535286285,0.6504065040650407,1.0387596899224807,1.2776744186046511,8.0
51.0,Female,77.3,1.58,171.0,168.0,68.0,0.97,733.0,Cardio,2.0,2.0,1.0,30.96,50-100,60-79,obesity,103.0,0.970873786407767,0.941747572815534,1.883495145631068,4.363095238095238,755.6701030927835,9.482535575679172,733.6602942648384,48.92405063291139,1578.96,1.5156862745098039,1514.6886075949367,1.0,0.0258732212160414,1.0309278350515465,0.970873786407767,0.941747572815534,2.0
28.0,Male,121.7,1.94,185.0,127.0,52.0,1.03,719.0,Strength,2.6,4.0,2.0,32.34,0-29,100-130,obesity,133.0,0.5639097744360902,0.580827067669173,2.323308270676692,5.661417322834645,698.0582524271845,5.90797041906327,393.64187166946493,62.7319587628866,905.5200000000001,4.3464285714285715,2028.751546391753,0.65,0.021364009860312245,0.6310679611650486,1.1278195488721805,1.161654135338346,8.0
34.0,Male,88.0,1.64,197.0,147.0,70.0,1.9,1536.0,Yoga,3.5,4.0,3.0,32.72,30-39,80-99,obesity,127.0,0.6062992125984252,1.1519685039370078,4.607874015748031,10.448979591836734,808.421052631579,17.454545454545453,490.1450476585164,53.65853658536586,1112.48,2.588235294117647,1755.7073170731705,0.875,0.03977272727272727,0.46052631578947373,1.8188976377952757,3.4559055118110233,12.0
56.0,Female,59.3,1.56,182.0,155.0,57.0,1.26,879.0,Cardio,2.6,4.0,2.0,24.37,50-100,40-59,healthy,125.0,0.784,0.98784,3.95136,5.670967741935484,697.6190476190476,14.82293423271501,546.9333333333333,38.01282051282051,1364.72,1.0589285714285714,926.3724358974359,0.65,0.04384485666104553,0.5158730158730159,1.568,1.97568,8.0
29.0,Male,68.0,1.7,190.0,150.0,60.0,0.76,627.0,HIIT,2.9,2.0,1.0,23.53,0-29,60-79,healthy,130.0,0.6923076923076923,0.5261538461538462,1.0523076923076924,4.18,825.0,9.220588235294118,571.1538461538462,40.0,682.37,2.3448275862068964,941.2,1.45,0.04264705882352941,1.907894736842105,0.6923076923076923,0.5261538461538462,2.0
22.0,Female,42.8,1.56,174.0,133.0,66.0,1.47,978.0,Strength,2.6,3.0,2.0,17.59,0-29,40-59,under weight,108.0,0.6203703703703703,0.9119444444444444,2.7358333333333333,7.353383458646617,665.3061224489796,22.850467289719628,412.7362055933485,27.435897435897434,386.98,1.9454545454545453,482.59743589743584,0.8666666666666667,0.060747663551401876,0.5895691609977325,1.2407407407407407,1.823888888888889,6.0
37.0,Female,71.2,1.64,162.0,120.0,73.0,1.11,666.0,HIIT,1.7,3.0,2.0,26.47,30-39,60-79,overweight,89.0,0.5280898876404494,0.5861797752808989,1.7585393258426967,5.55,600.0,9.353932584269662,316.8539325842696,43.41463414634147,979.39,1.9243243243243244,1149.1853658536586,0.5666666666666667,0.023876404494382022,0.5105105105105104,1.0561797752808988,1.1723595505617979,6.0
21.0,Female,61.3,1.57,191.0,152.0,64.0,1.94,1474.0,HIIT,2.7,4.0,3.0,24.87,0-29,60-79,healthy,127.0,0.6929133858267716,1.344251968503937,5.377007874015748,9.697368421052632,759.7938144329897,24.04567699836868,526.4713044890008,39.044585987261144,522.27,2.919047619047619,971.0388535031847,0.675,0.044045676998368685,0.34793814432989695,2.078740157480315,4.032755905511811,12.0
31.0,Female,77.4,1.71,190.0,137.0,52.0,1.26,863.0,Cardio,1.8,4.0,2.0,26.47,30-39,60-79,overweight,138.0,0.6159420289855072,0.7760869565217391,3.1043478260869564,6.299270072992701,684.9206349206349,11.149870801033591,421.8714055670577,45.26315789473685,820.5699999999999,2.4967741935483874,1198.1157894736843,0.45,0.023255813953488372,0.35714285714285715,1.2318840579710144,1.5521739130434782,8.0
48.0,Male,114.9,1.86,175.0,141.0,56.0,1.36,949.0,Cardio,3.6,3.0,1.0,33.21,40-49,100-130,obesity,119.0,0.7142857142857143,0.9714285714285715,2.9142857142857146,6.7304964539007095,697.7941176470588,8.25935596170583,498.42436974789916,61.774193548387096,1594.08,2.3937500000000003,2051.5209677419357,1.2,0.031331592689295036,0.8823529411764705,0.7142857142857143,0.9714285714285715,3.0
45.0,Female,65.4,1.68,196.0,129.0,66.0,0.76,441.0,HIIT,2.6,3.0,1.0,23.17,40-49,60-79,healthy,130.0,0.4846153846153846,0.36830769230769234,1.1049230769230771,3.4186046511627906,580.2631578947369,6.743119266055046,281.2044534412956,38.92857142857143,1042.65,1.4533333333333334,901.9750000000001,0.8666666666666667,0.039755351681957186,1.1403508771929824,0.4846153846153846,0.36830769230769234,3.0
31.0,Male,75.5,1.93,168.0,135.0,68.0,0.6,446.0,Cardio,3.4,2.0,1.0,20.27,30-39,60-79,healthy,100.0,0.67,0.402,0.804,3.303703703703704,743.3333333333334,5.9072847682119205,498.0333333333334,39.11917098445596,628.37,2.435483870967742,792.9455958549223,1.7,0.045033112582781455,2.8333333333333335,0.67,0.402,2.0
23.0,Male,87.3,1.91,164.0,129.0,58.0,1.87,1327.0,HIIT,3.5,5.0,3.0,23.93,0-29,80-99,healthy,106.0,0.6698113207547169,1.2525471698113209,6.262735849056604,10.286821705426357,709.6256684491979,15.200458190148913,475.31530622540606,45.70680628272251,550.39,3.7956521739130435,1093.7638743455498,0.7,0.04009163802978236,0.374331550802139,2.0094339622641506,3.7576415094339626,15.0
37.0,Female,54.6,1.57,170.0,150.0,62.0,1.31,982.0,Strength,2.4,3.0,1.0,22.15,30-39,40-59,healthy,108.0,0.8148148148148148,1.0674074074074074,3.202222222222222,6.546666666666667,749.618320610687,17.985347985347985,610.8001130901894,34.77707006369427,819.55,1.4756756756756757,770.3121019108279,0.7999999999999999,0.04395604395604395,0.6106870229007633,0.8148148148148148,1.0674074074074074,3.0
18.0,Male,82.3,1.84,190.0,148.0,66.0,1.73,1408.0,HIIT,3.5,5.0,3.0,24.31,0-29,80-99,healthy,124.0,0.6612903225806451,1.1440322580645161,5.720161290322581,9.513513513513514,813.8728323699422,17.108140947752126,538.2062278575424,44.72826086956521,437.58,4.572222222222222,1087.3440217391303,0.7,0.0425273390036452,0.40462427745664736,1.9838709677419355,3.4320967741935484,15.0
47.0,Female,49.9,1.69,178.0,147.0,64.0,1.48,979.0,HIIT,1.7,3.0,2.0,17.47,40-49,40-59,under weight,114.0,0.7280701754385965,1.077543859649123,3.2326315789473687,6.659863945578231,661.4864864864865,19.619238476953907,481.608582266477,29.526627218934912,821.0899999999999,1.0617021276595744,515.8301775147929,0.5666666666666667,0.03406813627254509,0.38288288288288286,1.456140350877193,2.155087719298246,6.0
39.0,Male,107.7,1.88,162.0,160.0,59.0,0.72,634.0,Strength,3.6,2.0,1.0,30.47,30-39,100-130,obesity,103.0,0.9805825242718447,0.7060194174757282,1.4120388349514563,3.9625,880.5555555555555,5.886722376973073,863.4573894282632,57.287234042553195,1188.33,2.7615384615384615,1745.542021276596,1.8,0.033426183844011144,2.5,0.9805825242718447,0.7060194174757282,2.0
45.0,Male,46.6,1.79,176.0,168.0,55.0,1.46,1214.0,Yoga,2.4,3.0,2.0,14.54,40-49,40-59,under weight,121.0,0.9338842975206612,1.3634710743801652,4.090413223140496,7.226190476190476,831.5068493150685,26.051502145922747,776.531189856221,26.033519553072626,654.3,1.0355555555555556,378.52737430167593,0.7999999999999999,0.05150214592274678,0.547945205479452,1.8677685950413223,2.7269421487603305,6.0
59.0,Female,75.8,1.77,167.0,128.0,53.0,1.46,841.0,Strength,1.8,3.0,1.0,24.19,50-100,60-79,healthy,114.0,0.6578947368421053,0.9605263157894738,2.8815789473684212,6.5703125,576.027397260274,11.094986807387864,378.9653929343908,42.824858757062145,1427.21,1.2847457627118644,1035.9333333333334,0.6,0.0237467018469657,0.410958904109589,0.6578947368421053,0.9605263157894738,3.0
45.0,Male,118.4,1.95,178.0,168.0,59.0,1.06,881.0,Yoga,2.4,3.0,2.0,31.14,40-49,100-130,obesity,119.0,0.9159663865546218,0.9709243697478992,2.9127731092436977,5.244047619047619,831.132075471698,7.440878378378378,761.2890439194545,60.71794871794872,1401.3,2.631111111111111,1890.7569230769232,0.7999999999999999,0.020270270270270268,0.7547169811320754,1.8319327731092436,1.9418487394957984,6.0
45.0,Male,80.8,1.76,183.0,131.0,54.0,1.7,1102.0,Yoga,3.5,4.0,3.0,26.08,40-49,80-99,overweight,129.0,0.5968992248062015,1.0147286821705426,4.05891472868217,8.412213740458014,648.2352941176471,13.638613861386139,386.93114455084356,45.90909090909091,1173.6,1.7955555555555556,1197.3090909090906,0.875,0.04331683168316832,0.5147058823529412,1.7906976744186045,3.0441860465116277,12.0
24.0,Female,59.4,1.5,199.0,132.0,60.0,1.25,825.0,Yoga,2.0,3.0,2.0,26.4,0-29,40-59,overweight,139.0,0.5179856115107914,0.6474820143884892,1.9424460431654675,6.25,660.0,13.88888888888889,341.8705035971223,39.6,633.5999999999999,2.475,1045.4399999999998,0.6666666666666666,0.03367003367003367,0.5333333333333333,1.0359712230215827,1.2949640287769784,6.0
23.0,Female,47.4,1.6,196.0,154.0,50.0,0.76,585.0,Strength,1.6,3.0,1.0,18.52,0-29,40-59,healthy,146.0,0.7123287671232876,0.5413698630136986,1.6241095890410957,3.7987012987012987,769.7368421052631,12.341772151898734,548.3056957462148,29.624999999999996,425.96,2.0608695652173914,548.655,0.5333333333333333,0.03375527426160338,0.7017543859649122,0.7123287671232876,0.5413698630136986,3.0
54.0,Female,78.1,1.6,198.0,145.0,73.0,1.1,718.0,Yoga,2.4,4.0,2.0,30.51,50-100,60-79,obesity,125.0,0.576,0.6336,2.5344,4.951724137931034,652.7272727272726,9.193341869398209,375.970909090909,48.81249999999999,1647.5400000000002,1.4462962962962962,1489.269375,0.6,0.030729833546734957,0.5454545454545454,1.152,1.2672,8.0
59.0,Male,50.3,1.95,188.0,167.0,55.0,1.07,885.0,Strength,3.4,3.0,1.0,13.23,50-100,40-59,under weight,133.0,0.8421052631578947,0.9010526315789473,2.703157894736842,5.299401197604791,827.1028037383177,17.594433399602387,696.5076242006885,25.794871794871796,780.57,0.8525423728813559,341.2661538461538,1.1333333333333333,0.06759443339960239,1.0591900311526479,0.8421052631578947,0.9010526315789473,3.0
19.0,Female,73.9,1.77,198.0,137.0,64.0,1.28,877.0,Strength,2.6,3.0,2.0,23.59,0-29,60-79,healthy,134.0,0.5447761194029851,0.6973134328358209,2.091940298507463,6.401459854014599,685.15625,11.867388362652232,373.2567630597015,41.75141242937853,448.21,3.8894736842105266,984.9158192090397,0.8666666666666667,0.035182679296346414,0.6770833333333334,1.0895522388059702,1.3946268656716418,6.0
47.0,Male,127.8,1.65,198.0,157.0,60.0,0.77,598.0,Cardio,3.5,2.0,1.0,46.94,40-49,100-130,sever obesity,138.0,0.7028985507246377,0.5412318840579711,1.0824637681159421,3.8089171974522293,776.6233766233767,4.679186228482004,545.8874458874459,77.45454545454545,2206.18,2.7191489361702126,3635.716363636364,1.75,0.027386541471048513,2.2727272727272725,0.7028985507246377,0.5412318840579711,2.0
54.0,Male,78.7,1.66,195.0,131.0,55.0,1.42,921.0,Yoga,2.6,3.0,2.0,28.56,50-100,60-79,overweight,140.0,0.5428571428571428,0.7708571428571428,2.3125714285714283,7.030534351145038,648.5915492957747,11.70266836086404,352.09255533199195,47.40963855421687,1542.24,1.4574074074074075,1354.019277108434,0.8666666666666667,0.03303684879288437,0.6103286384976526,1.0857142857142856,1.5417142857142856,6.0
21.0,Male,101.2,1.84,181.0,132.0,50.0,1.3,944.0,Yoga,3.3,2.0,1.0,29.89,0-29,100-130,overweight,131.0,0.6259541984732825,0.8137404580152673,1.6274809160305346,7.151515151515151,726.1538461538461,9.328063241106719,454.539048737522,55.0,627.69,4.819047619047619,1643.9499999999998,1.65,0.03260869565217391,1.2692307692307692,0.6259541984732825,0.8137404580152673,2.0
42.0,Male,64.8,1.65,161.0,166.0,67.0,1.1,904.0,Cardio,2.8,3.0,2.0,23.8,40-49,60-79,healthy,94.0,1.053191489361702,1.1585106382978723,3.475531914893617,5.445783132530121,821.8181818181818,13.950617283950617,865.5319148936169,39.27272727272727,999.6,1.5428571428571427,934.6909090909091,0.9333333333333332,0.043209876543209874,0.8484848484848483,2.106382978723404,2.3170212765957445,6.0
41.0,Female,62.3,1.79,181.0,162.0,73.0,1.99,1451.0,Yoga,2.7,5.0,3.0,19.44,40-49,60-79,healthy,108.0,0.8240740740740741,1.6399074074074074,8.199537037037036,8.95679012345679,729.1457286432161,23.290529695024077,600.8700911967244,34.80446927374302,797.0400000000001,1.5195121951219512,676.5988826815643,0.54,0.043338683788121994,0.271356783919598,2.4722222222222223,4.919722222222222,15.0
46.0,Male,94.7,1.82,164.0,120.0,69.0,1.47,873.0,Cardio,3.2,3.0,2.0,28.59,40-49,80-99,overweight,95.0,0.5368421052631579,0.7891578947368421,2.367473684210526,7.275,593.8775510204082,9.21858500527983,318.8184747583244,52.03296703296703,1315.14,2.0586956521739133,1487.6225274725275,1.0666666666666667,0.0337909186906019,0.7256235827664399,1.0736842105263158,1.5783157894736841,6.0
59.0,Female,60.7,1.73,185.0,154.0,55.0,1.03,714.0,Yoga,2.5,3.0,2.0,20.28,50-100,60-79,healthy,130.0,0.7615384615384615,0.7843846153846153,2.353153846153846,4.636363636363637,693.2038834951456,11.762767710049422,527.9014189693801,35.08670520231214,1196.52,1.028813559322034,711.5583815028903,0.8333333333333334,0.04118616144975288,0.8090614886731392,1.523076923076923,1.5687692307692307,6.0
40.0,Female,57.4,1.71,168.0,143.0,61.0,1.87,1337.0,Strength,2.7,5.0,3.0,19.63,40-49,40-59,healthy,107.0,0.7663551401869159,1.4330841121495328,7.165420560747664,9.34965034965035,714.9732620320855,23.29268292682927,547.9234344544954,33.567251461988306,785.1999999999999,1.435,658.9251461988304,0.54,0.047038327526132406,0.2887700534759358,2.2990654205607477,4.299252336448598,15.0
44.0,Male,98.0,1.83,194.0,130.0,56.0,1.28,824.0,Cardio,3.5,4.0,2.0,29.26,40-49,80-99,overweight,138.0,0.5362318840579711,0.6863768115942029,2.7455072463768118,6.338461538461538,643.75,8.408163265306122,345.1992753623189,53.55191256830601,1287.44,2.227272727272727,1566.9289617486338,0.875,0.03571428571428571,0.68359375,1.0724637681159421,1.3727536231884059,8.0
51.0,Male,48.6,1.77,199.0,155.0,74.0,1.47,1128.0,Strength,3.5,2.0,1.0,15.51,50-100,40-59,under weight,125.0,0.648,0.95256,1.90512,7.27741935483871,767.3469387755102,23.209876543209877,497.24081632653065,27.45762711864407,791.01,0.9529411764705883,425.86779661016953,1.75,0.07201646090534979,1.1904761904761905,0.648,0.95256,2.0
32.0,Female,62.6,1.63,190.0,161.0,58.0,1.67,1344.0,HIIT,2.7,5.0,3.0,23.56,30-39,60-79,healthy,132.0,0.7803030303030303,1.3031060606060605,6.515530303030302,8.347826086956522,804.7904191616767,21.469648562300318,627.9804028307022,38.40490797546013,753.92,1.95625,904.8196319018406,0.54,0.04313099041533547,0.3233532934131737,2.340909090909091,3.9093181818181817,15.0
24.0,Female,62.9,1.79,180.0,135.0,59.0,1.42,958.0,Cardio,2.3,4.0,2.0,19.63,0-29,60-79,healthy,121.0,0.628099173553719,0.891900826446281,3.567603305785124,7.0962962962962965,674.6478873239437,15.230524642289348,423.7457804679316,35.13966480446927,471.12,2.620833333333333,689.7916201117317,0.575,0.03656597774244833,0.40492957746478875,1.256198347107438,1.783801652892562,8.0
31.0,Male,86.9,1.69,185.0,130.0,65.0,1.72,1230.0,Yoga,3.5,4.0,3.0,30.43,30-39,80-99,obesity,120.0,0.5416666666666666,0.9316666666666666,3.7266666666666666,9.461538461538462,715.1162790697674,14.154200230149597,387.3546511627907,51.42011834319527,943.33,2.803225806451613,1564.7142011834321,0.875,0.04027617951668584,0.5087209302325582,1.625,2.795,12.0
21.0,Male,88.4,1.6,198.0,121.0,67.0,1.71,1138.0,HIIT,3.5,4.0,3.0,34.53,0-29,80-99,obesity,131.0,0.4122137404580153,0.7048854961832062,2.8195419847328247,9.40495867768595,665.4970760233919,12.873303167420813,274.3270389714745,55.25,725.13,4.20952380952381,1907.7825,0.875,0.03959276018099547,0.5116959064327485,1.2366412213740459,2.1146564885496186,12.0
48.0,Male,87.1,1.76,183.0,156.0,67.0,1.81,1398.0,Strength,3.5,5.0,3.0,28.12,40-49,80-99,overweight,116.0,0.7672413793103449,1.3887068965517242,6.943534482758621,8.961538461538462,772.3756906077348,16.050516647531573,592.5985902076586,49.48863636363636,1349.76,1.8145833333333332,1391.6204545454545,0.7,0.040183696900114814,0.38674033149171266,2.3017241379310347,4.166120689655172,15.0
38.0,Male,91.5,1.77,178.0,140.0,74.0,0.8,616.0,Yoga,3.4,2.0,1.0,29.21,30-39,80-99,overweight,104.0,0.6346153846153846,0.5076923076923077,1.0153846153846153,4.4,770.0,6.73224043715847,488.65384615384613,51.69491525423729,1109.98,2.4078947368421053,1510.0084745762713,1.7,0.03715846994535519,2.125,0.6346153846153846,0.5076923076923077,2.0
44.0,Female,77.7,1.79,198.0,165.0,53.0,1.41,1047.0,HIIT,2.2,3.0,1.0,24.25,40-49,60-79,healthy,145.0,0.7724137931034483,1.089103448275862,3.2673103448275858,6.345454545454546,742.5531914893618,13.474903474903474,573.5583272193691,43.40782122905028,1067.0,1.7659090909090909,1052.6396648044692,0.7333333333333334,0.028314028314028315,0.5200945626477542,0.7724137931034483,1.089103448275862,3.0
49.0,Female,69.3,1.62,191.0,122.0,62.0,1.14,626.0,HIIT,1.9,4.0,2.0,26.41,40-49,60-79,overweight,129.0,0.46511627906976744,0.5302325581395348,2.1209302325581394,5.131147540983607,549.1228070175439,9.033189033189034,255.405956752346,42.77777777777777,1294.09,1.4142857142857141,1129.761111111111,0.475,0.027417027417027416,0.4166666666666667,0.9302325581395349,1.0604651162790697,8.0
56.0,Male,129.5,1.95,160.0,129.0,66.0,1.0,639.0,Strength,3.5,2.0,1.0,34.06,50-100,100-130,obesity,94.0,0.6702127659574468,0.6702127659574468,1.3404255319148937,4.953488372093023,639.0,4.934362934362935,428.2659574468085,66.41025641025641,1907.3600000000001,2.3125,2261.9333333333334,1.75,0.02702702702702703,1.75,0.6702127659574468,0.6702127659574468,2.0
19.0,Male,87.8,1.78,195.0,161.0,72.0,1.28,1133.0,Cardio,3.3,2.0,1.0,27.71,0-29,80-99,overweight,123.0,0.7235772357723578,0.926178861788618,1.852357723577236,7.037267080745342,885.15625,12.904328018223236,640.478912601626,49.32584269662921,526.49,4.621052631578947,1366.8191011235956,1.65,0.03758542141230068,1.2890625,0.7235772357723578,0.926178861788618,2.0
22.0,Female,71.6,1.77,197.0,158.0,56.0,1.49,1177.0,Yoga,1.8,3.0,1.0,22.85,0-29,60-79,healthy,141.0,0.723404255319149,1.077872340425532,3.233617021276596,7.449367088607595,789.9328859060403,16.43854748603352,571.4408110809653,40.45197740112994,502.70000000000005,3.2545454545454544,924.3276836158192,0.6,0.025139664804469275,0.40268456375838924,0.723404255319149,1.077872340425532,3.0
36.0,Male,84.0,1.94,168.0,123.0,50.0,1.8,1218.0,HIIT,3.5,5.0,3.0,22.32,30-39,80-99,healthy,118.0,0.6186440677966102,1.1135593220338984,5.567796610169492,9.902439024390244,676.6666666666666,14.5,418.61581920903956,43.29896907216495,803.52,2.3333333333333335,966.4329896907217,0.7,0.041666666666666664,0.38888888888888884,1.8559322033898304,3.340677966101695,15.0
49.0,Male,46.5,1.72,169.0,120.0,72.0,1.4,832.0,Yoga,2.6,4.0,2.0,15.72,40-49,40-59,under weight,97.0,0.4948453608247423,0.6927835051546392,2.7711340206185566,6.933333333333334,594.2857142857143,17.892473118279568,294.079528718704,27.03488372093023,770.2800000000001,0.9489795918367347,424.98837209302326,0.65,0.05591397849462366,0.46428571428571436,0.9896907216494846,1.3855670103092783,8.0
46.0,Female,56.9,1.6,185.0,143.0,65.0,0.88,566.0,Cardio,1.6,3.0,1.0,22.23,40-49,40-59,healthy,120.0,0.65,0.5720000000000001,1.7160000000000002,3.958041958041958,643.1818181818181,9.947275922671354,418.0681818181818,35.5625,1022.58,1.2369565217391305,790.5543749999999,0.5333333333333333,0.0281195079086116,0.6060606060606061,0.65,0.5720000000000001,3.0
42.0,Male,50.3,1.64,177.0,150.0,62.0,0.63,468.0,Strength,2.4,3.0,1.0,18.7,40-49,40-59,healthy,115.0,0.7652173913043478,0.48208695652173916,1.4462608695652175,3.12,742.8571428571429,9.304174950298211,568.4472049689441,30.670731707317074,785.4,1.1976190476190476,573.5426829268292,0.7999999999999999,0.04771371769383698,1.2698412698412698,0.7652173913043478,0.48208695652173916,3.0
20.0,Male,83.0,1.8,167.0,160.0,73.0,0.79,695.0,Yoga,2.9,2.0,1.0,25.62,0-29,80-99,overweight,94.0,0.925531914893617,0.7311702127659574,1.4623404255319148,4.34375,879.746835443038,8.373493975903614,814.2337732291946,46.11111111111111,512.4,4.15,1181.3666666666666,1.45,0.034939759036144574,1.8354430379746833,0.925531914893617,0.7311702127659574,2.0
22.0,Male,107.4,1.74,195.0,138.0,63.0,1.34,1017.0,Strength,2.2,2.0,1.0,35.47,0-29,100-130,obesity,132.0,0.5681818181818182,0.7613636363636365,1.522727272727273,7.369565217391305,758.9552238805969,9.469273743016759,431.2245590230665,61.724137931034484,780.3399999999999,4.881818181818182,2189.3551724137933,1.1,0.020484171322160148,0.8208955223880597,0.5681818181818182,0.7613636363636365,2.0
18.0,Male,118.6,1.64,188.0,134.0,67.0,0.94,693.0,Cardio,2.7,3.0,1.0,44.1,0-29,100-130,sever obesity,121.0,0.5537190082644629,0.520495867768595,1.561487603305785,5.1716417910447765,737.2340425531916,5.843170320404722,408.22050290135405,72.3170731707317,793.8000000000001,6.588888888888889,3189.1829268292686,0.9,0.02276559865092749,0.9574468085106383,0.5537190082644629,0.520495867768595,3.0
30.0,Male,85.3,1.95,160.0,155.0,68.0,1.61,1373.0,Yoga,3.5,5.0,3.0,22.43,30-39,80-99,healthy,92.0,0.9456521739130435,1.5225,7.6125,8.858064516129032,852.7950310559006,16.096131301289567,806.4474750202538,43.743589743589745,672.9,2.8433333333333333,981.1687179487179,0.7,0.041031652989449004,0.4347826086956521,2.8369565217391304,4.5675,15.0
50.0,Male,52.2,1.84,195.0,124.0,52.0,1.38,847.0,Strength,3.1,4.0,2.0,15.42,50-100,40-59,under weight,143.0,0.5034965034965035,0.6948251748251748,2.7793006993006992,6.830645161290323,613.768115942029,16.226053639846743,309.0301003344482,28.369565217391305,771.0,1.044,437.45869565217396,0.775,0.05938697318007663,0.5615942028985508,1.006993006993007,1.3896503496503496,8.0
57.0,Female,51.4,1.63,183.0,134.0,73.0,1.2,724.0,Yoga,2.0,4.0,2.0,19.35,50-100,40-59,healthy,110.0,0.5545454545454546,0.6654545454545454,2.6618181818181816,5.402985074626866,603.3333333333334,14.085603112840467,334.5757575757576,31.533742331288344,1102.95,0.9017543859649123,610.1779141104295,0.5,0.038910505836575876,0.4166666666666667,1.1090909090909091,1.3309090909090908,8.0
48.0,Female,52.3,1.66,174.0,130.0,71.0,0.74,433.0,Yoga,1.8,3.0,1.0,18.98,40-49,40-59,healthy,103.0,0.5728155339805825,0.42388349514563106,1.271650485436893,3.330769230769231,585.1351351351351,8.279158699808796,335.1744948832327,31.50602409638554,911.04,1.0895833333333333,597.9843373493976,0.6,0.03441682600382409,0.8108108108108107,0.5728155339805825,0.42388349514563106,3.0
28.0,Female,79.6,1.59,181.0,130.0,54.0,1.49,968.0,HIIT,1.5,3.0,2.0,31.49,0-29,60-79,obesity,127.0,0.5984251968503937,0.8916535433070867,2.67496062992126,7.446153846153846,649.6644295302013,12.160804020100503,388.7755641283095,50.062893081761,881.7199999999999,2.8428571428571425,1576.480503144654,0.5,0.01884422110552764,0.33557046979865773,1.1968503937007875,1.7833070866141734,6.0
55.0,Male,52.1,1.68,180.0,167.0,50.0,0.77,637.0,Yoga,3.0,3.0,1.0,18.46,50-100,40-59,under weight,130.0,0.9,0.6930000000000001,2.079,3.81437125748503,827.2727272727273,12.226487523992322,744.5454545454545,31.011904761904763,1015.3000000000001,0.9472727272727273,572.479761904762,1.0,0.05758157389635316,1.2987012987012987,0.9,0.6930000000000001,3.0
36.0,Male,110.2,1.77,191.0,156.0,74.0,1.19,1021.0,HIIT,3.4,2.0,1.0,35.18,30-39,100-130,obesity,117.0,0.7008547008547008,0.8340170940170939,1.6680341880341878,6.544871794871795,857.983193277311,9.26497277676951,601.3215542627307,62.259887005649716,1266.48,3.0611111111111113,2190.302824858757,1.7,0.0308529945553539,1.4285714285714286,0.7008547008547008,0.8340170940170939,2.0
46.0,Female,47.9,1.72,171.0,147.0,57.0,1.41,933.0,Cardio,2.0,3.0,1.0,16.19,40-49,40-59,under weight,114.0,0.7894736842105263,1.1131578947368421,3.3394736842105264,6.346938775510204,661.7021276595746,19.478079331941544,522.3964165733483,27.848837209302324,744.74,1.0413043478260868,450.87267441860473,0.6666666666666666,0.04175365344467641,0.4728132387706856,0.7894736842105263,1.1131578947368421,3.0
28.0,Male,86.9,1.78,164.0,134.0,68.0,1.29,951.0,HIIT,3.7,4.0,2.0,27.43,0-29,80-99,overweight,96.0,0.6875,0.8868750000000001,3.5475000000000003,7.097014925373134,737.2093023255813,10.943613348676639,506.8313953488372,48.82022471910113,768.04,3.1035714285714286,1339.1387640449439,0.925,0.04257767548906789,0.7170542635658915,1.375,1.7737500000000002,8.0
22.0,Female,72.1,1.62,183.0,123.0,59.0,1.38,849.0,HIIT,2.1,3.0,1.0,27.47,0-29,60-79,overweight,124.0,0.5161290322580645,0.7122580645161289,2.136774193548387,6.902439024390244,615.2173913043479,11.775312066574203,317.53155680224404,44.50617283950616,604.3399999999999,3.277272727272727,1222.5845679012343,0.7000000000000001,0.029126213592233014,0.5072463768115942,0.5161290322580645,0.7122580645161289,3.0
47.0,Male,45.9,1.93,166.0,159.0,65.0,1.29,1015.0,Cardio,2.0,3.0,2.0,12.32,40-49,40-59,under weight,101.0,0.9306930693069307,1.2005940594059408,3.6017821782178223,6.383647798742138,786.8217054263565,22.113289760348586,732.2895080205694,23.78238341968912,579.04,0.9765957446808511,292.9989637305699,0.6666666666666666,0.04357298474945534,0.5167958656330749,1.8613861386138615,2.4011881188118815,6.0
50.0,Female,70.4,1.55,160.0,143.0,58.0,0.73,470.0,Strength,2.7,2.0,1.0,29.3,50-100,60-79,overweight,102.0,0.8333333333333334,0.6083333333333334,1.2166666666666668,3.2867132867132867,643.8356164383562,6.676136363636363,536.5296803652968,45.41935483870968,1465.0,1.4080000000000001,1330.7870967741937,1.35,0.03835227272727273,1.8493150684931507,0.8333333333333334,0.6083333333333334,2.0
25.0,Female,47.2,1.71,185.0,142.0,56.0,0.89,632.0,Cardio,2.5,2.0,1.0,16.14,0-29,40-59,under weight,129.0,0.6666666666666666,0.5933333333333333,1.1866666666666665,4.450704225352113,710.1123595505618,13.389830508474576,473.4082397003745,27.602339181286553,403.5,1.8880000000000001,445.501754385965,1.25,0.05296610169491525,1.4044943820224718,0.6666666666666666,0.5933333333333333,2.0
43.0,Female,40.5,1.74,187.0,143.0,51.0,1.5,965.0,HIIT,2.2,3.0,2.0,13.38,40-49,40-59,under weight,136.0,0.6764705882352942,1.0147058823529411,3.0441176470588234,6.748251748251748,643.3333333333334,23.82716049382716,435.1960784313726,23.275862068965516,575.34,0.9418604651162791,311.4310344827586,0.7333333333333334,0.054320987654320994,0.48888888888888893,1.3529411764705883,2.0294117647058822,6.0
41.0,Male,74.3,1.61,160.0,136.0,51.0,1.06,714.0,Strength,3.5,4.0,2.0,28.66,40-49,60-79,overweight,109.0,0.7798165137614679,0.826605504587156,3.306422018348624,5.25,673.5849056603773,9.609690444145357,525.2726328544227,46.149068322981364,1175.06,1.8121951219512193,1322.6322981366459,0.875,0.047106325706594884,0.8254716981132075,1.5596330275229358,1.653211009174312,8.0
47.0,Female,68.7,1.76,161.0,137.0,66.0,1.37,845.0,Strength,2.4,3.0,2.0,22.18,40-49,60-79,healthy,95.0,0.7473684210526316,1.0238947368421054,3.0716842105263162,6.1678832116788325,616.7883211678832,12.29985443959243,460.96811371494425,39.034090909090914,1042.46,1.4617021276595745,865.7761363636364,0.7999999999999999,0.034934497816593885,0.583941605839416,1.4947368421052631,2.047789473684211,6.0
35.0,Male,127.1,1.62,187.0,128.0,69.0,1.02,718.0,Strength,3.4,4.0,2.0,48.43,30-39,100-130,sever obesity,118.0,0.5,0.51,2.04,5.609375,703.9215686274509,5.649095200629426,351.96078431372547,78.45679012345678,1695.05,3.6314285714285712,3799.6623456790117,0.85,0.02675059008654603,0.8333333333333333,1.0,1.02,8.0
37.0,Female,55.6,1.57,182.0,123.0,53.0,0.97,597.0,Cardio,2.4,2.0,1.0,22.56,30-39,40-59,healthy,129.0,0.5426356589147286,0.5263565891472868,1.0527131782945736,4.853658536585366,615.4639175257732,10.737410071942445,333.97266842483816,35.4140127388535,834.7199999999999,1.5027027027027027,798.940127388535,1.2,0.043165467625899276,1.2371134020618557,0.5426356589147286,0.5263565891472868,2.0
46.0,Female,58.9,1.7,180.0,155.0,53.0,1.52,1060.0,Strength,2.7,4.0,3.0,20.38,40-49,40-59,healthy,127.0,0.8031496062992126,1.2207874015748033,4.883149606299213,6.838709677419355,697.3684210526316,17.996604414261462,560.0911728139246,34.64705882352941,937.4799999999999,1.2804347826086957,706.1070588235293,0.675,0.04584040747028863,0.4440789473684211,2.409448818897638,3.6623622047244098,12.0
31.0,Male,49.3,1.62,182.0,157.0,52.0,0.56,484.0,Strength,3.2,2.0,1.0,18.79,30-39,40-59,healthy,130.0,0.8076923076923077,0.45230769230769236,0.9046153846153847,3.082802547770701,864.2857142857142,9.817444219066937,698.0769230769231,30.432098765432094,582.49,1.5903225806451613,571.819135802469,1.6,0.06490872210953348,2.857142857142857,0.8076923076923077,0.45230769230769236,2.0
22.0,Male,45.7,1.77,164.0,139.0,73.0,1.04,795.0,HIIT,2.4,3.0,1.0,14.59,0-29,40-59,under weight,91.0,0.7252747252747253,0.7542857142857143,2.262857142857143,5.719424460431655,764.4230769230769,17.396061269146607,554.4167371090448,25.819209039548024,320.98,2.0772727272727276,376.70225988700565,0.7999999999999999,0.0525164113785558,0.7692307692307692,0.7252747252747253,0.7542857142857143,3.0
49.0,Male,82.3,1.84,192.0,146.0,71.0,1.29,932.0,Strength,3.4,4.0,2.0,24.31,40-49,80-99,healthy,121.0,0.6198347107438017,0.7995867768595042,3.1983471074380168,6.383561643835616,722.4806201550388,11.324422843256379,447.81856621180094,44.72826086956521,1191.1899999999998,1.6795918367346938,1087.3440217391303,0.85,0.041312272174969626,0.6589147286821705,1.2396694214876034,1.5991735537190084,8.0
52.0,Male,85.5,1.82,174.0,154.0,57.0,1.78,1357.0,Yoga,3.5,4.0,3.0,25.81,50-100,80-99,overweight,117.0,0.8290598290598291,1.475726495726496,5.902905982905984,8.811688311688311,762.3595505617977,15.871345029239766,632.0416786708922,46.97802197802198,1342.12,1.6442307692307692,1212.5027472527472,0.875,0.04093567251461988,0.49157303370786515,2.4871794871794872,4.427179487179488,12.0
57.0,Male,76.6,1.86,173.0,141.0,55.0,1.14,796.0,Yoga,2.8,4.0,2.0,22.14,50-100,60-79,healthy,118.0,0.7288135593220338,0.8308474576271185,3.323389830508474,5.6453900709219855,698.2456140350878,10.391644908616188,508.8908712459114,41.18279569892473,1261.98,1.343859649122807,911.7870967741935,0.7,0.03655352480417755,0.6140350877192983,1.4576271186440677,1.661694915254237,8.0
42.0,Female,50.7,1.75,163.0,162.0,51.0,1.29,940.0,Strength,1.9,3.0,2.0,16.56,40-49,40-59,under weight,112.0,0.9910714285714286,1.278482142857143,3.8354464285714287,5.802469135802469,728.6821705426356,18.54043392504931,722.1760797342192,28.97142857142857,695.52,1.2071428571428573,479.76685714285713,0.6333333333333333,0.03747534516765286,0.49095607235142114,1.9821428571428572,2.556964285714286,6.0
23.0,Female,60.1,1.59,191.0,123.0,52.0,1.8,1107.0,HIIT,2.7,4.0,3.0,23.77,0-29,60-79,healthy,139.0,0.5107913669064749,0.9194244604316548,3.6776978417266193,9.0,615.0,18.419301164725457,314.13669064748206,37.79874213836478,546.71,2.61304347826087,898.4761006289308,0.675,0.04492512479201331,0.375,1.5323741007194247,2.7582733812949645,12.0
31.0,Female,63.2,1.8,166.0,157.0,66.0,0.59,463.0,Cardio,2.6,2.0,1.0,19.51,30-39,60-79,healthy,100.0,0.91,0.5369,1.0738,2.949044585987261,784.7457627118645,7.325949367088607,714.1186440677967,35.111111111111114,604.8100000000001,2.0387096774193547,685.0177777777778,1.3,0.04113924050632911,2.203389830508475,0.91,0.5369,2.0
34.0,Male,52.0,1.78,171.0,130.0,53.0,1.38,987.0,Strength,2.7,4.0,2.0,16.41,30-39,40-59,under weight,118.0,0.652542372881356,0.9005084745762711,3.6020338983050846,7.592307692307692,715.2173913043479,18.98076923076923,466.7096536477525,29.213483146067414,557.94,1.5294117647058822,479.3932584269663,0.675,0.051923076923076926,0.48913043478260876,1.305084745762712,1.8010169491525423,8.0
50.0,Female,58.4,1.79,164.0,131.0,56.0,1.6,943.0,HIIT,2.7,4.0,3.0,18.23,50-100,40-59,under weight,108.0,0.6944444444444444,1.1111111111111112,4.444444444444445,7.198473282442748,589.375,16.147260273972602,409.28819444444446,32.625698324022345,911.5,1.168,594.7664804469274,0.675,0.04623287671232877,0.421875,2.083333333333333,3.3333333333333335,12.0
40.0,Male,87.9,1.87,196.0,134.0,54.0,1.96,1445.0,Strength,3.5,5.0,3.0,25.14,40-49,80-99,overweight,142.0,0.5633802816901409,1.1042253521126761,5.521126760563381,10.783582089552239,737.2448979591837,16.4391353811149,415.3492382868641,47.00534759358289,1005.6,2.1975000000000002,1181.7144385026738,0.7,0.03981797497155859,0.35714285714285715,1.6901408450704225,3.312676056338028,15.0
30.0,Female,61.6,1.52,178.0,138.0,71.0,1.78,1228.0,Cardio,2.7,4.0,3.0,26.66,30-39,60-79,overweight,107.0,0.6261682242990654,1.1145794392523365,4.458317757009346,8.898550724637682,689.8876404494382,19.935064935064936,431.9857187860968,40.526315789473685,799.8,2.0533333333333332,1080.4315789473685,0.675,0.04383116883116883,0.37921348314606745,1.8785046728971961,3.3437383177570092,12.0
40.0,Female,55.1,1.61,184.0,158.0,64.0,1.55,1224.0,Yoga,2.7,4.0,3.0,21.26,40-49,40-59,healthy,120.0,0.7833333333333333,1.2141666666666666,4.8566666666666665,7.746835443037975,789.6774193548387,22.21415607985481,618.5806451612902,34.223602484472046,850.4000000000001,1.3775,727.5937888198758,0.675,0.04900181488203267,0.43548387096774194,2.35,3.6425,12.0
22.0,Female,40.3,1.56,192.0,121.0,57.0,1.45,877.0,HIIT,2.1,4.0,2.0,16.56,0-29,40-59,under weight,135.0,0.4740740740740741,0.6874074074074075,2.74962962962963,7.24793388429752,604.8275862068966,21.76178660049628,286.73307790549177,25.833333333333332,364.32,1.8318181818181818,427.79999999999995,0.525,0.05210918114143921,0.3620689655172414,0.9481481481481482,1.374814814814815,8.0
20.0,Male,111.0,1.94,170.0,156.0,50.0,1.02,875.0,Cardio,3.3,4.0,2.0,29.49,0-29,100-130,overweight,120.0,0.8833333333333333,0.901,3.604,5.608974358974359,857.843137254902,7.882882882882883,757.7614379084968,57.21649484536083,589.8,5.55,1687.3144329896907,0.825,0.029729729729729728,0.8088235294117646,1.7666666666666666,1.802,8.0
50.0,Female,66.3,1.57,192.0,132.0,73.0,1.25,742.0,HIIT,1.6,2.0,1.0,26.9,50-100,60-79,overweight,119.0,0.4957983193277311,0.6197478991596639,1.2394957983193278,5.621212121212121,593.6,11.191553544494722,294.3058823529412,42.22929936305732,1345.0,1.3259999999999998,1135.9681528662418,0.8,0.024132730015082957,0.64,0.4957983193277311,0.6197478991596639,2.0
19.0,Male,127.9,1.93,185.0,168.0,70.0,1.27,1173.0,Strength,3.0,4.0,2.0,34.34,0-29,100-130,obesity,115.0,0.8521739130434782,1.0822608695652174,4.3290434782608695,6.982142857142857,923.6220472440945,9.171227521501173,787.0866141732283,66.26943005181347,652.46,6.731578947368422,2275.692227979275,0.75,0.023455824863174355,0.5905511811023622,1.7043478260869565,2.1645217391304348,8.0
29.0,Male,81.7,1.99,162.0,126.0,54.0,1.45,1005.0,Strength,3.2,2.0,1.0,20.63,0-29,80-99,healthy,108.0,0.6666666666666666,0.9666666666666666,1.9333333333333331,7.976190476190476,693.1034482758621,12.30110159118727,462.0689655172414,41.05527638190955,598.27,2.817241379310345,846.970351758794,1.6,0.039167686658506735,1.103448275862069,0.6666666666666666,0.9666666666666666,2.0
28.0,Female,63.0,1.62,196.0,147.0,55.0,0.68,500.0,Strength,1.9,2.0,1.0,24.01,0-29,60-79,healthy,141.0,0.6524822695035462,0.4436879432624114,0.8873758865248228,3.401360544217687,735.2941176470588,7.936507936507937,479.76637463496036,38.888888888888886,672.2800000000001,2.25,933.7222222222222,0.95,0.030158730158730156,1.3970588235294117,0.6524822695035462,0.4436879432624114,2.0
54.0,Female,43.8,1.65,171.0,129.0,61.0,1.29,749.0,Yoga,1.7,4.0,2.0,16.09,50-100,40-59,under weight,110.0,0.6181818181818182,0.7974545454545454,3.1898181818181817,5.8062015503875966,580.6201550387597,17.100456621004568,358.9288231148696,26.545454545454547,868.86,0.811111111111111,427.11636363636364,0.425,0.03881278538812786,0.32945736434108525,1.2363636363636363,1.5949090909090908,8.0
40.0,Male,51.7,1.82,161.0,160.0,71.0,0.9,792.0,Strength,3.0,3.0,1.0,15.61,40-49,40-59,under weight,90.0,0.9888888888888889,0.89,2.67,4.95,880.0,15.319148936170212,870.2222222222223,28.40659340659341,624.4,1.2925,443.42692307692306,1.0,0.058027079303675046,1.1111111111111112,0.9888888888888889,0.89,3.0
25.0,Male,49.9,1.98,165.0,122.0,68.0,1.15,772.0,Yoga,2.1,3.0,2.0,12.73,0-29,40-59,under weight,97.0,0.5567010309278351,0.6402061855670103,1.9206185567010308,6.327868852459017,671.304347826087,15.470941883767535,373.7158225011206,25.2020202020202,318.25,1.996,320.8217171717172,0.7000000000000001,0.04208416833667335,0.6086956521739132,1.1134020618556701,1.2804123711340205,6.0
30.0,Female,77.9,1.77,166.0,130.0,62.0,1.41,916.0,Cardio,2.6,4.0,2.0,24.87,30-39,60-79,healthy,104.0,0.6538461538461539,0.9219230769230768,3.6876923076923074,7.046153846153846,649.6453900709221,11.758664955070602,424.7681396617567,44.01129943502825,746.1,2.5966666666666667,1094.5610169491526,0.65,0.03337612323491656,0.4609929078014185,1.3076923076923077,1.8438461538461537,8.0
43.0,Female,55.2,1.73,167.0,165.0,62.0,1.67,1240.0,Cardio,2.7,5.0,3.0,18.44,40-49,40-59,under weight,105.0,0.9809523809523809,1.638190476190476,8.19095238095238,7.515151515151516,742.5149700598803,22.463768115942027,728.3718277730254,31.907514450867055,792.9200000000001,1.2837209302325583,588.3745664739886,0.54,0.04891304347826087,0.3233532934131737,2.9428571428571426,4.914571428571428,15.0
58.0,Female,46.1,1.67,187.0,129.0,70.0,1.28,743.0,Yoga,1.8,4.0,2.0,16.53,50-100,40-59,under weight,117.0,0.5042735042735043,0.6454700854700854,2.5818803418803418,5.75968992248062,580.46875,16.117136659436007,292.7150106837607,27.604790419161677,958.74,0.7948275862068965,456.3071856287426,0.45,0.039045553145336226,0.3515625,1.0085470085470085,1.2909401709401709,8.0
24.0,Female,42.0,1.75,174.0,144.0,55.0,0.83,598.0,Strength,2.3,3.0,1.0,13.71,0-29,40-59,under weight,119.0,0.7478991596638656,0.6207563025210083,1.862268907563025,4.152777777777778,720.4819277108434,14.238095238095237,538.8478282879416,24.0,329.04,1.75,329.04,0.7666666666666666,0.054761904761904755,0.9236947791164658,0.7478991596638656,0.6207563025210083,3.0
56.0,Male,125.5,1.8,189.0,131.0,73.0,1.26,817.0,Strength,2.7,4.0,2.0,38.73,50-100,100-130,obesity,116.0,0.5,0.63,2.52,6.236641221374046,648.4126984126984,6.50996015936255,324.2063492063492,69.72222222222221,2168.8799999999997,2.2410714285714284,2700.3416666666667,0.675,0.02151394422310757,0.5357142857142857,1.0,1.26,8.0
30.0,Male,91.4,1.99,171.0,152.0,60.0,1.37,1145.0,HIIT,3.7,3.0,2.0,23.08,30-39,80-99,healthy,111.0,0.8288288288288288,1.1354954954954954,3.4064864864864863,7.532894736842105,835.7664233576642,12.527352297592998,692.7073058459919,45.92964824120603,692.4,3.046666666666667,1060.0562814070352,1.2333333333333334,0.04048140043763676,0.9002433090024331,1.6576576576576576,2.270990990990991,6.0
50.0,Male,96.7,1.72,188.0,125.0,62.0,1.46,903.0,Strength,2.7,3.0,2.0,32.69,50-100,80-99,obesity,126.0,0.5,0.73,2.19,7.224,618.4931506849315,9.338159255429161,309.24657534246575,56.22093023255814,1634.5,1.9340000000000002,1837.8622093023257,0.9,0.027921406411582216,0.6164383561643836,1.0,1.46,6.0
46.0,Male,72.6,1.87,188.0,161.0,64.0,1.31,1044.0,HIIT,3.4,4.0,2.0,20.76,40-49,60-79,healthy,124.0,0.782258064516129,1.024758064516129,4.099032258064516,6.484472049689441,796.9465648854962,14.3801652892562,623.4178773701059,38.8235294117647,954.96,1.5782608695652172,805.9764705882352,0.85,0.046831955922865015,0.648854961832061,1.564516129032258,2.049516129032258,8.0
19.0,Female,46.8,1.63,184.0,128.0,63.0,1.35,864.0,HIIT,1.6,4.0,2.0,17.61,0-29,40-59,under weight,121.0,0.5371900826446281,0.725206611570248,2.900826446280992,6.75,640.0,18.461538461538463,343.80165289256195,28.711656441717793,334.59,2.4631578947368418,505.6122699386503,0.4,0.03418803418803419,0.2962962962962963,1.0743801652892562,1.450413223140496,8.0
25.0,Female,59.4,1.51,185.0,161.0,54.0,1.62,1304.0,Cardio,2.7,5.0,3.0,26.05,0-29,40-59,overweight,131.0,0.816793893129771,1.3232061068702292,6.616030534351146,8.099378881987578,804.9382716049382,21.952861952861955,657.4686645933465,39.33774834437086,651.25,2.376,1024.748344370861,0.54,0.045454545454545456,0.3333333333333333,2.450381679389313,3.969618320610688,15.0
42.0,Female,49.2,1.5,173.0,131.0,63.0,1.15,678.0,HIIT,1.5,3.0,2.0,21.87,40-49,40-59,healthy,110.0,0.6181818181818182,0.7109090909090908,2.1327272727272724,5.175572519083969,589.5652173913044,13.780487804878048,364.45849802371544,32.800000000000004,918.5400000000001,1.1714285714285715,717.3360000000001,0.5,0.03048780487804878,0.4347826086956522,1.2363636363636363,1.4218181818181816,6.0
52.0,Male,65.5,1.74,191.0,138.0,70.0,1.48,1011.0,Strength,2.8,4.0,2.0,21.63,50-100,60-79,healthy,121.0,0.5619834710743802,0.8317355371900826,3.3269421487603306,7.326086956521739,683.1081081081081,15.435114503816793,383.8954657136475,37.64367816091954,1124.76,1.2596153846153846,814.2327586206895,0.7,0.042748091603053436,0.47297297297297297,1.1239669421487604,1.6634710743801653,8.0
30.0,Male,101.0,1.68,182.0,134.0,61.0,1.46,1076.0,Strength,2.9,4.0,2.0,35.79,30-39,100-130,obesity,121.0,0.6033057851239669,0.8808264462809917,3.523305785123967,8.029850746268657,736.986301369863,10.653465346534654,444.6280991735537,60.11904761904762,1073.7,3.3666666666666667,2151.660714285714,0.725,0.02871287128712871,0.4965753424657534,1.2066115702479339,1.7616528925619834,8.0
19.0,Female,69.2,1.6,186.0,155.0,74.0,1.17,907.0,Cardio,1.6,3.0,1.0,27.03,0-29,60-79,overweight,112.0,0.7232142857142857,0.8461607142857143,2.5384821428571427,5.851612903225806,775.2136752136753,13.10693641618497,560.6456043956044,43.25,513.57,3.642105263157895,1169.0475,0.5333333333333333,0.023121387283236993,0.45584045584045585,0.7232142857142857,0.8461607142857143,3.0
19.0,Female,59.1,1.57,184.0,162.0,50.0,1.65,1336.0,Cardio,2.7,5.0,3.0,23.98,0-29,40-59,healthy,134.0,0.835820895522388,1.37910447761194,6.8955223880597005,8.246913580246913,809.6969696969697,22.60575296108291,676.7616463138851,37.64331210191083,455.62,3.110526315789474,902.6866242038217,0.54,0.045685279187817264,0.3272727272727273,2.5074626865671643,4.13731343283582,15.0
36.0,Female,57.7,1.77,176.0,147.0,63.0,1.65,1213.0,Strength,2.7,4.0,3.0,18.42,30-39,40-59,under weight,113.0,0.7433628318584071,1.2265486725663717,4.906194690265487,8.251700680272108,735.1515151515152,21.022530329289427,546.4843121480291,32.59887005649718,663.1200000000001,1.6027777777777779,600.471186440678,0.675,0.04679376083188908,0.4090909090909091,2.230088495575221,3.679646017699115,12.0
25.0,Female,77.7,1.55,184.0,120.0,52.0,0.55,330.0,Yoga,1.7,2.0,1.0,32.34,0-29,60-79,obesity,132.0,0.5151515151515151,0.2833333333333333,0.5666666666666667,2.75,600.0,4.247104247104247,309.09090909090907,50.12903225806452,808.5000000000001,3.108,1621.1729032258065,0.85,0.021879021879021878,1.5454545454545452,0.5151515151515151,0.2833333333333333,2.0
29.0,Female,75.6,1.8,175.0,149.0,57.0,1.31,976.0,Yoga,1.9,4.0,2.0,23.33,0-29,60-79,healthy,118.0,0.7796610169491526,1.0213559322033898,4.085423728813559,6.550335570469799,745.0381679389312,12.910052910052912,580.8772156812006,41.99999999999999,676.5699999999999,2.606896551724138,979.8599999999999,0.475,0.025132275132275134,0.36259541984732824,1.5593220338983051,2.0427118644067797,8.0
35.0,Female,78.9,1.64,196.0,164.0,70.0,1.28,1050.0,Cardio,2.6,4.0,2.0,29.34,30-39,60-79,overweight,126.0,0.746031746031746,0.954920634920635,3.81968253968254,6.402439024390244,820.3125,13.307984790874524,611.9791666666666,48.10975609756098,1026.9,2.2542857142857144,1411.540243902439,0.65,0.032953105196451206,0.5078125,1.492063492063492,1.90984126984127,8.0
27.0,Male,76.7,1.7,196.0,150.0,56.0,0.96,792.0,HIIT,2.1,3.0,1.0,26.54,0-29,60-79,overweight,140.0,0.6714285714285714,0.6445714285714285,1.9337142857142853,5.28,825.0,10.325945241199479,553.9285714285713,45.11764705882353,716.5799999999999,2.840740740740741,1197.4223529411765,0.7000000000000001,0.027379400260756193,0.7291666666666667,0.6714285714285714,0.6445714285714285,3.0
19.0,Male,56.9,1.87,178.0,138.0,70.0,0.61,463.0,Cardio,3.7,3.0,1.0,16.27,0-29,40-59,under weight,108.0,0.6296296296296297,0.38407407407407407,1.1522222222222223,3.3550724637681157,759.016393442623,8.137082601054482,477.89921068609596,30.427807486631014,309.13,2.994736842105263,495.0604278074866,1.2333333333333334,0.06502636203866433,2.021857923497268,0.6296296296296297,0.38407407407407407,3.0
54.0,Female,70.7,1.57,198.0,163.0,65.0,1.14,836.0,Cardio,2.1,3.0,1.0,28.68,50-100,60-79,overweight,133.0,0.7368421052631579,0.8399999999999999,2.5199999999999996,5.128834355828221,733.3333333333334,11.824611032531823,540.3508771929825,45.031847133757964,1548.72,1.3092592592592593,1291.5133757961785,0.7000000000000001,0.0297029702970297,0.6140350877192984,0.7368421052631579,0.8399999999999999,3.0
36.0,Female,48.7,1.68,194.0,144.0,56.0,1.23,886.0,Yoga,1.6,3.0,1.0,17.25,30-39,40-59,under weight,138.0,0.6376811594202898,0.7843478260869564,2.353043478260869,6.152777777777778,720.3252032520326,18.19301848049281,459.33781076941204,28.98809523809524,621.0,1.3527777777777779,500.0446428571429,0.5333333333333333,0.03285420944558522,0.43360433604336046,0.6376811594202898,0.7843478260869564,3.0
18.0,Female,54.8,1.68,176.0,158.0,71.0,1.27,1003.0,Strength,2.2,4.0,2.0,19.42,0-29,40-59,healthy,105.0,0.8285714285714286,1.0522857142857143,4.209142857142857,6.348101265822785,789.763779527559,18.302919708029197,654.3757030371204,32.61904761904762,349.56000000000006,3.0444444444444443,633.4619047619049,0.55,0.04014598540145986,0.4330708661417323,1.6571428571428573,2.1045714285714285,8.0
18.0,Female,60.9,1.79,191.0,126.0,69.0,1.11,699.0,Cardio,2.1,2.0,1.0,19.01,0-29,60-79,healthy,122.0,0.4672131147540984,0.5186065573770492,1.0372131147540984,5.5476190476190474,629.7297297297297,11.47783251231527,294.21798848028357,34.022346368715084,342.18,3.3833333333333333,646.7648044692737,1.05,0.034482758620689655,0.9459459459459459,0.4672131147540984,0.5186065573770492,2.0
43.0,Male,76.8,1.92,192.0,161.0,50.0,1.24,988.0,Yoga,2.5,3.0,1.0,20.83,40-49,60-79,healthy,142.0,0.7816901408450704,0.9692957746478873,2.907887323943662,6.136645962732919,796.7741935483871,12.864583333333334,622.830531576556,40.0,895.6899999999999,1.786046511627907,833.1999999999999,0.8333333333333334,0.032552083333333336,0.6720430107526882,0.7816901408450704,0.9692957746478873,3.0
44.0,Female,69.5,1.75,192.0,155.0,69.0,1.02,711.0,HIIT,2.1,3.0,1.0,22.69,40-49,60-79,healthy,123.0,0.6991869918699187,0.7131707317073172,2.1395121951219513,4.587096774193548,697.0588235294117,10.23021582733813,487.3744619799139,39.714285714285715,998.36,1.5795454545454546,901.117142857143,0.7000000000000001,0.030215827338129497,0.6862745098039216,0.6991869918699187,0.7131707317073172,3.0
36.0,Male,112.4,1.63,164.0,135.0,58.0,1.02,757.0,Cardio,3.4,4.0,2.0,42.3,30-39,100-130,sever obesity,106.0,0.7264150943396226,0.740943396226415,2.96377358490566,5.607407407407408,742.156862745098,6.734875444839857,539.1139474657787,68.95705521472394,1522.8,3.1222222222222222,2916.883435582822,0.85,0.030249110320284694,0.8333333333333333,1.4528301886792452,1.48188679245283,8.0
26.0,Male,127.6,1.73,167.0,160.0,62.0,1.32,1162.0,Strength,2.9,3.0,1.0,42.63,0-29,100-130,sever obesity,105.0,0.9333333333333333,1.232,3.6959999999999997,7.2625,880.3030303030303,9.106583072100314,821.6161616161615,73.757225433526,1108.38,4.907692307692307,3144.2705202312136,0.9666666666666667,0.022727272727272728,0.7323232323232323,0.9333333333333333,1.232,3.0
52.0,Female,65.9,1.52,188.0,139.0,53.0,1.27,794.0,Cardio,2.3,4.0,2.0,28.52,50-100,60-79,overweight,135.0,0.6370370370370371,0.8090370370370371,3.2361481481481484,5.712230215827338,625.1968503937007,12.048558421851288,398.2735491396909,43.35526315789474,1483.04,1.2673076923076925,1236.492105263158,0.575,0.034901365705614563,0.452755905511811,1.2740740740740741,1.6180740740740742,8.0
59.0,Male,89.4,1.72,188.0,152.0,67.0,1.08,813.0,Yoga,3.2,3.0,1.0,30.22,50-100,80-99,obesity,121.0,0.7024793388429752,0.7586776859504133,2.2760330578512398,5.348684210526316,752.7777777777777,9.093959731543624,528.8108356290174,51.97674418604652,1782.98,1.5152542372881357,1570.7372093023257,1.0666666666666667,0.035794183445190156,0.9876543209876543,0.7024793388429752,0.7586776859504133,3.0
35.0,Male,59.2,1.66,197.0,161.0,59.0,1.3,1151.0,Strength,3.2,3.0,1.0,21.48,30-39,40-59,healthy,138.0,0.7391304347826086,0.9608695652173913,2.882608695652174,7.149068322981367,885.3846153846154,19.442567567567565,654.4147157190635,35.66265060240964,751.8000000000001,1.6914285714285715,766.033734939759,1.0666666666666667,0.05405405405405406,0.8205128205128205,0.7391304347826086,0.9608695652173913,3.0
28.0,Female,56.0,1.5,193.0,128.0,56.0,1.94,1242.0,Strength,2.7,5.0,3.0,24.89,0-29,40-59,healthy,137.0,0.5255474452554745,1.0195620437956205,5.097810218978102,9.703125,640.2061855670104,22.178571428571427,336.4587252614945,37.333333333333336,696.9200000000001,2.0,929.2266666666668,0.54,0.048214285714285716,0.27835051546391754,1.5766423357664234,3.0586861313868616,15.0
59.0,Male,126.4,1.69,168.0,149.0,68.0,1.24,915.0,Strength,2.9,3.0,1.0,44.26,50-100,100-130,sever obesity,100.0,0.81,1.0044,3.0132,6.140939597315437,737.9032258064516,7.238924050632911,597.7016129032259,74.79289940828403,2611.3399999999997,2.142372881355932,3310.333727810651,0.9666666666666667,0.02294303797468354,0.7795698924731183,0.81,1.0044,3.0
20.0,Female,44.2,1.61,177.0,122.0,69.0,1.08,659.0,HIIT,2.5,2.0,1.0,17.05,0-29,40-59,under weight,108.0,0.49074074074074076,0.53,1.06,5.401639344262295,610.1851851851851,14.909502262443437,299.44272976680384,27.453416149068325,341.0,2.21,468.08074534161494,1.25,0.05656108597285067,1.1574074074074074,0.49074074074074076,0.53,2.0
28.0,Female,72.9,1.67,197.0,147.0,74.0,1.13,831.0,Cardio,2.2,3.0,2.0,26.14,0-29,60-79,overweight,123.0,0.5934959349593496,0.6706504065040649,2.011951219512195,5.653061224489796,735.3982300884957,11.399176954732509,436.4558601338226,43.65269461077845,731.9200000000001,2.6035714285714286,1141.0814371257486,0.7333333333333334,0.03017832647462277,0.648967551622419,1.1869918699186992,1.3413008130081299,6.0
21.0,Male,110.7,1.69,193.0,133.0,59.0,1.06,775.0,Yoga,2.7,3.0,1.0,38.76,0-29,100-130,obesity,134.0,0.5522388059701493,0.5853731343283582,1.7561194029850746,5.827067669172933,731.132075471698,7.000903342366757,403.7595043649676,65.50295857988166,813.9599999999999,5.271428571428571,2538.894674556213,0.9,0.024390243902439025,0.8490566037735849,0.5522388059701493,0.5853731343283582,3.0
59.0,Female,54.6,1.57,164.0,169.0,64.0,0.58,441.0,Cardio,2.3,3.0,1.0,22.15,50-100,40-59,healthy,100.0,1.05,0.609,1.827,2.6094674556213016,760.344827586207,8.076923076923077,798.3620689655173,34.77707006369427,1306.85,0.9254237288135594,770.3121019108279,0.7666666666666666,0.04212454212454212,1.3218390804597702,1.05,0.609,3.0
18.0,Female,65.3,1.55,184.0,161.0,59.0,1.42,1143.0,Yoga,2.2,3.0,2.0,27.18,0-29,60-79,overweight,125.0,0.816,1.15872,3.47616,7.099378881987578,804.9295774647887,17.50382848392037,656.8225352112676,42.12903225806451,489.24,3.6277777777777778,1145.0670967741935,0.7333333333333334,0.033690658499234305,0.5164319248826291,1.632,2.31744,6.0
43.0,Male,102.6,1.72,190.0,147.0,58.0,0.82,597.0,Strength,2.0,2.0,1.0,34.68,40-49,100-130,obesity,132.0,0.6742424242424242,0.5528787878787879,1.1057575757575757,4.061224489795919,728.048780487805,5.818713450292398,490.88137472283813,59.651162790697676,1491.24,2.386046511627907,2068.702325581395,1.0,0.019493177387914232,1.2195121951219512,0.6742424242424242,0.5528787878787879,2.0
23.0,Female,64.5,1.7,187.0,125.0,72.0,0.51,319.0,Cardio,1.7,2.0,1.0,22.32,0-29,60-79,healthy,115.0,0.4608695652173913,0.23504347826086958,0.47008695652173915,2.552,625.4901960784314,4.945736434108527,288.2693947144075,37.94117647058824,513.36,2.8043478260869565,846.8470588235294,0.85,0.02635658914728682,1.6666666666666665,0.4608695652173913,0.23504347826086958,2.0
44.0,Male,124.8,1.85,175.0,126.0,69.0,1.35,842.0,Strength,3.5,4.0,2.0,36.46,40-49,100-130,obesity,106.0,0.5377358490566038,0.7259433962264151,2.9037735849056605,6.682539682539683,623.7037037037037,6.746794871794872,335.38784067085953,67.45945945945945,1604.24,2.8363636363636364,2459.5718918918915,0.875,0.028044871794871796,0.6481481481481481,1.0754716981132075,1.4518867924528303,8.0
18.0,Male,64.5,1.82,187.0,149.0,52.0,1.2,983.0,HIIT,2.4,3.0,2.0,19.47,0-29,60-79,healthy,135.0,0.7185185185185186,0.8622222222222222,2.586666666666667,6.597315436241611,819.1666666666667,15.24031007751938,588.5864197530865,35.43956043956044,350.46,3.5833333333333335,690.0082417582416,0.7999999999999999,0.037209302325581395,0.6666666666666666,1.4370370370370371,1.7244444444444444,6.0
50.0,Female,69.7,1.72,198.0,135.0,66.0,1.24,753.0,Strength,2.0,4.0,2.0,23.56,50-100,60-79,healthy,132.0,0.5227272727272727,0.6481818181818182,2.5927272727272728,5.5777777777777775,607.258064516129,10.803443328550932,317.43035190615836,40.52325581395349,1178.0,1.3940000000000001,954.7279069767443,0.5,0.028694404591104734,0.40322580645161293,1.0454545454545454,1.2963636363636364,8.0
59.0,Female,70.7,1.68,192.0,121.0,66.0,1.17,637.0,Cardio,1.9,3.0,2.0,25.05,50-100,60-79,overweight,126.0,0.4365079365079365,0.5107142857142857,1.532142857142857,5.264462809917355,544.4444444444445,9.009900990099009,237.65432098765433,42.083333333333336,1477.95,1.1983050847457628,1054.1875,0.6333333333333333,0.026874115983026872,0.5413105413105413,0.873015873015873,1.0214285714285714,6.0
20.0,Female,71.3,1.58,167.0,167.0,54.0,1.07,893.0,HIIT,1.5,3.0,2.0,28.56,0-29,60-79,overweight,113.0,1.0,1.07,3.21,5.347305389221557,834.5794392523364,12.524544179523142,834.5794392523364,45.12658227848101,571.1999999999999,3.565,1288.8151898734175,0.5,0.021037868162692847,0.4672897196261682,2.0,2.14,6.0
28.0,Male,87.0,1.76,197.0,121.0,60.0,1.2,799.0,Yoga,3.5,3.0,2.0,28.09,0-29,80-99,overweight,137.0,0.44525547445255476,0.5343065693430656,1.602919708029197,6.603305785123967,665.8333333333334,9.183908045977011,296.4659367396594,49.43181818181818,786.52,3.107142857142857,1388.5397727272727,1.1666666666666667,0.040229885057471264,0.9722222222222223,0.8905109489051095,1.0686131386861313,6.0
54.0,Female,66.9,1.74,195.0,129.0,62.0,1.24,720.0,HIIT,2.1,2.0,1.0,22.1,50-100,60-79,healthy,133.0,0.5037593984962406,0.6246616541353384,1.2493233082706767,5.5813953488372094,580.6451612903226,10.762331838565022,292.5054571913655,38.44827586206897,1193.4,1.238888888888889,849.7068965517243,1.05,0.03139013452914798,0.8467741935483871,0.5037593984962406,0.6246616541353384,2.0
45.0,Female,50.4,1.79,182.0,130.0,59.0,0.74,433.0,Cardio,2.5,2.0,1.0,15.73,40-49,40-59,under weight,123.0,0.5772357723577236,0.4271544715447155,0.854308943089431,3.330769230769231,585.1351351351351,8.591269841269842,337.7609316633707,28.156424581005584,707.85,1.1199999999999999,442.9005586592179,1.25,0.04960317460317461,1.6891891891891893,0.5772357723577236,0.4271544715447155,2.0
18.0,Female,62.0,1.59,190.0,162.0,50.0,1.23,996.0,Strength,2.2,4.0,2.0,24.52,0-29,60-79,healthy,140.0,0.8,0.984,3.936,6.148148148148148,809.7560975609756,16.06451612903226,647.8048780487806,38.9937106918239,441.36,3.4444444444444446,956.125786163522,0.55,0.035483870967741936,0.4471544715447155,1.6,1.968,8.0
45.0,Male,79.2,1.95,189.0,135.0,69.0,1.47,982.0,Yoga,2.8,3.0,2.0,20.83,40-49,60-79,healthy,120.0,0.55,0.8085,2.4255,7.274074074074074,668.0272108843537,12.398989898989898,367.4149659863946,40.61538461538462,937.3499999999999,1.76,846.0184615384615,0.9333333333333332,0.03535353535353535,0.6349206349206349,1.1,1.617,6.0
58.0,Female,56.5,1.7,170.0,122.0,57.0,0.74,406.0,Yoga,2.7,2.0,1.0,19.55,50-100,40-59,healthy,113.0,0.5752212389380531,0.42566371681415927,0.8513274336283185,3.3278688524590163,548.6486486486486,7.185840707964601,315.5943554173643,33.23529411764706,1133.9,0.9741379310344828,649.75,1.35,0.04778761061946903,1.8243243243243246,0.5752212389380531,0.42566371681415927,2.0
43.0,Female,48.4,1.61,190.0,127.0,69.0,1.28,732.0,Cardio,2.4,2.0,1.0,18.67,40-49,40-59,healthy,121.0,0.4793388429752066,0.6135537190082645,1.227107438016529,5.7637795275590555,571.875,15.12396694214876,274.1219008264463,30.062111801242235,802.8100000000001,1.1255813953488372,561.2596273291925,1.2,0.049586776859504134,0.9375,0.4793388429752066,0.6135537190082645,2.0
38.0,Male,46.1,1.79,188.0,158.0,68.0,0.64,556.0,Strength,2.8,3.0,1.0,14.39,30-39,40-59,under weight,120.0,0.75,0.48,1.44,3.518987341772152,868.75,12.060737527114966,651.5625,25.75418994413408,546.82,1.2131578947368422,370.6027932960894,0.9333333333333332,0.06073752711496746,1.4583333333333333,0.75,0.48,3.0
39.0,Male,71.7,1.88,198.0,147.0,51.0,0.55,445.0,Cardio,2.2,2.0,1.0,20.29,30-39,60-79,healthy,147.0,0.6530612244897959,0.35918367346938773,0.7183673469387755,3.0272108843537415,809.090909090909,6.206415620641562,528.3858998144711,38.13829787234043,791.31,1.8384615384615386,773.8260638297872,1.1,0.030683403068340307,2.0,0.6530612244897959,0.35918367346938773,2.0
30.0,Female,51.5,1.74,174.0,150.0,64.0,1.08,810.0,Strength,2.0,3.0,2.0,17.01,30-39,40-59,under weight,110.0,0.7818181818181819,0.8443636363636364,2.5330909090909093,5.4,750.0,15.728155339805825,586.3636363636364,29.597701149425287,510.30000000000007,1.7166666666666666,503.4568965517242,0.6666666666666666,0.038834951456310676,0.6172839506172839,1.5636363636363637,1.6887272727272729,6.0
30.0,Male,90.0,1.66,165.0,152.0,71.0,1.32,1104.0,Cardio,2.1,4.0,2.0,32.66,30-39,80-99,obesity,94.0,0.8617021276595744,1.1374468085106384,4.549787234042554,7.2631578947368425,836.3636363636364,12.266666666666667,720.6963249516441,54.21686746987952,979.8,3.0,1770.722891566265,0.525,0.023333333333333334,0.3977272727272727,1.7234042553191489,2.274893617021277,8.0
33.0,Female,53.7,1.66,191.0,129.0,72.0,1.25,806.0,HIIT,2.5,3.0,1.0,19.49,30-39,40-59,healthy,119.0,0.4789915966386555,0.5987394957983193,1.7962184873949578,6.248062015503876,644.8,15.009310986964618,308.85378151260505,32.34939759036145,643.17,1.6272727272727274,630.4897590361446,0.8333333333333334,0.04655493482309125,0.6666666666666667,0.4789915966386555,0.5987394957983193,3.0
37.0,Male,87.8,1.69,183.0,158.0,69.0,1.81,1573.0,HIIT,3.5,5.0,3.0,30.74,30-39,80-99,obesity,114.0,0.7807017543859649,1.4130701754385966,7.065350877192983,9.955696202531646,869.060773480663,17.915717539863326,678.4772705243772,51.95266272189349,1137.3799999999999,2.3729729729729727,1597.0248520710059,0.7,0.03986332574031891,0.38674033149171266,2.3421052631578947,4.23921052631579,15.0
26.0,Male,76.4,1.79,177.0,156.0,73.0,1.17,1004.0,Strength,2.7,3.0,2.0,23.84,0-29,60-79,healthy,104.0,0.7980769230769231,0.93375,2.80125,6.435897435897436,858.1196581196582,13.141361256544501,684.845496383958,42.68156424581006,619.84,2.9384615384615387,1017.5284916201118,0.9,0.03534031413612566,0.7692307692307693,1.5961538461538463,1.8675,6.0
50.0,Female,73.6,1.55,183.0,145.0,74.0,0.89,581.0,HIIT,2.1,3.0,1.0,30.63,50-100,60-79,obesity,109.0,0.6513761467889908,0.5797247706422018,1.7391743119266057,4.006896551724138,652.8089887640449,7.8940217391304355,425.22420369034114,47.48387096774193,1531.5,1.472,1454.4309677419353,0.7000000000000001,0.028532608695652176,0.7865168539325843,0.6513761467889908,0.5797247706422018,3.0
34.0,Male,75.7,1.94,181.0,141.0,72.0,1.18,915.0,Strength,2.4,4.0,2.0,20.11,30-39,60-79,healthy,109.0,0.6330275229357798,0.7469724770642201,2.9878899082568804,6.48936170212766,775.4237288135594,12.087186261558784,490.86456227647335,39.02061855670103,683.74,2.226470588235294,784.7046391752577,0.6,0.031704095112285335,0.5084745762711864,1.2660550458715596,1.4939449541284402,8.0
45.0,Female,59.4,1.51,169.0,142.0,65.0,1.15,735.0,Strength,1.9,4.0,2.0,26.05,40-49,40-59,overweight,104.0,0.7403846153846154,0.8514423076923077,3.4057692307692307,5.176056338028169,639.1304347826087,12.373737373737374,473.2023411371238,39.33774834437086,1172.25,1.32,1024.748344370861,0.475,0.03198653198653199,0.41304347826086957,1.4807692307692308,1.7028846153846153,8.0
35.0,Male,62.8,1.63,184.0,160.0,63.0,1.41,1241.0,Cardio,3.7,4.0,2.0,23.64,30-39,60-79,healthy,121.0,0.8016528925619835,1.1303305785123967,4.521322314049587,7.75625,880.1418439716313,19.761146496815286,705.5682550846961,38.52760736196319,827.4,1.7942857142857143,910.7926380368098,0.925,0.05891719745222931,0.6560283687943264,1.603305785123967,2.2606611570247934,8.0
32.0,Male,65.2,1.62,186.0,128.0,63.0,0.58,408.0,Cardio,3.4,2.0,1.0,24.84,30-39,60-79,healthy,123.0,0.5284552845528455,0.30650406504065036,0.6130081300813007,3.1875,703.4482758620691,6.257668711656441,371.7409587888983,40.24691358024691,794.88,2.0375,999.7333333333332,1.7,0.05214723926380368,2.931034482758621,0.5284552845528455,0.30650406504065036,2.0
56.0,Female,67.7,1.58,189.0,142.0,52.0,1.45,927.0,Strength,1.9,2.0,1.0,27.12,50-100,60-79,overweight,137.0,0.656934306569343,0.9525547445255473,1.9051094890510947,6.528169014084507,639.3103448275863,13.692762186115214,419.984898061918,42.848101265822784,1518.72,1.2089285714285716,1162.040506329114,0.95,0.028064992614475624,0.6551724137931034,0.656934306569343,0.9525547445255473,2.0
22.0,Male,102.1,1.85,190.0,157.0,67.0,1.48,1278.0,Cardio,2.4,4.0,2.0,29.83,0-29,100-130,overweight,123.0,0.7317073170731707,1.0829268292682928,4.331707317073171,8.140127388535031,863.5135135135135,12.517140058765916,631.8391562294001,55.189189189189186,656.26,4.640909090909091,1646.2935135135133,0.6,0.023506366307541625,0.4054054054054054,1.4634146341463414,2.1658536585365855,8.0
30.0,Female,60.6,1.55,172.0,120.0,52.0,1.3,780.0,Strength,1.6,3.0,2.0,25.22,30-39,60-79,overweight,120.0,0.5666666666666667,0.7366666666666667,2.21,6.5,600.0,12.87128712871287,340.0,39.096774193548384,756.5999999999999,2.02,986.0206451612902,0.5333333333333333,0.026402640264026403,0.41025641025641024,1.1333333333333333,1.4733333333333334,6.0
25.0,Male,88.1,1.95,182.0,131.0,68.0,1.41,1016.0,Cardio,3.0,2.0,1.0,23.17,0-29,80-99,healthy,114.0,0.5526315789473685,0.7792105263157895,1.558421052631579,7.755725190839694,720.5673758865248,11.532349602724178,398.2082866741322,45.179487179487175,579.25,3.5239999999999996,1046.808717948718,1.5,0.0340522133938706,1.0638297872340425,0.5526315789473685,0.7792105263157895,2.0
54.0,Female,50.2,1.61,188.0,157.0,67.0,1.48,1046.0,HIIT,2.7,2.0,1.0,19.37,50-100,40-59,healthy,121.0,0.743801652892562,1.1008264462809916,2.201652892561983,6.662420382165605,706.7567567567568,20.83665338645418,525.686843868662,31.180124223602483,1045.98,0.9296296296296297,603.9590062111802,1.35,0.053784860557768925,0.9121621621621623,0.743801652892562,1.1008264462809916,2.0
44.0,Male,86.6,1.97,197.0,167.0,50.0,1.66,1372.0,Yoga,3.5,5.0,3.0,22.31,40-49,80-99,healthy,147.0,0.7959183673469388,1.3212244897959182,6.606122448979591,8.215568862275449,826.5060240963855,15.84295612009238,657.8313253012049,43.95939086294416,981.64,1.968181818181818,980.7340101522842,0.7,0.04041570438799077,0.4216867469879518,2.387755102040816,3.9636734693877544,15.0
55.0,Male,75.6,1.71,173.0,130.0,57.0,1.03,663.0,Strength,2.0,4.0,2.0,25.85,50-100,60-79,overweight,116.0,0.6293103448275862,0.6481896551724138,2.592758620689655,5.1,643.6893203883495,8.76984126984127,405.0803481754268,44.21052631578947,1421.75,1.3745454545454545,1142.842105263158,0.5,0.026455026455026457,0.4854368932038835,1.2586206896551724,1.2963793103448276,8.0
47.0,Female,58.5,1.79,195.0,131.0,71.0,1.42,837.0,Yoga,2.4,4.0,2.0,18.26,40-49,40-59,under weight,124.0,0.4838709677419355,0.6870967741935484,2.7483870967741937,6.3893129770992365,589.4366197183099,14.307692307692308,285.21126760563385,32.68156424581006,858.22,1.2446808510638299,596.7653631284916,0.6,0.041025641025641026,0.4225352112676056,0.967741935483871,1.3741935483870968,8.0
59.0,Male,53.9,1.75,168.0,135.0,69.0,1.48,989.0,Strength,2.8,4.0,2.0,17.6,50-100,40-59,under weight,99.0,0.6666666666666666,0.9866666666666666,3.9466666666666663,7.325925925925926,668.2432432432432,18.34879406307978,445.49549549549545,30.8,1038.4,0.9135593220338983,542.08,0.7,0.051948051948051945,0.47297297297297297,1.3333333333333333,1.9733333333333332,8.0
57.0,Male,96.3,1.86,168.0,146.0,74.0,1.1,795.0,Strength,2.2,3.0,2.0,27.84,50-100,80-99,overweight,94.0,0.7659574468085106,0.8425531914893618,2.5276595744680854,5.445205479452055,722.7272727272726,8.255451713395638,553.5783365570599,51.77419354838709,1586.8799999999999,1.6894736842105262,1441.3935483870966,0.7333333333333334,0.022845275181723784,0.6666666666666666,1.5319148936170213,1.6851063829787236,6.0
28.0,Male,76.3,1.62,161.0,162.0,70.0,1.16,1034.0,Strength,2.3,3.0,2.0,29.07,0-29,60-79,overweight,91.0,1.010989010989011,1.1727472527472527,3.518241758241758,6.382716049382716,891.3793103448277,13.551769331585845,901.174687381584,47.09876543209876,813.96,2.725,1369.1611111111108,0.7666666666666666,0.030144167758846655,0.6609195402298851,2.021978021978022,2.3454945054945053,6.0
26.0,Female,54.2,1.65,172.0,120.0,58.0,1.07,642.0,Cardio,1.9,4.0,2.0,19.91,0-29,40-59,healthy,114.0,0.543859649122807,0.5819298245614035,2.327719298245614,5.35,600.0,11.8450184501845,326.3157894736842,32.84848484848485,517.66,2.0846153846153848,654.0133333333334,0.475,0.03505535055350553,0.44392523364485975,1.087719298245614,1.163859649122807,8.0
22.0,Female,44.8,1.72,166.0,132.0,54.0,1.48,977.0,Cardio,1.8,4.0,2.0,15.14,0-29,40-59,under weight,112.0,0.6964285714285714,1.0307142857142857,4.122857142857143,7.401515151515151,660.1351351351351,21.808035714285715,459.7369691119691,26.046511627906977,333.08000000000004,2.036363636363636,394.3441860465116,0.45,0.04017857142857143,0.30405405405405406,1.3928571428571428,2.0614285714285714,8.0
23.0,Female,71.4,1.72,164.0,169.0,74.0,1.25,1056.0,Strength,1.5,2.0,1.0,24.13,0-29,60-79,healthy,90.0,1.0555555555555556,1.3194444444444444,2.638888888888889,6.2485207100591715,844.8,14.789915966386554,891.7333333333333,41.51162790697675,554.99,3.104347826086957,1001.6755813953489,0.75,0.021008403361344536,0.6,1.0555555555555556,1.3194444444444444,2.0
39.0,Male,93.4,1.7,191.0,155.0,50.0,1.1,938.0,Strength,2.5,4.0,2.0,32.32,30-39,80-99,obesity,141.0,0.7446808510638298,0.8191489361702128,3.276595744680851,6.051612903225807,852.7272727272726,10.042826552462525,635.0096711798839,54.94117647058824,1260.48,2.394871794871795,1775.6988235294118,0.625,0.026766595289079226,0.5681818181818181,1.4893617021276595,1.6382978723404256,8.0
22.0,Female,50.7,1.59,197.0,139.0,66.0,1.27,883.0,Strength,1.8,3.0,2.0,20.05,0-29,40-59,healthy,131.0,0.5572519083969466,0.7077099236641222,2.1231297709923664,6.35251798561151,695.275590551181,17.416173570019723,387.4436496964597,31.88679245283019,441.1,2.3045454545454547,639.3301886792453,0.6,0.03550295857988166,0.47244094488188976,1.1145038167938932,1.4154198473282444,6.0
22.0,Female,58.3,1.72,173.0,128.0,63.0,1.0,640.0,Yoga,1.6,3.0,2.0,19.71,0-29,40-59,healthy,110.0,0.5909090909090909,0.5909090909090909,1.772727272727273,5.0,640.0,10.97770154373928,378.1818181818182,33.8953488372093,433.62,2.65,668.0773255813954,0.5333333333333333,0.027444253859348202,0.5333333333333333,1.1818181818181819,1.1818181818181819,6.0
43.0,Male,82.9,1.95,181.0,160.0,70.0,1.9,1505.0,Cardio,3.5,5.0,3.0,21.8,40-49,80-99,healthy,111.0,0.8108108108108109,1.5405405405405406,7.702702702702703,9.40625,792.1052631578948,18.154402895054282,642.2475106685633,42.51282051282052,937.4,1.927906976744186,926.7794871794873,0.7,0.04221954161640531,0.3684210526315789,2.4324324324324325,4.621621621621622,15.0
50.0,Female,42.7,1.53,168.0,155.0,65.0,1.41,983.0,Strength,2.4,4.0,2.0,18.24,50-100,40-59,under weight,103.0,0.8737864077669902,1.2320388349514562,4.928155339805825,6.341935483870968,697.1631205673759,23.021077283372364,609.1716587481925,27.908496732026144,911.9999999999999,0.8540000000000001,509.0509803921568,0.6,0.05620608899297423,0.425531914893617,1.7475728155339805,2.4640776699029123,8.0
40.0,Male,60.2,1.88,183.0,141.0,61.0,1.22,946.0,Cardio,3.0,3.0,2.0,17.03,40-49,60-79,under weight,122.0,0.6557377049180327,0.7999999999999999,2.4,6.709219858156028,775.4098360655738,15.714285714285714,508.4654662725074,32.02127659574469,681.2,1.5050000000000001,545.322340425532,1.0,0.04983388704318937,0.819672131147541,1.3114754098360655,1.5999999999999999,6.0
32.0,Female,70.5,1.62,177.0,122.0,58.0,1.24,756.0,Strength,1.8,2.0,1.0,26.86,30-39,60-79,overweight,119.0,0.5378151260504201,0.6668907563025209,1.3337815126050419,6.19672131147541,609.6774193548387,10.72340425531915,327.89373814041744,43.51851851851852,859.52,2.203125,1168.9074074074072,0.9,0.025531914893617023,0.7258064516129032,0.5378151260504201,0.6668907563025209,2.0
27.0,Male,87.5,1.63,183.0,135.0,74.0,1.75,1299.0,Strength,3.5,5.0,3.0,32.93,0-29,80-99,obesity,109.0,0.5596330275229358,0.9793577981651376,4.896788990825688,9.622222222222222,742.2857142857143,14.845714285714285,415.4076015727392,53.68098159509203,889.11,3.240740740740741,1767.7147239263804,0.7,0.04,0.39999999999999997,1.6788990825688073,2.9380733944954125,15.0
43.0,Female,73.0,1.59,191.0,158.0,67.0,1.31,931.0,Yoga,2.2,3.0,1.0,28.88,40-49,60-79,overweight,124.0,0.7338709677419355,0.9613709677419355,2.8841129032258066,5.8924050632911396,710.6870229007633,12.753424657534246,521.5525732578183,45.91194968553459,1241.84,1.697674418604651,1325.937106918239,0.7333333333333334,0.030136986301369864,0.5597964376590331,0.7338709677419355,0.9613709677419355,3.0
42.0,Male,73.5,1.63,188.0,136.0,68.0,0.52,350.0,Strength,3.2,3.0,1.0,27.66,40-49,60-79,overweight,120.0,0.5666666666666667,0.2946666666666667,0.8840000000000001,2.573529411764706,673.0769230769231,4.761904761904762,381.4102564102564,45.0920245398773,1161.72,1.75,1247.2453987730062,1.0666666666666667,0.0435374149659864,2.051282051282051,0.5666666666666667,0.2946666666666667,3.0
59.0,Male,122.3,1.89,178.0,153.0,51.0,0.66,500.0,Yoga,3.1,3.0,1.0,34.24,50-100,100-130,obesity,127.0,0.8031496062992126,0.5300787401574804,1.5902362204724412,3.2679738562091503,757.5757575757575,4.088307440719542,608.4466714387974,64.70899470899471,2020.16,2.0728813559322035,2215.635978835979,1.0333333333333334,0.025347506132461162,1.5656565656565657,0.8031496062992126,0.5300787401574804,3.0
57.0,Male,96.1,1.74,199.0,144.0,54.0,1.21,862.0,Cardio,2.8,3.0,2.0,31.74,50-100,80-99,obesity,145.0,0.6206896551724138,0.7510344827586207,2.253103448275862,5.986111111111111,712.3966942148761,8.969823100936525,442.17725847819895,55.229885057471265,1809.1799999999998,1.6859649122807017,1752.9965517241376,0.9333333333333332,0.029136316337148804,0.7713498622589531,1.2413793103448276,1.5020689655172415,6.0
24.0,Female,67.7,1.56,177.0,138.0,66.0,1.42,980.0,HIIT,2.1,3.0,2.0,27.82,0-29,60-79,overweight,111.0,0.6486486486486487,0.9210810810810811,2.7632432432432434,7.101449275362318,690.1408450704225,14.47562776957164,447.658926532166,43.3974358974359,667.6800000000001,2.8208333333333333,1207.3166666666666,0.7000000000000001,0.0310192023633678,0.4929577464788733,1.2972972972972974,1.8421621621621622,6.0
51.0,Male,102.6,1.77,193.0,130.0,59.0,1.21,779.0,HIIT,3.4,2.0,1.0,32.75,50-100,100-130,obesity,134.0,0.5298507462686567,0.6411194029850745,1.282238805970149,5.992307692307692,643.801652892562,7.5925925925925934,341.1187862341186,57.96610169491525,1670.25,2.011764705882353,1898.3898305084745,1.7,0.03313840155945419,1.4049586776859504,0.5298507462686567,0.6411194029850745,2.0
31.0,Female,64.4,1.7,160.0,144.0,70.0,1.97,1418.0,Strength,2.7,5.0,3.0,22.28,30-39,60-79,healthy,90.0,0.8222222222222222,1.6197777777777778,8.098888888888888,9.847222222222221,719.7969543147208,22.01863354037267,591.833051325437,37.88235294117648,690.6800000000001,2.07741935483871,844.0188235294119,0.54,0.04192546583850931,0.2741116751269036,2.466666666666667,4.859333333333334,15.0
56.0,Male,90.2,1.61,163.0,168.0,51.0,1.38,1148.0,Yoga,2.3,3.0,2.0,34.8,50-100,80-99,obesity,112.0,1.0446428571428572,1.4416071428571429,4.324821428571429,6.833333333333333,831.8840579710146,12.727272727272727,869.021739130435,56.024844720496894,1948.7999999999997,1.6107142857142858,1949.6645962732919,0.7666666666666666,0.025498891352549888,0.5555555555555556,2.0892857142857144,2.8832142857142857,6.0
20.0,Male,117.7,1.81,196.0,161.0,54.0,1.35,1195.0,Yoga,3.3,3.0,2.0,35.93,0-29,100-130,obesity,142.0,0.7535211267605634,1.0172535211267606,3.051760563380282,7.422360248447205,885.1851851851851,10.152931180968563,667.0057381324987,65.02762430939227,718.6,5.885,2336.442541436464,1.0999999999999999,0.02803738317757009,0.8148148148148147,1.5070422535211268,2.034507042253521,6.0
56.0,Female,40.4,1.8,196.0,165.0,72.0,1.23,913.0,Cardio,2.1,4.0,2.0,12.47,50-100,40-59,under weight,124.0,0.75,0.9225,3.69,5.533333333333333,742.2764227642276,22.5990099009901,556.7073170731708,22.444444444444443,698.32,0.7214285714285714,279.8822222222222,0.525,0.051980198019801985,0.426829268292683,1.5,1.845,8.0
31.0,Female,48.8,1.51,195.0,131.0,60.0,1.48,969.0,Cardio,2.0,2.0,1.0,21.4,30-39,40-59,healthy,135.0,0.5259259259259259,0.7783703703703704,1.5567407407407408,7.396946564885496,654.7297297297297,19.85655737704918,344.3393393393393,32.317880794701985,663.4,1.5741935483870966,691.6026490066224,1.0,0.04098360655737705,0.6756756756756757,0.5259259259259259,0.7783703703703704,2.0
52.0,Male,85.5,1.8,190.0,136.0,66.0,1.7,1144.0,Strength,3.5,5.0,3.0,26.39,50-100,80-99,overweight,124.0,0.5645161290322581,0.9596774193548387,4.798387096774194,8.411764705882353,672.9411764705883,13.380116959064328,379.8861480075902,47.5,1372.28,1.6442307692307692,1253.525,0.7,0.04093567251461988,0.4117647058823529,1.6935483870967745,2.879032258064516,15.0
49.0,Male,77.7,1.61,160.0,158.0,50.0,1.03,806.0,Strength,3.4,3.0,2.0,29.98,40-49,60-79,obesity,110.0,0.9818181818181818,1.0112727272727273,3.033818181818182,5.10126582278481,782.5242718446601,10.373230373230372,768.2965578111208,48.26086956521739,1469.02,1.5857142857142859,1446.8608695652172,1.1333333333333333,0.043758043758043756,1.1003236245954693,1.9636363636363636,2.0225454545454546,6.0
54.0,Male,114.9,1.92,188.0,135.0,71.0,1.2,802.0,HIIT,2.6,4.0,2.0,31.17,50-100,100-130,obesity,117.0,0.5470085470085471,0.6564102564102564,2.6256410256410256,5.940740740740741,668.3333333333334,6.979982593559617,365.58404558404567,59.84375000000001,1683.18,2.1277777777777778,1865.3296875000003,0.65,0.022628372497824196,0.5416666666666667,1.0940170940170941,1.3128205128205128,8.0
38.0,Female,70.3,1.52,164.0,144.0,66.0,1.19,857.0,Yoga,2.0,4.0,2.0,30.43,30-39,60-79,obesity,98.0,0.7959183673469388,0.9471428571428571,3.7885714285714283,5.951388888888889,720.1680672268908,12.190611664295876,573.1949922826274,46.25,1156.34,1.8499999999999999,1407.3874999999998,0.5,0.02844950213371266,0.42016806722689076,1.5918367346938775,1.8942857142857141,8.0
36.0,Female,57.3,1.64,164.0,157.0,70.0,1.13,887.0,Strength,1.8,4.0,2.0,21.3,30-39,40-59,healthy,94.0,0.925531914893617,1.045851063829787,4.183404255319148,5.649681528662421,784.9557522123895,15.479930191972077,726.5016004518924,34.9390243902439,766.8000000000001,1.5916666666666666,744.2012195121952,0.45,0.03141361256544503,0.3982300884955753,1.851063829787234,2.091702127659574,8.0
39.0,Male,59.7,1.83,170.0,154.0,59.0,1.35,1143.0,Strength,2.3,4.0,2.0,17.83,30-39,40-59,under weight,111.0,0.8558558558558559,1.1554054054054055,4.621621621621622,7.422077922077922,846.6666666666666,19.145728643216078,724.6246246246246,32.622950819672134,695.3699999999999,1.5307692307692309,581.6672131147541,0.575,0.038525963149078725,0.4259259259259259,1.7117117117117118,2.310810810810811,8.0
57.0,Male,122.1,1.89,165.0,134.0,58.0,1.13,750.0,Cardio,3.6,3.0,1.0,34.18,50-100,100-130,obesity,107.0,0.7102803738317757,0.8026168224299064,2.407850467289719,5.597014925373134,663.7168141592921,6.142506142506143,471.4250268794972,64.60317460317461,1948.26,2.1421052631578945,2208.1365079365078,1.2,0.029484029484029485,1.0619469026548674,0.7102803738317757,0.8026168224299064,3.0
43.0,Male,73.2,1.88,176.0,142.0,63.0,1.17,822.0,Cardio,3.3,3.0,1.0,20.71,40-49,60-79,healthy,113.0,0.6991150442477876,0.8179646017699115,2.4538938053097343,5.788732394366197,702.5641025641027,11.22950819672131,491.1731336510098,38.93617021276596,890.5300000000001,1.7023255813953488,806.3680851063831,1.0999999999999999,0.04508196721311475,0.9401709401709402,0.6991150442477876,0.8179646017699115,3.0
48.0,Female,68.2,1.69,170.0,159.0,73.0,0.75,537.0,HIIT,2.5,3.0,1.0,23.88,40-49,60-79,healthy,97.0,0.8865979381443299,0.6649484536082474,1.9948453608247423,3.3773584905660377,716.0,7.873900293255132,634.8041237113401,40.35502958579882,1146.24,1.4208333333333334,963.6781065088758,0.8333333333333334,0.03665689149560117,1.1111111111111112,0.8865979381443299,0.6649484536082474,3.0
35.0,Female,55.3,1.56,187.0,139.0,56.0,1.71,1188.0,Strength,2.7,5.0,3.0,22.72,30-39,40-59,healthy,131.0,0.6335877862595419,1.0834351145038166,5.417175572519083,8.546762589928058,694.7368421052631,21.482820976491865,440.17677782241856,35.44871794871795,795.1999999999999,1.5799999999999998,805.3948717948717,0.54,0.0488245931283906,0.31578947368421056,1.900763358778626,3.2503053435114495,15.0
55.0,Male,91.8,1.78,165.0,153.0,65.0,1.44,1091.0,Cardio,3.4,3.0,1.0,28.97,50-100,80-99,overweight,100.0,0.88,1.2671999999999999,3.8015999999999996,7.130718954248366,757.6388888888889,11.884531590413944,666.7222222222223,51.573033707865164,1593.35,1.669090909090909,1494.0707865168538,1.1333333333333333,0.037037037037037035,0.7870370370370371,0.88,1.2671999999999999,3.0
51.0,Female,70.3,1.55,178.0,139.0,54.0,1.4,876.0,Yoga,1.6,3.0,1.0,29.26,50-100,60-79,overweight,124.0,0.6854838709677419,0.9596774193548385,2.8790322580645156,6.302158273381295,625.7142857142858,12.460881934566146,428.91705069124424,45.354838709677416,1492.26,1.3784313725490196,1327.0825806451612,0.5333333333333333,0.02275960170697013,0.380952380952381,0.6854838709677419,0.9596774193548385,3.0
29.0,Female,71.8,1.55,190.0,120.0,68.0,1.2,720.0,Cardio,2.4,4.0,2.0,29.89,0-29,60-79,overweight,122.0,0.4262295081967213,0.5114754098360655,2.045901639344262,6.0,600.0,10.027855153203342,255.73770491803276,46.32258064516129,866.8100000000001,2.475862068965517,1384.581935483871,0.6,0.033426183844011144,0.5,0.8524590163934426,1.022950819672131,8.0
33.0,Male,117.0,1.61,166.0,130.0,55.0,1.04,744.0,HIIT,2.4,3.0,2.0,45.14,30-39,100-130,sever obesity,111.0,0.6756756756756757,0.7027027027027027,2.1081081081081083,5.723076923076923,715.3846153846154,6.358974358974359,483.36798336798336,72.67080745341615,1489.6200000000001,3.5454545454545454,3280.360248447205,0.7999999999999999,0.020512820512820513,0.7692307692307692,1.3513513513513513,1.4054054054054055,6.0
41.0,Male,47.1,1.78,165.0,149.0,65.0,1.26,929.0,Yoga,2.4,3.0,1.0,14.87,40-49,40-59,under weight,100.0,0.84,1.0584,3.1752000000000002,6.23489932885906,737.3015873015873,19.723991507431,619.3333333333334,26.46067415730337,609.67,1.1487804878048782,393.4702247191011,0.7999999999999999,0.05095541401273885,0.6349206349206349,0.84,1.0584,3.0
57.0,Female,60.9,1.52,196.0,157.0,66.0,1.31,926.0,Strength,1.8,3.0,2.0,26.36,50-100,60-79,overweight,130.0,0.7,0.9169999999999999,2.751,5.898089171974522,706.8702290076336,15.205254515599343,494.8091603053435,40.06578947368421,1502.52,1.068421052631579,1056.1342105263157,0.6,0.02955665024630542,0.4580152671755725,1.4,1.8339999999999999,6.0
50.0,Male,86.7,1.63,161.0,143.0,58.0,1.7,1203.0,Cardio,3.5,4.0,3.0,32.63,50-100,80-99,obesity,103.0,0.8252427184466019,1.4029126213592231,5.6116504854368925,8.412587412587413,707.6470588235294,13.875432525951556,583.9805825242718,53.19018404907976,1631.5000000000002,1.734,1735.5957055214726,0.875,0.040369088811995385,0.5147058823529412,2.4757281553398056,4.208737864077669,12.0
25.0,Male,66.6,1.61,184.0,166.0,56.0,1.38,1260.0,Strength,3.0,2.0,1.0,25.69,0-29,60-79,overweight,128.0,0.859375,1.1859374999999999,2.3718749999999997,7.590361445783133,913.0434782608696,18.91891891891892,784.6467391304349,41.366459627329185,642.25,2.6639999999999997,1062.7043478260869,1.5,0.04504504504504505,1.0869565217391306,0.859375,1.1859374999999999,2.0
39.0,Male,127.5,1.82,180.0,161.0,70.0,1.26,1116.0,Strength,3.0,3.0,2.0,38.49,30-39,100-130,obesity,110.0,0.8272727272727273,1.0423636363636364,3.127090909090909,6.931677018633541,885.7142857142857,8.75294117647059,732.7272727272726,70.05494505494505,1501.1100000000001,3.269230769230769,2696.4148351648355,1.0,0.023529411764705882,0.7936507936507936,1.6545454545454545,2.0847272727272728,6.0
37.0,Female,70.3,1.77,162.0,123.0,52.0,1.01,621.0,Strength,1.7,2.0,1.0,22.44,30-39,60-79,healthy,110.0,0.6454545454545455,0.651909090909091,1.303818181818182,5.048780487804878,614.8514851485148,8.833570412517782,396.85868586858686,39.717514124293785,830.2800000000001,1.9,891.2610169491525,0.85,0.02418207681365576,0.8415841584158416,0.6454545454545455,0.651909090909091,2.0
35.0,Female,64.2,1.59,199.0,145.0,66.0,1.63,1182.0,Yoga,2.7,5.0,3.0,25.39,30-39,60-79,overweight,133.0,0.5939849624060151,0.9681954887218045,4.840977443609022,8.151724137931035,725.1533742331288,18.411214953271028,430.73019973246,40.37735849056604,888.65,1.8342857142857143,1025.1811320754716,0.54,0.04205607476635514,0.33128834355828224,1.781954887218045,2.9045864661654135,15.0
41.0,Female,63.4,1.59,162.0,153.0,55.0,1.84,1267.0,HIIT,2.7,5.0,3.0,25.08,40-49,60-79,overweight,107.0,0.9158878504672897,1.685233644859813,8.426168224299065,8.281045751633988,688.5869565217391,19.98422712933754,630.6684274685088,39.874213836477985,1028.28,1.5463414634146342,1000.0452830188678,0.54,0.04258675078864354,0.29347826086956524,2.7476635514018692,5.0557009345794395,15.0
58.0,Male,109.0,1.91,198.0,156.0,56.0,1.49,1151.0,Yoga,2.2,3.0,2.0,29.88,50-100,100-130,overweight,142.0,0.704225352112676,1.0492957746478873,3.147887323943662,7.378205128205129,772.48322147651,10.559633027522937,544.0022686454296,57.068062827225134,1733.04,1.8793103448275863,1705.193717277487,0.7333333333333334,0.02018348623853211,0.4921700223713647,1.408450704225352,2.0985915492957745,6.0
44.0,Female,72.1,1.66,176.0,152.0,55.0,1.4,958.0,Strength,2.5,2.0,1.0,26.16,40-49,60-79,overweight,121.0,0.8016528925619835,1.1223140495867767,2.2446280991735534,6.302631578947368,684.2857142857143,13.287101248266298,548.5596221959859,43.433734939759034,1151.04,1.6386363636363634,1136.2265060240964,1.25,0.0346740638002774,0.8928571428571429,0.8016528925619835,1.1223140495867767,2.0
59.0,Male,96.7,1.71,183.0,150.0,62.0,0.57,423.0,Yoga,2.9,3.0,1.0,33.07,50-100,80-99,obesity,121.0,0.7272727272727273,0.4145454545454545,1.2436363636363634,2.82,742.1052631578948,4.37435367114788,539.7129186602872,56.54970760233918,1951.13,1.6389830508474577,1870.0988304093569,0.9666666666666667,0.02998965873836608,1.6959064327485383,0.7272727272727273,0.4145454545454545,3.0
42.0,Female,42.7,1.74,161.0,130.0,71.0,1.04,608.0,Strength,1.6,3.0,1.0,14.1,40-49,40-59,under weight,90.0,0.6555555555555556,0.6817777777777778,2.0453333333333337,4.676923076923077,584.6153846153846,14.23887587822014,383.2478632478633,24.540229885057474,592.1999999999999,1.0166666666666668,346.01724137931035,0.5333333333333333,0.03747072599531616,0.5128205128205128,0.6555555555555556,0.6817777777777778,3.0
18.0,Female,66.9,1.57,193.0,127.0,63.0,1.07,679.0,Cardio,2.2,3.0,2.0,27.14,0-29,60-79,overweight,130.0,0.49230769230769234,0.5267692307692309,1.5803076923076926,5.346456692913386,634.5794392523364,10.14947683109118,312.4083393242272,42.611464968152866,488.52,3.716666666666667,1156.4751592356688,0.7333333333333334,0.03288490284005979,0.6853582554517134,0.9846153846153847,1.0535384615384618,6.0
43.0,Male,110.0,1.76,160.0,122.0,50.0,1.09,658.0,Yoga,3.4,3.0,1.0,35.51,40-49,100-130,obesity,110.0,0.6545454545454545,0.7134545454545455,2.1403636363636362,5.39344262295082,603.6697247706421,5.9818181818181815,395.1292743953294,62.5,1526.9299999999998,2.558139534883721,2219.375,1.1333333333333333,0.030909090909090907,1.039755351681957,0.6545454545454545,0.7134545454545455,3.0
42.0,Male,79.3,1.93,181.0,147.0,50.0,1.22,888.0,Cardio,3.3,2.0,1.0,21.29,40-49,60-79,healthy,131.0,0.7404580152671756,0.9033587786259542,1.8067175572519083,6.040816326530612,727.8688524590165,11.197982345523329,538.9563258666,41.0880829015544,894.18,1.888095238095238,874.7652849740932,1.65,0.0416141235813367,1.3524590163934427,0.7404580152671756,0.9033587786259542,2.0
18.0,Female,57.2,1.75,193.0,160.0,74.0,1.29,1032.0,Cardio,2.4,3.0,2.0,18.68,0-29,40-59,healthy,119.0,0.7226890756302521,0.9322689075630253,2.796806722689076,6.45,800.0,18.04195804195804,578.1512605042017,32.68571428571429,336.24,3.177777777777778,610.5691428571429,0.7999999999999999,0.04195804195804195,0.6201550387596898,1.4453781512605042,1.8645378151260505,6.0
40.0,Female,56.2,1.79,198.0,153.0,57.0,1.79,1369.0,Yoga,2.7,5.0,3.0,17.54,40-49,40-59,under weight,141.0,0.6808510638297872,1.2187234042553192,6.0936170212765965,8.947712418300654,764.804469273743,24.359430604982204,520.7179365268038,31.39664804469274,701.5999999999999,1.405,550.6972067039106,0.54,0.04804270462633452,0.3016759776536313,2.0425531914893615,3.6561702127659577,15.0
34.0,Male,68.0,1.68,169.0,128.0,57.0,0.67,472.0,Cardio,3.4,2.0,1.0,24.09,30-39,60-79,healthy,112.0,0.6339285714285714,0.42473214285714284,0.8494642857142857,3.6875,704.4776119402985,6.9411764705882355,446.5884861407249,40.476190476190474,819.06,2.0,975.0714285714286,1.7,0.049999999999999996,2.5373134328358207,0.6339285714285714,0.42473214285714284,2.0
36.0,Male,56.2,1.95,183.0,128.0,64.0,1.09,767.0,Strength,3.4,4.0,2.0,14.78,30-39,40-59,under weight,119.0,0.5378151260504201,0.586218487394958,2.344873949579832,5.9921875,703.6697247706421,13.647686832740213,378.44422172538737,28.82051282051282,532.0799999999999,1.5611111111111111,425.96717948717946,0.85,0.06049822064056939,0.7798165137614678,1.0756302521008403,1.172436974789916,8.0
46.0,Female,74.9,1.53,179.0,151.0,66.0,1.3,883.0,HIIT,2.1,4.0,2.0,32.0,40-49,60-79,obesity,113.0,0.7522123893805309,0.9778761061946902,3.911504424778761,5.847682119205298,679.2307692307692,11.7890520694259,510.9257998638529,48.954248366013076,1472.0,1.6282608695652174,1566.5359477124184,0.525,0.028037383177570093,0.40384615384615385,1.5044247787610618,1.9557522123893805,8.0
41.0,Male,101.1,1.83,160.0,162.0,66.0,0.79,634.0,Yoga,3.2,2.0,1.0,30.19,40-49,100-130,obesity,94.0,1.0212765957446808,0.8068085106382978,1.6136170212765957,3.9135802469135803,802.5316455696202,6.271018793273987,819.6067869647185,55.245901639344254,1237.79,2.4658536585365853,1667.873770491803,1.6,0.03165182987141445,2.0253164556962027,1.0212765957446808,0.8068085106382978,2.0
32.0,Male,102.8,1.98,168.0,120.0,61.0,1.24,818.0,Strength,2.8,3.0,2.0,26.22,30-39,100-130,overweight,107.0,0.5514018691588785,0.6837383177570093,2.051214953271028,6.816666666666666,659.6774193548387,7.957198443579767,363.74736207416333,51.91919191919192,839.04,3.2125,1361.321212121212,0.9333333333333332,0.027237354085603113,0.7526881720430106,1.102803738317757,1.3674766355140187,6.0
36.0,Male,95.8,1.86,193.0,129.0,65.0,1.37,972.0,HIIT,3.2,3.0,1.0,27.69,30-39,80-99,overweight,128.0,0.5,0.685,2.055,7.534883720930233,709.4890510948904,10.146137787056368,354.7445255474452,51.50537634408602,996.84,2.661111111111111,1426.183870967742,1.0666666666666667,0.03340292275574113,0.778588807785888,0.5,0.685,3.0
18.0,Female,52.3,1.74,187.0,165.0,58.0,1.2,990.0,Cardio,2.2,2.0,1.0,17.27,0-29,40-59,under weight,129.0,0.8294573643410853,0.9953488372093023,1.9906976744186047,6.0,825.0,18.929254302103253,684.3023255813954,30.057471264367816,310.86,2.9055555555555554,519.0925287356321,1.1,0.042065009560229454,0.9166666666666667,0.8294573643410853,0.9953488372093023,2.0
39.0,Female,55.9,1.71,184.0,148.0,59.0,1.95,1443.0,Yoga,2.7,5.0,3.0,19.12,30-39,40-59,healthy,125.0,0.712,1.3883999999999999,6.941999999999999,9.75,740.0,25.813953488372093,526.88,32.69005847953216,745.6800000000001,1.4333333333333333,625.0339181286549,0.54,0.0483005366726297,0.27692307692307694,2.136,4.1652,15.0
38.0,Male,81.4,1.71,187.0,148.0,58.0,1.52,1237.0,HIIT,3.5,5.0,3.0,27.84,30-39,80-99,overweight,129.0,0.6976744186046512,1.0604651162790697,5.3023255813953485,8.358108108108109,813.8157894736842,15.196560196560196,567.7784577723378,47.60233918128655,1057.92,2.142105263157895,1325.2491228070176,0.7,0.04299754299754299,0.4605263157894737,2.0930232558139537,3.181395348837209,15.0
43.0,Male,95.7,1.77,198.0,151.0,50.0,1.08,807.0,HIIT,3.4,3.0,1.0,30.55,40-49,80-99,obesity,148.0,0.6824324324324325,0.737027027027027,2.211081081081081,5.344370860927152,747.2222222222222,8.432601880877742,509.92867867867864,54.067796610169495,1313.65,2.2255813953488373,1651.771186440678,1.1333333333333333,0.03552769070010449,1.0493827160493827,0.6824324324324325,0.737027027027027,3.0
34.0,Male,65.9,1.62,199.0,164.0,56.0,0.81,731.0,Yoga,2.2,2.0,1.0,25.11,30-39,60-79,overweight,143.0,0.7552447552447552,0.6117482517482518,1.2234965034965035,4.4573170731707314,902.469135802469,11.09256449165402,681.5850815850815,40.67901234567901,853.74,1.9382352941176473,1021.4499999999999,1.1,0.03338391502276176,1.3580246913580247,0.7552447552447552,0.6117482517482518,2.0
53.0,Male,105.1,1.84,176.0,130.0,62.0,0.69,444.0,Cardio,2.9,3.0,1.0,31.04,50-100,100-130,obesity,114.0,0.5964912280701754,0.411578947368421,1.234736842105263,3.4153846153846152,643.4782608695652,4.224548049476689,383.82913806254766,57.1195652173913,1645.12,1.9830188679245282,1772.991304347826,0.9666666666666667,0.02759276879162702,1.4009661835748795,0.5964912280701754,0.411578947368421,3.0
50.0,Female,69.3,1.68,182.0,135.0,51.0,1.2,729.0,HIIT,2.0,2.0,1.0,24.55,50-100,60-79,healthy,131.0,0.6412213740458015,0.7694656488549617,1.5389312977099234,5.4,607.5,10.51948051948052,389.5419847328244,41.25,1227.5,1.386,1012.6875000000001,1.0,0.02886002886002886,0.8333333333333334,0.6412213740458015,0.7694656488549617,2.0
42.0,Male,76.4,1.97,165.0,157.0,65.0,1.14,886.0,HIIT,2.6,3.0,2.0,19.69,40-49,60-79,healthy,100.0,0.92,1.0488,3.1464,5.643312101910828,777.1929824561404,11.596858638743454,715.0175438596492,38.78172588832488,826.98,1.8190476190476192,763.6121827411168,0.8666666666666667,0.034031413612565446,0.760233918128655,1.84,2.0976,6.0
52.0,Female,61.5,1.69,160.0,152.0,63.0,1.8,1231.0,Cardio,2.7,4.0,3.0,21.53,50-100,60-79,healthy,97.0,0.9175257731958762,1.6515463917525772,6.606185567010309,8.098684210526315,683.8888888888889,20.016260162601625,627.4856815578465,36.3905325443787,1119.56,1.1826923076923077,783.4881656804735,0.675,0.04390243902439025,0.375,2.752577319587629,4.954639175257732,12.0
57.0,Female,46.1,1.76,165.0,130.0,60.0,1.44,842.0,Strength,1.7,3.0,2.0,14.88,50-100,40-59,under weight,105.0,0.6666666666666666,0.96,2.88,6.476923076923077,584.7222222222223,18.2646420824295,389.81481481481484,26.19318181818182,848.1600000000001,0.8087719298245615,389.7545454545455,0.5666666666666667,0.0368763557483731,0.39351851851851855,1.3333333333333333,1.92,6.0
40.0,Male,80.3,1.76,168.0,167.0,74.0,1.63,1497.0,Strength,3.5,5.0,3.0,25.92,40-49,80-99,overweight,94.0,0.9893617021276596,1.6126595744680852,8.063297872340426,8.964071856287426,918.4049079754602,18.642590286425904,908.634642996998,45.625,1036.8000000000002,2.0075,1182.6000000000001,0.7,0.043586550435865505,0.4294478527607362,2.9680851063829787,4.837978723404255,15.0
39.0,Male,85.3,1.89,163.0,140.0,61.0,0.77,593.0,Strength,3.6,2.0,1.0,23.88,30-39,80-99,healthy,102.0,0.7745098039215687,0.5963725490196079,1.1927450980392158,4.235714285714286,770.1298701298701,6.951934349355217,596.4731347084288,45.13227513227513,931.3199999999999,2.187179487179487,1077.7587301587303,1.8,0.042203985932004695,2.3376623376623376,0.7745098039215687,0.5963725490196079,2.0
43.0,Male,127.7,1.69,171.0,155.0,53.0,1.14,875.0,Cardio,2.9,3.0,2.0,44.71,40-49,100-130,sever obesity,118.0,0.864406779661017,0.9854237288135592,2.9562711864406777,5.645161290322581,767.5438596491229,6.851996867658575,663.4701159678859,75.5621301775148,1922.53,2.969767441860465,3378.3828402366867,0.9666666666666667,0.022709475332811275,0.8479532163742691,1.728813559322034,1.9708474576271184,6.0
51.0,Male,59.0,1.65,198.0,153.0,53.0,1.22,924.0,HIIT,2.3,3.0,2.0,21.67,50-100,40-59,healthy,145.0,0.6896551724137931,0.8413793103448276,2.524137931034483,6.03921568627451,757.3770491803278,15.661016949152541,522.3289994347089,35.75757575757576,1105.17,1.1568627450980393,774.8666666666668,0.7666666666666666,0.03898305084745762,0.628415300546448,1.3793103448275863,1.6827586206896552,6.0
19.0,Male,110.8,1.91,161.0,149.0,54.0,1.31,1074.0,Strength,2.9,2.0,1.0,30.37,0-29,100-130,obesity,107.0,0.8878504672897196,1.1630841121495328,2.3261682242990656,7.208053691275167,819.8473282442748,9.693140794223828,727.9018334879075,58.010471204188484,577.03,5.8315789473684205,1761.7780104712044,1.45,0.026173285198555957,1.1068702290076335,0.8878504672897196,1.1630841121495328,2.0
41.0,Male,94.5,2.0,179.0,136.0,69.0,1.18,794.0,HIIT,3.7,3.0,1.0,23.62,40-49,80-99,healthy,110.0,0.6090909090909091,0.7187272727272728,2.1561818181818184,5.838235294117647,672.8813559322034,8.402116402116402,409.8459167950694,47.25,968.4200000000001,2.3048780487804876,1116.045,1.2333333333333334,0.039153439153439155,1.0451977401129944,0.6090909090909091,0.7187272727272728,3.0
48.0,Female,62.9,1.58,192.0,124.0,69.0,1.98,1105.0,Strength,2.7,4.0,3.0,25.2,40-49,60-79,overweight,123.0,0.44715447154471544,0.8853658536585366,3.5414634146341464,8.911290322580646,558.0808080808081,17.56756756756757,249.5483288166215,39.81012658227848,1209.6,1.3104166666666666,1003.2151898734177,0.675,0.04292527821939587,0.34090909090909094,1.3414634146341462,2.65609756097561,12.0
54.0,Male,71.6,1.86,160.0,147.0,70.0,1.14,830.0,Yoga,2.2,3.0,2.0,20.7,50-100,60-79,healthy,90.0,0.8555555555555555,0.9753333333333332,2.9259999999999993,5.64625850340136,728.0701754385966,11.592178770949722,622.9044834307992,38.494623655913976,1117.8,1.3259259259259257,796.8387096774193,0.7333333333333334,0.03072625698324023,0.6432748538011697,1.711111111111111,1.9506666666666663,6.0
36.0,Female,47.2,1.74,196.0,160.0,53.0,1.5,1200.0,Cardio,1.6,4.0,2.0,15.59,30-39,40-59,under weight,143.0,0.7482517482517482,1.1223776223776223,4.489510489510489,7.5,800.0,25.423728813559322,598.6013986013986,27.126436781609197,561.24,1.3111111111111111,422.9011494252874,0.4,0.03389830508474576,0.26666666666666666,1.4965034965034965,2.2447552447552446,8.0
58.0,Female,65.2,1.63,167.0,121.0,53.0,1.12,610.0,HIIT,2.0,3.0,2.0,24.54,50-100,60-79,healthy,114.0,0.5964912280701754,0.6680701754385965,2.0042105263157897,5.041322314049586,544.6428571428571,9.355828220858895,324.8746867167919,40.00000000000001,1423.32,1.1241379310344828,981.6000000000001,0.6666666666666666,0.03067484662576687,0.5952380952380951,1.1929824561403508,1.336140350877193,6.0
44.0,Female,59.1,1.52,177.0,136.0,56.0,1.58,967.0,Yoga,2.7,5.0,3.0,25.58,40-49,40-59,overweight,121.0,0.6611570247933884,1.0446280991735537,5.223140495867769,7.110294117647059,612.0253164556962,16.362098138747886,404.6448373260801,38.881578947368425,1125.52,1.3431818181818183,994.5907894736843,0.54,0.045685279187817264,0.34177215189873417,1.9834710743801653,3.133884297520661,15.0
54.0,Female,56.5,1.75,196.0,154.0,66.0,1.76,1220.0,HIIT,2.7,5.0,3.0,18.45,50-100,40-59,under weight,130.0,0.676923076923077,1.1913846153846155,5.956923076923077,7.922077922077922,693.1818181818181,21.5929203539823,469.2307692307692,32.285714285714285,996.3,1.0462962962962963,595.6714285714286,0.54,0.04778761061946903,0.3068181818181818,2.0307692307692307,3.5741538461538465,15.0
23.0,Female,44.1,1.62,196.0,122.0,58.0,0.58,354.0,Yoga,2.7,2.0,1.0,16.8,0-29,40-59,under weight,138.0,0.463768115942029,0.2689855072463768,0.5379710144927536,2.901639344262295,610.344827586207,8.02721088435374,283.0584707646177,27.22222222222222,386.40000000000003,1.9173913043478261,457.33333333333337,1.35,0.06122448979591837,2.327586206896552,0.463768115942029,0.2689855072463768,2.0
22.0,Male,88.5,1.62,174.0,162.0,69.0,1.88,1675.0,Strength,3.5,5.0,3.0,33.72,0-29,80-99,obesity,105.0,0.8857142857142857,1.665142857142857,8.325714285714286,10.339506172839506,890.9574468085107,18.926553672316384,789.1337386018237,54.629629629629626,741.8399999999999,4.0227272727272725,1842.1111111111109,0.7,0.03954802259887006,0.3723404255319149,2.657142857142857,4.995428571428571,15.0
34.0,Female,64.5,1.78,169.0,144.0,64.0,1.33,958.0,Yoga,1.8,4.0,2.0,20.36,30-39,60-79,healthy,105.0,0.7619047619047619,1.0133333333333334,4.053333333333334,6.652777777777778,720.3007518796992,14.852713178294573,548.8005728607232,36.235955056179776,692.24,1.8970588235294117,737.7640449438202,0.45,0.027906976744186046,0.3383458646616541,1.5238095238095237,2.026666666666667,8.0
42.0,Male,85.2,1.81,189.0,151.0,65.0,1.54,1151.0,Yoga,3.5,5.0,3.0,26.01,40-49,80-99,overweight,124.0,0.6935483870967742,1.0680645161290323,5.340322580645162,7.622516556291391,747.4025974025974,13.509389671361502,518.3598659405111,47.07182320441989,1092.42,2.0285714285714285,1224.3381215469615,0.7,0.041079812206572766,0.45454545454545453,2.080645161290323,3.2041935483870967,15.0
50.0,Female,67.9,1.77,171.0,164.0,73.0,1.03,760.0,Yoga,2.4,3.0,2.0,21.67,50-100,60-79,healthy,98.0,0.9285714285714286,0.9564285714285715,2.8692857142857147,4.634146341463414,737.8640776699029,11.192930780559646,685.1595006934813,38.36158192090396,1083.5,1.358,831.2954802259889,0.7999999999999999,0.0353460972017673,0.7766990291262135,1.8571428571428572,1.912857142857143,6.0
42.0,Female,46.6,1.77,184.0,139.0,63.0,0.61,382.0,Yoga,2.6,2.0,1.0,14.87,40-49,40-59,under weight,121.0,0.628099173553719,0.3831404958677686,0.7662809917355372,2.7482014388489207,626.2295081967213,8.197424892703863,393.33423655331256,26.32768361581921,624.54,1.1095238095238096,391.49265536723163,1.3,0.055793991416309016,2.1311475409836067,0.628099173553719,0.3831404958677686,2.0
57.0,Male,85.6,1.69,189.0,133.0,50.0,1.76,1159.0,Yoga,3.5,5.0,3.0,29.97,50-100,80-99,obesity,139.0,0.5971223021582733,1.050935251798561,5.254676258992806,8.714285714285714,658.5227272727273,13.539719626168225,393.2186069326357,50.650887573964496,1708.29,1.5017543859649123,1518.007100591716,0.7,0.040887850467289724,0.3977272727272727,1.79136690647482,3.152805755395683,15.0
29.0,Male,55.7,1.61,177.0,128.0,51.0,1.41,993.0,Strength,2.3,3.0,1.0,21.49,0-29,40-59,healthy,126.0,0.6111111111111112,0.8616666666666667,2.585,7.7578125,704.2553191489362,17.827648114901255,430.37825059101664,34.59627329192546,623.2099999999999,1.920689655172414,743.4739130434782,0.7666666666666666,0.04129263913824057,0.5437352245862884,0.6111111111111112,0.8616666666666667,3.0
24.0,Female,52.6,1.57,169.0,166.0,60.0,1.29,1071.0,HIIT,2.4,2.0,1.0,21.34,0-29,40-59,healthy,109.0,0.9724770642201835,1.2544954128440369,2.5089908256880737,6.451807228915663,830.2325581395348,20.361216730038024,807.3821207595477,33.503184713375795,512.16,2.191666666666667,714.9579617834394,1.2,0.04562737642585551,0.9302325581395349,0.9724770642201835,1.2544954128440369,2.0
22.0,Male,71.0,1.62,199.0,138.0,68.0,0.91,691.0,HIIT,3.5,2.0,1.0,27.05,0-29,60-79,overweight,131.0,0.5343511450381679,0.48625954198473287,0.9725190839694657,5.007246376811594,759.3406593406593,9.732394366197184,405.7545507927187,43.82716049382716,595.1,3.227272727272727,1185.5246913580245,1.75,0.04929577464788732,1.923076923076923,0.5343511450381679,0.48625954198473287,2.0
25.0,Male,120.6,1.83,179.0,120.0,51.0,1.04,686.0,Cardio,2.5,3.0,2.0,36.01,0-29,100-130,obesity,128.0,0.5390625,0.560625,1.6818750000000002,5.716666666666667,659.6153846153846,5.688225538971808,355.5739182692308,65.90163934426229,900.25,4.824,2373.118032786885,0.8333333333333334,0.020729684908789386,0.8012820512820513,1.078125,1.12125,6.0
26.0,Male,55.7,1.68,182.0,129.0,54.0,1.13,802.0,Yoga,2.9,3.0,1.0,19.73,0-29,40-59,healthy,128.0,0.5859375,0.6621093749999999,1.9863281249999996,6.217054263565892,709.7345132743363,14.398563734290843,415.86006637168146,33.154761904761905,512.98,2.1423076923076922,654.1434523809525,0.9666666666666667,0.05206463195691202,0.8554572271386431,0.5859375,0.6621093749999999,3.0
50.0,Male,57.1,1.91,184.0,131.0,68.0,1.09,707.0,Yoga,2.7,4.0,2.0,15.65,50-100,40-59,under weight,116.0,0.5431034482758621,0.5919827586206897,2.367931034482759,5.396946564885496,648.6238532110091,12.381786339754816,352.26985131287563,29.895287958115187,782.5,1.1420000000000001,467.8612565445026,0.675,0.047285464098073555,0.6192660550458715,1.0862068965517242,1.1839655172413794,8.0
39.0,Female,56.0,1.6,184.0,151.0,69.0,0.89,672.0,Yoga,2.0,2.0,1.0,21.87,30-39,40-59,healthy,115.0,0.7130434782608696,0.6346086956521739,1.2692173913043479,4.450331125827814,755.0561797752808,12.0,538.3878847093307,35.0,852.9300000000001,1.435897435897436,765.4499999999999,1.0,0.03571428571428571,1.1235955056179776,0.7130434782608696,0.6346086956521739,2.0
51.0,Female,54.7,1.53,167.0,135.0,69.0,1.11,674.0,HIIT,2.0,4.0,2.0,23.37,50-100,40-59,healthy,98.0,0.673469387755102,0.7475510204081633,2.9902040816326534,4.992592592592593,607.2072072072071,12.321755027422302,408.93546607832315,35.751633986928105,1191.8700000000001,1.072549019607843,835.5156862745099,0.5,0.03656307129798903,0.4504504504504504,1.346938775510204,1.4951020408163267,8.0
27.0,Male,89.3,1.64,192.0,162.0,64.0,1.82,1622.0,HIIT,3.5,4.0,3.0,33.2,0-29,80-99,obesity,128.0,0.765625,1.3934375,5.57375,10.012345679012345,891.2087912087911,18.163493840985442,682.3317307692307,54.451219512195124,896.4000000000001,3.3074074074074074,1807.7804878048782,0.875,0.03919372900335946,0.4807692307692307,2.296875,4.1803125,12.0
27.0,Male,108.0,1.8,174.0,122.0,70.0,1.38,926.0,Cardio,2.5,4.0,2.0,33.33,0-29,100-130,obesity,104.0,0.5,0.69,2.76,7.590163934426229,671.0144927536232,8.574074074074074,335.5072463768116,60.0,899.91,4.0,1999.8,0.625,0.023148148148148147,0.4528985507246377,1.0,1.38,8.0
42.0,Male,63.7,1.98,172.0,128.0,69.0,1.37,868.0,Yoga,3.0,2.0,1.0,16.25,40-49,60-79,under weight,103.0,0.5728155339805825,0.7847572815533981,1.5695145631067962,6.78125,633.5766423357663,13.626373626373626,362.92254269718654,32.17171717171718,682.5,1.5166666666666668,522.790404040404,1.5,0.04709576138147566,1.094890510948905,0.5728155339805825,0.7847572815533981,2.0
46.0,Female,61.0,1.71,181.0,153.0,61.0,1.67,1150.0,Cardio,2.7,4.0,3.0,20.86,40-49,60-79,healthy,120.0,0.7666666666666667,1.2803333333333333,5.121333333333333,7.516339869281046,688.622754491018,18.852459016393443,527.9441117764471,35.67251461988304,959.56,1.326086956521739,744.1286549707603,0.675,0.04426229508196722,0.4041916167664671,2.3000000000000003,3.841,12.0
43.0,Female,42.2,1.65,162.0,148.0,59.0,1.33,886.0,Cardio,2.3,3.0,2.0,15.5,40-49,40-59,under weight,103.0,0.8640776699029126,1.1492233009708739,3.4476699029126214,5.986486486486487,666.1654135338346,20.995260663507107,575.6186582962259,25.575757575757578,666.5,0.9813953488372094,396.42424242424244,0.7666666666666666,0.05450236966824644,0.5764411027568922,1.7281553398058251,2.2984466019417478,6.0
55.0,Female,76.3,1.73,196.0,158.0,65.0,1.08,768.0,Yoga,2.6,3.0,1.0,25.49,50-100,60-79,overweight,131.0,0.7099236641221374,0.7667175572519084,2.300152671755725,4.860759493670886,711.1111111111111,10.065530799475754,504.83460559796436,44.104046242774565,1401.9499999999998,1.3872727272727272,1124.2121387283235,0.8666666666666667,0.03407601572739188,0.8024691358024691,0.7099236641221374,0.7667175572519084,3.0
54.0,Female,67.5,1.54,182.0,140.0,50.0,0.72,454.0,Cardio,1.5,3.0,1.0,28.46,50-100,60-79,overweight,132.0,0.6818181818181818,0.49090909090909085,1.4727272727272727,3.242857142857143,630.5555555555555,6.725925925925926,429.9242424242424,43.83116883116883,1536.8400000000001,1.25,1247.435064935065,0.5,0.022222222222222223,0.6944444444444444,0.6818181818181818,0.49090909090909085,3.0
33.0,Male,45.9,1.89,193.0,144.0,50.0,1.45,1148.0,Cardio,2.9,3.0,2.0,12.85,30-39,40-59,under weight,143.0,0.6573426573426573,0.953146853146853,2.859440559440559,7.972222222222222,791.7241379310345,25.010893246187365,520.4340487099108,24.285714285714285,424.05,1.3909090909090909,312.07142857142856,0.9666666666666667,0.06318082788671024,0.6666666666666667,1.3146853146853146,1.906293706293706,6.0
20.0,Female,75.9,1.73,165.0,152.0,63.0,1.39,1056.0,Strength,2.1,4.0,2.0,25.36,0-29,60-79,overweight,102.0,0.8725490196078431,1.2128431372549018,4.851372549019607,6.947368421052632,759.7122302158274,13.91304347826087,662.8861616589082,43.8728323699422,507.2,3.7950000000000004,1112.6150289017341,0.525,0.02766798418972332,0.37769784172661874,1.7450980392156863,2.4256862745098036,8.0
38.0,Male,71.9,1.77,197.0,142.0,72.0,1.12,875.0,Cardio,3.1,2.0,1.0,22.95,30-39,60-79,healthy,125.0,0.56,0.6272000000000001,1.2544000000000002,6.161971830985915,781.2499999999999,12.169680111265645,437.5,40.621468926553675,872.1,1.892105263157895,932.2627118644068,1.55,0.043115438108484005,1.3839285714285714,0.56,0.6272000000000001,2.0
41.0,Female,76.7,1.79,172.0,132.0,56.0,1.4,832.0,Yoga,2.0,4.0,2.0,23.94,40-49,60-79,healthy,116.0,0.6551724137931034,0.9172413793103448,3.668965517241379,6.303030303030303,594.2857142857143,10.847457627118644,389.35960591133005,42.849162011173185,981.5400000000001,1.8707317073170733,1025.8089385474862,0.5,0.026075619295958277,0.35714285714285715,1.3103448275862069,1.8344827586206895,8.0
18.0,Male,62.0,1.85,161.0,121.0,53.0,0.88,586.0,Strength,3.0,3.0,1.0,18.12,0-29,60-79,under weight,108.0,0.6296296296296297,0.554074074074074,1.6622222222222223,4.8429752066115705,665.9090909090909,9.451612903225806,419.2760942760943,33.51351351351351,326.16,3.4444444444444446,607.2648648648649,1.0,0.04838709677419355,1.1363636363636365,0.6296296296296297,0.554074074074074,3.0
30.0,Male,107.9,1.66,194.0,140.0,64.0,1.08,832.0,Cardio,2.8,3.0,2.0,39.16,30-39,100-130,obesity,130.0,0.5846153846153846,0.6313846153846154,1.8941538461538463,5.942857142857143,770.3703703703703,7.710843373493976,450.3703703703704,65.0,1174.8,3.5966666666666667,2545.4,0.9333333333333332,0.025949953660797033,0.8641975308641974,1.1692307692307693,1.2627692307692309,6.0
21.0,Female,60.0,1.7,179.0,123.0,52.0,1.97,1212.0,Strength,2.7,5.0,3.0,20.76,0-29,60-79,healthy,127.0,0.5590551181102362,1.1013385826771653,5.506692913385827,9.853658536585366,615.2284263959391,20.2,343.9466005835565,35.294117647058826,435.96000000000004,2.857142857142857,732.7058823529413,0.54,0.045000000000000005,0.2741116751269036,1.6771653543307088,3.304015748031496,15.0
36.0,Male,69.2,1.65,165.0,126.0,65.0,1.23,852.0,Strength,2.7,3.0,1.0,25.42,30-39,60-79,overweight,100.0,0.61,0.7503,2.2508999999999997,6.761904761904762,692.6829268292684,12.3121387283237,422.5365853658537,41.939393939393945,915.1200000000001,1.9222222222222223,1066.099393939394,0.9,0.03901734104046243,0.7317073170731707,0.61,0.7503,3.0
59.0,Female,42.1,1.65,172.0,132.0,59.0,1.22,725.0,Strength,2.2,2.0,1.0,15.46,50-100,40-59,under weight,113.0,0.6460176991150443,0.788141592920354,1.576283185840708,5.492424242424242,594.2622950819672,17.220902612826603,383.90396053967794,25.51515151515152,912.1400000000001,0.7135593220338984,394.4642424242425,1.1,0.052256532066508314,0.9016393442622952,0.6460176991150443,0.788141592920354,2.0
55.0,Male,84.7,1.79,178.0,122.0,52.0,1.19,719.0,Cardio,2.4,3.0,2.0,26.43,50-100,80-99,overweight,126.0,0.5555555555555556,0.6611111111111111,1.9833333333333334,5.89344262295082,604.2016806722689,8.488783943329398,335.66760037348274,47.31843575418994,1453.65,1.54,1250.6262569832402,0.7999999999999999,0.028335301062573787,0.6722689075630252,1.1111111111111112,1.3222222222222222,6.0
54.0,Male,54.6,1.76,160.0,137.0,56.0,1.28,868.0,Cardio,3.3,4.0,2.0,17.63,50-100,40-59,under weight,104.0,0.7788461538461539,0.9969230769230769,3.9876923076923076,6.335766423357664,678.125,15.897435897435898,528.1550480769231,31.022727272727273,952.02,1.011111111111111,546.9306818181818,0.825,0.06043956043956043,0.64453125,1.5576923076923077,1.9938461538461538,8.0
52.0,Female,44.1,1.62,179.0,121.0,61.0,1.41,768.0,HIIT,1.6,3.0,1.0,16.8,50-100,40-59,under weight,118.0,0.5084745762711864,0.7169491525423728,2.150847457627118,6.347107438016529,544.6808510638298,17.414965986394556,276.95636494771003,27.22222222222222,873.6,0.8480769230769231,457.33333333333337,0.5333333333333333,0.036281179138321996,0.37825059101654845,0.5084745762711864,0.7169491525423728,3.0
46.0,Male,45.0,1.77,185.0,162.0,58.0,1.48,1187.0,Cardio,3.6,3.0,2.0,14.36,40-49,40-59,under weight,127.0,0.8188976377952756,1.2119685039370078,3.6359055118110235,7.327160493827161,802.0270270270271,26.377777777777776,656.7780378804001,25.423728813559322,660.56,0.9782608695652174,365.0847457627118,1.2,0.08,0.8108108108108107,1.6377952755905512,2.4239370078740157,6.0
38.0,Female,57.7,1.56,185.0,132.0,54.0,1.64,1082.0,HIIT,2.7,5.0,3.0,23.71,30-39,40-59,healthy,131.0,0.5954198473282443,0.9764885496183205,4.882442748091603,8.196969696969697,659.7560975609756,18.75216637781629,392.8318748836343,36.98717948717949,900.98,1.5184210526315791,876.9660256410256,0.54,0.04679376083188908,0.32926829268292684,1.786259541984733,2.9294656488549617,15.0
46.0,Male,55.1,1.72,164.0,137.0,66.0,1.43,970.0,Yoga,3.6,3.0,2.0,18.62,40-49,40-59,healthy,98.0,0.7244897959183674,1.0360204081632653,3.108061224489796,7.08029197080292,678.3216783216784,17.604355716878402,491.43713429427726,32.03488372093023,856.5200000000001,1.1978260869565218,596.4895348837209,1.2,0.06533575317604355,0.8391608391608392,1.4489795918367347,2.0720408163265307,6.0
44.0,Male,102.3,1.63,188.0,129.0,52.0,1.34,856.0,Yoga,2.6,4.0,2.0,38.5,40-49,100-130,obesity,136.0,0.5661764705882353,0.7586764705882353,3.034705882352941,6.635658914728682,638.8059701492537,8.36754643206256,361.676909569798,62.76073619631902,1694.0,2.3249999999999997,2416.288343558282,0.65,0.02541544477028348,0.48507462686567165,1.1323529411764706,1.5173529411764706,8.0
49.0,Female,45.2,1.74,164.0,156.0,73.0,1.24,870.0,Strength,2.1,3.0,2.0,14.93,40-49,40-59,under weight,91.0,0.9120879120879121,1.130989010989011,3.392967032967033,5.576923076923077,701.6129032258065,19.24778761061947,639.9326479971642,25.977011494252874,731.5699999999999,0.9224489795918368,387.8367816091954,0.7000000000000001,0.04646017699115044,0.5645161290322581,1.8241758241758241,2.261978021978022,6.0
50.0,Female,56.5,1.6,196.0,140.0,61.0,1.88,1184.0,Yoga,2.7,5.0,3.0,22.07,50-100,40-59,healthy,135.0,0.5851851851851851,1.100148148148148,5.50074074074074,8.457142857142857,629.7872340425532,20.95575221238938,368.542159180457,35.3125,1103.5,1.13,779.346875,0.54,0.04778761061946903,0.2872340425531915,1.7555555555555555,3.3004444444444445,15.0
32.0,Male,49.3,1.62,167.0,158.0,74.0,1.18,1025.0,Strength,2.5,3.0,2.0,18.79,30-39,40-59,healthy,93.0,0.9032258064516129,1.065806451612903,3.1974193548387095,6.487341772151899,868.6440677966102,20.79107505070994,784.5817386550027,30.432098765432094,601.28,1.540625,571.819135802469,0.8333333333333334,0.05070993914807303,0.7062146892655368,1.8064516129032258,2.131612903225806,6.0
24.0,Female,60.1,1.79,170.0,165.0,63.0,1.97,1625.0,Cardio,2.7,4.0,3.0,18.76,0-29,60-79,healthy,107.0,0.9532710280373832,1.8779439252336447,7.511775700934579,9.848484848484848,824.8730964467005,27.03826955074875,786.3276246501257,33.57541899441341,450.24,2.504166666666667,629.8748603351955,0.675,0.04492512479201331,0.34263959390862947,2.8598130841121496,5.633831775700934,12.0
54.0,Female,47.8,1.6,171.0,155.0,55.0,1.19,830.0,Cardio,2.3,4.0,2.0,18.67,50-100,40-59,healthy,116.0,0.8620689655172413,1.0258620689655171,4.1034482758620685,5.354838709677419,697.4789915966387,17.364016736401673,601.274992755723,29.874999999999996,1008.1800000000001,0.8851851851851852,557.76625,0.575,0.04811715481171548,0.4831932773109244,1.7241379310344827,2.0517241379310343,8.0
41.0,Female,55.0,1.55,175.0,169.0,65.0,1.45,1103.0,Strength,2.0,4.0,2.0,22.89,40-49,40-59,healthy,110.0,0.9454545454545454,1.3709090909090909,5.483636363636363,6.5266272189349115,760.6896551724138,20.054545454545455,719.1974921630094,35.483870967741936,938.49,1.3414634146341464,812.2258064516129,0.5,0.03636363636363636,0.3448275862068966,1.8909090909090909,2.7418181818181817,8.0
20.0,Male,124.3,1.82,194.0,145.0,63.0,1.25,997.0,Cardio,3.2,3.0,2.0,37.53,0-29,100-130,obesity,131.0,0.6259541984732825,0.7824427480916031,2.3473282442748094,6.875862068965517,797.6,8.020917135961383,499.2610687022901,68.2967032967033,750.6,6.215,2563.175274725275,1.0666666666666667,0.025744167337087693,0.8533333333333333,1.251908396946565,1.5648854961832062,6.0
49.0,Male,85.0,1.68,197.0,163.0,74.0,1.82,1468.0,HIIT,3.5,4.0,3.0,30.12,40-49,80-99,obesity,123.0,0.7235772357723578,1.3169105691056913,5.267642276422765,9.006134969325153,806.5934065934066,17.270588235294117,583.6326275350666,50.595238095238095,1475.88,1.7346938775510203,1523.9285714285716,0.875,0.041176470588235294,0.4807692307692307,2.1707317073170733,3.9507317073170736,12.0
37.0,Male,49.1,1.74,193.0,138.0,52.0,1.11,842.0,Yoga,2.6,3.0,2.0,16.22,30-39,40-59,under weight,141.0,0.6099290780141844,0.6770212765957447,2.031063829787234,6.101449275362318,758.5585585585585,17.14867617107943,462.6669222413903,28.218390804597703,600.14,1.327027027027027,457.70229885057466,0.8666666666666667,0.05295315682281059,0.7807807807807807,1.2198581560283688,1.3540425531914895,6.0
48.0,Female,71.5,1.64,179.0,154.0,60.0,1.46,1012.0,Yoga,1.9,4.0,2.0,26.58,40-49,60-79,overweight,119.0,0.7899159663865546,1.1532773109243697,4.613109243697479,6.571428571428571,693.1506849315068,14.153846153846153,547.5307931391734,43.59756097560976,1275.84,1.4895833333333333,1158.8231707317073,0.475,0.02657342657342657,0.3253424657534246,1.5798319327731092,2.3065546218487394,8.0
31.0,Male,86.6,1.76,172.0,151.0,66.0,1.29,1071.0,Strength,3.3,3.0,2.0,27.96,30-39,80-99,overweight,106.0,0.8018867924528302,1.034433962264151,3.103301886792453,7.0927152317880795,830.2325581395348,12.367205542725173,665.7525230364195,49.20454545454545,866.76,2.793548387096774,1375.7590909090907,1.0999999999999999,0.03810623556581986,0.8527131782945735,1.6037735849056605,2.068867924528302,6.0
28.0,Male,128.4,1.86,173.0,158.0,71.0,1.06,921.0,Strength,3.3,4.0,2.0,37.11,0-29,100-130,obesity,102.0,0.8529411764705882,0.9041176470588236,3.6164705882352943,5.829113924050633,868.8679245283018,7.172897196261682,741.093229744728,69.03225806451613,1039.08,4.585714285714286,2561.7870967741933,0.825,0.025700934579439248,0.7783018867924527,1.7058823529411764,1.8082352941176472,8.0
19.0,Male,89.0,1.77,175.0,127.0,72.0,1.5,1048.0,Strength,3.7,4.0,2.0,28.41,0-29,80-99,overweight,103.0,0.5339805825242718,0.8009708737864077,3.203883495145631,8.251968503937007,698.6666666666666,11.775280898876405,373.0744336569579,50.282485875706215,539.79,4.684210526315789,1428.5254237288136,0.925,0.04157303370786517,0.6166666666666667,1.0679611650485437,1.6019417475728155,8.0
20.0,Male,92.3,1.94,176.0,131.0,71.0,1.14,821.0,HIIT,2.1,3.0,2.0,24.52,0-29,80-99,healthy,105.0,0.5714285714285714,0.6514285714285714,1.9542857142857142,6.267175572519084,720.1754385964913,8.894907908992415,411.5288220551379,47.577319587628864,490.4,4.615,1166.5958762886598,0.7000000000000001,0.022751895991332614,0.6140350877192984,1.1428571428571428,1.3028571428571427,6.0
38.0,Female,61.4,1.54,183.0,131.0,69.0,1.47,963.0,HIIT,2.7,3.0,2.0,25.89,30-39,60-79,overweight,114.0,0.543859649122807,0.7994736842105263,2.398421052631579,7.351145038167939,655.1020408163265,15.684039087947884,356.2835660580022,39.870129870129865,983.82,1.6157894736842104,1032.2376623376622,0.9,0.04397394136807818,0.6122448979591837,1.087719298245614,1.5989473684210527,6.0
41.0,Male,71.7,1.96,162.0,168.0,51.0,0.51,424.0,Yoga,2.5,2.0,1.0,18.66,40-49,60-79,healthy,111.0,1.054054054054054,0.5375675675675675,1.075135135135135,2.5238095238095237,831.3725490196078,5.913528591352859,876.3116057233703,36.58163265306123,765.0600000000001,1.748780487804878,682.6132653061225,1.25,0.03486750348675035,2.450980392156863,1.054054054054054,0.5375675675675675,2.0
19.0,Female,58.8,1.77,181.0,136.0,53.0,1.4,952.0,HIIT,2.7,2.0,1.0,18.77,0-29,40-59,healthy,128.0,0.6484375,0.9078124999999999,1.8156249999999998,7.0,680.0,16.19047619047619,440.9375,33.220338983050844,356.63,3.094736842105263,623.5457627118643,1.35,0.04591836734693878,0.9642857142857144,0.6484375,0.9078124999999999,2.0
23.0,Female,56.7,1.55,179.0,132.0,73.0,1.38,911.0,Cardio,1.9,4.0,2.0,23.6,0-29,40-59,healthy,106.0,0.5566037735849056,0.7681132075471697,3.072452830188679,6.901515151515151,660.144927536232,16.067019400352734,367.4391577796008,36.58064516129032,542.8000000000001,2.465217391304348,863.3032258064517,0.475,0.03350970017636684,0.34420289855072467,1.1132075471698113,1.5362264150943394,8.0
51.0,Female,56.3,1.5,182.0,142.0,66.0,1.43,914.0,Cardio,2.4,3.0,1.0,25.02,50-100,40-59,overweight,116.0,0.6551724137931034,0.9368965517241379,2.8106896551724136,6.436619718309859,639.1608391608391,16.234458259325045,418.76054979503255,37.53333333333333,1276.02,1.1039215686274508,939.084,0.7999999999999999,0.04262877442273535,0.5594405594405594,0.6551724137931034,0.9368965517241379,3.0
29.0,Male,58.6,1.61,198.0,122.0,72.0,1.2,805.0,Yoga,2.0,3.0,2.0,22.61,0-29,40-59,healthy,126.0,0.3968253968253968,0.47619047619047616,1.4285714285714284,6.598360655737705,670.8333333333334,13.737201365187714,266.2037037037037,36.39751552795031,655.6899999999999,2.020689655172414,822.9478260869564,0.6666666666666666,0.034129692832764506,0.5555555555555556,0.7936507936507936,0.9523809523809523,6.0
