2025-10-04 13:31:08,729 - INFO - use_preprocessing - dataset loaded with shape: (2644, 18)
2025-10-04 13:31:08,730 - INFO - preprocessing - Preprocessing initialized with dataset of shape: (2644, 18)
2025-10-04 13:31:08,731 - INFO - preprocessing - Missing values filled successfully!
2025-10-04 13:31:08,738 - INFO - preprocessing - Encoding completed!
2025-10-04 13:31:08,738 - INFO - use_preprocessing - data has preprocessed
2025-10-04 13:31:08,739 - INFO - use_preprocessing - file created to path: data/preprocessed\preprocessed_gym_dataset.csv
2025-10-04 13:45:34,007 - INFO - preprocessing - Preprocessing initialized with dataset of shape: (2644, 39)
2025-10-04 13:45:34,011 - INFO - preprocessing - Scaling applied on 36 numerical features
2025-10-04 13:45:34,011 - ERROR - preprocessing - Error in logTransformation: 'Categorical' with dtype category does not support reduction 'skew'
2025-10-04 13:46:49,782 - INFO - preprocessing - Preprocessing initialized with dataset of shape: (2644, 37)
2025-10-04 13:46:49,785 - INFO - preprocessing - Scaling applied on 36 numerical features
2025-10-04 13:46:49,786 - INFO - preprocessing - Log transformation applied on ['calories_burned', 'workout_type_Cardio', 'workout_type_HIIT', 'workout_type_Strength', 'workout_type_Yoga', 'age_category_0-29', 'age_category_30-39', 'age_category_40-49', 'age_category_50-100', 'weight_category_100-130', 'weight_category_40-59', 'weight_category_60-79', 'weight_category_80-99', 'bmi_category_healthy', 'bmi_category_obesity', 'bmi_category_overweight', 'bmi_category_sever obesity', 'bmi_category_under weight', 'water_per_session']
2025-10-06 14:14:48,217 - INFO - use_preprocessing - dataset loaded with shape: (2644, 18)
2025-10-06 14:14:48,217 - INFO - preprocessing - Preprocessing initialized with dataset of shape: (2644, 18)
2025-10-06 14:14:48,218 - INFO - preprocessing - Missing values filled successfully!
2025-10-06 14:14:48,223 - INFO - preprocessing - Encoding completed!
2025-10-06 14:14:48,223 - INFO - use_preprocessing - data has preprocessed
2025-10-06 14:14:48,223 - INFO - use_preprocessing - file created to path: data/preprocessed\preprocessed_gym_dataset.csv
2025-10-06 14:14:54,750 - INFO - preprocessing - Preprocessing initialized with dataset of shape: (2644, 36)
2025-10-06 14:14:54,753 - INFO - preprocessing - Scaling applied on 35 numerical features
2025-10-06 14:14:54,755 - INFO - preprocessing - Log transformation applied on ['calories_burned', 'workout_type_Cardio', 'workout_type_HIIT', 'workout_type_Strength', 'workout_type_Yoga', 'age_category_0-29', 'age_category_30-39', 'age_category_40-49', 'age_category_50-100', 'weight_category_100-130', 'weight_category_40-59', 'weight_category_60-79', 'weight_category_80-99', 'bmi_category_healthy', 'bmi_category_obesity', 'bmi_category_overweight', 'bmi_category_sever obesity', 'bmi_category_under weight', 'water_per_session']
2025-10-06 17:59:00,511 - INFO - use_preprocessing - dataset loaded with shape: (973, 18)
2025-10-06 17:59:00,512 - INFO - preprocessing - Preprocessing initialized with dataset of shape: (973, 18)
2025-10-06 17:59:00,513 - INFO - preprocessing - Missing values filled successfully!
2025-10-06 17:59:00,516 - INFO - preprocessing - Encoding completed!
2025-10-06 17:59:00,516 - INFO - use_preprocessing - data has preprocessed
2025-10-06 17:59:00,516 - INFO - use_preprocessing - file created to path: data/preprocessed\preprocessed_gym_dataset.csv
2025-10-06 18:01:03,096 - INFO - preprocessing - Preprocessing initialized with dataset of shape: (973, 37)
2025-10-06 18:01:03,099 - INFO - preprocessing - Scaling applied on 36 numerical features
2025-10-06 18:01:03,101 - INFO - preprocessing - Log transformation applied on ['workout_type_Cardio', 'workout_type_HIIT', 'workout_type_Strength', 'workout_type_Yoga', 'age_category_0-29', 'age_category_30-39', 'age_category_40-49', 'age_category_50-100', 'weight_category_100-130', 'weight_category_40-59', 'weight_category_80-99', 'bmi_category_obesity', 'bmi_category_overweight', 'bmi_category_sever obesity', 'bmi_category_under weight', 'water_per_session']
2025-10-06 18:05:43,969 - INFO - use_preprocessing - dataset loaded with shape: (973, 18)
2025-10-06 18:05:43,970 - INFO - preprocessing - Preprocessing initialized with dataset of shape: (973, 18)
2025-10-06 18:05:43,970 - INFO - preprocessing - Missing values filled successfully!
2025-10-06 18:05:43,975 - INFO - preprocessing - Encoding completed!
2025-10-06 18:05:43,975 - INFO - use_preprocessing - data has preprocessed
2025-10-06 18:05:43,975 - INFO - use_preprocessing - file created to path: data/preprocessed\preprocessed_gym_dataset.csv
2025-10-06 18:05:47,340 - INFO - preprocessing - Preprocessing initialized with dataset of shape: (973, 37)
2025-10-06 18:05:47,342 - INFO - preprocessing - Scaling applied on 36 numerical features
2025-10-06 18:05:47,344 - INFO - preprocessing - Log transformation applied on ['workout_type_Cardio', 'workout_type_HIIT', 'workout_type_Strength', 'workout_type_Yoga', 'age_category_0-29', 'age_category_30-39', 'age_category_40-49', 'age_category_50-100', 'weight_category_100-130', 'weight_category_40-59', 'weight_category_80-99', 'bmi_category_obesity', 'bmi_category_overweight', 'bmi_category_sever obesity', 'bmi_category_under weight', 'water_per_session']
2025-10-06 18:13:11,628 - INFO - use_preprocessing - dataset loaded with shape: (973, 18)
2025-10-06 18:13:11,628 - INFO - preprocessing - Preprocessing initialized with dataset of shape: (973, 18)
2025-10-06 18:13:11,629 - INFO - preprocessing - Missing values filled successfully!
2025-10-06 18:13:11,634 - INFO - preprocessing - Encoding completed!
2025-10-06 18:13:11,634 - INFO - use_preprocessing - data has preprocessed
2025-10-06 18:13:11,634 - INFO - use_preprocessing - file created to path: data/preprocessed\preprocessed_gym_dataset.csv
2025-10-06 18:13:13,935 - INFO - preprocessing - Preprocessing initialized with dataset of shape: (973, 37)
2025-10-06 18:13:13,938 - INFO - preprocessing - Scaling applied on 36 numerical features
2025-10-06 18:13:13,940 - INFO - preprocessing - Log transformation applied on ['weight', 'bmi', 'workout_type_Cardio', 'workout_type_HIIT', 'workout_type_Strength', 'workout_type_Yoga', 'age_category_0-29', 'age_category_30-39', 'age_category_40-49', 'age_category_50-100', 'weight_category_100-130', 'weight_category_40-59', 'weight_category_80-99', 'bmi_category_healthy', 'bmi_category_obesity', 'bmi_category_overweight', 'bmi_category_sever obesity', 'bmi_category_under weight', 'water_per_session', 'experience_intensity_ratio']
2025-10-06 18:16:06,066 - INFO - use_preprocessing - dataset loaded with shape: (973, 18)
2025-10-06 18:16:06,066 - INFO - preprocessing - Preprocessing initialized with dataset of shape: (973, 18)
2025-10-06 18:16:06,067 - INFO - preprocessing - Missing values filled successfully!
2025-10-06 18:16:06,071 - INFO - preprocessing - Encoding completed!
2025-10-06 18:16:06,071 - INFO - use_preprocessing - data has preprocessed
2025-10-06 18:16:06,071 - INFO - use_preprocessing - file created to path: data/preprocessed\preprocessed_gym_dataset.csv
2025-10-06 18:16:09,373 - INFO - preprocessing - Preprocessing initialized with dataset of shape: (973, 37)
2025-10-06 18:16:09,377 - INFO - preprocessing - Scaling applied on 36 numerical features
2025-10-06 18:16:09,379 - INFO - preprocessing - Log transformation applied on ['weight', 'bmi', 'workout_type_Cardio', 'workout_type_HIIT', 'workout_type_Strength', 'workout_type_Yoga', 'age_category_0-29', 'age_category_30-39', 'age_category_40-49', 'age_category_50-100', 'weight_category_100-130', 'weight_category_40-59', 'weight_category_80-99', 'bmi_category_healthy', 'bmi_category_obesity', 'bmi_category_overweight', 'bmi_category_sever obesity', 'bmi_category_under weight', 'water_per_session', 'experience_intensity_ratio']
2025-10-06 18:38:20,113 - INFO - use_preprocessing - dataset loaded with shape: (973, 18)
2025-10-06 18:38:20,114 - INFO - preprocessing - Preprocessing initialized with dataset of shape: (973, 18)
2025-10-06 18:38:20,114 - INFO - preprocessing - Missing values filled successfully!
2025-10-06 18:38:20,118 - INFO - preprocessing - Encoding completed!
2025-10-06 18:38:20,118 - INFO - use_preprocessing - data has preprocessed
2025-10-06 18:38:20,118 - INFO - use_preprocessing - file created to path: data/preprocessed\preprocessed_gym_dataset.csv
2025-10-06 18:38:22,159 - INFO - preprocessing - Preprocessing initialized with dataset of shape: (973, 37)
2025-10-06 18:38:22,162 - INFO - preprocessing - Scaling applied on 36 numerical features
2025-10-06 18:38:22,164 - INFO - preprocessing - Log transformation applied on ['weight', 'bmi', 'workout_type_Cardio', 'workout_type_HIIT', 'workout_type_Strength', 'workout_type_Yoga', 'age_category_0-29', 'age_category_30-39', 'age_category_40-49', 'age_category_50-100', 'weight_category_100-130', 'weight_category_40-59', 'weight_category_80-99', 'bmi_category_healthy', 'bmi_category_obesity', 'bmi_category_overweight', 'bmi_category_sever obesity', 'bmi_category_under weight', 'water_per_session', 'experience_intensity_ratio']
2025-10-07 09:53:23,666 - ERROR - notebook_preprocessing - error: [Errno 2] No such file or directory: '../data/raw/gym_dataset.csv'
2025-10-07 09:54:14,579 - ERROR - notebook_preprocessing - error: [Errno 2] No such file or directory: '../data/raw/gym_dataset.csv'
2025-10-07 09:54:30,401 - ERROR - notebook_preprocessing - error: [Errno 2] No such file or directory: '../data/raw/gym_dataset.csv'
2025-10-07 09:58:25,537 - ERROR - notebook_preprocessing - error: [Errno 2] No such file or directory: '/data/raw/gym_dataset.csv'
2025-10-07 09:58:27,243 - ERROR - notebook_preprocessing - error: [Errno 2] No such file or directory: '/data/raw/gym_dataset.csv'
2025-10-07 10:23:24,037 - INFO - notebook_preprocessing - dataset imported successfully with shape: (973, 18)
2025-10-07 10:23:32,671 - INFO - notebook_preprocessing - dataset imported successfully with shape: (973, 18)2025-10-07 10:31:24,307 - INFO - preprocessing - Preprocessing initialized with dataset of shape: (973, 32)
2025-10-07 10:31:24,308 - INFO - preprocessing - Missing values filled successfully!
2025-10-07 10:31:24,308 - INFO - preprocessing - Encoding completed!
2025-10-07 10:31:24,308 - INFO - notebook_preprocessing - dataset successfully preprocessed
2025-10-07 10:31:24,309 - INFO - notebook_preprocessing - missing values: 
age                           0
weight                        0
height                        0
max_bpm                       0
avg_bpm                       0
resting_bpm                   0
session_duration              0
calories_burned               0
fat_percentage                0
water_intake                  0
workout_frequency             0
experience_level              0
bmi                           0
gender_Female                 0
gender_Male                   0
workout_type_Cardio           0
workout_type_HIIT             0
workout_type_Strength         0
workout_type_Yoga             0
age_category_0-29             0
age_category_30-39            0
age_category_40-49            0
age_category_50-100           0
weight_category_100-130       0
weight_category_40-59         0
weight_category_60-79         0
weight_category_80-99         0
bmi_category_healthy          0
bmi_category_obesity          0
bmi_category_overweight       0
bmi_category_sever obesity    0
bmi_category_under weight     0
dtype: int64
2025-10-07 10:31:24,309 - INFO - notebook_preprocessing - object type columns: 0
2025-10-07 10:33:22,348 - INFO - preprocessing - Preprocessing initialized with dataset of shape: (973, 32)
2025-10-07 10:33:22,349 - INFO - preprocessing - Missing values filled successfully!
2025-10-07 10:33:22,349 - INFO - preprocessing - Encoding completed!
2025-10-07 10:33:22,349 - INFO - notebook_preprocessing - dataset successfully preprocessed
2025-10-07 10:33:22,350 - INFO - notebook_preprocessing - missing values: 
age                           0
weight                        0
height                        0
max_bpm                       0
avg_bpm                       0
resting_bpm                   0
session_duration              0
calories_burned               0
fat_percentage                0
water_intake                  0
workout_frequency             0
experience_level              0
bmi                           0
gender_Female                 0
gender_Male                   0
workout_type_Cardio           0
workout_type_HIIT             0
workout_type_Strength         0
workout_type_Yoga             0
age_category_0-29             0
age_category_30-39            0
age_category_40-49            0
age_category_50-100           0
weight_category_100-130       0
weight_category_40-59         0
weight_category_60-79         0
weight_category_80-99         0
bmi_category_healthy          0
bmi_category_obesity          0
bmi_category_overweight       0
bmi_category_sever obesity    0
bmi_category_under weight     0
dtype: int64
2025-10-07 10:33:22,350 - INFO - notebook_preprocessing - object type columns: 0
2025-10-07 10:50:59,728 - INFO - preprocessing - Preprocessing initialized with dataset of shape: (973, 37)
2025-10-07 10:50:59,732 - INFO - preprocessing - Scaling applied on 36 numerical features
2025-10-07 10:50:59,734 - INFO - preprocessing - Log transformation applied on ['weight', 'bmi', 'workout_type_Cardio', 'workout_type_HIIT', 'workout_type_Strength', 'workout_type_Yoga', 'age_category_0-29', 'age_category_30-39', 'age_category_40-49', 'age_category_50-100', 'weight_category_100-130', 'weight_category_40-59', 'weight_category_80-99', 'bmi_category_healthy', 'bmi_category_obesity', 'bmi_category_overweight', 'bmi_category_sever obesity', 'bmi_category_under weight', 'water_per_session', 'experience_intensity_ratio']
2025-10-07 12:08:35,070 - INFO - preprocessing - Preprocessing initialized with dataset of shape: (1, 17)
2025-10-07 12:08:35,070 - INFO - preprocessing - Missing values filled successfully!
2025-10-07 12:08:35,074 - INFO - preprocessing - Encoding completed!
2025-10-07 12:08:39,267 - INFO - preprocessing - Preprocessing initialized with dataset of shape: (1, 17)
2025-10-07 12:08:39,267 - INFO - preprocessing - Missing values filled successfully!
2025-10-07 12:08:39,270 - INFO - preprocessing - Encoding completed!
2025-10-07 12:16:13,986 - INFO - preprocessing - Preprocessing initialized with dataset of shape: (1, 17)
2025-10-07 12:16:13,986 - INFO - preprocessing - Missing values filled successfully!
2025-10-07 12:16:13,989 - INFO - preprocessing - Encoding completed!
2025-10-07 12:18:45,090 - INFO - preprocessing - Preprocessing initialized with dataset of shape: (1, 17)
2025-10-07 12:18:45,091 - INFO - preprocessing - Missing values filled successfully!
2025-10-07 12:18:45,095 - INFO - preprocessing - Encoding completed!
2025-10-07 12:20:47,660 - INFO - preprocessing - Preprocessing initialized with dataset of shape: (1, 17)
2025-10-07 12:20:47,661 - INFO - preprocessing - Missing values filled successfully!
2025-10-07 12:20:47,664 - INFO - preprocessing - Encoding completed!
2025-10-07 12:21:41,802 - INFO - preprocessing - Preprocessing initialized with dataset of shape: (1, 17)
2025-10-07 12:21:41,804 - INFO - preprocessing - Missing values filled successfully!
2025-10-07 12:21:41,807 - INFO - preprocessing - Encoding completed!
2025-10-07 12:21:43,618 - INFO - preprocessing - Preprocessing initialized with dataset of shape: (1, 17)
2025-10-07 12:21:43,619 - INFO - preprocessing - Missing values filled successfully!
2025-10-07 12:21:43,621 - INFO - preprocessing - Encoding completed!
2025-10-07 12:21:47,539 - INFO - preprocessing - Preprocessing initialized with dataset of shape: (1, 17)
2025-10-07 12:21:47,539 - INFO - preprocessing - Missing values filled successfully!
2025-10-07 12:21:47,543 - INFO - preprocessing - Encoding completed!
2025-10-07 12:25:08,270 - INFO - preprocessing - Preprocessing initialized with dataset of shape: (1, 17)
2025-10-07 12:25:08,270 - INFO - preprocessing - Missing values filled successfully!
2025-10-07 12:25:08,273 - INFO - preprocessing - Encoding completed!
2025-10-07 12:27:30,695 - INFO - preprocessing - Preprocessing initialized with dataset of shape: (1, 17)
2025-10-07 12:27:30,695 - INFO - preprocessing - Missing values filled successfully!
2025-10-07 12:27:30,698 - INFO - preprocessing - Encoding completed!
2025-10-07 12:27:38,435 - INFO - preprocessing - Preprocessing initialized with dataset of shape: (1, 17)
2025-10-07 12:27:38,436 - INFO - preprocessing - Missing values filled successfully!
2025-10-07 12:27:38,438 - INFO - preprocessing - Encoding completed!
2025-10-07 12:27:40,777 - INFO - preprocessing - Preprocessing initialized with dataset of shape: (1, 17)
2025-10-07 12:27:40,778 - INFO - preprocessing - Missing values filled successfully!
2025-10-07 12:27:40,781 - INFO - preprocessing - Encoding completed!
2025-10-07 12:27:41,777 - INFO - preprocessing - Preprocessing initialized with dataset of shape: (1, 17)
2025-10-07 12:27:41,778 - INFO - preprocessing - Missing values filled successfully!
2025-10-07 12:27:41,780 - INFO - preprocessing - Encoding completed!
2025-10-07 12:28:00,558 - INFO - preprocessing - Preprocessing initialized with dataset of shape: (1, 17)
2025-10-07 12:28:00,558 - INFO - preprocessing - Missing values filled successfully!
2025-10-07 12:28:00,561 - INFO - preprocessing - Encoding completed!
2025-10-07 12:33:54,165 - INFO - preprocessing - Preprocessing initialized with dataset of shape: (1, 17)
2025-10-07 12:33:54,166 - INFO - preprocessing - Missing values filled successfully!
2025-10-07 12:33:54,169 - INFO - preprocessing - Encoding completed!
2025-10-07 12:34:00,509 - INFO - preprocessing - Preprocessing initialized with dataset of shape: (1, 17)
2025-10-07 12:34:00,510 - INFO - preprocessing - Missing values filled successfully!
2025-10-07 12:34:00,513 - INFO - preprocessing - Encoding completed!
2025-10-07 12:34:00,810 - INFO - preprocessing - Preprocessing initialized with dataset of shape: (1, 17)
2025-10-07 12:34:00,811 - INFO - preprocessing - Missing values filled successfully!
2025-10-07 12:34:00,814 - INFO - preprocessing - Encoding completed!
2025-10-07 12:34:01,276 - INFO - preprocessing - Preprocessing initialized with dataset of shape: (1, 17)
2025-10-07 12:34:01,276 - INFO - preprocessing - Missing values filled successfully!
2025-10-07 12:34:01,279 - INFO - preprocessing - Encoding completed!
2025-10-07 12:34:01,810 - INFO - preprocessing - Preprocessing initialized with dataset of shape: (1, 17)
2025-10-07 12:34:01,812 - INFO - preprocessing - Missing values filled successfully!
2025-10-07 12:34:01,815 - INFO - preprocessing - Encoding completed!
2025-10-07 12:34:02,277 - INFO - preprocessing - Preprocessing initialized with dataset of shape: (1, 17)
2025-10-07 12:34:02,277 - INFO - preprocessing - Missing values filled successfully!
2025-10-07 12:34:02,280 - INFO - preprocessing - Encoding completed!
2025-10-07 12:34:13,693 - INFO - preprocessing - Preprocessing initialized with dataset of shape: (1, 17)
2025-10-07 12:34:13,693 - INFO - preprocessing - Missing values filled successfully!
2025-10-07 12:34:13,696 - INFO - preprocessing - Encoding completed!
2025-10-07 12:34:18,290 - INFO - preprocessing - Preprocessing initialized with dataset of shape: (1, 17)
2025-10-07 12:34:18,291 - INFO - preprocessing - Missing values filled successfully!
2025-10-07 12:34:18,295 - INFO - preprocessing - Encoding completed!
2025-10-07 12:42:19,558 - INFO - preprocessing - Preprocessing initialized with dataset of shape: (1, 17)
2025-10-07 12:42:19,559 - INFO - preprocessing - Missing values filled successfully!
2025-10-07 12:42:19,562 - INFO - preprocessing - Encoding completed!
2025-10-07 12:42:24,601 - INFO - preprocessing - Preprocessing initialized with dataset of shape: (1, 17)
2025-10-07 12:42:24,602 - INFO - preprocessing - Missing values filled successfully!
2025-10-07 12:42:24,605 - INFO - preprocessing - Encoding completed!
2025-10-07 12:43:47,371 - INFO - preprocessing - Preprocessing initialized with dataset of shape: (1, 17)
2025-10-07 12:43:47,372 - INFO - preprocessing - Missing values filled successfully!
2025-10-07 12:43:47,375 - INFO - preprocessing - Encoding completed!
2025-10-07 12:43:56,278 - INFO - preprocessing - Preprocessing initialized with dataset of shape: (1, 17)
2025-10-07 12:43:56,279 - INFO - preprocessing - Missing values filled successfully!
2025-10-07 12:43:56,281 - INFO - preprocessing - Encoding completed!
2025-10-07 12:44:13,236 - INFO - preprocessing - Preprocessing initialized with dataset of shape: (1, 17)
2025-10-07 12:44:13,236 - INFO - preprocessing - Missing values filled successfully!
2025-10-07 12:44:13,239 - INFO - preprocessing - Encoding completed!
2025-10-07 12:44:25,305 - INFO - preprocessing - Preprocessing initialized with dataset of shape: (1, 17)
2025-10-07 12:44:25,306 - INFO - preprocessing - Missing values filled successfully!
2025-10-07 12:44:25,310 - INFO - preprocessing - Encoding completed!
2025-10-07 12:44:29,055 - INFO - preprocessing - Preprocessing initialized with dataset of shape: (1, 17)
2025-10-07 12:44:29,056 - INFO - preprocessing - Missing values filled successfully!
2025-10-07 12:44:29,058 - INFO - preprocessing - Encoding completed!
2025-10-07 12:45:44,987 - INFO - preprocessing - Preprocessing initialized with dataset of shape: (1, 17)
2025-10-07 12:45:44,989 - INFO - preprocessing - Missing values filled successfully!
2025-10-07 12:45:44,996 - INFO - preprocessing - Encoding completed!
2025-10-07 12:51:00,283 - INFO - preprocessing - Preprocessing initialized with dataset of shape: (1, 17)
2025-10-07 12:51:00,284 - INFO - preprocessing - Missing values filled successfully!
2025-10-07 12:51:00,288 - INFO - preprocessing - Encoding completed!
2025-10-07 12:52:02,552 - INFO - preprocessing - Preprocessing initialized with dataset of shape: (1, 17)
2025-10-07 12:52:02,553 - INFO - preprocessing - Missing values filled successfully!
2025-10-07 12:52:02,556 - INFO - preprocessing - Encoding completed!
2025-10-07 12:59:01,847 - INFO - preprocessing - Preprocessing initialized with dataset of shape: (1, 17)
2025-10-07 12:59:01,848 - INFO - preprocessing - Missing values filled successfully!
2025-10-07 12:59:01,850 - INFO - preprocessing - Encoding completed!
2025-10-07 12:59:04,966 - INFO - preprocessing - Preprocessing initialized with dataset of shape: (1, 17)
2025-10-07 12:59:04,967 - INFO - preprocessing - Missing values filled successfully!
2025-10-07 12:59:04,970 - INFO - preprocessing - Encoding completed!
2025-10-07 12:59:15,230 - INFO - preprocessing - Preprocessing initialized with dataset of shape: (1, 17)
2025-10-07 12:59:15,231 - INFO - preprocessing - Missing values filled successfully!
2025-10-07 12:59:15,234 - INFO - preprocessing - Encoding completed!
2025-10-07 12:59:23,112 - INFO - preprocessing - Preprocessing initialized with dataset of shape: (1, 17)
2025-10-07 12:59:23,112 - INFO - preprocessing - Missing values filled successfully!
2025-10-07 12:59:23,115 - INFO - preprocessing - Encoding completed!
2025-10-07 12:59:50,262 - INFO - preprocessing - Preprocessing initialized with dataset of shape: (1, 17)
2025-10-07 12:59:50,262 - INFO - preprocessing - Missing values filled successfully!
2025-10-07 12:59:50,265 - INFO - preprocessing - Encoding completed!
2025-10-07 12:59:50,960 - INFO - preprocessing - Preprocessing initialized with dataset of shape: (1, 17)
2025-10-07 12:59:50,961 - INFO - preprocessing - Missing values filled successfully!
2025-10-07 12:59:50,964 - INFO - preprocessing - Encoding completed!
2025-10-07 12:59:51,942 - INFO - preprocessing - Preprocessing initialized with dataset of shape: (1, 17)
2025-10-07 12:59:51,943 - INFO - preprocessing - Missing values filled successfully!
2025-10-07 12:59:51,946 - INFO - preprocessing - Encoding completed!
2025-10-07 12:59:52,814 - INFO - preprocessing - Preprocessing initialized with dataset of shape: (1, 17)
2025-10-07 12:59:52,814 - INFO - preprocessing - Missing values filled successfully!
2025-10-07 12:59:52,817 - INFO - preprocessing - Encoding completed!
2025-10-07 13:00:00,025 - INFO - preprocessing - Preprocessing initialized with dataset of shape: (1, 17)
2025-10-07 13:00:00,026 - INFO - preprocessing - Missing values filled successfully!
2025-10-07 13:00:00,029 - INFO - preprocessing - Encoding completed!
2025-10-07 13:00:10,537 - INFO - preprocessing - Preprocessing initialized with dataset of shape: (1, 17)
2025-10-07 13:00:10,538 - INFO - preprocessing - Missing values filled successfully!
2025-10-07 13:00:10,541 - INFO - preprocessing - Encoding completed!
2025-10-07 13:00:11,262 - INFO - preprocessing - Preprocessing initialized with dataset of shape: (1, 17)
2025-10-07 13:00:11,263 - INFO - preprocessing - Missing values filled successfully!
2025-10-07 13:00:11,266 - INFO - preprocessing - Encoding completed!
2025-10-07 13:00:17,162 - INFO - preprocessing - Preprocessing initialized with dataset of shape: (1, 17)
2025-10-07 13:00:17,164 - INFO - preprocessing - Missing values filled successfully!
2025-10-07 13:00:17,167 - INFO - preprocessing - Encoding completed!
2025-10-07 13:00:19,461 - INFO - preprocessing - Preprocessing initialized with dataset of shape: (1, 17)
2025-10-07 13:00:19,462 - INFO - preprocessing - Missing values filled successfully!
2025-10-07 13:00:19,465 - INFO - preprocessing - Encoding completed!
2025-10-07 13:00:28,500 - INFO - preprocessing - Preprocessing initialized with dataset of shape: (1, 17)
2025-10-07 13:00:28,502 - INFO - preprocessing - Missing values filled successfully!
2025-10-07 13:00:28,505 - INFO - preprocessing - Encoding completed!
2025-10-07 13:00:37,102 - INFO - preprocessing - Preprocessing initialized with dataset of shape: (1, 17)
2025-10-07 13:00:37,104 - INFO - preprocessing - Missing values filled successfully!
2025-10-07 13:00:37,106 - INFO - preprocessing - Encoding completed!
2025-10-07 13:00:49,527 - INFO - preprocessing - Preprocessing initialized with dataset of shape: (1, 17)
2025-10-07 13:00:49,528 - INFO - preprocessing - Missing values filled successfully!
2025-10-07 13:00:49,531 - INFO - preprocessing - Encoding completed!
2025-10-07 13:00:55,445 - INFO - preprocessing - Preprocessing initialized with dataset of shape: (1, 17)
2025-10-07 13:00:55,446 - INFO - preprocessing - Missing values filled successfully!
2025-10-07 13:00:55,494 - INFO - preprocessing - Encoding completed!
2025-10-07 13:01:03,318 - INFO - preprocessing - Preprocessing initialized with dataset of shape: (1, 17)
2025-10-07 13:01:03,318 - INFO - preprocessing - Missing values filled successfully!
2025-10-07 13:01:03,322 - INFO - preprocessing - Encoding completed!
2025-10-07 13:01:19,345 - INFO - preprocessing - Preprocessing initialized with dataset of shape: (1, 17)
2025-10-07 13:01:19,346 - INFO - preprocessing - Missing values filled successfully!
2025-10-07 13:01:19,350 - INFO - preprocessing - Encoding completed!
2025-10-07 13:01:27,702 - INFO - preprocessing - Preprocessing initialized with dataset of shape: (1, 17)
2025-10-07 13:01:27,702 - INFO - preprocessing - Missing values filled successfully!
2025-10-07 13:01:27,707 - INFO - preprocessing - Encoding completed!
2025-10-07 13:01:35,485 - INFO - preprocessing - Preprocessing initialized with dataset of shape: (1, 17)
2025-10-07 13:01:35,486 - INFO - preprocessing - Missing values filled successfully!
2025-10-07 13:01:35,489 - INFO - preprocessing - Encoding completed!
2025-10-07 13:02:18,050 - INFO - preprocessing - Preprocessing initialized with dataset of shape: (1, 17)
2025-10-07 13:02:18,050 - INFO - preprocessing - Missing values filled successfully!
2025-10-07 13:02:18,053 - INFO - preprocessing - Encoding completed!
2025-10-07 13:02:31,969 - INFO - preprocessing - Preprocessing initialized with dataset of shape: (1, 17)
2025-10-07 13:02:31,969 - INFO - preprocessing - Missing values filled successfully!
2025-10-07 13:02:31,972 - INFO - preprocessing - Encoding completed!
2025-10-07 13:02:39,421 - INFO - preprocessing - Preprocessing initialized with dataset of shape: (1, 17)
2025-10-07 13:02:39,422 - INFO - preprocessing - Missing values filled successfully!
2025-10-07 13:02:39,424 - INFO - preprocessing - Encoding completed!
2025-10-07 13:02:43,986 - INFO - preprocessing - Preprocessing initialized with dataset of shape: (1, 17)
2025-10-07 13:02:43,987 - INFO - preprocessing - Missing values filled successfully!
2025-10-07 13:02:43,990 - INFO - preprocessing - Encoding completed!
2025-10-07 13:02:49,584 - INFO - preprocessing - Preprocessing initialized with dataset of shape: (1, 17)
2025-10-07 13:02:49,584 - INFO - preprocessing - Missing values filled successfully!
2025-10-07 13:02:49,588 - INFO - preprocessing - Encoding completed!
2025-10-07 13:02:55,036 - INFO - preprocessing - Preprocessing initialized with dataset of shape: (1, 17)
2025-10-07 13:02:55,037 - INFO - preprocessing - Missing values filled successfully!
2025-10-07 13:02:55,040 - INFO - preprocessing - Encoding completed!
2025-10-07 13:03:01,792 - INFO - preprocessing - Preprocessing initialized with dataset of shape: (1, 17)
2025-10-07 13:03:01,792 - INFO - preprocessing - Missing values filled successfully!
2025-10-07 13:03:01,795 - INFO - preprocessing - Encoding completed!
2025-10-07 13:03:12,670 - INFO - preprocessing - Preprocessing initialized with dataset of shape: (1, 17)
2025-10-07 13:03:12,670 - INFO - preprocessing - Missing values filled successfully!
2025-10-07 13:03:12,674 - INFO - preprocessing - Encoding completed!
2025-10-07 13:03:15,999 - INFO - preprocessing - Preprocessing initialized with dataset of shape: (1, 17)
2025-10-07 13:03:16,000 - INFO - preprocessing - Missing values filled successfully!
2025-10-07 13:03:16,003 - INFO - preprocessing - Encoding completed!
2025-10-07 13:06:35,886 - INFO - preprocessing - Preprocessing initialized with dataset of shape: (1, 17)
2025-10-07 13:06:35,886 - INFO - preprocessing - Missing values filled successfully!
2025-10-07 13:06:35,890 - INFO - preprocessing - Encoding completed!
2025-10-07 13:07:10,452 - INFO - preprocessing - Preprocessing initialized with dataset of shape: (1, 17)
2025-10-07 13:07:10,453 - INFO - preprocessing - Missing values filled successfully!
2025-10-07 13:07:10,456 - INFO - preprocessing - Encoding completed!
2025-10-07 13:07:19,581 - INFO - preprocessing - Preprocessing initialized with dataset of shape: (1, 17)
2025-10-07 13:07:19,582 - INFO - preprocessing - Missing values filled successfully!
2025-10-07 13:07:19,584 - INFO - preprocessing - Encoding completed!
2025-10-07 13:07:26,381 - INFO - preprocessing - Preprocessing initialized with dataset of shape: (1, 17)
2025-10-07 13:07:26,382 - INFO - preprocessing - Missing values filled successfully!
2025-10-07 13:07:26,386 - INFO - preprocessing - Encoding completed!
2025-10-07 13:07:36,406 - INFO - preprocessing - Preprocessing initialized with dataset of shape: (1, 17)
2025-10-07 13:07:36,407 - INFO - preprocessing - Missing values filled successfully!
2025-10-07 13:07:36,410 - INFO - preprocessing - Encoding completed!
2025-10-07 13:07:45,093 - INFO - preprocessing - Preprocessing initialized with dataset of shape: (1, 17)
2025-10-07 13:07:45,094 - INFO - preprocessing - Missing values filled successfully!
2025-10-07 13:07:45,097 - INFO - preprocessing - Encoding completed!
2025-10-07 13:07:54,780 - INFO - preprocessing - Preprocessing initialized with dataset of shape: (1, 17)
2025-10-07 13:07:54,781 - INFO - preprocessing - Missing values filled successfully!
2025-10-07 13:07:54,784 - INFO - preprocessing - Encoding completed!
2025-10-07 13:08:01,172 - INFO - preprocessing - Preprocessing initialized with dataset of shape: (1, 17)
2025-10-07 13:08:01,173 - INFO - preprocessing - Missing values filled successfully!
2025-10-07 13:08:01,177 - INFO - preprocessing - Encoding completed!
2025-10-07 13:08:09,032 - INFO - preprocessing - Preprocessing initialized with dataset of shape: (1, 17)
2025-10-07 13:08:09,033 - INFO - preprocessing - Missing values filled successfully!
2025-10-07 13:08:09,036 - INFO - preprocessing - Encoding completed!
2025-10-07 13:08:23,391 - INFO - preprocessing - Preprocessing initialized with dataset of shape: (1, 17)
2025-10-07 13:08:23,392 - INFO - preprocessing - Missing values filled successfully!
2025-10-07 13:08:23,395 - INFO - preprocessing - Encoding completed!
2025-10-07 13:31:00,105 - INFO - preprocessing - Preprocessing initialized with dataset of shape: (1, 17)
2025-10-07 13:31:00,106 - INFO - preprocessing - Missing values filled successfully!
2025-10-07 13:31:00,109 - INFO - preprocessing - Encoding completed!
2025-10-07 13:35:20,840 - INFO - preprocessing - Preprocessing initialized with dataset of shape: (1, 17)
2025-10-07 13:35:20,840 - INFO - preprocessing - Missing values filled successfully!
2025-10-07 13:35:20,843 - INFO - preprocessing - Encoding completed!
2025-10-07 13:37:25,564 - INFO - preprocessing - Preprocessing initialized with dataset of shape: (1, 17)
2025-10-07 13:37:25,565 - INFO - preprocessing - Missing values filled successfully!
2025-10-07 13:37:25,568 - INFO - preprocessing - Encoding completed!
2025-10-07 13:37:27,279 - INFO - preprocessing - Preprocessing initialized with dataset of shape: (1, 17)
2025-10-07 13:37:27,280 - INFO - preprocessing - Missing values filled successfully!
2025-10-07 13:37:27,283 - INFO - preprocessing - Encoding completed!
2025-10-07 13:37:29,936 - INFO - preprocessing - Preprocessing initialized with dataset of shape: (1, 17)
2025-10-07 13:37:29,936 - INFO - preprocessing - Missing values filled successfully!
2025-10-07 13:37:29,939 - INFO - preprocessing - Encoding completed!
2025-10-07 13:37:36,834 - INFO - preprocessing - Preprocessing initialized with dataset of shape: (1, 17)
2025-10-07 13:37:36,834 - INFO - preprocessing - Missing values filled successfully!
2025-10-07 13:37:36,837 - INFO - preprocessing - Encoding completed!
2025-10-07 13:37:46,353 - INFO - preprocessing - Preprocessing initialized with dataset of shape: (1, 17)
2025-10-07 13:37:46,355 - INFO - preprocessing - Missing values filled successfully!
2025-10-07 13:37:46,359 - INFO - preprocessing - Encoding completed!
2025-10-07 13:45:03,241 - INFO - preprocessing - Preprocessing initialized with dataset of shape: (1, 17)
2025-10-07 13:45:03,242 - INFO - preprocessing - Missing values filled successfully!
2025-10-07 13:45:03,245 - INFO - preprocessing - Encoding completed!
2025-10-07 13:46:50,621 - INFO - preprocessing - Preprocessing initialized with dataset of shape: (1, 17)
2025-10-07 13:46:50,622 - INFO - preprocessing - Missing values filled successfully!
2025-10-07 13:46:50,625 - INFO - preprocessing - Encoding completed!
2025-10-07 13:49:19,060 - INFO - preprocessing - Preprocessing initialized with dataset of shape: (1, 17)
2025-10-07 13:49:19,062 - INFO - preprocessing - Missing values filled successfully!
2025-10-07 13:49:19,065 - INFO - preprocessing - Encoding completed!
2025-10-07 13:50:25,313 - INFO - preprocessing - Preprocessing initialized with dataset of shape: (1, 17)
2025-10-07 13:50:25,314 - INFO - preprocessing - Missing values filled successfully!
2025-10-07 13:50:25,317 - INFO - preprocessing - Encoding completed!
2025-10-07 13:52:18,985 - INFO - preprocessing - Preprocessing initialized with dataset of shape: (1, 17)
2025-10-07 13:52:18,986 - INFO - preprocessing - Missing values filled successfully!
2025-10-07 13:52:18,988 - INFO - preprocessing - Encoding completed!
2025-10-07 13:52:24,161 - INFO - preprocessing - Preprocessing initialized with dataset of shape: (1, 17)
2025-10-07 13:52:24,162 - INFO - preprocessing - Missing values filled successfully!
2025-10-07 13:52:24,164 - INFO - preprocessing - Encoding completed!
2025-10-07 13:55:01,665 - INFO - preprocessing - Preprocessing initialized with dataset of shape: (1, 17)
2025-10-07 13:55:01,666 - INFO - preprocessing - Missing values filled successfully!
2025-10-07 13:55:01,669 - INFO - preprocessing - Encoding completed!
2025-10-07 13:55:08,740 - INFO - preprocessing - Preprocessing initialized with dataset of shape: (1, 17)
2025-10-07 13:55:08,741 - INFO - preprocessing - Missing values filled successfully!
2025-10-07 13:55:08,744 - INFO - preprocessing - Encoding completed!
2025-10-07 13:55:27,259 - INFO - preprocessing - Preprocessing initialized with dataset of shape: (1, 17)
2025-10-07 13:55:27,260 - INFO - preprocessing - Missing values filled successfully!
2025-10-07 13:55:27,263 - INFO - preprocessing - Encoding completed!
2025-10-07 13:55:32,129 - INFO - preprocessing - Preprocessing initialized with dataset of shape: (1, 17)
2025-10-07 13:55:32,130 - INFO - preprocessing - Missing values filled successfully!
2025-10-07 13:55:32,134 - INFO - preprocessing - Encoding completed!
2025-10-07 13:55:38,924 - INFO - preprocessing - Preprocessing initialized with dataset of shape: (1, 17)
2025-10-07 13:55:38,925 - INFO - preprocessing - Missing values filled successfully!
2025-10-07 13:55:38,929 - INFO - preprocessing - Encoding completed!
2025-10-07 13:55:47,864 - INFO - preprocessing - Preprocessing initialized with dataset of shape: (1, 17)
2025-10-07 13:55:47,865 - INFO - preprocessing - Missing values filled successfully!
2025-10-07 13:55:47,867 - INFO - preprocessing - Encoding completed!
2025-10-07 13:55:50,673 - INFO - preprocessing - Preprocessing initialized with dataset of shape: (1, 17)
2025-10-07 13:55:50,674 - INFO - preprocessing - Missing values filled successfully!
2025-10-07 13:55:50,676 - INFO - preprocessing - Encoding completed!
2025-10-07 13:56:03,808 - INFO - preprocessing - Preprocessing initialized with dataset of shape: (1, 17)
2025-10-07 13:56:03,809 - INFO - preprocessing - Missing values filled successfully!
2025-10-07 13:56:03,811 - INFO - preprocessing - Encoding completed!
2025-10-07 13:57:39,232 - INFO - preprocessing - Preprocessing initialized with dataset of shape: (1, 17)
2025-10-07 13:57:39,232 - INFO - preprocessing - Missing values filled successfully!
2025-10-07 13:57:39,236 - INFO - preprocessing - Encoding completed!
2025-10-07 21:19:47,313 - INFO - preprocessing - Preprocessing initialized with dataset of shape: (1, 17)
2025-10-07 21:19:47,314 - INFO - preprocessing - Missing values filled successfully!
2025-10-07 21:19:47,317 - INFO - preprocessing - Encoding completed!
2025-10-08 20:07:53,246 - INFO - use_preprocessing - dataset loaded with shape: (973, 18)
2025-10-08 20:07:53,247 - INFO - preprocessing - Preprocessing initialized with dataset of shape: (973, 18)
2025-10-08 20:07:53,247 - INFO - preprocessing - Missing values filled successfully!
2025-10-08 20:07:53,253 - INFO - preprocessing - Encoding completed!
2025-10-08 20:07:53,253 - INFO - use_preprocessing - data has preprocessed
2025-10-08 20:07:53,254 - INFO - use_preprocessing - file created to path: data/preprocessed\preprocessed_gym_dataset.csv
2025-10-08 20:07:58,673 - INFO - preprocessing - Preprocessing initialized with dataset of shape: (973, 37)
2025-10-08 20:07:58,676 - INFO - preprocessing - Scaling applied on 36 numerical features
2025-10-08 20:07:58,678 - INFO - preprocessing - Log transformation applied on ['weight', 'bmi', 'workout_type_Cardio', 'workout_type_HIIT', 'workout_type_Strength', 'workout_type_Yoga', 'age_category_0-29', 'age_category_30-39', 'age_category_40-49', 'age_category_50-100', 'weight_category_100-130', 'weight_category_40-59', 'weight_category_80-99', 'bmi_category_healthy', 'bmi_category_obesity', 'bmi_category_overweight', 'bmi_category_sever obesity', 'bmi_category_under weight', 'water_per_session', 'experience_intensity_ratio']
2025-10-08 21:28:49,975 - INFO - preprocessing - Preprocessing initialized with dataset of shape: (1, 17)
2025-10-08 21:28:49,975 - INFO - preprocessing - Missing values filled successfully!
2025-10-08 21:28:49,980 - INFO - preprocessing - Encoding completed!
2025-10-08 21:30:08,846 - INFO - preprocessing - Preprocessing initialized with dataset of shape: (1, 17)
2025-10-08 21:30:08,847 - INFO - preprocessing - Missing values filled successfully!
2025-10-08 21:30:08,851 - INFO - preprocessing - Encoding completed!
2025-10-08 21:30:24,244 - INFO - preprocessing - Preprocessing initialized with dataset of shape: (1, 17)
2025-10-08 21:30:24,245 - INFO - preprocessing - Missing values filled successfully!
2025-10-08 21:30:24,247 - INFO - preprocessing - Encoding completed!
2025-10-08 21:31:19,246 - INFO - preprocessing - Preprocessing initialized with dataset of shape: (1, 17)
2025-10-08 21:31:19,247 - INFO - preprocessing - Missing values filled successfully!
2025-10-08 21:31:19,249 - INFO - preprocessing - Encoding completed!
2025-10-08 21:31:40,038 - INFO - preprocessing - Preprocessing initialized with dataset of shape: (1, 17)
2025-10-08 21:31:40,039 - INFO - preprocessing - Missing values filled successfully!
2025-10-08 21:31:40,042 - INFO - preprocessing - Encoding completed!
2025-10-08 21:34:01,271 - INFO - preprocessing - Preprocessing initialized with dataset of shape: (2, 17)
2025-10-08 21:34:01,271 - INFO - preprocessing - Missing values filled successfully!
2025-10-08 21:34:01,274 - INFO - preprocessing - Encoding completed!
2025-10-08 21:35:14,332 - INFO - preprocessing - Preprocessing initialized with dataset of shape: (1, 2)
2025-10-08 21:35:14,333 - INFO - preprocessing - Missing values filled successfully!
2025-10-08 21:35:14,333 - ERROR - preprocessing - Error in encode: unhashable type: 'dict'
2025-10-08 21:35:41,440 - INFO - preprocessing - Preprocessing initialized with dataset of shape: (2, 18)
2025-10-08 21:35:41,440 - INFO - preprocessing - Missing values filled successfully!
2025-10-08 21:35:41,443 - INFO - preprocessing - Encoding completed!
2025-10-08 21:36:11,756 - INFO - preprocessing - Preprocessing initialized with dataset of shape: (2, 18)
2025-10-08 21:36:11,757 - INFO - preprocessing - Missing values filled successfully!
2025-10-08 21:36:11,761 - INFO - preprocessing - Encoding completed!
2025-10-08 21:36:12,637 - INFO - preprocessing - Preprocessing initialized with dataset of shape: (2, 18)
2025-10-08 21:36:12,637 - INFO - preprocessing - Missing values filled successfully!
2025-10-08 21:36:12,640 - INFO - preprocessing - Encoding completed!
2025-10-08 21:36:13,107 - INFO - preprocessing - Preprocessing initialized with dataset of shape: (2, 18)
2025-10-08 21:36:13,109 - INFO - preprocessing - Missing values filled successfully!
2025-10-08 21:36:13,112 - INFO - preprocessing - Encoding completed!
2025-10-08 21:36:13,484 - INFO - preprocessing - Preprocessing initialized with dataset of shape: (2, 18)
2025-10-08 21:36:13,484 - INFO - preprocessing - Missing values filled successfully!
2025-10-08 21:36:13,488 - INFO - preprocessing - Encoding completed!
2025-10-08 21:37:30,477 - INFO - preprocessing - Preprocessing initialized with dataset of shape: (2, 18)
2025-10-08 21:37:30,478 - INFO - preprocessing - Missing values filled successfully!
2025-10-08 21:37:30,481 - INFO - preprocessing - Encoding completed!
2025-10-08 21:37:31,180 - INFO - preprocessing - Preprocessing initialized with dataset of shape: (2, 18)
2025-10-08 21:37:31,180 - INFO - preprocessing - Missing values filled successfully!
2025-10-08 21:37:31,183 - INFO - preprocessing - Encoding completed!
2025-10-08 21:37:31,461 - INFO - preprocessing - Preprocessing initialized with dataset of shape: (2, 18)
2025-10-08 21:37:31,462 - INFO - preprocessing - Missing values filled successfully!
2025-10-08 21:37:31,464 - INFO - preprocessing - Encoding completed!
2025-10-08 21:37:31,723 - INFO - preprocessing - Preprocessing initialized with dataset of shape: (2, 18)
2025-10-08 21:37:31,723 - INFO - preprocessing - Missing values filled successfully!
2025-10-08 21:37:31,726 - INFO - preprocessing - Encoding completed!
2025-10-08 21:39:56,373 - INFO - preprocessing - Preprocessing initialized with dataset of shape: (2, 18)
2025-10-08 21:39:56,374 - INFO - preprocessing - Missing values filled successfully!
2025-10-08 21:39:56,377 - INFO - preprocessing - Encoding completed!
2025-10-08 21:40:06,028 - INFO - preprocessing - Preprocessing initialized with dataset of shape: (2, 18)
2025-10-08 21:40:06,029 - INFO - preprocessing - Missing values filled successfully!
2025-10-08 21:40:06,032 - INFO - preprocessing - Encoding completed!
2025-10-08 21:40:31,092 - INFO - preprocessing - Preprocessing initialized with dataset of shape: (2, 18)
2025-10-08 21:40:31,092 - INFO - preprocessing - Missing values filled successfully!
2025-10-08 21:40:31,095 - INFO - preprocessing - Encoding completed!
2025-10-08 21:40:33,318 - INFO - preprocessing - Preprocessing initialized with dataset of shape: (2, 18)
2025-10-08 21:40:33,318 - INFO - preprocessing - Missing values filled successfully!
2025-10-08 21:40:33,321 - INFO - preprocessing - Encoding completed!
2025-10-08 21:40:33,771 - INFO - preprocessing - Preprocessing initialized with dataset of shape: (2, 18)
2025-10-08 21:40:33,772 - INFO - preprocessing - Missing values filled successfully!
2025-10-08 21:40:33,775 - INFO - preprocessing - Encoding completed!
2025-10-08 21:40:39,981 - INFO - preprocessing - Preprocessing initialized with dataset of shape: (2, 18)
2025-10-08 21:40:39,982 - INFO - preprocessing - Missing values filled successfully!
2025-10-08 21:40:39,984 - INFO - preprocessing - Encoding completed!
2025-10-08 21:40:48,022 - INFO - preprocessing - Preprocessing initialized with dataset of shape: (2, 18)
2025-10-08 21:40:48,023 - INFO - preprocessing - Missing values filled successfully!
2025-10-08 21:40:48,025 - INFO - preprocessing - Encoding completed!
2025-10-08 21:40:54,031 - INFO - preprocessing - Preprocessing initialized with dataset of shape: (2, 18)
2025-10-08 21:40:54,032 - INFO - preprocessing - Missing values filled successfully!
2025-10-08 21:40:54,035 - INFO - preprocessing - Encoding completed!
2025-10-08 21:40:58,773 - INFO - preprocessing - Preprocessing initialized with dataset of shape: (2, 18)
2025-10-08 21:40:58,774 - INFO - preprocessing - Missing values filled successfully!
2025-10-08 21:40:58,777 - INFO - preprocessing - Encoding completed!
2025-10-08 21:41:11,805 - INFO - preprocessing - Preprocessing initialized with dataset of shape: (2, 18)
2025-10-08 21:41:11,805 - INFO - preprocessing - Missing values filled successfully!
2025-10-08 21:41:11,809 - INFO - preprocessing - Encoding completed!
2025-10-08 21:41:17,542 - INFO - preprocessing - Preprocessing initialized with dataset of shape: (2, 18)
2025-10-08 21:41:17,543 - INFO - preprocessing - Missing values filled successfully!
2025-10-08 21:41:17,546 - INFO - preprocessing - Encoding completed!
2025-10-08 21:41:23,580 - INFO - preprocessing - Preprocessing initialized with dataset of shape: (2, 18)
2025-10-08 21:41:23,581 - INFO - preprocessing - Missing values filled successfully!
2025-10-08 21:41:23,585 - INFO - preprocessing - Encoding completed!
2025-10-08 21:43:43,724 - INFO - preprocessing - Preprocessing initialized with dataset of shape: (2, 18)
2025-10-08 21:43:43,725 - INFO - preprocessing - Missing values filled successfully!
2025-10-08 21:43:43,729 - INFO - preprocessing - Encoding completed!
2025-12-13 11:59:19,182 - INFO - preprocessing - Filled NUMERIC columns with MEAN: ['age', 'weight', 'height', 'max_bpm', 'avg_bpm', 'resting_bpm', 'session_duration', 'calories_burned', 'fat_percentage', 'water_intake', 'workout_frequency', 'experience_level', 'bmi']
2025-12-13 11:59:19,184 - INFO - preprocessing - Filled CATEGORICAL column 'gender' with MODE: Male
2025-12-13 11:59:19,184 - INFO - preprocessing - Filled CATEGORICAL column 'workout_type' with MODE: Strength
2025-12-13 11:59:19,184 - INFO - preprocessing - Filled CATEGORICAL column 'age_category' with MODE: 0-29
2025-12-13 11:59:19,185 - INFO - preprocessing - Filled CATEGORICAL column 'weight_category' with MODE: 60-79
2025-12-13 11:59:19,185 - INFO - preprocessing - Filled CATEGORICAL column 'bmi_category' with MODE: healthy
2025-12-13 11:59:19,185 - INFO - preprocessing - Missing values filled successfully.
2025-12-13 11:59:19,185 - INFO - use_fillMissingValues - Preprocessing steps completed successfully.
2025-12-13 11:59:19,193 - INFO - use_fillMissingValues - Filled dataset saved to data/filled/filled_dataset.csv
2025-12-13 11:59:19,194 - INFO - use_fillMissingValues - Preprocessing pipeline saved to pipeline/filled_pipeline.joblib
2025-12-13 11:59:19,194 - INFO - use_fillMissingValues - Successfully filled the dataset and saved all outputs!
2025-12-13 11:59:38,540 - INFO - preprocessing - Applied Ordinal Encoding to column: gender
2025-12-13 11:59:38,540 - INFO - preprocessing - Applied Ordinal Encoding to column: workout_type
2025-12-13 11:59:38,540 - INFO - preprocessing - Applied Ordinal Encoding to column: age_category
2025-12-13 11:59:38,540 - INFO - preprocessing - Applied Ordinal Encoding to column: weight_category
2025-12-13 11:59:38,541 - INFO - preprocessing - Applied Ordinal Encoding to column: bmi_category
2025-12-13 11:59:38,541 - INFO - preprocessing - All categorical features encoded using Ordinal Encoding.
2025-12-13 11:59:38,559 - INFO - preprocessing - Numerical scaling applied to 23 columns using MinMaxScaler().
2025-12-13 11:59:38,559 - INFO - use_preprocessing - Preprocessing steps completed successfully.
2025-12-13 11:59:38,571 - INFO - use_preprocessing - Preprocessed dataset saved to data/preprocessed/preprocessed_dataset.csv
2025-12-13 11:59:38,574 - INFO - use_preprocessing - Preprocessing pipeline saved to pipeline/preprocessed_pipeline.joblib
2025-12-13 11:59:38,574 - INFO - use_preprocessing - Successfully preprocessed the dataset and saved all outputs!
2025-12-13 13:16:36,698 - INFO - preprocessing - Applied Ordinal Encoding to column: gender
2025-12-13 13:16:36,698 - INFO - preprocessing - Applied Ordinal Encoding to column: workout_type
2025-12-13 13:16:36,699 - INFO - preprocessing - Applied Ordinal Encoding to column: age_category
2025-12-13 13:16:36,699 - INFO - preprocessing - Applied Ordinal Encoding to column: weight_category
2025-12-13 13:16:36,699 - INFO - preprocessing - Applied Ordinal Encoding to column: bmi_category
2025-12-13 13:16:36,700 - INFO - preprocessing - All categorical features encoded using Ordinal Encoding.
2025-12-13 13:16:36,727 - INFO - preprocessing - Numerical scaling applied to 36 columns using MinMaxScaler().
2025-12-13 13:16:36,727 - INFO - use_preprocessing - Preprocessing steps completed successfully.
2025-12-13 13:16:36,746 - INFO - use_preprocessing - Preprocessed dataset saved to data/preprocessed/preprocessed_dataset.csv
2025-12-13 13:16:36,752 - INFO - use_preprocessing - Preprocessing pipeline saved to pipeline/preprocessed_pipeline.joblib
2025-12-13 13:16:36,752 - INFO - use_preprocessing - Successfully preprocessed the dataset and saved all outputs!
2025-12-13 13:21:15,966 - INFO - preprocessing - Applied Ordinal Encoding to column: gender
2025-12-13 13:22:29,457 - INFO - preprocessing - Applied Ordinal Encoding to column: gender
2025-12-13 13:23:53,653 - INFO - preprocessing - Applied Ordinal Encoding to column: gender
2025-12-13 13:23:53,653 - INFO - preprocessing - Applied Ordinal Encoding to column: workout_type
2025-12-13 13:23:53,653 - INFO - preprocessing - Applied Ordinal Encoding to column: age_category
2025-12-13 13:23:53,654 - INFO - preprocessing - Applied Ordinal Encoding to column: weight_category
2025-12-13 13:23:53,654 - INFO - preprocessing - Applied Ordinal Encoding to column: bmi_category
2025-12-13 13:23:53,655 - INFO - preprocessing - Scaled column: age
2025-12-13 13:23:53,656 - INFO - preprocessing - Scaled column: gender
2025-12-13 13:23:53,657 - INFO - preprocessing - Scaled column: weight
2025-12-13 13:23:53,658 - INFO - preprocessing - Scaled column: height
2025-12-13 13:23:53,659 - INFO - preprocessing - Scaled column: max_bpm
2025-12-13 13:23:53,660 - INFO - preprocessing - Scaled column: avg_bpm
2025-12-13 13:23:53,660 - INFO - preprocessing - Scaled column: resting_bpm
2025-12-13 13:23:53,661 - INFO - preprocessing - Scaled column: session_duration
2025-12-13 13:23:53,662 - INFO - preprocessing - Scaled column: calories_burned
2025-12-13 13:23:53,663 - INFO - preprocessing - Scaled column: workout_type
2025-12-13 13:23:53,664 - INFO - preprocessing - Scaled column: water_intake
2025-12-13 13:23:53,664 - INFO - preprocessing - Scaled column: workout_frequency
2025-12-13 13:23:53,665 - INFO - preprocessing - Scaled column: experience_level
2025-12-13 13:23:53,666 - INFO - preprocessing - Scaled column: bmi
2025-12-13 13:23:53,667 - INFO - preprocessing - Scaled column: age_category
2025-12-13 13:23:53,668 - INFO - preprocessing - Scaled column: weight_category
2025-12-13 13:23:53,668 - INFO - preprocessing - Scaled column: bmi_category
2025-12-13 13:23:53,669 - INFO - preprocessing - Scaled column: hrr
2025-12-13 13:23:53,670 - INFO - preprocessing - Scaled column: intensity
2025-12-13 13:23:53,671 - INFO - preprocessing - Scaled column: cardio_load
2025-12-13 13:23:53,672 - INFO - preprocessing - Scaled column: weekly_cardio_load
2025-12-13 13:23:53,672 - INFO - preprocessing - Scaled column: bpm_efficiency
2025-12-13 13:23:53,673 - INFO - preprocessing - Scaled column: calories_per_min
2025-12-13 13:23:53,673 - INFO - preprocessing - Scaled column: calories_per_kg
2025-12-13 13:23:53,674 - INFO - preprocessing - Scaled column: fat_burn_efficiency
2025-12-13 13:23:53,675 - INFO - preprocessing - Scaled column: weight_height_ratio
2025-12-13 13:23:53,676 - INFO - preprocessing - Scaled column: bmi_age_interaction
2025-12-13 13:23:53,676 - INFO - preprocessing - Scaled column: weight_age_ratio
2025-12-13 13:23:53,677 - INFO - preprocessing - Scaled column: fat_risk_score
2025-12-13 13:23:53,677 - INFO - preprocessing - Scaled column: water_per_session
2025-12-13 13:23:53,678 - INFO - preprocessing - Scaled column: water_per_kg
2025-12-13 13:23:53,679 - INFO - preprocessing - Scaled column: hydration_score
2025-12-13 13:23:53,679 - INFO - preprocessing - Scaled column: experience_intensity_ratio
2025-12-13 13:23:53,680 - INFO - preprocessing - Scaled column: experience_load
2025-12-13 13:23:53,681 - INFO - preprocessing - Scaled column: experience_frequency_score
2025-12-13 13:24:00,510 - INFO - preprocessing - Applied Ordinal Encoding to column: gender
2025-12-13 13:24:00,510 - INFO - preprocessing - Applied Ordinal Encoding to column: workout_type
2025-12-13 13:24:00,510 - INFO - preprocessing - Applied Ordinal Encoding to column: age_category
2025-12-13 13:24:00,510 - INFO - preprocessing - Applied Ordinal Encoding to column: weight_category
2025-12-13 13:24:00,511 - INFO - preprocessing - Applied Ordinal Encoding to column: bmi_category
2025-12-13 13:24:00,512 - INFO - preprocessing - Scaled column: age
2025-12-13 13:24:00,512 - INFO - preprocessing - Scaled column: gender
2025-12-13 13:24:00,513 - INFO - preprocessing - Scaled column: weight
2025-12-13 13:24:00,514 - INFO - preprocessing - Scaled column: height
2025-12-13 13:24:00,515 - INFO - preprocessing - Scaled column: max_bpm
2025-12-13 13:24:00,516 - INFO - preprocessing - Scaled column: avg_bpm
2025-12-13 13:24:00,517 - INFO - preprocessing - Scaled column: resting_bpm
2025-12-13 13:24:00,517 - INFO - preprocessing - Scaled column: session_duration
2025-12-13 13:24:00,518 - INFO - preprocessing - Scaled column: calories_burned
2025-12-13 13:24:00,519 - INFO - preprocessing - Scaled column: workout_type
2025-12-13 13:24:00,520 - INFO - preprocessing - Scaled column: water_intake
2025-12-13 13:24:00,521 - INFO - preprocessing - Scaled column: workout_frequency
2025-12-13 13:24:00,521 - INFO - preprocessing - Scaled column: experience_level
2025-12-13 13:24:00,522 - INFO - preprocessing - Scaled column: bmi
2025-12-13 13:24:00,523 - INFO - preprocessing - Scaled column: age_category
2025-12-13 13:24:00,524 - INFO - preprocessing - Scaled column: weight_category
2025-12-13 13:24:00,524 - INFO - preprocessing - Scaled column: bmi_category
2025-12-13 13:24:00,525 - INFO - preprocessing - Scaled column: hrr
2025-12-13 13:24:00,526 - INFO - preprocessing - Scaled column: intensity
2025-12-13 13:24:00,527 - INFO - preprocessing - Scaled column: cardio_load
2025-12-13 13:24:00,527 - INFO - preprocessing - Scaled column: weekly_cardio_load
2025-12-13 13:24:00,528 - INFO - preprocessing - Scaled column: bpm_efficiency
2025-12-13 13:24:00,529 - INFO - preprocessing - Scaled column: calories_per_min
2025-12-13 13:24:00,530 - INFO - preprocessing - Scaled column: calories_per_kg
2025-12-13 13:24:00,531 - INFO - preprocessing - Scaled column: fat_burn_efficiency
2025-12-13 13:24:00,531 - INFO - preprocessing - Scaled column: weight_height_ratio
2025-12-13 13:24:00,532 - INFO - preprocessing - Scaled column: bmi_age_interaction
2025-12-13 13:24:00,533 - INFO - preprocessing - Scaled column: weight_age_ratio
2025-12-13 13:24:00,534 - INFO - preprocessing - Scaled column: fat_risk_score
2025-12-13 13:24:00,535 - INFO - preprocessing - Scaled column: water_per_session
2025-12-13 13:24:00,536 - INFO - preprocessing - Scaled column: water_per_kg
2025-12-13 13:24:00,537 - INFO - preprocessing - Scaled column: hydration_score
2025-12-13 13:24:00,538 - INFO - preprocessing - Scaled column: experience_intensity_ratio
2025-12-13 13:24:00,538 - INFO - preprocessing - Scaled column: experience_load
2025-12-13 13:24:00,539 - INFO - preprocessing - Scaled column: experience_frequency_score
2025-12-13 13:24:06,356 - INFO - preprocessing - Applied Ordinal Encoding to column: gender
2025-12-13 13:24:06,357 - INFO - preprocessing - Applied Ordinal Encoding to column: workout_type
2025-12-13 13:24:06,357 - INFO - preprocessing - Applied Ordinal Encoding to column: age_category
2025-12-13 13:24:06,357 - INFO - preprocessing - Applied Ordinal Encoding to column: weight_category
2025-12-13 13:24:06,357 - INFO - preprocessing - Applied Ordinal Encoding to column: bmi_category
2025-12-13 13:24:06,358 - INFO - preprocessing - Scaled column: age
2025-12-13 13:24:06,359 - INFO - preprocessing - Scaled column: gender
2025-12-13 13:24:06,360 - INFO - preprocessing - Scaled column: weight
2025-12-13 13:24:06,361 - INFO - preprocessing - Scaled column: height
2025-12-13 13:24:06,361 - INFO - preprocessing - Scaled column: max_bpm
2025-12-13 13:24:06,362 - INFO - preprocessing - Scaled column: avg_bpm
2025-12-13 13:24:06,363 - INFO - preprocessing - Scaled column: resting_bpm
2025-12-13 13:24:06,364 - INFO - preprocessing - Scaled column: session_duration
2025-12-13 13:24:06,365 - INFO - preprocessing - Scaled column: calories_burned
2025-12-13 13:24:06,366 - INFO - preprocessing - Scaled column: workout_type
2025-12-13 13:24:06,366 - INFO - preprocessing - Scaled column: water_intake
2025-12-13 13:24:06,367 - INFO - preprocessing - Scaled column: workout_frequency
2025-12-13 13:24:06,368 - INFO - preprocessing - Scaled column: experience_level
2025-12-13 13:24:06,368 - INFO - preprocessing - Scaled column: bmi
2025-12-13 13:24:06,369 - INFO - preprocessing - Scaled column: age_category
2025-12-13 13:24:06,369 - INFO - preprocessing - Scaled column: weight_category
2025-12-13 13:24:06,370 - INFO - preprocessing - Scaled column: bmi_category
2025-12-13 13:24:06,371 - INFO - preprocessing - Scaled column: hrr
2025-12-13 13:24:06,372 - INFO - preprocessing - Scaled column: intensity
2025-12-13 13:24:06,372 - INFO - preprocessing - Scaled column: cardio_load
2025-12-13 13:24:06,373 - INFO - preprocessing - Scaled column: weekly_cardio_load
2025-12-13 13:24:06,373 - INFO - preprocessing - Scaled column: bpm_efficiency
2025-12-13 13:24:06,374 - INFO - preprocessing - Scaled column: calories_per_min
2025-12-13 13:24:06,375 - INFO - preprocessing - Scaled column: calories_per_kg
2025-12-13 13:24:06,375 - INFO - preprocessing - Scaled column: fat_burn_efficiency
2025-12-13 13:24:06,376 - INFO - preprocessing - Scaled column: weight_height_ratio
2025-12-13 13:24:06,376 - INFO - preprocessing - Scaled column: bmi_age_interaction
2025-12-13 13:24:06,377 - INFO - preprocessing - Scaled column: weight_age_ratio
2025-12-13 13:24:06,378 - INFO - preprocessing - Scaled column: fat_risk_score
2025-12-13 13:24:06,378 - INFO - preprocessing - Scaled column: water_per_session
2025-12-13 13:24:06,379 - INFO - preprocessing - Scaled column: water_per_kg
2025-12-13 13:24:06,380 - INFO - preprocessing - Scaled column: hydration_score
2025-12-13 13:24:06,380 - INFO - preprocessing - Scaled column: experience_intensity_ratio
2025-12-13 13:24:06,381 - INFO - preprocessing - Scaled column: experience_load
2025-12-13 13:24:06,382 - INFO - preprocessing - Scaled column: experience_frequency_score
2025-12-13 13:24:09,965 - INFO - preprocessing - Applied Ordinal Encoding to column: gender
2025-12-13 13:24:09,965 - INFO - preprocessing - Applied Ordinal Encoding to column: workout_type
2025-12-13 13:24:09,965 - INFO - preprocessing - Applied Ordinal Encoding to column: age_category
2025-12-13 13:24:09,966 - INFO - preprocessing - Applied Ordinal Encoding to column: weight_category
2025-12-13 13:24:09,966 - INFO - preprocessing - Applied Ordinal Encoding to column: bmi_category
2025-12-13 13:24:09,967 - INFO - preprocessing - Scaled column: age
2025-12-13 13:24:09,968 - INFO - preprocessing - Scaled column: gender
2025-12-13 13:24:09,969 - INFO - preprocessing - Scaled column: weight
2025-12-13 13:24:09,970 - INFO - preprocessing - Scaled column: height
2025-12-13 13:24:09,970 - INFO - preprocessing - Scaled column: max_bpm
2025-12-13 13:24:09,971 - INFO - preprocessing - Scaled column: avg_bpm
2025-12-13 13:24:09,972 - INFO - preprocessing - Scaled column: resting_bpm
2025-12-13 13:24:09,973 - INFO - preprocessing - Scaled column: session_duration
2025-12-13 13:24:09,973 - INFO - preprocessing - Scaled column: calories_burned
2025-12-13 13:24:09,974 - INFO - preprocessing - Scaled column: workout_type
2025-12-13 13:24:09,974 - INFO - preprocessing - Scaled column: water_intake
2025-12-13 13:24:09,975 - INFO - preprocessing - Scaled column: workout_frequency
2025-12-13 13:24:09,976 - INFO - preprocessing - Scaled column: experience_level
2025-12-13 13:24:09,977 - INFO - preprocessing - Scaled column: bmi
2025-12-13 13:24:09,978 - INFO - preprocessing - Scaled column: age_category
2025-12-13 13:24:09,978 - INFO - preprocessing - Scaled column: weight_category
2025-12-13 13:24:09,979 - INFO - preprocessing - Scaled column: bmi_category
2025-12-13 13:24:09,979 - INFO - preprocessing - Scaled column: hrr
2025-12-13 13:24:09,980 - INFO - preprocessing - Scaled column: intensity
2025-12-13 13:24:09,981 - INFO - preprocessing - Scaled column: cardio_load
2025-12-13 13:24:09,981 - INFO - preprocessing - Scaled column: weekly_cardio_load
2025-12-13 13:24:09,982 - INFO - preprocessing - Scaled column: bpm_efficiency
2025-12-13 13:24:09,983 - INFO - preprocessing - Scaled column: calories_per_min
2025-12-13 13:24:09,983 - INFO - preprocessing - Scaled column: calories_per_kg
2025-12-13 13:24:09,984 - INFO - preprocessing - Scaled column: fat_burn_efficiency
2025-12-13 13:24:09,985 - INFO - preprocessing - Scaled column: weight_height_ratio
2025-12-13 13:24:09,986 - INFO - preprocessing - Scaled column: bmi_age_interaction
2025-12-13 13:24:09,986 - INFO - preprocessing - Scaled column: weight_age_ratio
2025-12-13 13:24:09,987 - INFO - preprocessing - Scaled column: fat_risk_score
2025-12-13 13:24:09,988 - INFO - preprocessing - Scaled column: water_per_session
2025-12-13 13:24:09,988 - INFO - preprocessing - Scaled column: water_per_kg
2025-12-13 13:24:09,989 - INFO - preprocessing - Scaled column: hydration_score
2025-12-13 13:24:09,990 - INFO - preprocessing - Scaled column: experience_intensity_ratio
2025-12-13 13:24:09,990 - INFO - preprocessing - Scaled column: experience_load
2025-12-13 13:24:09,991 - INFO - preprocessing - Scaled column: experience_frequency_score
2025-12-13 13:24:13,187 - INFO - preprocessing - Applied Ordinal Encoding to column: gender
2025-12-13 13:24:13,188 - INFO - preprocessing - Applied Ordinal Encoding to column: workout_type
2025-12-13 13:24:13,188 - INFO - preprocessing - Applied Ordinal Encoding to column: age_category
2025-12-13 13:24:13,188 - INFO - preprocessing - Applied Ordinal Encoding to column: weight_category
2025-12-13 13:24:13,188 - INFO - preprocessing - Applied Ordinal Encoding to column: bmi_category
2025-12-13 13:24:13,189 - INFO - preprocessing - Scaled column: age
2025-12-13 13:24:13,190 - INFO - preprocessing - Scaled column: gender
2025-12-13 13:24:13,191 - INFO - preprocessing - Scaled column: weight
2025-12-13 13:24:13,192 - INFO - preprocessing - Scaled column: height
2025-12-13 13:24:13,193 - INFO - preprocessing - Scaled column: max_bpm
2025-12-13 13:24:13,193 - INFO - preprocessing - Scaled column: avg_bpm
2025-12-13 13:24:13,194 - INFO - preprocessing - Scaled column: resting_bpm
2025-12-13 13:24:13,195 - INFO - preprocessing - Scaled column: session_duration
2025-12-13 13:24:13,196 - INFO - preprocessing - Scaled column: calories_burned
2025-12-13 13:24:13,197 - INFO - preprocessing - Scaled column: workout_type
2025-12-13 13:24:13,198 - INFO - preprocessing - Scaled column: water_intake
2025-12-13 13:24:13,199 - INFO - preprocessing - Scaled column: workout_frequency
2025-12-13 13:24:13,200 - INFO - preprocessing - Scaled column: experience_level
2025-12-13 13:24:13,201 - INFO - preprocessing - Scaled column: bmi
2025-12-13 13:24:13,201 - INFO - preprocessing - Scaled column: age_category
2025-12-13 13:24:13,202 - INFO - preprocessing - Scaled column: weight_category
2025-12-13 13:24:13,203 - INFO - preprocessing - Scaled column: bmi_category
2025-12-13 13:24:13,204 - INFO - preprocessing - Scaled column: hrr
2025-12-13 13:24:13,205 - INFO - preprocessing - Scaled column: intensity
2025-12-13 13:24:13,206 - INFO - preprocessing - Scaled column: cardio_load
2025-12-13 13:24:13,206 - INFO - preprocessing - Scaled column: weekly_cardio_load
2025-12-13 13:24:13,207 - INFO - preprocessing - Scaled column: bpm_efficiency
2025-12-13 13:24:13,208 - INFO - preprocessing - Scaled column: calories_per_min
2025-12-13 13:24:13,209 - INFO - preprocessing - Scaled column: calories_per_kg
2025-12-13 13:24:13,209 - INFO - preprocessing - Scaled column: fat_burn_efficiency
2025-12-13 13:24:13,210 - INFO - preprocessing - Scaled column: weight_height_ratio
2025-12-13 13:24:13,211 - INFO - preprocessing - Scaled column: bmi_age_interaction
2025-12-13 13:24:13,211 - INFO - preprocessing - Scaled column: weight_age_ratio
2025-12-13 13:24:13,212 - INFO - preprocessing - Scaled column: fat_risk_score
2025-12-13 13:24:13,213 - INFO - preprocessing - Scaled column: water_per_session
2025-12-13 13:24:13,214 - INFO - preprocessing - Scaled column: water_per_kg
2025-12-13 13:24:13,214 - INFO - preprocessing - Scaled column: hydration_score
2025-12-13 13:24:13,215 - INFO - preprocessing - Scaled column: experience_intensity_ratio
2025-12-13 13:24:13,216 - INFO - preprocessing - Scaled column: experience_load
2025-12-13 13:24:13,216 - INFO - preprocessing - Scaled column: experience_frequency_score
2025-12-13 13:25:37,058 - INFO - preprocessing - Applied Ordinal Encoding to column: gender
2025-12-13 13:25:37,058 - INFO - preprocessing - Applied Ordinal Encoding to column: workout_type
2025-12-13 13:25:37,058 - INFO - preprocessing - Applied Ordinal Encoding to column: age_category
2025-12-13 13:25:37,059 - INFO - preprocessing - Applied Ordinal Encoding to column: weight_category
2025-12-13 13:25:37,059 - INFO - preprocessing - Applied Ordinal Encoding to column: bmi_category
2025-12-13 13:25:37,060 - INFO - preprocessing - Scaled column: age
2025-12-13 13:25:37,061 - INFO - preprocessing - Scaled column: gender
2025-12-13 13:25:37,062 - INFO - preprocessing - Scaled column: weight
2025-12-13 13:25:37,063 - INFO - preprocessing - Scaled column: height
2025-12-13 13:25:37,064 - INFO - preprocessing - Scaled column: max_bpm
2025-12-13 13:25:37,065 - INFO - preprocessing - Scaled column: avg_bpm
2025-12-13 13:25:37,065 - INFO - preprocessing - Scaled column: resting_bpm
2025-12-13 13:25:37,066 - INFO - preprocessing - Scaled column: session_duration
2025-12-13 13:25:37,067 - INFO - preprocessing - Scaled column: calories_burned
2025-12-13 13:25:37,068 - INFO - preprocessing - Scaled column: workout_type
2025-12-13 13:25:37,069 - INFO - preprocessing - Scaled column: water_intake
2025-12-13 13:25:37,070 - INFO - preprocessing - Scaled column: workout_frequency
2025-12-13 13:25:37,071 - INFO - preprocessing - Scaled column: experience_level
2025-12-13 13:25:37,071 - INFO - preprocessing - Scaled column: bmi
2025-12-13 13:25:37,072 - INFO - preprocessing - Scaled column: age_category
2025-12-13 13:25:37,073 - INFO - preprocessing - Scaled column: weight_category
2025-12-13 13:25:37,074 - INFO - preprocessing - Scaled column: bmi_category
2025-12-13 13:25:37,075 - INFO - preprocessing - Scaled column: hrr
2025-12-13 13:25:37,075 - INFO - preprocessing - Scaled column: intensity
2025-12-13 13:25:37,076 - INFO - preprocessing - Scaled column: cardio_load
2025-12-13 13:25:37,077 - INFO - preprocessing - Scaled column: weekly_cardio_load
2025-12-13 13:25:37,078 - INFO - preprocessing - Scaled column: bpm_efficiency
2025-12-13 13:25:37,079 - INFO - preprocessing - Scaled column: calories_per_min
2025-12-13 13:25:37,079 - INFO - preprocessing - Scaled column: calories_per_kg
2025-12-13 13:25:37,080 - INFO - preprocessing - Scaled column: fat_burn_efficiency
2025-12-13 13:25:37,081 - INFO - preprocessing - Scaled column: weight_height_ratio
2025-12-13 13:25:37,082 - INFO - preprocessing - Scaled column: bmi_age_interaction
2025-12-13 13:25:37,083 - INFO - preprocessing - Scaled column: weight_age_ratio
2025-12-13 13:25:37,083 - INFO - preprocessing - Scaled column: fat_risk_score
2025-12-13 13:25:37,084 - INFO - preprocessing - Scaled column: water_per_session
2025-12-13 13:25:37,085 - INFO - preprocessing - Scaled column: water_per_kg
2025-12-13 13:25:37,086 - INFO - preprocessing - Scaled column: hydration_score
2025-12-13 13:25:37,087 - INFO - preprocessing - Scaled column: experience_intensity_ratio
2025-12-13 13:25:37,087 - INFO - preprocessing - Scaled column: experience_load
2025-12-13 13:25:37,088 - INFO - preprocessing - Scaled column: experience_frequency_score
2026-01-31 14:49:56,662 - INFO - preprocessing TRAIN - KNNImputer applied to numeric columns: ['age', 'weight', 'height', 'max_bpm', 'avg_bpm', 'resting_bpm', 'session_duration', 'calories_burned', 'water_intake', 'workout_frequency', 'experience_level', 'bmi']
2026-01-31 14:49:56,663 - INFO - preprocessing TRAIN - Filled CATEGORICAL column 'gender' with MODE: Male
2026-01-31 14:49:56,663 - INFO - preprocessing TRAIN - Filled CATEGORICAL column 'workout_type' with MODE: Strength
2026-01-31 14:49:56,663 - INFO - preprocessing TRAIN - Filled CATEGORICAL column 'age_category' with MODE: 0-29
2026-01-31 14:49:56,664 - INFO - preprocessing TRAIN - Filled CATEGORICAL column 'weight_category' with MODE: 60-79
2026-01-31 14:49:56,664 - INFO - preprocessing TRAIN - Filled CATEGORICAL column 'bmi_category' with MODE: healthy
2026-01-31 14:49:56,664 - INFO - preprocessing TRAIN - Missing values filled successfully (TRAIN)
2026-01-31 14:49:56,664 - INFO - use_filling - Preprocessing steps completed successfully.
2026-01-31 14:49:56,666 - INFO - use_filling - Preprocessing pipeline saved to pipeline/filled_x_train.joblib
2026-01-31 14:49:56,667 - INFO - use_filling - Preprocessing steps completed successfully.
2026-01-31 14:49:56,671 - INFO - use_filling - Filled dataset saved to data/filled/filled_x_train.csv
2026-01-31 14:49:56,672 - INFO - use_filling - Filled dataset saved to data/filled/filled_x_test.csv
2026-01-31 14:49:56,672 - INFO - use_filling - Successfully filled the dataset and saved all outputs!
2026-01-31 14:50:09,789 - INFO - preprocessing TRAIN - Applied Ordinal Encoding to column: gender
2026-01-31 14:50:09,790 - INFO - preprocessing TRAIN - Applied Ordinal Encoding to column: workout_type
2026-01-31 14:50:09,790 - INFO - preprocessing TRAIN - Applied Ordinal Encoding to column: age_category
2026-01-31 14:50:09,791 - INFO - preprocessing TRAIN - Applied Ordinal Encoding to column: weight_category
2026-01-31 14:50:09,792 - INFO - preprocessing TRAIN - Applied Ordinal Encoding to column: bmi_category
2026-01-31 14:50:09,792 - INFO - preprocessing TRAIN - All categorical features encoded using Ordinal Encoding.
2026-01-31 14:50:09,795 - INFO - preprocessing TRAIN - Log transformation applied to: ['weight', 'bmi', 'bmi_category', 'weekly_cardio_load', 'weight_height_ratio', 'bmi_age_interaction', 'weight_age_ratio', 'fat_risk_score', 'water_per_session', 'hydration_score', 'experience_intensity_ratio', 'experience_load', 'experience_frequency_score']
2026-01-31 14:50:09,797 - INFO - preprocessing TRAIN - Numerical scaling applied to 35 columns using StandardScaler()
2026-01-31 14:50:09,797 - INFO - use_preprocessing - Preprocessing steps completed successfully.
2026-01-31 14:50:09,799 - INFO - use_preprocessing - Preprocessing pipeline saved to pipeline/preprodessed_pipeline.joblib
2026-01-31 14:50:09,800 - INFO - preprocessing TEST - [TEST] Ordinal encoded: gender
2026-01-31 14:50:09,800 - INFO - preprocessing TEST - [TEST] Ordinal encoded: workout_type
2026-01-31 14:50:09,801 - INFO - preprocessing TEST - [TEST] Ordinal encoded: age_category
2026-01-31 14:50:09,801 - INFO - preprocessing TEST - [TEST] Ordinal encoded: weight_category
2026-01-31 14:50:09,801 - INFO - preprocessing TEST - [TEST] Ordinal encoded: bmi_category
2026-01-31 14:50:09,802 - INFO - preprocessing TEST - [TEST] Applied log1p to column: weight
2026-01-31 14:50:09,802 - INFO - preprocessing TEST - [TEST] Applied log1p to column: bmi
2026-01-31 14:50:09,802 - INFO - preprocessing TEST - [TEST] Applied log1p to column: weekly_cardio_load
2026-01-31 14:50:09,802 - INFO - preprocessing TEST - [TEST] Applied log1p to column: weight_height_ratio
2026-01-31 14:50:09,802 - INFO - preprocessing TEST - [TEST] Applied log1p to column: bmi_age_interaction
2026-01-31 14:50:09,802 - INFO - preprocessing TEST - [TEST] Applied log1p to column: weight_age_ratio
2026-01-31 14:50:09,803 - INFO - preprocessing TEST - [TEST] Applied log1p to column: fat_risk_score
2026-01-31 14:50:09,803 - INFO - preprocessing TEST - [TEST] Applied log1p to column: water_per_session
2026-01-31 14:50:09,803 - INFO - preprocessing TEST - [TEST] Applied log1p to column: hydration_score
2026-01-31 14:50:09,803 - INFO - preprocessing TEST - [TEST] Applied log1p to column: experience_intensity_ratio
2026-01-31 14:50:09,803 - INFO - preprocessing TEST - [TEST] Applied log1p to column: experience_load
2026-01-31 14:50:09,803 - INFO - preprocessing TEST - [TEST] Applied log1p to column: experience_frequency_score
2026-01-31 14:50:09,805 - INFO - preprocessing TEST - [TEST] Scaled numeric columns using StandardScaler
2026-01-31 14:50:09,805 - INFO - use_preprocessing - Preprocessing steps completed successfully.
2026-01-31 14:50:09,821 - INFO - use_preprocessing - reprocessed dataset saved to data/preprocessed/preprocessed_x_train.csv
2026-01-31 14:50:09,826 - INFO - use_preprocessing - Preprocessed dataset saved to data/preprocessed/preprocessed_x_test.csv
2026-01-31 14:50:09,826 - INFO - use_preprocessing - Successfully preprocessed the dataset and saved all outputs!
2026-01-31 14:51:05,571 - INFO - preprocessing TRAIN - Applied KNNImputer to numerical columns
2026-01-31 14:51:05,571 - INFO - preprocessing TRAIN - Applied MODE imputer to column: gender
2026-01-31 14:51:05,572 - INFO - preprocessing TRAIN - Applied MODE imputer to column: workout_type
2026-01-31 14:51:05,572 - INFO - preprocessing TRAIN - Applied MODE imputer to column: age_category
2026-01-31 14:51:05,572 - INFO - preprocessing TRAIN - Applied MODE imputer to column: weight_category
2026-01-31 14:51:05,572 - INFO - preprocessing TRAIN - Applied MODE imputer to column: bmi_category
2026-01-31 14:51:05,580 - INFO - preprocessing TRAIN - Applied Ordinal Encoding to column: gender
2026-01-31 14:51:05,581 - INFO - preprocessing TRAIN - Applied Ordinal Encoding to column: workout_type
2026-01-31 14:51:05,582 - INFO - preprocessing TRAIN - Applied Ordinal Encoding to column: age_category
2026-01-31 14:51:05,582 - INFO - preprocessing TRAIN - Applied Ordinal Encoding to column: weight_category
2026-01-31 14:51:05,583 - INFO - preprocessing TRAIN - Applied Ordinal Encoding to column: bmi_category
2026-01-31 14:51:05,583 - INFO - preprocessing TRAIN - Applied log1p transformation to: weight
2026-01-31 14:51:05,584 - INFO - preprocessing TRAIN - Applied log1p transformation to: bmi
2026-01-31 14:51:05,584 - INFO - preprocessing TRAIN - Applied log1p transformation to: bmi_category
2026-01-31 14:51:05,585 - INFO - preprocessing TRAIN - Applied log1p transformation to: weekly_cardio_load
2026-01-31 14:51:05,585 - INFO - preprocessing TRAIN - Applied log1p transformation to: weight_height_ratio
2026-01-31 14:51:05,585 - INFO - preprocessing TRAIN - Applied log1p transformation to: bmi_age_interaction
2026-01-31 14:51:05,586 - INFO - preprocessing TRAIN - Applied log1p transformation to: weight_age_ratio
2026-01-31 14:51:05,586 - INFO - preprocessing TRAIN - Applied log1p transformation to: fat_risk_score
2026-01-31 14:51:05,586 - INFO - preprocessing TRAIN - Applied log1p transformation to: water_per_session
2026-01-31 14:51:05,587 - INFO - preprocessing TRAIN - Applied log1p transformation to: hydration_score
2026-01-31 14:51:05,587 - INFO - preprocessing TRAIN - Applied log1p transformation to: experience_intensity_ratio
2026-01-31 14:51:05,587 - INFO - preprocessing TRAIN - Applied log1p transformation to: experience_load
2026-01-31 14:51:05,587 - INFO - preprocessing TRAIN - Applied log1p transformation to: experience_frequency_score
2026-01-31 14:51:05,591 - INFO - preprocessing TRAIN - Scaled numerical columns using StandardScaler
2026-01-31 14:59:59,224 - INFO - preprocessing TRAIN - Applied KNNImputer to numerical columns
2026-01-31 14:59:59,225 - INFO - preprocessing TRAIN - Applied MODE imputer to column: gender
2026-01-31 14:59:59,225 - INFO - preprocessing TRAIN - Applied MODE imputer to column: workout_type
2026-01-31 14:59:59,225 - INFO - preprocessing TRAIN - Applied MODE imputer to column: age_category
2026-01-31 14:59:59,226 - INFO - preprocessing TRAIN - Applied MODE imputer to column: weight_category
2026-01-31 14:59:59,226 - INFO - preprocessing TRAIN - Applied MODE imputer to column: bmi_category
2026-01-31 14:59:59,233 - INFO - preprocessing TRAIN - Applied Ordinal Encoding to column: gender
2026-01-31 14:59:59,234 - INFO - preprocessing TRAIN - Applied Ordinal Encoding to column: workout_type
2026-01-31 14:59:59,235 - INFO - preprocessing TRAIN - Applied Ordinal Encoding to column: age_category
2026-01-31 14:59:59,235 - INFO - preprocessing TRAIN - Applied Ordinal Encoding to column: weight_category
2026-01-31 14:59:59,236 - INFO - preprocessing TRAIN - Applied Ordinal Encoding to column: bmi_category
2026-01-31 14:59:59,236 - INFO - preprocessing TRAIN - Applied log1p transformation to: weight
2026-01-31 14:59:59,236 - INFO - preprocessing TRAIN - Applied log1p transformation to: bmi
2026-01-31 14:59:59,237 - INFO - preprocessing TRAIN - Applied log1p transformation to: weekly_cardio_load
2026-01-31 14:59:59,237 - INFO - preprocessing TRAIN - Applied log1p transformation to: weight_height_ratio
2026-01-31 14:59:59,237 - INFO - preprocessing TRAIN - Applied log1p transformation to: bmi_age_interaction
2026-01-31 14:59:59,238 - INFO - preprocessing TRAIN - Applied log1p transformation to: weight_age_ratio
2026-01-31 14:59:59,238 - INFO - preprocessing TRAIN - Applied log1p transformation to: fat_risk_score
2026-01-31 14:59:59,238 - INFO - preprocessing TRAIN - Applied log1p transformation to: water_per_session
2026-01-31 14:59:59,238 - INFO - preprocessing TRAIN - Applied log1p transformation to: hydration_score
2026-01-31 14:59:59,239 - INFO - preprocessing TRAIN - Applied log1p transformation to: experience_intensity_ratio
2026-01-31 14:59:59,239 - INFO - preprocessing TRAIN - Applied log1p transformation to: experience_load
2026-01-31 14:59:59,239 - INFO - preprocessing TRAIN - Applied log1p transformation to: experience_frequency_score
2026-01-31 14:59:59,243 - INFO - preprocessing TRAIN - Scaled numerical columns using StandardScaler
2026-01-31 15:00:21,325 - INFO - preprocessing TRAIN - Applied KNNImputer to numerical columns
2026-01-31 15:00:21,325 - INFO - preprocessing TRAIN - Applied MODE imputer to column: gender
2026-01-31 15:00:21,325 - INFO - preprocessing TRAIN - Applied MODE imputer to column: workout_type
2026-01-31 15:00:21,325 - INFO - preprocessing TRAIN - Applied MODE imputer to column: age_category
2026-01-31 15:00:21,325 - INFO - preprocessing TRAIN - Applied MODE imputer to column: weight_category
2026-01-31 15:00:21,325 - INFO - preprocessing TRAIN - Applied MODE imputer to column: bmi_category
2026-01-31 15:00:21,329 - INFO - preprocessing TRAIN - Applied Ordinal Encoding to column: gender
2026-01-31 15:00:21,329 - INFO - preprocessing TRAIN - Applied Ordinal Encoding to column: workout_type
2026-01-31 15:00:21,329 - INFO - preprocessing TRAIN - Applied Ordinal Encoding to column: age_category
2026-01-31 15:00:21,330 - INFO - preprocessing TRAIN - Applied Ordinal Encoding to column: weight_category
2026-01-31 15:00:21,330 - INFO - preprocessing TRAIN - Applied Ordinal Encoding to column: bmi_category
2026-01-31 15:00:21,330 - INFO - preprocessing TRAIN - Applied log1p transformation to: weight
2026-01-31 15:00:21,330 - INFO - preprocessing TRAIN - Applied log1p transformation to: bmi
2026-01-31 15:00:21,331 - INFO - preprocessing TRAIN - Applied log1p transformation to: weekly_cardio_load
2026-01-31 15:00:21,331 - INFO - preprocessing TRAIN - Applied log1p transformation to: weight_height_ratio
2026-01-31 15:00:21,331 - INFO - preprocessing TRAIN - Applied log1p transformation to: bmi_age_interaction
2026-01-31 15:00:21,331 - INFO - preprocessing TRAIN - Applied log1p transformation to: weight_age_ratio
2026-01-31 15:00:21,331 - INFO - preprocessing TRAIN - Applied log1p transformation to: fat_risk_score
2026-01-31 15:00:21,332 - INFO - preprocessing TRAIN - Applied log1p transformation to: water_per_session
2026-01-31 15:00:21,332 - INFO - preprocessing TRAIN - Applied log1p transformation to: hydration_score
2026-01-31 15:00:21,332 - INFO - preprocessing TRAIN - Applied log1p transformation to: experience_intensity_ratio
2026-01-31 15:00:21,334 - INFO - preprocessing TRAIN - Applied log1p transformation to: experience_load
2026-01-31 15:00:21,334 - INFO - preprocessing TRAIN - Applied log1p transformation to: experience_frequency_score
2026-01-31 15:00:21,339 - INFO - preprocessing TRAIN - Scaled numerical columns using StandardScaler
2026-01-31 15:00:24,855 - INFO - preprocessing TRAIN - Applied KNNImputer to numerical columns
2026-01-31 15:00:24,856 - INFO - preprocessing TRAIN - Applied MODE imputer to column: gender
2026-01-31 15:00:24,856 - INFO - preprocessing TRAIN - Applied MODE imputer to column: workout_type
2026-01-31 15:00:24,856 - INFO - preprocessing TRAIN - Applied MODE imputer to column: age_category
2026-01-31 15:00:24,856 - INFO - preprocessing TRAIN - Applied MODE imputer to column: weight_category
2026-01-31 15:00:24,856 - INFO - preprocessing TRAIN - Applied MODE imputer to column: bmi_category
2026-01-31 15:00:24,862 - INFO - preprocessing TRAIN - Applied Ordinal Encoding to column: gender
2026-01-31 15:00:24,863 - INFO - preprocessing TRAIN - Applied Ordinal Encoding to column: workout_type
2026-01-31 15:00:24,864 - INFO - preprocessing TRAIN - Applied Ordinal Encoding to column: age_category
2026-01-31 15:00:24,864 - INFO - preprocessing TRAIN - Applied Ordinal Encoding to column: weight_category
2026-01-31 15:00:24,865 - INFO - preprocessing TRAIN - Applied Ordinal Encoding to column: bmi_category
2026-01-31 15:00:24,866 - INFO - preprocessing TRAIN - Applied log1p transformation to: weight
2026-01-31 15:00:24,866 - INFO - preprocessing TRAIN - Applied log1p transformation to: bmi
2026-01-31 15:00:24,867 - INFO - preprocessing TRAIN - Applied log1p transformation to: weekly_cardio_load
2026-01-31 15:00:24,867 - INFO - preprocessing TRAIN - Applied log1p transformation to: weight_height_ratio
2026-01-31 15:00:24,867 - INFO - preprocessing TRAIN - Applied log1p transformation to: bmi_age_interaction
2026-01-31 15:00:24,867 - INFO - preprocessing TRAIN - Applied log1p transformation to: weight_age_ratio
2026-01-31 15:00:24,868 - INFO - preprocessing TRAIN - Applied log1p transformation to: fat_risk_score
2026-01-31 15:00:24,868 - INFO - preprocessing TRAIN - Applied log1p transformation to: water_per_session
2026-01-31 15:00:24,868 - INFO - preprocessing TRAIN - Applied log1p transformation to: hydration_score
2026-01-31 15:00:24,868 - INFO - preprocessing TRAIN - Applied log1p transformation to: experience_intensity_ratio
2026-01-31 15:00:24,869 - INFO - preprocessing TRAIN - Applied log1p transformation to: experience_load
2026-01-31 15:00:24,869 - INFO - preprocessing TRAIN - Applied log1p transformation to: experience_frequency_score
2026-01-31 15:00:24,872 - INFO - preprocessing TRAIN - Scaled numerical columns using StandardScaler
2026-01-31 15:00:29,318 - INFO - preprocessing TRAIN - Applied KNNImputer to numerical columns
2026-01-31 15:00:29,319 - INFO - preprocessing TRAIN - Applied MODE imputer to column: gender
2026-01-31 15:00:29,319 - INFO - preprocessing TRAIN - Applied MODE imputer to column: workout_type
2026-01-31 15:00:29,319 - INFO - preprocessing TRAIN - Applied MODE imputer to column: age_category
2026-01-31 15:00:29,320 - INFO - preprocessing TRAIN - Applied MODE imputer to column: weight_category
2026-01-31 15:00:29,320 - INFO - preprocessing TRAIN - Applied MODE imputer to column: bmi_category
2026-01-31 15:00:29,327 - INFO - preprocessing TRAIN - Applied Ordinal Encoding to column: gender
2026-01-31 15:00:29,327 - INFO - preprocessing TRAIN - Applied Ordinal Encoding to column: workout_type
2026-01-31 15:00:29,328 - INFO - preprocessing TRAIN - Applied Ordinal Encoding to column: age_category
2026-01-31 15:00:29,328 - INFO - preprocessing TRAIN - Applied Ordinal Encoding to column: weight_category
2026-01-31 15:00:29,329 - INFO - preprocessing TRAIN - Applied Ordinal Encoding to column: bmi_category
2026-01-31 15:00:29,329 - INFO - preprocessing TRAIN - Applied log1p transformation to: weight
2026-01-31 15:00:29,329 - INFO - preprocessing TRAIN - Applied log1p transformation to: bmi
2026-01-31 15:00:29,330 - INFO - preprocessing TRAIN - Applied log1p transformation to: weekly_cardio_load
2026-01-31 15:00:29,330 - INFO - preprocessing TRAIN - Applied log1p transformation to: weight_height_ratio
2026-01-31 15:00:29,330 - INFO - preprocessing TRAIN - Applied log1p transformation to: bmi_age_interaction
2026-01-31 15:00:29,331 - INFO - preprocessing TRAIN - Applied log1p transformation to: weight_age_ratio
2026-01-31 15:00:29,331 - INFO - preprocessing TRAIN - Applied log1p transformation to: fat_risk_score
2026-01-31 15:00:29,331 - INFO - preprocessing TRAIN - Applied log1p transformation to: water_per_session
2026-01-31 15:00:29,332 - INFO - preprocessing TRAIN - Applied log1p transformation to: hydration_score
2026-01-31 15:00:29,332 - INFO - preprocessing TRAIN - Applied log1p transformation to: experience_intensity_ratio
2026-01-31 15:00:29,332 - INFO - preprocessing TRAIN - Applied log1p transformation to: experience_load
2026-01-31 15:00:29,333 - INFO - preprocessing TRAIN - Applied log1p transformation to: experience_frequency_score
2026-01-31 15:00:29,337 - INFO - preprocessing TRAIN - Scaled numerical columns using StandardScaler
2026-01-31 15:00:34,640 - INFO - preprocessing TRAIN - Applied KNNImputer to numerical columns
2026-01-31 15:00:34,641 - INFO - preprocessing TRAIN - Applied MODE imputer to column: gender
2026-01-31 15:00:34,641 - INFO - preprocessing TRAIN - Applied MODE imputer to column: workout_type
2026-01-31 15:00:34,642 - INFO - preprocessing TRAIN - Applied MODE imputer to column: age_category
2026-01-31 15:00:34,642 - INFO - preprocessing TRAIN - Applied MODE imputer to column: weight_category
2026-01-31 15:00:34,642 - INFO - preprocessing TRAIN - Applied MODE imputer to column: bmi_category
2026-01-31 15:00:34,648 - INFO - preprocessing TRAIN - Applied Ordinal Encoding to column: gender
2026-01-31 15:00:34,649 - INFO - preprocessing TRAIN - Applied Ordinal Encoding to column: workout_type
2026-01-31 15:00:34,649 - INFO - preprocessing TRAIN - Applied Ordinal Encoding to column: age_category
2026-01-31 15:00:34,650 - INFO - preprocessing TRAIN - Applied Ordinal Encoding to column: weight_category
2026-01-31 15:00:34,651 - INFO - preprocessing TRAIN - Applied Ordinal Encoding to column: bmi_category
2026-01-31 15:00:34,651 - INFO - preprocessing TRAIN - Applied log1p transformation to: weight
2026-01-31 15:00:34,651 - INFO - preprocessing TRAIN - Applied log1p transformation to: bmi
2026-01-31 15:00:34,651 - INFO - preprocessing TRAIN - Applied log1p transformation to: weekly_cardio_load
2026-01-31 15:00:34,652 - INFO - preprocessing TRAIN - Applied log1p transformation to: weight_height_ratio
2026-01-31 15:00:34,652 - INFO - preprocessing TRAIN - Applied log1p transformation to: bmi_age_interaction
2026-01-31 15:00:34,652 - INFO - preprocessing TRAIN - Applied log1p transformation to: weight_age_ratio
2026-01-31 15:00:34,653 - INFO - preprocessing TRAIN - Applied log1p transformation to: fat_risk_score
2026-01-31 15:00:34,653 - INFO - preprocessing TRAIN - Applied log1p transformation to: water_per_session
2026-01-31 15:00:34,653 - INFO - preprocessing TRAIN - Applied log1p transformation to: hydration_score
2026-01-31 15:00:34,653 - INFO - preprocessing TRAIN - Applied log1p transformation to: experience_intensity_ratio
2026-01-31 15:00:34,654 - INFO - preprocessing TRAIN - Applied log1p transformation to: experience_load
2026-01-31 15:00:34,654 - INFO - preprocessing TRAIN - Applied log1p transformation to: experience_frequency_score
2026-01-31 15:00:34,657 - INFO - preprocessing TRAIN - Scaled numerical columns using StandardScaler
2026-01-31 15:00:42,890 - INFO - preprocessing TRAIN - Applied KNNImputer to numerical columns
2026-01-31 15:00:42,890 - INFO - preprocessing TRAIN - Applied MODE imputer to column: gender
2026-01-31 15:00:42,890 - INFO - preprocessing TRAIN - Applied MODE imputer to column: workout_type
2026-01-31 15:00:42,890 - INFO - preprocessing TRAIN - Applied MODE imputer to column: age_category
2026-01-31 15:00:42,891 - INFO - preprocessing TRAIN - Applied MODE imputer to column: weight_category
2026-01-31 15:00:42,891 - INFO - preprocessing TRAIN - Applied MODE imputer to column: bmi_category
2026-01-31 15:00:42,897 - INFO - preprocessing TRAIN - Applied Ordinal Encoding to column: gender
2026-01-31 15:00:42,898 - INFO - preprocessing TRAIN - Applied Ordinal Encoding to column: workout_type
2026-01-31 15:00:42,899 - INFO - preprocessing TRAIN - Applied Ordinal Encoding to column: age_category
2026-01-31 15:00:42,899 - INFO - preprocessing TRAIN - Applied Ordinal Encoding to column: weight_category
2026-01-31 15:00:42,900 - INFO - preprocessing TRAIN - Applied Ordinal Encoding to column: bmi_category
2026-01-31 15:00:42,900 - INFO - preprocessing TRAIN - Applied log1p transformation to: weight
2026-01-31 15:00:42,901 - INFO - preprocessing TRAIN - Applied log1p transformation to: bmi
2026-01-31 15:00:42,901 - INFO - preprocessing TRAIN - Applied log1p transformation to: weekly_cardio_load
2026-01-31 15:00:42,901 - INFO - preprocessing TRAIN - Applied log1p transformation to: weight_height_ratio
2026-01-31 15:00:42,901 - INFO - preprocessing TRAIN - Applied log1p transformation to: bmi_age_interaction
2026-01-31 15:00:42,902 - INFO - preprocessing TRAIN - Applied log1p transformation to: weight_age_ratio
2026-01-31 15:00:42,902 - INFO - preprocessing TRAIN - Applied log1p transformation to: fat_risk_score
2026-01-31 15:00:42,902 - INFO - preprocessing TRAIN - Applied log1p transformation to: water_per_session
2026-01-31 15:00:42,903 - INFO - preprocessing TRAIN - Applied log1p transformation to: hydration_score
2026-01-31 15:00:42,903 - INFO - preprocessing TRAIN - Applied log1p transformation to: experience_intensity_ratio
2026-01-31 15:00:42,903 - INFO - preprocessing TRAIN - Applied log1p transformation to: experience_load
2026-01-31 15:00:42,903 - INFO - preprocessing TRAIN - Applied log1p transformation to: experience_frequency_score
2026-01-31 15:00:42,907 - INFO - preprocessing TRAIN - Scaled numerical columns using StandardScaler
2026-01-31 15:00:45,961 - INFO - preprocessing TRAIN - Applied KNNImputer to numerical columns
2026-01-31 15:00:45,962 - INFO - preprocessing TRAIN - Applied MODE imputer to column: gender
2026-01-31 15:00:45,962 - INFO - preprocessing TRAIN - Applied MODE imputer to column: workout_type
2026-01-31 15:00:45,962 - INFO - preprocessing TRAIN - Applied MODE imputer to column: age_category
2026-01-31 15:00:45,962 - INFO - preprocessing TRAIN - Applied MODE imputer to column: weight_category
2026-01-31 15:00:45,963 - INFO - preprocessing TRAIN - Applied MODE imputer to column: bmi_category
2026-01-31 15:00:45,969 - INFO - preprocessing TRAIN - Applied Ordinal Encoding to column: gender
2026-01-31 15:00:45,970 - INFO - preprocessing TRAIN - Applied Ordinal Encoding to column: workout_type
2026-01-31 15:00:45,970 - INFO - preprocessing TRAIN - Applied Ordinal Encoding to column: age_category
2026-01-31 15:00:45,971 - INFO - preprocessing TRAIN - Applied Ordinal Encoding to column: weight_category
2026-01-31 15:00:45,972 - INFO - preprocessing TRAIN - Applied Ordinal Encoding to column: bmi_category
2026-01-31 15:00:45,972 - INFO - preprocessing TRAIN - Applied log1p transformation to: weight
2026-01-31 15:00:45,972 - INFO - preprocessing TRAIN - Applied log1p transformation to: bmi
2026-01-31 15:00:45,972 - INFO - preprocessing TRAIN - Applied log1p transformation to: weekly_cardio_load
2026-01-31 15:00:45,973 - INFO - preprocessing TRAIN - Applied log1p transformation to: weight_height_ratio
2026-01-31 15:00:45,973 - INFO - preprocessing TRAIN - Applied log1p transformation to: bmi_age_interaction
2026-01-31 15:00:45,973 - INFO - preprocessing TRAIN - Applied log1p transformation to: weight_age_ratio
2026-01-31 15:00:45,974 - INFO - preprocessing TRAIN - Applied log1p transformation to: fat_risk_score
2026-01-31 15:00:45,974 - INFO - preprocessing TRAIN - Applied log1p transformation to: water_per_session
2026-01-31 15:00:45,974 - INFO - preprocessing TRAIN - Applied log1p transformation to: hydration_score
2026-01-31 15:00:45,974 - INFO - preprocessing TRAIN - Applied log1p transformation to: experience_intensity_ratio
2026-01-31 15:00:45,975 - INFO - preprocessing TRAIN - Applied log1p transformation to: experience_load
2026-01-31 15:00:45,975 - INFO - preprocessing TRAIN - Applied log1p transformation to: experience_frequency_score
2026-01-31 15:00:45,978 - INFO - preprocessing TRAIN - Scaled numerical columns using StandardScaler
2026-01-31 15:00:48,138 - INFO - preprocessing TRAIN - Applied KNNImputer to numerical columns
2026-01-31 15:00:48,138 - INFO - preprocessing TRAIN - Applied MODE imputer to column: gender
2026-01-31 15:00:48,138 - INFO - preprocessing TRAIN - Applied MODE imputer to column: workout_type
2026-01-31 15:00:48,138 - INFO - preprocessing TRAIN - Applied MODE imputer to column: age_category
2026-01-31 15:00:48,138 - INFO - preprocessing TRAIN - Applied MODE imputer to column: weight_category
2026-01-31 15:00:48,138 - INFO - preprocessing TRAIN - Applied MODE imputer to column: bmi_category
2026-01-31 15:00:48,143 - INFO - preprocessing TRAIN - Applied Ordinal Encoding to column: gender
2026-01-31 15:00:48,144 - INFO - preprocessing TRAIN - Applied Ordinal Encoding to column: workout_type
2026-01-31 15:00:48,145 - INFO - preprocessing TRAIN - Applied Ordinal Encoding to column: age_category
2026-01-31 15:00:48,145 - INFO - preprocessing TRAIN - Applied Ordinal Encoding to column: weight_category
2026-01-31 15:00:48,146 - INFO - preprocessing TRAIN - Applied Ordinal Encoding to column: bmi_category
2026-01-31 15:00:48,146 - INFO - preprocessing TRAIN - Applied log1p transformation to: weight
2026-01-31 15:00:48,146 - INFO - preprocessing TRAIN - Applied log1p transformation to: bmi
2026-01-31 15:00:48,147 - INFO - preprocessing TRAIN - Applied log1p transformation to: weight_height_ratio
2026-01-31 15:00:48,147 - INFO - preprocessing TRAIN - Applied log1p transformation to: bmi_age_interaction
2026-01-31 15:00:48,148 - INFO - preprocessing TRAIN - Applied log1p transformation to: weight_age_ratio
2026-01-31 15:00:48,148 - INFO - preprocessing TRAIN - Applied log1p transformation to: fat_risk_score
2026-01-31 15:00:48,148 - INFO - preprocessing TRAIN - Applied log1p transformation to: water_per_session
2026-01-31 15:00:48,148 - INFO - preprocessing TRAIN - Applied log1p transformation to: hydration_score
2026-01-31 15:00:48,149 - INFO - preprocessing TRAIN - Applied log1p transformation to: experience_frequency_score
2026-01-31 15:00:48,152 - INFO - preprocessing TRAIN - Scaled numerical columns using StandardScaler
2026-01-31 15:00:50,535 - INFO - preprocessing TRAIN - Applied KNNImputer to numerical columns
2026-01-31 15:00:50,535 - INFO - preprocessing TRAIN - Applied MODE imputer to column: gender
2026-01-31 15:00:50,536 - INFO - preprocessing TRAIN - Applied MODE imputer to column: workout_type
2026-01-31 15:00:50,536 - INFO - preprocessing TRAIN - Applied MODE imputer to column: age_category
2026-01-31 15:00:50,536 - INFO - preprocessing TRAIN - Applied MODE imputer to column: weight_category
2026-01-31 15:00:50,536 - INFO - preprocessing TRAIN - Applied MODE imputer to column: bmi_category
2026-01-31 15:00:50,543 - INFO - preprocessing TRAIN - Applied Ordinal Encoding to column: gender
2026-01-31 15:00:50,543 - INFO - preprocessing TRAIN - Applied Ordinal Encoding to column: workout_type
2026-01-31 15:00:50,544 - INFO - preprocessing TRAIN - Applied Ordinal Encoding to column: age_category
2026-01-31 15:00:50,544 - INFO - preprocessing TRAIN - Applied Ordinal Encoding to column: weight_category
2026-01-31 15:00:50,545 - INFO - preprocessing TRAIN - Applied Ordinal Encoding to column: bmi_category
2026-01-31 15:00:50,545 - INFO - preprocessing TRAIN - Applied log1p transformation to: weight
2026-01-31 15:00:50,546 - INFO - preprocessing TRAIN - Applied log1p transformation to: bmi
2026-01-31 15:00:50,546 - INFO - preprocessing TRAIN - Applied log1p transformation to: weight_height_ratio
2026-01-31 15:00:50,546 - INFO - preprocessing TRAIN - Applied log1p transformation to: bmi_age_interaction
2026-01-31 15:00:50,546 - INFO - preprocessing TRAIN - Applied log1p transformation to: weight_age_ratio
2026-01-31 15:00:50,547 - INFO - preprocessing TRAIN - Applied log1p transformation to: fat_risk_score
2026-01-31 15:00:50,547 - INFO - preprocessing TRAIN - Applied log1p transformation to: water_per_session
2026-01-31 15:00:50,547 - INFO - preprocessing TRAIN - Applied log1p transformation to: hydration_score
2026-01-31 15:00:50,548 - INFO - preprocessing TRAIN - Applied log1p transformation to: experience_frequency_score
2026-01-31 15:00:50,551 - INFO - preprocessing TRAIN - Scaled numerical columns using StandardScaler
2026-01-31 15:00:55,405 - INFO - preprocessing TRAIN - Applied KNNImputer to numerical columns
2026-01-31 15:00:55,405 - INFO - preprocessing TRAIN - Applied MODE imputer to column: gender
2026-01-31 15:00:55,405 - INFO - preprocessing TRAIN - Applied MODE imputer to column: workout_type
2026-01-31 15:00:55,406 - INFO - preprocessing TRAIN - Applied MODE imputer to column: age_category
2026-01-31 15:00:55,406 - INFO - preprocessing TRAIN - Applied MODE imputer to column: weight_category
2026-01-31 15:00:55,406 - INFO - preprocessing TRAIN - Applied MODE imputer to column: bmi_category
2026-01-31 15:00:55,412 - INFO - preprocessing TRAIN - Applied Ordinal Encoding to column: gender
2026-01-31 15:00:55,413 - INFO - preprocessing TRAIN - Applied Ordinal Encoding to column: workout_type
2026-01-31 15:00:55,413 - INFO - preprocessing TRAIN - Applied Ordinal Encoding to column: age_category
2026-01-31 15:00:55,415 - INFO - preprocessing TRAIN - Applied Ordinal Encoding to column: weight_category
2026-01-31 15:00:55,416 - INFO - preprocessing TRAIN - Applied Ordinal Encoding to column: bmi_category
2026-01-31 15:00:55,416 - INFO - preprocessing TRAIN - Applied log1p transformation to: weight
2026-01-31 15:00:55,416 - INFO - preprocessing TRAIN - Applied log1p transformation to: bmi
2026-01-31 15:00:55,417 - INFO - preprocessing TRAIN - Applied log1p transformation to: weight_height_ratio
2026-01-31 15:00:55,417 - INFO - preprocessing TRAIN - Applied log1p transformation to: bmi_age_interaction
2026-01-31 15:00:55,417 - INFO - preprocessing TRAIN - Applied log1p transformation to: weight_age_ratio
2026-01-31 15:00:55,418 - INFO - preprocessing TRAIN - Applied log1p transformation to: fat_risk_score
2026-01-31 15:00:55,418 - INFO - preprocessing TRAIN - Applied log1p transformation to: water_per_session
2026-01-31 15:00:55,418 - INFO - preprocessing TRAIN - Applied log1p transformation to: hydration_score
2026-01-31 15:00:55,418 - INFO - preprocessing TRAIN - Applied log1p transformation to: experience_frequency_score
2026-01-31 15:00:55,422 - INFO - preprocessing TRAIN - Scaled numerical columns using StandardScaler
2026-01-31 15:00:58,514 - INFO - preprocessing TRAIN - Applied KNNImputer to numerical columns
2026-01-31 15:00:58,514 - INFO - preprocessing TRAIN - Applied MODE imputer to column: gender
2026-01-31 15:00:58,514 - INFO - preprocessing TRAIN - Applied MODE imputer to column: workout_type
2026-01-31 15:00:58,514 - INFO - preprocessing TRAIN - Applied MODE imputer to column: age_category
2026-01-31 15:00:58,515 - INFO - preprocessing TRAIN - Applied MODE imputer to column: weight_category
2026-01-31 15:00:58,515 - INFO - preprocessing TRAIN - Applied MODE imputer to column: bmi_category
2026-01-31 15:00:58,522 - INFO - preprocessing TRAIN - Applied Ordinal Encoding to column: gender
2026-01-31 15:00:58,522 - INFO - preprocessing TRAIN - Applied Ordinal Encoding to column: workout_type
2026-01-31 15:00:58,523 - INFO - preprocessing TRAIN - Applied Ordinal Encoding to column: age_category
2026-01-31 15:00:58,524 - INFO - preprocessing TRAIN - Applied Ordinal Encoding to column: weight_category
2026-01-31 15:00:58,524 - INFO - preprocessing TRAIN - Applied Ordinal Encoding to column: bmi_category
2026-01-31 15:00:58,525 - INFO - preprocessing TRAIN - Applied log1p transformation to: weight
2026-01-31 15:00:58,525 - INFO - preprocessing TRAIN - Applied log1p transformation to: bmi
2026-01-31 15:00:58,525 - INFO - preprocessing TRAIN - Applied log1p transformation to: weight_height_ratio
2026-01-31 15:00:58,526 - INFO - preprocessing TRAIN - Applied log1p transformation to: bmi_age_interaction
2026-01-31 15:00:58,526 - INFO - preprocessing TRAIN - Applied log1p transformation to: weight_age_ratio
2026-01-31 15:00:58,526 - INFO - preprocessing TRAIN - Applied log1p transformation to: fat_risk_score
2026-01-31 15:00:58,526 - INFO - preprocessing TRAIN - Applied log1p transformation to: water_per_session
2026-01-31 15:00:58,527 - INFO - preprocessing TRAIN - Applied log1p transformation to: hydration_score
2026-01-31 15:00:58,527 - INFO - preprocessing TRAIN - Applied log1p transformation to: experience_frequency_score
2026-01-31 15:00:58,531 - INFO - preprocessing TRAIN - Scaled numerical columns using StandardScaler
2026-01-31 15:01:01,763 - INFO - preprocessing TRAIN - Applied KNNImputer to numerical columns
2026-01-31 15:01:01,763 - INFO - preprocessing TRAIN - Applied MODE imputer to column: gender
2026-01-31 15:01:01,763 - INFO - preprocessing TRAIN - Applied MODE imputer to column: workout_type
2026-01-31 15:01:01,763 - INFO - preprocessing TRAIN - Applied MODE imputer to column: age_category
2026-01-31 15:01:01,764 - INFO - preprocessing TRAIN - Applied MODE imputer to column: weight_category
2026-01-31 15:01:01,764 - INFO - preprocessing TRAIN - Applied MODE imputer to column: bmi_category
2026-01-31 15:01:01,767 - INFO - preprocessing TRAIN - Applied Ordinal Encoding to column: gender
2026-01-31 15:01:01,767 - INFO - preprocessing TRAIN - Applied Ordinal Encoding to column: workout_type
2026-01-31 15:01:01,768 - INFO - preprocessing TRAIN - Applied Ordinal Encoding to column: age_category
2026-01-31 15:01:01,768 - INFO - preprocessing TRAIN - Applied Ordinal Encoding to column: weight_category
2026-01-31 15:01:01,768 - INFO - preprocessing TRAIN - Applied Ordinal Encoding to column: bmi_category
2026-01-31 15:01:01,768 - INFO - preprocessing TRAIN - Applied log1p transformation to: weight
2026-01-31 15:01:01,768 - INFO - preprocessing TRAIN - Applied log1p transformation to: bmi
2026-01-31 15:01:01,769 - INFO - preprocessing TRAIN - Applied log1p transformation to: weight_height_ratio
2026-01-31 15:01:01,769 - INFO - preprocessing TRAIN - Applied log1p transformation to: bmi_age_interaction
2026-01-31 15:01:01,769 - INFO - preprocessing TRAIN - Applied log1p transformation to: weight_age_ratio
2026-01-31 15:01:01,769 - INFO - preprocessing TRAIN - Applied log1p transformation to: fat_risk_score
2026-01-31 15:01:01,769 - INFO - preprocessing TRAIN - Applied log1p transformation to: water_per_session
2026-01-31 15:01:01,769 - INFO - preprocessing TRAIN - Applied log1p transformation to: hydration_score
2026-01-31 15:01:01,770 - INFO - preprocessing TRAIN - Applied log1p transformation to: experience_frequency_score
2026-01-31 15:01:01,771 - INFO - preprocessing TRAIN - Scaled numerical columns using StandardScaler
2026-01-31 15:01:05,114 - INFO - preprocessing TRAIN - Applied KNNImputer to numerical columns
2026-01-31 15:01:05,115 - INFO - preprocessing TRAIN - Applied MODE imputer to column: gender
2026-01-31 15:01:05,115 - INFO - preprocessing TRAIN - Applied MODE imputer to column: workout_type
2026-01-31 15:01:05,115 - INFO - preprocessing TRAIN - Applied MODE imputer to column: age_category
2026-01-31 15:01:05,115 - INFO - preprocessing TRAIN - Applied MODE imputer to column: weight_category
2026-01-31 15:01:05,116 - INFO - preprocessing TRAIN - Applied MODE imputer to column: bmi_category
2026-01-31 15:01:05,121 - INFO - preprocessing TRAIN - Applied Ordinal Encoding to column: gender
2026-01-31 15:01:05,121 - INFO - preprocessing TRAIN - Applied Ordinal Encoding to column: workout_type
2026-01-31 15:01:05,121 - INFO - preprocessing TRAIN - Applied Ordinal Encoding to column: age_category
2026-01-31 15:01:05,122 - INFO - preprocessing TRAIN - Applied Ordinal Encoding to column: weight_category
2026-01-31 15:01:05,122 - INFO - preprocessing TRAIN - Applied Ordinal Encoding to column: bmi_category
2026-01-31 15:01:05,122 - INFO - preprocessing TRAIN - Applied log1p transformation to: weight
2026-01-31 15:01:05,122 - INFO - preprocessing TRAIN - Applied log1p transformation to: bmi
2026-01-31 15:01:05,123 - INFO - preprocessing TRAIN - Applied log1p transformation to: weight_height_ratio
2026-01-31 15:01:05,123 - INFO - preprocessing TRAIN - Applied log1p transformation to: bmi_age_interaction
2026-01-31 15:01:05,123 - INFO - preprocessing TRAIN - Applied log1p transformation to: weight_age_ratio
2026-01-31 15:01:05,123 - INFO - preprocessing TRAIN - Applied log1p transformation to: fat_risk_score
2026-01-31 15:01:05,123 - INFO - preprocessing TRAIN - Applied log1p transformation to: water_per_session
2026-01-31 15:01:05,124 - INFO - preprocessing TRAIN - Applied log1p transformation to: hydration_score
2026-01-31 15:01:05,124 - INFO - preprocessing TRAIN - Applied log1p transformation to: experience_frequency_score
2026-01-31 15:01:05,130 - INFO - preprocessing TRAIN - Scaled numerical columns using StandardScaler
2026-01-31 15:01:07,203 - INFO - preprocessing TRAIN - Applied KNNImputer to numerical columns
2026-01-31 15:01:07,203 - INFO - preprocessing TRAIN - Applied MODE imputer to column: gender
2026-01-31 15:01:07,203 - INFO - preprocessing TRAIN - Applied MODE imputer to column: workout_type
2026-01-31 15:01:07,204 - INFO - preprocessing TRAIN - Applied MODE imputer to column: age_category
2026-01-31 15:01:07,204 - INFO - preprocessing TRAIN - Applied MODE imputer to column: weight_category
2026-01-31 15:01:07,204 - INFO - preprocessing TRAIN - Applied MODE imputer to column: bmi_category
2026-01-31 15:01:07,210 - INFO - preprocessing TRAIN - Applied Ordinal Encoding to column: gender
2026-01-31 15:01:07,211 - INFO - preprocessing TRAIN - Applied Ordinal Encoding to column: workout_type
2026-01-31 15:01:07,211 - INFO - preprocessing TRAIN - Applied Ordinal Encoding to column: age_category
2026-01-31 15:01:07,212 - INFO - preprocessing TRAIN - Applied Ordinal Encoding to column: weight_category
2026-01-31 15:01:07,213 - INFO - preprocessing TRAIN - Applied Ordinal Encoding to column: bmi_category
2026-01-31 15:01:07,213 - INFO - preprocessing TRAIN - Applied log1p transformation to: weight
2026-01-31 15:01:07,213 - INFO - preprocessing TRAIN - Applied log1p transformation to: bmi
2026-01-31 15:01:07,214 - INFO - preprocessing TRAIN - Applied log1p transformation to: weight_height_ratio
2026-01-31 15:01:07,214 - INFO - preprocessing TRAIN - Applied log1p transformation to: bmi_age_interaction
2026-01-31 15:01:07,215 - INFO - preprocessing TRAIN - Applied log1p transformation to: weight_age_ratio
2026-01-31 15:01:07,215 - INFO - preprocessing TRAIN - Applied log1p transformation to: fat_risk_score
2026-01-31 15:01:07,215 - INFO - preprocessing TRAIN - Applied log1p transformation to: water_per_session
2026-01-31 15:01:07,216 - INFO - preprocessing TRAIN - Applied log1p transformation to: hydration_score
2026-01-31 15:01:07,216 - INFO - preprocessing TRAIN - Applied log1p transformation to: experience_frequency_score
2026-01-31 15:01:07,220 - INFO - preprocessing TRAIN - Scaled numerical columns using StandardScaler
2026-01-31 15:01:08,687 - INFO - preprocessing TRAIN - Applied KNNImputer to numerical columns
2026-01-31 15:01:08,687 - INFO - preprocessing TRAIN - Applied MODE imputer to column: gender
2026-01-31 15:01:08,688 - INFO - preprocessing TRAIN - Applied MODE imputer to column: workout_type
2026-01-31 15:01:08,688 - INFO - preprocessing TRAIN - Applied MODE imputer to column: age_category
2026-01-31 15:01:08,688 - INFO - preprocessing TRAIN - Applied MODE imputer to column: weight_category
2026-01-31 15:01:08,688 - INFO - preprocessing TRAIN - Applied MODE imputer to column: bmi_category
2026-01-31 15:01:08,695 - INFO - preprocessing TRAIN - Applied Ordinal Encoding to column: gender
2026-01-31 15:01:08,696 - INFO - preprocessing TRAIN - Applied Ordinal Encoding to column: workout_type
2026-01-31 15:01:08,696 - INFO - preprocessing TRAIN - Applied Ordinal Encoding to column: age_category
2026-01-31 15:01:08,697 - INFO - preprocessing TRAIN - Applied Ordinal Encoding to column: weight_category
2026-01-31 15:01:08,697 - INFO - preprocessing TRAIN - Applied Ordinal Encoding to column: bmi_category
2026-01-31 15:01:08,698 - INFO - preprocessing TRAIN - Applied log1p transformation to: weight
2026-01-31 15:01:08,698 - INFO - preprocessing TRAIN - Applied log1p transformation to: bmi
2026-01-31 15:01:08,698 - INFO - preprocessing TRAIN - Applied log1p transformation to: weight_height_ratio
2026-01-31 15:01:08,699 - INFO - preprocessing TRAIN - Applied log1p transformation to: bmi_age_interaction
2026-01-31 15:01:08,699 - INFO - preprocessing TRAIN - Applied log1p transformation to: weight_age_ratio
2026-01-31 15:01:08,699 - INFO - preprocessing TRAIN - Applied log1p transformation to: fat_risk_score
2026-01-31 15:01:08,699 - INFO - preprocessing TRAIN - Applied log1p transformation to: water_per_session
2026-01-31 15:01:08,700 - INFO - preprocessing TRAIN - Applied log1p transformation to: hydration_score
2026-01-31 15:01:08,700 - INFO - preprocessing TRAIN - Applied log1p transformation to: experience_frequency_score
2026-01-31 15:01:08,703 - INFO - preprocessing TRAIN - Scaled numerical columns using StandardScaler
2026-01-31 15:01:14,031 - INFO - preprocessing TRAIN - Applied KNNImputer to numerical columns
2026-01-31 15:01:14,031 - INFO - preprocessing TRAIN - Applied MODE imputer to column: gender
2026-01-31 15:01:14,031 - INFO - preprocessing TRAIN - Applied MODE imputer to column: workout_type
2026-01-31 15:01:14,032 - INFO - preprocessing TRAIN - Applied MODE imputer to column: age_category
2026-01-31 15:01:14,032 - INFO - preprocessing TRAIN - Applied MODE imputer to column: weight_category
2026-01-31 15:01:14,032 - INFO - preprocessing TRAIN - Applied MODE imputer to column: bmi_category
2026-01-31 15:01:14,040 - INFO - preprocessing TRAIN - Applied Ordinal Encoding to column: gender
2026-01-31 15:01:14,040 - INFO - preprocessing TRAIN - Applied Ordinal Encoding to column: workout_type
2026-01-31 15:01:14,041 - INFO - preprocessing TRAIN - Applied Ordinal Encoding to column: age_category
2026-01-31 15:01:14,041 - INFO - preprocessing TRAIN - Applied Ordinal Encoding to column: weight_category
2026-01-31 15:01:14,042 - INFO - preprocessing TRAIN - Applied Ordinal Encoding to column: bmi_category
2026-01-31 15:01:14,043 - INFO - preprocessing TRAIN - Applied log1p transformation to: weight
2026-01-31 15:01:14,043 - INFO - preprocessing TRAIN - Applied log1p transformation to: bmi
2026-01-31 15:01:14,043 - INFO - preprocessing TRAIN - Applied log1p transformation to: weight_height_ratio
2026-01-31 15:01:14,044 - INFO - preprocessing TRAIN - Applied log1p transformation to: bmi_age_interaction
2026-01-31 15:01:14,044 - INFO - preprocessing TRAIN - Applied log1p transformation to: weight_age_ratio
2026-01-31 15:01:14,044 - INFO - preprocessing TRAIN - Applied log1p transformation to: fat_risk_score
2026-01-31 15:01:14,044 - INFO - preprocessing TRAIN - Applied log1p transformation to: water_per_session
2026-01-31 15:01:14,045 - INFO - preprocessing TRAIN - Applied log1p transformation to: hydration_score
2026-01-31 15:01:14,045 - INFO - preprocessing TRAIN - Applied log1p transformation to: experience_frequency_score
2026-01-31 15:01:14,049 - INFO - preprocessing TRAIN - Scaled numerical columns using StandardScaler
2026-01-31 15:01:19,030 - INFO - preprocessing TRAIN - Applied KNNImputer to numerical columns
2026-01-31 15:01:19,030 - INFO - preprocessing TRAIN - Applied MODE imputer to column: gender
2026-01-31 15:01:19,030 - INFO - preprocessing TRAIN - Applied MODE imputer to column: workout_type
2026-01-31 15:01:19,030 - INFO - preprocessing TRAIN - Applied MODE imputer to column: age_category
2026-01-31 15:01:19,030 - INFO - preprocessing TRAIN - Applied MODE imputer to column: weight_category
2026-01-31 15:01:19,030 - INFO - preprocessing TRAIN - Applied MODE imputer to column: bmi_category
2026-01-31 15:01:19,034 - INFO - preprocessing TRAIN - Applied Ordinal Encoding to column: gender
2026-01-31 15:01:19,035 - INFO - preprocessing TRAIN - Applied Ordinal Encoding to column: workout_type
2026-01-31 15:01:19,035 - INFO - preprocessing TRAIN - Applied Ordinal Encoding to column: age_category
2026-01-31 15:01:19,035 - INFO - preprocessing TRAIN - Applied Ordinal Encoding to column: weight_category
2026-01-31 15:01:19,036 - INFO - preprocessing TRAIN - Applied Ordinal Encoding to column: bmi_category
2026-01-31 15:01:19,036 - INFO - preprocessing TRAIN - Applied log1p transformation to: weight
2026-01-31 15:01:19,036 - INFO - preprocessing TRAIN - Applied log1p transformation to: bmi
2026-01-31 15:01:19,036 - INFO - preprocessing TRAIN - Applied log1p transformation to: weight_height_ratio
2026-01-31 15:01:19,036 - INFO - preprocessing TRAIN - Applied log1p transformation to: bmi_age_interaction
2026-01-31 15:01:19,036 - INFO - preprocessing TRAIN - Applied log1p transformation to: weight_age_ratio
2026-01-31 15:01:19,037 - INFO - preprocessing TRAIN - Applied log1p transformation to: fat_risk_score
2026-01-31 15:01:19,037 - INFO - preprocessing TRAIN - Applied log1p transformation to: water_per_session
2026-01-31 15:01:19,037 - INFO - preprocessing TRAIN - Applied log1p transformation to: hydration_score
2026-01-31 15:01:19,037 - INFO - preprocessing TRAIN - Applied log1p transformation to: experience_frequency_score
2026-01-31 15:01:19,039 - INFO - preprocessing TRAIN - Scaled numerical columns using StandardScaler
2026-01-31 15:01:23,346 - INFO - preprocessing TRAIN - Applied KNNImputer to numerical columns
2026-01-31 15:01:23,347 - INFO - preprocessing TRAIN - Applied MODE imputer to column: gender
2026-01-31 15:01:23,347 - INFO - preprocessing TRAIN - Applied MODE imputer to column: workout_type
2026-01-31 15:01:23,347 - INFO - preprocessing TRAIN - Applied MODE imputer to column: age_category
2026-01-31 15:01:23,347 - INFO - preprocessing TRAIN - Applied MODE imputer to column: weight_category
2026-01-31 15:01:23,347 - INFO - preprocessing TRAIN - Applied MODE imputer to column: bmi_category
2026-01-31 15:01:23,350 - INFO - preprocessing TRAIN - Applied Ordinal Encoding to column: gender
2026-01-31 15:01:23,350 - INFO - preprocessing TRAIN - Applied Ordinal Encoding to column: workout_type
2026-01-31 15:01:23,351 - INFO - preprocessing TRAIN - Applied Ordinal Encoding to column: age_category
2026-01-31 15:01:23,352 - INFO - preprocessing TRAIN - Applied Ordinal Encoding to column: weight_category
2026-01-31 15:01:23,352 - INFO - preprocessing TRAIN - Applied Ordinal Encoding to column: bmi_category
2026-01-31 15:01:23,352 - INFO - preprocessing TRAIN - Applied log1p transformation to: weight
2026-01-31 15:01:23,352 - INFO - preprocessing TRAIN - Applied log1p transformation to: bmi
2026-01-31 15:01:23,352 - INFO - preprocessing TRAIN - Applied log1p transformation to: weight_height_ratio
2026-01-31 15:01:23,353 - INFO - preprocessing TRAIN - Applied log1p transformation to: bmi_age_interaction
2026-01-31 15:01:23,353 - INFO - preprocessing TRAIN - Applied log1p transformation to: weight_age_ratio
2026-01-31 15:01:23,354 - INFO - preprocessing TRAIN - Applied log1p transformation to: fat_risk_score
2026-01-31 15:01:23,354 - INFO - preprocessing TRAIN - Applied log1p transformation to: water_per_session
2026-01-31 15:01:23,354 - INFO - preprocessing TRAIN - Applied log1p transformation to: hydration_score
2026-01-31 15:01:23,354 - INFO - preprocessing TRAIN - Applied log1p transformation to: experience_frequency_score
2026-01-31 15:01:23,360 - INFO - preprocessing TRAIN - Scaled numerical columns using StandardScaler
2026-01-31 15:01:29,156 - INFO - preprocessing TRAIN - Applied KNNImputer to numerical columns
2026-01-31 15:01:29,156 - INFO - preprocessing TRAIN - Applied MODE imputer to column: gender
2026-01-31 15:01:29,156 - INFO - preprocessing TRAIN - Applied MODE imputer to column: workout_type
2026-01-31 15:01:29,157 - INFO - preprocessing TRAIN - Applied MODE imputer to column: age_category
2026-01-31 15:01:29,157 - INFO - preprocessing TRAIN - Applied MODE imputer to column: weight_category
2026-01-31 15:01:29,159 - INFO - preprocessing TRAIN - Applied MODE imputer to column: bmi_category
2026-01-31 15:01:29,170 - INFO - preprocessing TRAIN - Applied Ordinal Encoding to column: gender
2026-01-31 15:01:29,170 - INFO - preprocessing TRAIN - Applied Ordinal Encoding to column: workout_type
2026-01-31 15:01:29,171 - INFO - preprocessing TRAIN - Applied Ordinal Encoding to column: age_category
2026-01-31 15:01:29,172 - INFO - preprocessing TRAIN - Applied Ordinal Encoding to column: weight_category
2026-01-31 15:01:29,172 - INFO - preprocessing TRAIN - Applied Ordinal Encoding to column: bmi_category
2026-01-31 15:01:29,172 - INFO - preprocessing TRAIN - Applied log1p transformation to: weight
2026-01-31 15:01:29,173 - INFO - preprocessing TRAIN - Applied log1p transformation to: bmi
2026-01-31 15:01:29,173 - INFO - preprocessing TRAIN - Applied log1p transformation to: weight_height_ratio
2026-01-31 15:01:29,173 - INFO - preprocessing TRAIN - Applied log1p transformation to: bmi_age_interaction
2026-01-31 15:01:29,174 - INFO - preprocessing TRAIN - Applied log1p transformation to: weight_age_ratio
2026-01-31 15:01:29,174 - INFO - preprocessing TRAIN - Applied log1p transformation to: fat_risk_score
2026-01-31 15:01:29,174 - INFO - preprocessing TRAIN - Applied log1p transformation to: water_per_session
2026-01-31 15:01:29,174 - INFO - preprocessing TRAIN - Applied log1p transformation to: hydration_score
2026-01-31 15:01:29,175 - INFO - preprocessing TRAIN - Applied log1p transformation to: experience_frequency_score
2026-01-31 15:01:29,178 - INFO - preprocessing TRAIN - Scaled numerical columns using StandardScaler
2026-01-31 15:01:31,660 - INFO - preprocessing TRAIN - Applied KNNImputer to numerical columns
2026-01-31 15:01:31,660 - INFO - preprocessing TRAIN - Applied MODE imputer to column: gender
2026-01-31 15:01:31,661 - INFO - preprocessing TRAIN - Applied MODE imputer to column: workout_type
2026-01-31 15:01:31,661 - INFO - preprocessing TRAIN - Applied MODE imputer to column: age_category
2026-01-31 15:01:31,661 - INFO - preprocessing TRAIN - Applied MODE imputer to column: weight_category
2026-01-31 15:01:31,661 - INFO - preprocessing TRAIN - Applied MODE imputer to column: bmi_category
2026-01-31 15:01:31,668 - INFO - preprocessing TRAIN - Applied Ordinal Encoding to column: gender
2026-01-31 15:01:31,668 - INFO - preprocessing TRAIN - Applied Ordinal Encoding to column: workout_type
2026-01-31 15:01:31,669 - INFO - preprocessing TRAIN - Applied Ordinal Encoding to column: age_category
2026-01-31 15:01:31,669 - INFO - preprocessing TRAIN - Applied Ordinal Encoding to column: weight_category
2026-01-31 15:01:31,670 - INFO - preprocessing TRAIN - Applied Ordinal Encoding to column: bmi_category
2026-01-31 15:01:31,670 - INFO - preprocessing TRAIN - Applied log1p transformation to: weight
2026-01-31 15:01:31,670 - INFO - preprocessing TRAIN - Applied log1p transformation to: bmi
2026-01-31 15:01:31,671 - INFO - preprocessing TRAIN - Applied log1p transformation to: weekly_cardio_load
2026-01-31 15:01:31,671 - INFO - preprocessing TRAIN - Applied log1p transformation to: weight_height_ratio
2026-01-31 15:01:31,671 - INFO - preprocessing TRAIN - Applied log1p transformation to: bmi_age_interaction
2026-01-31 15:01:31,672 - INFO - preprocessing TRAIN - Applied log1p transformation to: weight_age_ratio
2026-01-31 15:01:31,672 - INFO - preprocessing TRAIN - Applied log1p transformation to: fat_risk_score
2026-01-31 15:01:31,672 - INFO - preprocessing TRAIN - Applied log1p transformation to: water_per_session
2026-01-31 15:01:31,672 - INFO - preprocessing TRAIN - Applied log1p transformation to: hydration_score
2026-01-31 15:01:31,673 - INFO - preprocessing TRAIN - Applied log1p transformation to: experience_intensity_ratio
2026-01-31 15:01:31,673 - INFO - preprocessing TRAIN - Applied log1p transformation to: experience_load
2026-01-31 15:01:31,673 - INFO - preprocessing TRAIN - Applied log1p transformation to: experience_frequency_score
2026-01-31 15:01:31,677 - INFO - preprocessing TRAIN - Scaled numerical columns using StandardScaler
2026-01-31 15:01:34,896 - INFO - preprocessing TRAIN - Applied KNNImputer to numerical columns
2026-01-31 15:01:34,897 - INFO - preprocessing TRAIN - Applied MODE imputer to column: gender
2026-01-31 15:01:34,897 - INFO - preprocessing TRAIN - Applied MODE imputer to column: workout_type
2026-01-31 15:01:34,897 - INFO - preprocessing TRAIN - Applied MODE imputer to column: age_category
2026-01-31 15:01:34,897 - INFO - preprocessing TRAIN - Applied MODE imputer to column: weight_category
2026-01-31 15:01:34,898 - INFO - preprocessing TRAIN - Applied MODE imputer to column: bmi_category
2026-01-31 15:01:34,904 - INFO - preprocessing TRAIN - Applied Ordinal Encoding to column: gender
2026-01-31 15:01:34,904 - INFO - preprocessing TRAIN - Applied Ordinal Encoding to column: workout_type
2026-01-31 15:01:34,905 - INFO - preprocessing TRAIN - Applied Ordinal Encoding to column: age_category
2026-01-31 15:01:34,906 - INFO - preprocessing TRAIN - Applied Ordinal Encoding to column: weight_category
2026-01-31 15:01:34,906 - INFO - preprocessing TRAIN - Applied Ordinal Encoding to column: bmi_category
2026-01-31 15:01:34,906 - INFO - preprocessing TRAIN - Applied log1p transformation to: weight
2026-01-31 15:01:34,907 - INFO - preprocessing TRAIN - Applied log1p transformation to: bmi
2026-01-31 15:01:34,907 - INFO - preprocessing TRAIN - Applied log1p transformation to: weekly_cardio_load
2026-01-31 15:01:34,907 - INFO - preprocessing TRAIN - Applied log1p transformation to: weight_height_ratio
2026-01-31 15:01:34,908 - INFO - preprocessing TRAIN - Applied log1p transformation to: bmi_age_interaction
2026-01-31 15:01:34,908 - INFO - preprocessing TRAIN - Applied log1p transformation to: weight_age_ratio
2026-01-31 15:01:34,908 - INFO - preprocessing TRAIN - Applied log1p transformation to: fat_risk_score
2026-01-31 15:01:34,908 - INFO - preprocessing TRAIN - Applied log1p transformation to: water_per_session
2026-01-31 15:01:34,909 - INFO - preprocessing TRAIN - Applied log1p transformation to: hydration_score
2026-01-31 15:01:34,909 - INFO - preprocessing TRAIN - Applied log1p transformation to: experience_intensity_ratio
2026-01-31 15:01:34,909 - INFO - preprocessing TRAIN - Applied log1p transformation to: experience_load
2026-01-31 15:01:34,910 - INFO - preprocessing TRAIN - Applied log1p transformation to: experience_frequency_score
2026-01-31 15:01:34,913 - INFO - preprocessing TRAIN - Scaled numerical columns using StandardScaler
2026-01-31 15:01:37,564 - INFO - preprocessing TRAIN - Applied KNNImputer to numerical columns
2026-01-31 15:01:37,565 - INFO - preprocessing TRAIN - Applied MODE imputer to column: gender
2026-01-31 15:01:37,565 - INFO - preprocessing TRAIN - Applied MODE imputer to column: workout_type
2026-01-31 15:01:37,565 - INFO - preprocessing TRAIN - Applied MODE imputer to column: age_category
2026-01-31 15:01:37,565 - INFO - preprocessing TRAIN - Applied MODE imputer to column: weight_category
2026-01-31 15:01:37,565 - INFO - preprocessing TRAIN - Applied MODE imputer to column: bmi_category
2026-01-31 15:01:37,572 - INFO - preprocessing TRAIN - Applied Ordinal Encoding to column: gender
2026-01-31 15:01:37,573 - INFO - preprocessing TRAIN - Applied Ordinal Encoding to column: workout_type
2026-01-31 15:01:37,573 - INFO - preprocessing TRAIN - Applied Ordinal Encoding to column: age_category
2026-01-31 15:01:37,574 - INFO - preprocessing TRAIN - Applied Ordinal Encoding to column: weight_category
2026-01-31 15:01:37,574 - INFO - preprocessing TRAIN - Applied Ordinal Encoding to column: bmi_category
2026-01-31 15:01:37,575 - INFO - preprocessing TRAIN - Applied log1p transformation to: weight
2026-01-31 15:01:37,575 - INFO - preprocessing TRAIN - Applied log1p transformation to: bmi
2026-01-31 15:01:37,575 - INFO - preprocessing TRAIN - Applied log1p transformation to: weekly_cardio_load
2026-01-31 15:01:37,575 - INFO - preprocessing TRAIN - Applied log1p transformation to: weight_height_ratio
2026-01-31 15:01:37,576 - INFO - preprocessing TRAIN - Applied log1p transformation to: bmi_age_interaction
2026-01-31 15:01:37,576 - INFO - preprocessing TRAIN - Applied log1p transformation to: weight_age_ratio
2026-01-31 15:01:37,576 - INFO - preprocessing TRAIN - Applied log1p transformation to: fat_risk_score
2026-01-31 15:01:37,577 - INFO - preprocessing TRAIN - Applied log1p transformation to: water_per_session
2026-01-31 15:01:37,577 - INFO - preprocessing TRAIN - Applied log1p transformation to: hydration_score
2026-01-31 15:01:37,577 - INFO - preprocessing TRAIN - Applied log1p transformation to: experience_intensity_ratio
2026-01-31 15:01:37,577 - INFO - preprocessing TRAIN - Applied log1p transformation to: experience_load
2026-01-31 15:01:37,578 - INFO - preprocessing TRAIN - Applied log1p transformation to: experience_frequency_score
2026-01-31 15:01:37,581 - INFO - preprocessing TRAIN - Scaled numerical columns using StandardScaler
2026-01-31 15:01:45,720 - INFO - preprocessing TRAIN - Applied KNNImputer to numerical columns
2026-01-31 15:01:45,721 - INFO - preprocessing TRAIN - Applied MODE imputer to column: gender
2026-01-31 15:01:45,721 - INFO - preprocessing TRAIN - Applied MODE imputer to column: workout_type
2026-01-31 15:01:45,721 - INFO - preprocessing TRAIN - Applied MODE imputer to column: age_category
2026-01-31 15:01:45,721 - INFO - preprocessing TRAIN - Applied MODE imputer to column: weight_category
2026-01-31 15:01:45,722 - INFO - preprocessing TRAIN - Applied MODE imputer to column: bmi_category
2026-01-31 15:01:45,729 - INFO - preprocessing TRAIN - Applied Ordinal Encoding to column: gender
2026-01-31 15:01:45,729 - INFO - preprocessing TRAIN - Applied Ordinal Encoding to column: workout_type
2026-01-31 15:01:45,730 - INFO - preprocessing TRAIN - Applied Ordinal Encoding to column: age_category
2026-01-31 15:01:45,731 - INFO - preprocessing TRAIN - Applied Ordinal Encoding to column: weight_category
2026-01-31 15:01:45,731 - INFO - preprocessing TRAIN - Applied Ordinal Encoding to column: bmi_category
2026-01-31 15:01:45,732 - INFO - preprocessing TRAIN - Applied log1p transformation to: weight
2026-01-31 15:01:45,732 - INFO - preprocessing TRAIN - Applied log1p transformation to: bmi
2026-01-31 15:01:45,732 - INFO - preprocessing TRAIN - Applied log1p transformation to: bmi_category
2026-01-31 15:01:45,732 - INFO - preprocessing TRAIN - Applied log1p transformation to: weekly_cardio_load
2026-01-31 15:01:45,733 - INFO - preprocessing TRAIN - Applied log1p transformation to: weight_height_ratio
2026-01-31 15:01:45,733 - INFO - preprocessing TRAIN - Applied log1p transformation to: bmi_age_interaction
2026-01-31 15:01:45,733 - INFO - preprocessing TRAIN - Applied log1p transformation to: weight_age_ratio
2026-01-31 15:01:45,733 - INFO - preprocessing TRAIN - Applied log1p transformation to: fat_risk_score
2026-01-31 15:01:45,734 - INFO - preprocessing TRAIN - Applied log1p transformation to: water_per_session
2026-01-31 15:01:45,734 - INFO - preprocessing TRAIN - Applied log1p transformation to: hydration_score
2026-01-31 15:01:45,735 - INFO - preprocessing TRAIN - Applied log1p transformation to: experience_intensity_ratio
2026-01-31 15:01:45,735 - INFO - preprocessing TRAIN - Applied log1p transformation to: experience_load
2026-01-31 15:01:45,735 - INFO - preprocessing TRAIN - Applied log1p transformation to: experience_frequency_score
2026-01-31 15:01:45,739 - INFO - preprocessing TRAIN - Scaled numerical columns using StandardScaler
2026-01-31 15:01:52,386 - INFO - preprocessing TRAIN - Applied KNNImputer to numerical columns
2026-01-31 15:01:52,386 - INFO - preprocessing TRAIN - Applied MODE imputer to column: gender
2026-01-31 15:01:52,386 - INFO - preprocessing TRAIN - Applied MODE imputer to column: workout_type
2026-01-31 15:01:52,387 - INFO - preprocessing TRAIN - Applied MODE imputer to column: age_category
2026-01-31 15:01:52,387 - INFO - preprocessing TRAIN - Applied MODE imputer to column: weight_category
2026-01-31 15:01:52,387 - INFO - preprocessing TRAIN - Applied MODE imputer to column: bmi_category
2026-01-31 15:01:52,395 - INFO - preprocessing TRAIN - Applied Ordinal Encoding to column: gender
2026-01-31 15:01:52,396 - INFO - preprocessing TRAIN - Applied Ordinal Encoding to column: workout_type
2026-01-31 15:01:52,396 - INFO - preprocessing TRAIN - Applied Ordinal Encoding to column: age_category
2026-01-31 15:01:52,397 - INFO - preprocessing TRAIN - Applied Ordinal Encoding to column: weight_category
2026-01-31 15:01:52,398 - INFO - preprocessing TRAIN - Applied Ordinal Encoding to column: bmi_category
2026-01-31 15:01:52,398 - INFO - preprocessing TRAIN - Applied log1p transformation to: weight
2026-01-31 15:01:52,398 - INFO - preprocessing TRAIN - Applied log1p transformation to: bmi
2026-01-31 15:01:52,399 - INFO - preprocessing TRAIN - Applied log1p transformation to: weekly_cardio_load
2026-01-31 15:01:52,399 - INFO - preprocessing TRAIN - Applied log1p transformation to: weight_height_ratio
2026-01-31 15:01:52,399 - INFO - preprocessing TRAIN - Applied log1p transformation to: bmi_age_interaction
2026-01-31 15:01:52,399 - INFO - preprocessing TRAIN - Applied log1p transformation to: weight_age_ratio
2026-01-31 15:01:52,400 - INFO - preprocessing TRAIN - Applied log1p transformation to: fat_risk_score
2026-01-31 15:01:52,400 - INFO - preprocessing TRAIN - Applied log1p transformation to: water_per_session
2026-01-31 15:01:52,400 - INFO - preprocessing TRAIN - Applied log1p transformation to: hydration_score
2026-01-31 15:01:52,400 - INFO - preprocessing TRAIN - Applied log1p transformation to: experience_intensity_ratio
2026-01-31 15:01:52,401 - INFO - preprocessing TRAIN - Applied log1p transformation to: experience_load
2026-01-31 15:01:52,401 - INFO - preprocessing TRAIN - Applied log1p transformation to: experience_frequency_score
2026-01-31 15:01:52,405 - INFO - preprocessing TRAIN - Scaled numerical columns using StandardScaler
2026-01-31 15:02:01,237 - INFO - preprocessing TRAIN - Applied KNNImputer to numerical columns
2026-01-31 15:02:01,237 - INFO - preprocessing TRAIN - Applied MODE imputer to column: gender
2026-01-31 15:02:01,237 - INFO - preprocessing TRAIN - Applied MODE imputer to column: workout_type
2026-01-31 15:02:01,237 - INFO - preprocessing TRAIN - Applied MODE imputer to column: age_category
2026-01-31 15:02:01,238 - INFO - preprocessing TRAIN - Applied MODE imputer to column: weight_category
2026-01-31 15:02:01,238 - INFO - preprocessing TRAIN - Applied MODE imputer to column: bmi_category
2026-01-31 15:02:01,244 - INFO - preprocessing TRAIN - Applied Ordinal Encoding to column: gender
2026-01-31 15:02:01,245 - INFO - preprocessing TRAIN - Applied Ordinal Encoding to column: workout_type
2026-01-31 15:02:01,245 - INFO - preprocessing TRAIN - Applied Ordinal Encoding to column: age_category
2026-01-31 15:02:01,246 - INFO - preprocessing TRAIN - Applied Ordinal Encoding to column: weight_category
2026-01-31 15:02:01,247 - INFO - preprocessing TRAIN - Applied Ordinal Encoding to column: bmi_category
2026-01-31 15:02:01,247 - INFO - preprocessing TRAIN - Applied log1p transformation to: weight
2026-01-31 15:02:01,247 - INFO - preprocessing TRAIN - Applied log1p transformation to: bmi
2026-01-31 15:02:01,248 - INFO - preprocessing TRAIN - Applied log1p transformation to: weekly_cardio_load
2026-01-31 15:02:01,248 - INFO - preprocessing TRAIN - Applied log1p transformation to: weight_height_ratio
2026-01-31 15:02:01,248 - INFO - preprocessing TRAIN - Applied log1p transformation to: bmi_age_interaction
2026-01-31 15:02:01,248 - INFO - preprocessing TRAIN - Applied log1p transformation to: weight_age_ratio
2026-01-31 15:02:01,249 - INFO - preprocessing TRAIN - Applied log1p transformation to: fat_risk_score
2026-01-31 15:02:01,249 - INFO - preprocessing TRAIN - Applied log1p transformation to: water_per_session
2026-01-31 15:02:01,249 - INFO - preprocessing TRAIN - Applied log1p transformation to: hydration_score
2026-01-31 15:02:01,250 - INFO - preprocessing TRAIN - Applied log1p transformation to: experience_intensity_ratio
2026-01-31 15:02:01,250 - INFO - preprocessing TRAIN - Applied log1p transformation to: experience_load
2026-01-31 15:02:01,250 - INFO - preprocessing TRAIN - Applied log1p transformation to: experience_frequency_score
2026-01-31 15:02:01,253 - INFO - preprocessing TRAIN - Scaled numerical columns using StandardScaler
2026-01-31 15:02:01,831 - INFO - preprocessing TRAIN - Applied KNNImputer to numerical columns
2026-01-31 15:02:01,831 - INFO - preprocessing TRAIN - Applied MODE imputer to column: gender
2026-01-31 15:02:01,831 - INFO - preprocessing TRAIN - Applied MODE imputer to column: workout_type
2026-01-31 15:02:01,831 - INFO - preprocessing TRAIN - Applied MODE imputer to column: age_category
2026-01-31 15:02:01,831 - INFO - preprocessing TRAIN - Applied MODE imputer to column: weight_category
2026-01-31 15:02:01,831 - INFO - preprocessing TRAIN - Applied MODE imputer to column: bmi_category
2026-01-31 15:02:01,837 - INFO - preprocessing TRAIN - Applied Ordinal Encoding to column: gender
2026-01-31 15:02:01,838 - INFO - preprocessing TRAIN - Applied Ordinal Encoding to column: workout_type
2026-01-31 15:02:01,838 - INFO - preprocessing TRAIN - Applied Ordinal Encoding to column: age_category
2026-01-31 15:02:01,839 - INFO - preprocessing TRAIN - Applied Ordinal Encoding to column: weight_category
2026-01-31 15:02:01,839 - INFO - preprocessing TRAIN - Applied Ordinal Encoding to column: bmi_category
2026-01-31 15:02:01,840 - INFO - preprocessing TRAIN - Applied log1p transformation to: weight
2026-01-31 15:02:01,840 - INFO - preprocessing TRAIN - Applied log1p transformation to: bmi
2026-01-31 15:02:01,840 - INFO - preprocessing TRAIN - Applied log1p transformation to: weekly_cardio_load
2026-01-31 15:02:01,841 - INFO - preprocessing TRAIN - Applied log1p transformation to: weight_height_ratio
2026-01-31 15:02:01,841 - INFO - preprocessing TRAIN - Applied log1p transformation to: bmi_age_interaction
2026-01-31 15:02:01,841 - INFO - preprocessing TRAIN - Applied log1p transformation to: weight_age_ratio
2026-01-31 15:02:01,841 - INFO - preprocessing TRAIN - Applied log1p transformation to: fat_risk_score
2026-01-31 15:02:01,842 - INFO - preprocessing TRAIN - Applied log1p transformation to: water_per_session
2026-01-31 15:02:01,842 - INFO - preprocessing TRAIN - Applied log1p transformation to: hydration_score
2026-01-31 15:02:01,842 - INFO - preprocessing TRAIN - Applied log1p transformation to: experience_intensity_ratio
2026-01-31 15:02:01,843 - INFO - preprocessing TRAIN - Applied log1p transformation to: experience_load
2026-01-31 15:02:01,843 - INFO - preprocessing TRAIN - Applied log1p transformation to: experience_frequency_score
2026-01-31 15:02:01,846 - INFO - preprocessing TRAIN - Scaled numerical columns using StandardScaler
2026-01-31 15:02:02,335 - INFO - preprocessing TRAIN - Applied KNNImputer to numerical columns
2026-01-31 15:02:02,335 - INFO - preprocessing TRAIN - Applied MODE imputer to column: gender
2026-01-31 15:02:02,336 - INFO - preprocessing TRAIN - Applied MODE imputer to column: workout_type
2026-01-31 15:02:02,336 - INFO - preprocessing TRAIN - Applied MODE imputer to column: age_category
2026-01-31 15:02:02,336 - INFO - preprocessing TRAIN - Applied MODE imputer to column: weight_category
2026-01-31 15:02:02,336 - INFO - preprocessing TRAIN - Applied MODE imputer to column: bmi_category
2026-01-31 15:02:02,344 - INFO - preprocessing TRAIN - Applied Ordinal Encoding to column: gender
2026-01-31 15:02:02,345 - INFO - preprocessing TRAIN - Applied Ordinal Encoding to column: workout_type
2026-01-31 15:02:02,346 - INFO - preprocessing TRAIN - Applied Ordinal Encoding to column: age_category
2026-01-31 15:02:02,346 - INFO - preprocessing TRAIN - Applied Ordinal Encoding to column: weight_category
2026-01-31 15:02:02,347 - INFO - preprocessing TRAIN - Applied Ordinal Encoding to column: bmi_category
2026-01-31 15:02:02,347 - INFO - preprocessing TRAIN - Applied log1p transformation to: weight
2026-01-31 15:02:02,347 - INFO - preprocessing TRAIN - Applied log1p transformation to: bmi
2026-01-31 15:02:02,348 - INFO - preprocessing TRAIN - Applied log1p transformation to: weekly_cardio_load
2026-01-31 15:02:02,348 - INFO - preprocessing TRAIN - Applied log1p transformation to: weight_height_ratio
2026-01-31 15:02:02,348 - INFO - preprocessing TRAIN - Applied log1p transformation to: bmi_age_interaction
2026-01-31 15:02:02,349 - INFO - preprocessing TRAIN - Applied log1p transformation to: weight_age_ratio
2026-01-31 15:02:02,349 - INFO - preprocessing TRAIN - Applied log1p transformation to: fat_risk_score
2026-01-31 15:02:02,349 - INFO - preprocessing TRAIN - Applied log1p transformation to: water_per_session
2026-01-31 15:02:02,349 - INFO - preprocessing TRAIN - Applied log1p transformation to: hydration_score
2026-01-31 15:02:02,350 - INFO - preprocessing TRAIN - Applied log1p transformation to: experience_intensity_ratio
2026-01-31 15:02:02,350 - INFO - preprocessing TRAIN - Applied log1p transformation to: experience_load
2026-01-31 15:02:02,350 - INFO - preprocessing TRAIN - Applied log1p transformation to: experience_frequency_score
2026-01-31 15:02:02,354 - INFO - preprocessing TRAIN - Scaled numerical columns using StandardScaler
2026-01-31 15:02:02,805 - INFO - preprocessing TRAIN - Applied KNNImputer to numerical columns
2026-01-31 15:02:02,806 - INFO - preprocessing TRAIN - Applied MODE imputer to column: gender
2026-01-31 15:02:02,806 - INFO - preprocessing TRAIN - Applied MODE imputer to column: workout_type
2026-01-31 15:02:02,807 - INFO - preprocessing TRAIN - Applied MODE imputer to column: age_category
2026-01-31 15:02:02,807 - INFO - preprocessing TRAIN - Applied MODE imputer to column: weight_category
2026-01-31 15:02:02,807 - INFO - preprocessing TRAIN - Applied MODE imputer to column: bmi_category
2026-01-31 15:02:02,813 - INFO - preprocessing TRAIN - Applied Ordinal Encoding to column: gender
2026-01-31 15:02:02,814 - INFO - preprocessing TRAIN - Applied Ordinal Encoding to column: workout_type
2026-01-31 15:02:02,814 - INFO - preprocessing TRAIN - Applied Ordinal Encoding to column: age_category
2026-01-31 15:02:02,815 - INFO - preprocessing TRAIN - Applied Ordinal Encoding to column: weight_category
2026-01-31 15:02:02,816 - INFO - preprocessing TRAIN - Applied Ordinal Encoding to column: bmi_category
2026-01-31 15:02:02,816 - INFO - preprocessing TRAIN - Applied log1p transformation to: weight
2026-01-31 15:02:02,816 - INFO - preprocessing TRAIN - Applied log1p transformation to: bmi
2026-01-31 15:02:02,817 - INFO - preprocessing TRAIN - Applied log1p transformation to: weekly_cardio_load
2026-01-31 15:02:02,817 - INFO - preprocessing TRAIN - Applied log1p transformation to: weight_height_ratio
2026-01-31 15:02:02,817 - INFO - preprocessing TRAIN - Applied log1p transformation to: bmi_age_interaction
2026-01-31 15:02:02,817 - INFO - preprocessing TRAIN - Applied log1p transformation to: weight_age_ratio
2026-01-31 15:02:02,818 - INFO - preprocessing TRAIN - Applied log1p transformation to: fat_risk_score
2026-01-31 15:02:02,818 - INFO - preprocessing TRAIN - Applied log1p transformation to: water_per_session
2026-01-31 15:02:02,818 - INFO - preprocessing TRAIN - Applied log1p transformation to: hydration_score
2026-01-31 15:02:02,819 - INFO - preprocessing TRAIN - Applied log1p transformation to: experience_intensity_ratio
2026-01-31 15:02:02,819 - INFO - preprocessing TRAIN - Applied log1p transformation to: experience_load
2026-01-31 15:02:02,819 - INFO - preprocessing TRAIN - Applied log1p transformation to: experience_frequency_score
2026-01-31 15:02:02,823 - INFO - preprocessing TRAIN - Scaled numerical columns using StandardScaler
2026-01-31 15:02:03,135 - INFO - preprocessing TRAIN - Applied KNNImputer to numerical columns
2026-01-31 15:02:03,136 - INFO - preprocessing TRAIN - Applied MODE imputer to column: gender
2026-01-31 15:02:03,136 - INFO - preprocessing TRAIN - Applied MODE imputer to column: workout_type
2026-01-31 15:02:03,136 - INFO - preprocessing TRAIN - Applied MODE imputer to column: age_category
2026-01-31 15:02:03,136 - INFO - preprocessing TRAIN - Applied MODE imputer to column: weight_category
2026-01-31 15:02:03,137 - INFO - preprocessing TRAIN - Applied MODE imputer to column: bmi_category
2026-01-31 15:02:03,142 - INFO - preprocessing TRAIN - Applied Ordinal Encoding to column: gender
2026-01-31 15:02:03,143 - INFO - preprocessing TRAIN - Applied Ordinal Encoding to column: workout_type
2026-01-31 15:02:03,144 - INFO - preprocessing TRAIN - Applied Ordinal Encoding to column: age_category
2026-01-31 15:02:03,144 - INFO - preprocessing TRAIN - Applied Ordinal Encoding to column: weight_category
2026-01-31 15:02:03,145 - INFO - preprocessing TRAIN - Applied Ordinal Encoding to column: bmi_category
2026-01-31 15:02:03,145 - INFO - preprocessing TRAIN - Applied log1p transformation to: weight
2026-01-31 15:02:03,146 - INFO - preprocessing TRAIN - Applied log1p transformation to: bmi
2026-01-31 15:02:03,146 - INFO - preprocessing TRAIN - Applied log1p transformation to: weekly_cardio_load
2026-01-31 15:02:03,146 - INFO - preprocessing TRAIN - Applied log1p transformation to: weight_height_ratio
2026-01-31 15:02:03,147 - INFO - preprocessing TRAIN - Applied log1p transformation to: bmi_age_interaction
2026-01-31 15:02:03,147 - INFO - preprocessing TRAIN - Applied log1p transformation to: weight_age_ratio
2026-01-31 15:02:03,147 - INFO - preprocessing TRAIN - Applied log1p transformation to: fat_risk_score
2026-01-31 15:02:03,148 - INFO - preprocessing TRAIN - Applied log1p transformation to: water_per_session
2026-01-31 15:02:03,148 - INFO - preprocessing TRAIN - Applied log1p transformation to: hydration_score
2026-01-31 15:02:03,148 - INFO - preprocessing TRAIN - Applied log1p transformation to: experience_intensity_ratio
2026-01-31 15:02:03,148 - INFO - preprocessing TRAIN - Applied log1p transformation to: experience_load
2026-01-31 15:02:03,149 - INFO - preprocessing TRAIN - Applied log1p transformation to: experience_frequency_score
2026-01-31 15:02:03,152 - INFO - preprocessing TRAIN - Scaled numerical columns using StandardScaler
2026-01-31 15:02:03,293 - INFO - preprocessing TRAIN - Applied KNNImputer to numerical columns
2026-01-31 15:02:03,293 - INFO - preprocessing TRAIN - Applied MODE imputer to column: gender
2026-01-31 15:02:03,294 - INFO - preprocessing TRAIN - Applied MODE imputer to column: workout_type
2026-01-31 15:02:03,294 - INFO - preprocessing TRAIN - Applied MODE imputer to column: age_category
2026-01-31 15:02:03,294 - INFO - preprocessing TRAIN - Applied MODE imputer to column: weight_category
2026-01-31 15:02:03,294 - INFO - preprocessing TRAIN - Applied MODE imputer to column: bmi_category
2026-01-31 15:02:03,300 - INFO - preprocessing TRAIN - Applied Ordinal Encoding to column: gender
2026-01-31 15:02:03,301 - INFO - preprocessing TRAIN - Applied Ordinal Encoding to column: workout_type
2026-01-31 15:02:03,302 - INFO - preprocessing TRAIN - Applied Ordinal Encoding to column: age_category
2026-01-31 15:02:03,302 - INFO - preprocessing TRAIN - Applied Ordinal Encoding to column: weight_category
2026-01-31 15:02:03,303 - INFO - preprocessing TRAIN - Applied Ordinal Encoding to column: bmi_category
2026-01-31 15:02:03,303 - INFO - preprocessing TRAIN - Applied log1p transformation to: weight
2026-01-31 15:02:03,303 - INFO - preprocessing TRAIN - Applied log1p transformation to: bmi
2026-01-31 15:02:03,304 - INFO - preprocessing TRAIN - Applied log1p transformation to: weekly_cardio_load
2026-01-31 15:02:03,304 - INFO - preprocessing TRAIN - Applied log1p transformation to: weight_height_ratio
2026-01-31 15:02:03,304 - INFO - preprocessing TRAIN - Applied log1p transformation to: bmi_age_interaction
2026-01-31 15:02:03,305 - INFO - preprocessing TRAIN - Applied log1p transformation to: weight_age_ratio
2026-01-31 15:02:03,305 - INFO - preprocessing TRAIN - Applied log1p transformation to: fat_risk_score
2026-01-31 15:02:03,305 - INFO - preprocessing TRAIN - Applied log1p transformation to: water_per_session
2026-01-31 15:02:03,305 - INFO - preprocessing TRAIN - Applied log1p transformation to: hydration_score
2026-01-31 15:02:03,306 - INFO - preprocessing TRAIN - Applied log1p transformation to: experience_intensity_ratio
2026-01-31 15:02:03,306 - INFO - preprocessing TRAIN - Applied log1p transformation to: experience_load
2026-01-31 15:02:03,306 - INFO - preprocessing TRAIN - Applied log1p transformation to: experience_frequency_score
2026-01-31 15:02:03,309 - INFO - preprocessing TRAIN - Scaled numerical columns using StandardScaler
2026-01-31 15:02:03,449 - INFO - preprocessing TRAIN - Applied KNNImputer to numerical columns
2026-01-31 15:02:03,449 - INFO - preprocessing TRAIN - Applied MODE imputer to column: gender
2026-01-31 15:02:03,450 - INFO - preprocessing TRAIN - Applied MODE imputer to column: workout_type
2026-01-31 15:02:03,450 - INFO - preprocessing TRAIN - Applied MODE imputer to column: age_category
2026-01-31 15:02:03,450 - INFO - preprocessing TRAIN - Applied MODE imputer to column: weight_category
2026-01-31 15:02:03,450 - INFO - preprocessing TRAIN - Applied MODE imputer to column: bmi_category
2026-01-31 15:02:03,458 - INFO - preprocessing TRAIN - Applied Ordinal Encoding to column: gender
2026-01-31 15:02:03,459 - INFO - preprocessing TRAIN - Applied Ordinal Encoding to column: workout_type
2026-01-31 15:02:03,459 - INFO - preprocessing TRAIN - Applied Ordinal Encoding to column: age_category
2026-01-31 15:02:03,460 - INFO - preprocessing TRAIN - Applied Ordinal Encoding to column: weight_category
2026-01-31 15:02:03,461 - INFO - preprocessing TRAIN - Applied Ordinal Encoding to column: bmi_category
2026-01-31 15:02:03,461 - INFO - preprocessing TRAIN - Applied log1p transformation to: weight
2026-01-31 15:02:03,462 - INFO - preprocessing TRAIN - Applied log1p transformation to: bmi
2026-01-31 15:02:03,462 - INFO - preprocessing TRAIN - Applied log1p transformation to: weekly_cardio_load
2026-01-31 15:02:03,462 - INFO - preprocessing TRAIN - Applied log1p transformation to: weight_height_ratio
2026-01-31 15:02:03,463 - INFO - preprocessing TRAIN - Applied log1p transformation to: bmi_age_interaction
2026-01-31 15:02:03,463 - INFO - preprocessing TRAIN - Applied log1p transformation to: weight_age_ratio
2026-01-31 15:02:03,463 - INFO - preprocessing TRAIN - Applied log1p transformation to: fat_risk_score
2026-01-31 15:02:03,463 - INFO - preprocessing TRAIN - Applied log1p transformation to: water_per_session
2026-01-31 15:02:03,464 - INFO - preprocessing TRAIN - Applied log1p transformation to: hydration_score
2026-01-31 15:02:03,464 - INFO - preprocessing TRAIN - Applied log1p transformation to: experience_intensity_ratio
2026-01-31 15:02:03,464 - INFO - preprocessing TRAIN - Applied log1p transformation to: experience_load
2026-01-31 15:02:03,464 - INFO - preprocessing TRAIN - Applied log1p transformation to: experience_frequency_score
2026-01-31 15:02:03,468 - INFO - preprocessing TRAIN - Scaled numerical columns using StandardScaler
2026-01-31 15:02:03,653 - INFO - preprocessing TRAIN - Applied KNNImputer to numerical columns
2026-01-31 15:02:03,654 - INFO - preprocessing TRAIN - Applied MODE imputer to column: gender
2026-01-31 15:02:03,654 - INFO - preprocessing TRAIN - Applied MODE imputer to column: workout_type
2026-01-31 15:02:03,654 - INFO - preprocessing TRAIN - Applied MODE imputer to column: age_category
2026-01-31 15:02:03,654 - INFO - preprocessing TRAIN - Applied MODE imputer to column: weight_category
2026-01-31 15:02:03,654 - INFO - preprocessing TRAIN - Applied MODE imputer to column: bmi_category
2026-01-31 15:02:03,661 - INFO - preprocessing TRAIN - Applied Ordinal Encoding to column: gender
2026-01-31 15:02:03,662 - INFO - preprocessing TRAIN - Applied Ordinal Encoding to column: workout_type
2026-01-31 15:02:03,662 - INFO - preprocessing TRAIN - Applied Ordinal Encoding to column: age_category
2026-01-31 15:02:03,663 - INFO - preprocessing TRAIN - Applied Ordinal Encoding to column: weight_category
2026-01-31 15:02:03,663 - INFO - preprocessing TRAIN - Applied Ordinal Encoding to column: bmi_category
2026-01-31 15:02:03,664 - INFO - preprocessing TRAIN - Applied log1p transformation to: weight
2026-01-31 15:02:03,664 - INFO - preprocessing TRAIN - Applied log1p transformation to: bmi
2026-01-31 15:02:03,664 - INFO - preprocessing TRAIN - Applied log1p transformation to: weekly_cardio_load
2026-01-31 15:02:03,665 - INFO - preprocessing TRAIN - Applied log1p transformation to: weight_height_ratio
2026-01-31 15:02:03,665 - INFO - preprocessing TRAIN - Applied log1p transformation to: bmi_age_interaction
2026-01-31 15:02:03,665 - INFO - preprocessing TRAIN - Applied log1p transformation to: weight_age_ratio
2026-01-31 15:02:03,665 - INFO - preprocessing TRAIN - Applied log1p transformation to: fat_risk_score
2026-01-31 15:02:03,666 - INFO - preprocessing TRAIN - Applied log1p transformation to: water_per_session
2026-01-31 15:02:03,666 - INFO - preprocessing TRAIN - Applied log1p transformation to: hydration_score
2026-01-31 15:02:03,667 - INFO - preprocessing TRAIN - Applied log1p transformation to: experience_intensity_ratio
2026-01-31 15:02:03,667 - INFO - preprocessing TRAIN - Applied log1p transformation to: experience_load
2026-01-31 15:02:03,667 - INFO - preprocessing TRAIN - Applied log1p transformation to: experience_frequency_score
2026-01-31 15:02:03,670 - INFO - preprocessing TRAIN - Scaled numerical columns using StandardScaler
2026-01-31 15:02:03,935 - INFO - preprocessing TRAIN - Applied KNNImputer to numerical columns
2026-01-31 15:02:03,936 - INFO - preprocessing TRAIN - Applied MODE imputer to column: gender
2026-01-31 15:02:03,936 - INFO - preprocessing TRAIN - Applied MODE imputer to column: workout_type
2026-01-31 15:02:03,936 - INFO - preprocessing TRAIN - Applied MODE imputer to column: age_category
2026-01-31 15:02:03,936 - INFO - preprocessing TRAIN - Applied MODE imputer to column: weight_category
2026-01-31 15:02:03,938 - INFO - preprocessing TRAIN - Applied MODE imputer to column: bmi_category
2026-01-31 15:02:03,945 - INFO - preprocessing TRAIN - Applied Ordinal Encoding to column: gender
2026-01-31 15:02:03,945 - INFO - preprocessing TRAIN - Applied Ordinal Encoding to column: workout_type
2026-01-31 15:02:03,946 - INFO - preprocessing TRAIN - Applied Ordinal Encoding to column: age_category
2026-01-31 15:02:03,946 - INFO - preprocessing TRAIN - Applied Ordinal Encoding to column: weight_category
2026-01-31 15:02:03,947 - INFO - preprocessing TRAIN - Applied Ordinal Encoding to column: bmi_category
2026-01-31 15:02:03,947 - INFO - preprocessing TRAIN - Applied log1p transformation to: weight
2026-01-31 15:02:03,948 - INFO - preprocessing TRAIN - Applied log1p transformation to: bmi
2026-01-31 15:02:03,950 - INFO - preprocessing TRAIN - Applied log1p transformation to: weekly_cardio_load
2026-01-31 15:02:03,950 - INFO - preprocessing TRAIN - Applied log1p transformation to: weight_height_ratio
2026-01-31 15:02:03,951 - INFO - preprocessing TRAIN - Applied log1p transformation to: bmi_age_interaction
2026-01-31 15:02:03,951 - INFO - preprocessing TRAIN - Applied log1p transformation to: weight_age_ratio
2026-01-31 15:02:03,951 - INFO - preprocessing TRAIN - Applied log1p transformation to: fat_risk_score
2026-01-31 15:02:03,951 - INFO - preprocessing TRAIN - Applied log1p transformation to: water_per_session
2026-01-31 15:02:03,952 - INFO - preprocessing TRAIN - Applied log1p transformation to: hydration_score
2026-01-31 15:02:03,952 - INFO - preprocessing TRAIN - Applied log1p transformation to: experience_intensity_ratio
2026-01-31 15:02:03,953 - INFO - preprocessing TRAIN - Applied log1p transformation to: experience_load
2026-01-31 15:02:03,953 - INFO - preprocessing TRAIN - Applied log1p transformation to: experience_frequency_score
2026-01-31 15:02:03,957 - INFO - preprocessing TRAIN - Scaled numerical columns using StandardScaler
2026-01-31 15:02:04,095 - INFO - preprocessing TRAIN - Applied KNNImputer to numerical columns
2026-01-31 15:02:04,095 - INFO - preprocessing TRAIN - Applied MODE imputer to column: gender
2026-01-31 15:02:04,095 - INFO - preprocessing TRAIN - Applied MODE imputer to column: workout_type
2026-01-31 15:02:04,096 - INFO - preprocessing TRAIN - Applied MODE imputer to column: age_category
2026-01-31 15:02:04,096 - INFO - preprocessing TRAIN - Applied MODE imputer to column: weight_category
2026-01-31 15:02:04,096 - INFO - preprocessing TRAIN - Applied MODE imputer to column: bmi_category
2026-01-31 15:02:04,102 - INFO - preprocessing TRAIN - Applied Ordinal Encoding to column: gender
2026-01-31 15:02:04,103 - INFO - preprocessing TRAIN - Applied Ordinal Encoding to column: workout_type
2026-01-31 15:02:04,104 - INFO - preprocessing TRAIN - Applied Ordinal Encoding to column: age_category
2026-01-31 15:02:04,104 - INFO - preprocessing TRAIN - Applied Ordinal Encoding to column: weight_category
2026-01-31 15:02:04,105 - INFO - preprocessing TRAIN - Applied Ordinal Encoding to column: bmi_category
2026-01-31 15:02:04,105 - INFO - preprocessing TRAIN - Applied log1p transformation to: weight
2026-01-31 15:02:04,106 - INFO - preprocessing TRAIN - Applied log1p transformation to: bmi
2026-01-31 15:02:04,106 - INFO - preprocessing TRAIN - Applied log1p transformation to: weekly_cardio_load
2026-01-31 15:02:04,106 - INFO - preprocessing TRAIN - Applied log1p transformation to: weight_height_ratio
2026-01-31 15:02:04,106 - INFO - preprocessing TRAIN - Applied log1p transformation to: bmi_age_interaction
2026-01-31 15:02:04,107 - INFO - preprocessing TRAIN - Applied log1p transformation to: weight_age_ratio
2026-01-31 15:02:04,107 - INFO - preprocessing TRAIN - Applied log1p transformation to: fat_risk_score
2026-01-31 15:02:04,107 - INFO - preprocessing TRAIN - Applied log1p transformation to: water_per_session
2026-01-31 15:02:04,108 - INFO - preprocessing TRAIN - Applied log1p transformation to: hydration_score
2026-01-31 15:02:04,108 - INFO - preprocessing TRAIN - Applied log1p transformation to: experience_intensity_ratio
2026-01-31 15:02:04,108 - INFO - preprocessing TRAIN - Applied log1p transformation to: experience_load
2026-01-31 15:02:04,108 - INFO - preprocessing TRAIN - Applied log1p transformation to: experience_frequency_score
2026-01-31 15:02:04,112 - INFO - preprocessing TRAIN - Scaled numerical columns using StandardScaler
2026-01-31 15:12:54,244 - INFO - preprocessing TRAIN - Applied KNNImputer to numerical columns
2026-01-31 15:12:54,244 - INFO - preprocessing TRAIN - Applied MODE imputer to column: gender
2026-01-31 15:12:54,244 - INFO - preprocessing TRAIN - Applied MODE imputer to column: workout_type
2026-01-31 15:12:54,244 - INFO - preprocessing TRAIN - Applied MODE imputer to column: age_category
2026-01-31 15:12:54,245 - INFO - preprocessing TRAIN - Applied MODE imputer to column: weight_category
2026-01-31 15:12:54,245 - INFO - preprocessing TRAIN - Applied MODE imputer to column: bmi_category
2026-01-31 15:12:54,252 - INFO - preprocessing TRAIN - Applied Ordinal Encoding to column: gender
2026-01-31 15:12:54,253 - INFO - preprocessing TRAIN - Applied Ordinal Encoding to column: workout_type
2026-01-31 15:12:54,254 - INFO - preprocessing TRAIN - Applied Ordinal Encoding to column: age_category
2026-01-31 15:12:54,255 - INFO - preprocessing TRAIN - Applied Ordinal Encoding to column: weight_category
2026-01-31 15:12:54,255 - INFO - preprocessing TRAIN - Applied Ordinal Encoding to column: bmi_category
2026-01-31 15:12:54,256 - INFO - preprocessing TRAIN - Applied log1p transformation to: weight
2026-01-31 15:12:54,256 - INFO - preprocessing TRAIN - Applied log1p transformation to: bmi
2026-01-31 15:12:54,256 - INFO - preprocessing TRAIN - Applied log1p transformation to: weekly_cardio_load
2026-01-31 15:12:54,257 - INFO - preprocessing TRAIN - Applied log1p transformation to: weight_height_ratio
2026-01-31 15:12:54,257 - INFO - preprocessing TRAIN - Applied log1p transformation to: bmi_age_interaction
2026-01-31 15:12:54,257 - INFO - preprocessing TRAIN - Applied log1p transformation to: weight_age_ratio
2026-01-31 15:12:54,257 - INFO - preprocessing TRAIN - Applied log1p transformation to: fat_risk_score
2026-01-31 15:12:54,258 - INFO - preprocessing TRAIN - Applied log1p transformation to: water_per_session
2026-01-31 15:12:54,258 - INFO - preprocessing TRAIN - Applied log1p transformation to: hydration_score
2026-01-31 15:12:54,258 - INFO - preprocessing TRAIN - Applied log1p transformation to: experience_intensity_ratio
2026-01-31 15:12:54,259 - INFO - preprocessing TRAIN - Applied log1p transformation to: experience_load
2026-01-31 15:12:54,259 - INFO - preprocessing TRAIN - Applied log1p transformation to: experience_frequency_score
2026-01-31 15:12:54,262 - INFO - preprocessing TRAIN - Scaled numerical columns using StandardScaler
2026-01-31 15:14:19,873 - INFO - preprocessing TRAIN - Applied KNNImputer to numerical columns
2026-01-31 15:14:19,873 - INFO - preprocessing TRAIN - Applied MODE imputer to column: gender
2026-01-31 15:14:19,874 - INFO - preprocessing TRAIN - Applied MODE imputer to column: workout_type
2026-01-31 15:14:19,874 - INFO - preprocessing TRAIN - Applied MODE imputer to column: age_category
2026-01-31 15:14:19,874 - INFO - preprocessing TRAIN - Applied MODE imputer to column: weight_category
2026-01-31 15:14:19,874 - INFO - preprocessing TRAIN - Applied MODE imputer to column: bmi_category
2026-01-31 15:14:19,878 - INFO - preprocessing TRAIN - Applied Ordinal Encoding to column: gender
2026-01-31 15:14:19,878 - INFO - preprocessing TRAIN - Applied Ordinal Encoding to column: workout_type
2026-01-31 15:14:19,879 - INFO - preprocessing TRAIN - Applied Ordinal Encoding to column: age_category
2026-01-31 15:14:19,879 - INFO - preprocessing TRAIN - Applied Ordinal Encoding to column: weight_category
2026-01-31 15:14:19,879 - INFO - preprocessing TRAIN - Applied Ordinal Encoding to column: bmi_category
2026-01-31 15:14:19,880 - INFO - preprocessing TRAIN - Applied log1p transformation to: weight
2026-01-31 15:14:19,880 - INFO - preprocessing TRAIN - Applied log1p transformation to: bmi
2026-01-31 15:14:19,880 - INFO - preprocessing TRAIN - Applied log1p transformation to: weekly_cardio_load
2026-01-31 15:14:19,880 - INFO - preprocessing TRAIN - Applied log1p transformation to: weight_height_ratio
2026-01-31 15:14:19,880 - INFO - preprocessing TRAIN - Applied log1p transformation to: bmi_age_interaction
2026-01-31 15:14:19,880 - INFO - preprocessing TRAIN - Applied log1p transformation to: weight_age_ratio
2026-01-31 15:14:19,881 - INFO - preprocessing TRAIN - Applied log1p transformation to: fat_risk_score
2026-01-31 15:14:19,881 - INFO - preprocessing TRAIN - Applied log1p transformation to: water_per_session
2026-01-31 15:14:19,881 - INFO - preprocessing TRAIN - Applied log1p transformation to: hydration_score
2026-01-31 15:14:19,881 - INFO - preprocessing TRAIN - Applied log1p transformation to: experience_intensity_ratio
2026-01-31 15:14:19,881 - INFO - preprocessing TRAIN - Applied log1p transformation to: experience_load
2026-01-31 15:14:19,881 - INFO - preprocessing TRAIN - Applied log1p transformation to: experience_frequency_score
2026-01-31 15:14:19,883 - INFO - preprocessing TRAIN - Scaled numerical columns using StandardScaler
2026-03-15 12:10:51,892 - INFO - preprocessing TRAIN - Applied Ordinal Encoding to column: gender
2026-03-15 12:10:51,893 - INFO - preprocessing TRAIN - Applied Ordinal Encoding to column: workout_type
2026-03-15 12:10:51,894 - INFO - preprocessing TRAIN - Applied Ordinal Encoding to column: age_category
2026-03-15 12:10:51,895 - INFO - preprocessing TRAIN - Applied Ordinal Encoding to column: weight_category
2026-03-15 12:10:51,895 - INFO - preprocessing TRAIN - Applied Ordinal Encoding to column: bmi_category
2026-03-15 12:10:51,896 - INFO - preprocessing TRAIN - All categorical features encoded using Ordinal Encoding.
2026-03-15 12:10:51,898 - INFO - preprocessing TRAIN - Log transformation applied to: ['weight', 'bmi', 'bmi_category', 'weekly_cardio_load', 'weight_height_ratio', 'bmi_age_interaction', 'weight_age_ratio', 'fat_risk_score', 'water_per_session', 'hydration_score', 'experience_intensity_ratio', 'experience_load', 'experience_frequency_score']
2026-03-15 12:10:51,900 - INFO - preprocessing TRAIN - Numerical scaling applied to 35 columns using StandardScaler()
2026-03-15 12:10:51,901 - INFO - use_preprocessing - Preprocessing steps completed successfully.
2026-03-15 12:10:51,903 - INFO - use_preprocessing - Preprocessing pipeline saved to pipeline/preprodessed_pipeline.joblib
2026-03-15 12:10:51,904 - INFO - preprocessing TEST - [TEST] Ordinal encoded: gender
2026-03-15 12:10:51,904 - INFO - preprocessing TEST - [TEST] Ordinal encoded: workout_type
2026-03-15 12:10:51,904 - INFO - preprocessing TEST - [TEST] Ordinal encoded: age_category
2026-03-15 12:10:51,905 - INFO - preprocessing TEST - [TEST] Ordinal encoded: weight_category
2026-03-15 12:10:51,905 - INFO - preprocessing TEST - [TEST] Ordinal encoded: bmi_category
2026-03-15 12:10:51,905 - INFO - preprocessing TEST - [TEST] Applied log1p to column: weight
2026-03-15 12:10:51,906 - INFO - preprocessing TEST - [TEST] Applied log1p to column: bmi
2026-03-15 12:10:51,906 - INFO - preprocessing TEST - [TEST] Applied log1p to column: weekly_cardio_load
2026-03-15 12:10:51,906 - INFO - preprocessing TEST - [TEST] Applied log1p to column: weight_height_ratio
2026-03-15 12:10:51,906 - INFO - preprocessing TEST - [TEST] Applied log1p to column: bmi_age_interaction
2026-03-15 12:10:51,906 - INFO - preprocessing TEST - [TEST] Applied log1p to column: weight_age_ratio
2026-03-15 12:10:51,906 - INFO - preprocessing TEST - [TEST] Applied log1p to column: fat_risk_score
2026-03-15 12:10:51,906 - INFO - preprocessing TEST - [TEST] Applied log1p to column: water_per_session
2026-03-15 12:10:51,906 - INFO - preprocessing TEST - [TEST] Applied log1p to column: hydration_score
2026-03-15 12:10:51,907 - INFO - preprocessing TEST - [TEST] Applied log1p to column: experience_intensity_ratio
2026-03-15 12:10:51,907 - INFO - preprocessing TEST - [TEST] Applied log1p to column: experience_load
2026-03-15 12:10:51,907 - INFO - preprocessing TEST - [TEST] Applied log1p to column: experience_frequency_score
2026-03-15 12:10:51,909 - INFO - preprocessing TEST - [TEST] Scaled numeric columns using StandardScaler
2026-03-15 12:10:51,909 - INFO - use_preprocessing - Preprocessing steps completed successfully.
2026-03-15 12:10:51,926 - INFO - use_preprocessing - reprocessed dataset saved to data/preprocessed/preprocessed_x_train.csv
2026-03-15 12:10:51,930 - INFO - use_preprocessing - Preprocessed dataset saved to data/preprocessed/preprocessed_x_test.csv
2026-03-15 12:10:51,930 - INFO - use_preprocessing - Successfully preprocessed the dataset and saved all outputs!
2026-03-15 12:11:03,566 - INFO - preprocessing TRAIN - Applied Ordinal Encoding to column: gender
2026-03-15 12:11:03,567 - INFO - preprocessing TRAIN - Applied Ordinal Encoding to column: workout_type
2026-03-15 12:11:03,568 - INFO - preprocessing TRAIN - Applied Ordinal Encoding to column: age_category
2026-03-15 12:11:03,569 - INFO - preprocessing TRAIN - Applied Ordinal Encoding to column: weight_category
2026-03-15 12:11:03,570 - INFO - preprocessing TRAIN - Applied Ordinal Encoding to column: bmi_category
2026-03-15 12:11:03,570 - INFO - preprocessing TRAIN - All categorical features encoded using Ordinal Encoding.
2026-03-15 12:11:03,572 - INFO - preprocessing TRAIN - Log transformation applied to: ['weight', 'bmi', 'bmi_category', 'weekly_cardio_load', 'weight_height_ratio', 'bmi_age_interaction', 'weight_age_ratio', 'fat_risk_score', 'water_per_session', 'hydration_score', 'experience_intensity_ratio', 'experience_load', 'experience_frequency_score']
2026-03-15 12:11:03,574 - INFO - preprocessing TRAIN - Numerical scaling applied to 35 columns using StandardScaler()
2026-03-15 12:11:03,574 - INFO - use_preprocessing - Preprocessing steps completed successfully.
2026-03-15 12:11:03,577 - INFO - use_preprocessing - Preprocessing pipeline saved to pipeline/preprodessed_pipeline.joblib
2026-03-15 12:11:03,577 - INFO - preprocessing TEST - [TEST] Ordinal encoded: gender
2026-03-15 12:11:03,578 - INFO - preprocessing TEST - [TEST] Ordinal encoded: workout_type
2026-03-15 12:11:03,578 - INFO - preprocessing TEST - [TEST] Ordinal encoded: age_category
2026-03-15 12:11:03,579 - INFO - preprocessing TEST - [TEST] Ordinal encoded: weight_category
2026-03-15 12:11:03,579 - INFO - preprocessing TEST - [TEST] Ordinal encoded: bmi_category
2026-03-15 12:11:03,579 - INFO - preprocessing TEST - [TEST] Applied log1p to column: weight
2026-03-15 12:11:03,579 - INFO - preprocessing TEST - [TEST] Applied log1p to column: bmi
2026-03-15 12:11:03,580 - INFO - preprocessing TEST - [TEST] Applied log1p to column: weekly_cardio_load
2026-03-15 12:11:03,580 - INFO - preprocessing TEST - [TEST] Applied log1p to column: weight_height_ratio
2026-03-15 12:11:03,580 - INFO - preprocessing TEST - [TEST] Applied log1p to column: bmi_age_interaction
2026-03-15 12:11:03,580 - INFO - preprocessing TEST - [TEST] Applied log1p to column: weight_age_ratio
2026-03-15 12:11:03,580 - INFO - preprocessing TEST - [TEST] Applied log1p to column: fat_risk_score
2026-03-15 12:11:03,580 - INFO - preprocessing TEST - [TEST] Applied log1p to column: water_per_session
2026-03-15 12:11:03,580 - INFO - preprocessing TEST - [TEST] Applied log1p to column: hydration_score
2026-03-15 12:11:03,580 - INFO - preprocessing TEST - [TEST] Applied log1p to column: experience_intensity_ratio
2026-03-15 12:11:03,581 - INFO - preprocessing TEST - [TEST] Applied log1p to column: experience_load
2026-03-15 12:11:03,581 - INFO - preprocessing TEST - [TEST] Applied log1p to column: experience_frequency_score
2026-03-15 12:11:03,582 - INFO - preprocessing TEST - [TEST] Scaled numeric columns using StandardScaler
2026-03-15 12:11:03,582 - INFO - use_preprocessing - Preprocessing steps completed successfully.
2026-03-15 12:11:03,600 - INFO - use_preprocessing - reprocessed dataset saved to data/preprocessed/preprocessed_x_train.csv
2026-03-15 12:11:03,606 - INFO - use_preprocessing - Preprocessed dataset saved to data/preprocessed/preprocessed_x_test.csv
2026-03-15 12:11:03,606 - INFO - use_preprocessing - Successfully preprocessed the dataset and saved all outputs!
2026-03-15 12:11:53,450 - INFO - preprocessing TRAIN - Applied Ordinal Encoding to column: gender
2026-03-15 12:11:53,451 - INFO - preprocessing TRAIN - Applied Ordinal Encoding to column: workout_type
2026-03-15 12:11:53,452 - INFO - preprocessing TRAIN - Applied Ordinal Encoding to column: age_category
2026-03-15 12:11:53,453 - INFO - preprocessing TRAIN - Applied Ordinal Encoding to column: weight_category
2026-03-15 12:11:53,453 - INFO - preprocessing TRAIN - Applied Ordinal Encoding to column: bmi_category
2026-03-15 12:11:53,453 - INFO - preprocessing TRAIN - All categorical features encoded using Ordinal Encoding.
2026-03-15 12:11:53,455 - INFO - preprocessing TRAIN - Log transformation applied to: ['weight', 'bmi', 'bmi_category', 'weekly_cardio_load', 'weight_height_ratio', 'bmi_age_interaction', 'weight_age_ratio', 'fat_risk_score', 'water_per_session', 'hydration_score', 'experience_intensity_ratio', 'experience_load', 'experience_frequency_score']
2026-03-15 12:11:53,458 - INFO - preprocessing TRAIN - Numerical scaling applied to 35 columns using StandardScaler()
2026-03-15 12:11:53,458 - INFO - use_preprocessing - Preprocessing steps completed successfully.
2026-03-15 12:11:53,460 - INFO - use_preprocessing - Preprocessing pipeline saved to pipeline/preprodessed_pipeline.joblib
2026-03-15 12:11:53,461 - INFO - preprocessing TEST - [TEST] Ordinal encoded: gender
2026-03-15 12:11:53,461 - INFO - preprocessing TEST - [TEST] Ordinal encoded: workout_type
2026-03-15 12:11:53,461 - INFO - preprocessing TEST - [TEST] Ordinal encoded: age_category
2026-03-15 12:11:53,462 - INFO - preprocessing TEST - [TEST] Ordinal encoded: weight_category
2026-03-15 12:11:53,462 - INFO - preprocessing TEST - [TEST] Ordinal encoded: bmi_category
2026-03-15 12:11:53,462 - INFO - preprocessing TEST - [TEST] Applied log1p to column: weight
2026-03-15 12:11:53,462 - INFO - preprocessing TEST - [TEST] Applied log1p to column: bmi
2026-03-15 12:11:53,463 - INFO - preprocessing TEST - [TEST] Applied log1p to column: weekly_cardio_load
2026-03-15 12:11:53,463 - INFO - preprocessing TEST - [TEST] Applied log1p to column: weight_height_ratio
2026-03-15 12:11:53,463 - INFO - preprocessing TEST - [TEST] Applied log1p to column: bmi_age_interaction
2026-03-15 12:11:53,463 - INFO - preprocessing TEST - [TEST] Applied log1p to column: weight_age_ratio
2026-03-15 12:11:53,463 - INFO - preprocessing TEST - [TEST] Applied log1p to column: fat_risk_score
2026-03-15 12:11:53,463 - INFO - preprocessing TEST - [TEST] Applied log1p to column: water_per_session
2026-03-15 12:11:53,463 - INFO - preprocessing TEST - [TEST] Applied log1p to column: hydration_score
2026-03-15 12:11:53,463 - INFO - preprocessing TEST - [TEST] Applied log1p to column: experience_intensity_ratio
2026-03-15 12:11:53,464 - INFO - preprocessing TEST - [TEST] Applied log1p to column: experience_load
2026-03-15 12:11:53,464 - INFO - preprocessing TEST - [TEST] Applied log1p to column: experience_frequency_score
2026-03-15 12:11:53,466 - INFO - preprocessing TEST - [TEST] Scaled numeric columns using StandardScaler
2026-03-15 12:11:53,466 - INFO - use_preprocessing - Preprocessing steps completed successfully.
2026-03-15 12:11:53,482 - INFO - use_preprocessing - reprocessed dataset saved to data/preprocessed/preprocessed_x_train.csv
2026-03-15 12:11:53,487 - INFO - use_preprocessing - Preprocessed dataset saved to data/preprocessed/preprocessed_x_test.csv
2026-03-15 12:11:53,487 - INFO - use_preprocessing - Successfully preprocessed the dataset and saved all outputs!
